episode,steps,totalReward,epsilon,completed,died
1,23,-0.22000000000000008,1.0,False,True
2,242,-2.4100000000000015,0.9996481481481482,False,True
3,158,-1.570000000000001,0.9992962962962963,False,True
4,27,-0.2600000000000001,0.9989444444444444,False,True
5,114,-2.130000000000001,0.9985925925925926,False,True
6,105,-1.0400000000000007,0.9982407407407408,False,True
7,400,-2.999999999999981,0.9978888888888889,False,False
8,74,-1.7300000000000004,0.997537037037037,False,True
9,54,-0.5300000000000002,0.9971851851851852,False,True
10,148,-0.47000000000000086,0.9968333333333333,False,True
11,57,-0.5600000000000003,0.9964814814814815,False,True
12,18,-0.17000000000000004,0.9961296296296296,False,True
13,35,-0.3400000000000001,0.9957777777777778,False,True
14,17,-0.16000000000000003,0.9954259259259259,False,True
15,172,-2.7100000000000013,0.9950740740740741,False,True
16,37,-0.3600000000000001,0.9947222222222222,False,True
17,137,-1.3600000000000008,0.9943703703703703,False,True
18,44,-1.4300000000000002,0.9940185185185185,False,True
19,27,-0.2600000000000001,0.9936666666666667,False,True
20,242,-2.410000000000002,0.9933148148148148,False,True
21,211,-1.1000000000000012,0.9929629629629629,False,True
22,45,-0.4400000000000003,0.9926111111111111,False,True
23,115,-1.1400000000000006,0.9922592592592593,False,True
24,45,-1.4400000000000002,0.9919074074074075,False,True
25,193,-1.9200000000000013,0.9915555555555555,False,True
26,197,-1.9600000000000013,0.9912037037037037,False,True
27,80,-1.7900000000000005,0.9908518518518519,False,True
28,298,-1.970000000000002,0.9905,False,True
29,166,-2.6500000000000012,0.9901481481481481,False,True
30,13,-0.12,0.9897962962962963,False,True
31,64,-0.6300000000000003,0.9894444444444445,False,True
32,334,-3.329999999999995,0.9890925925925926,False,True
33,41,-0.40000000000000013,0.9887407407407407,False,True
34,64,-0.6300000000000003,0.9883888888888889,False,True
35,60,-0.5900000000000003,0.988037037037037,False,True
36,94,-0.9300000000000005,0.9876851851851852,False,True
37,8,-0.07000000000000006,0.9873333333333333,False,True
38,26,-0.2500000000000001,0.9869814814814815,False,True
39,8,-0.07000000000000006,0.9866296296296296,False,True
40,28,-0.27,0.9862777777777778,False,True
41,57,-0.5600000000000003,0.9859259259259259,False,True
42,118,-2.170000000000001,0.985574074074074,False,True
43,58,-0.5700000000000003,0.9852222222222222,False,True
44,49,-0.4800000000000002,0.9848703703703704,False,True
45,41,-0.40000000000000013,0.9845185185185186,False,True
46,98,-0.9700000000000005,0.9841666666666666,False,True
47,113,-1.1200000000000006,0.9838148148148148,False,True
48,86,-1.8500000000000005,0.983462962962963,False,True
49,23,-1.22,0.9831111111111112,False,True
50,67,-0.6600000000000004,0.9827592592592592,False,True
51,93,-0.9200000000000005,0.9824074074074074,False,True
52,85,-1.8400000000000005,0.9820555555555556,False,True
53,46,-0.4500000000000002,0.9817037037037037,False,True
54,221,-2.200000000000001,0.9813518518518518,False,True
55,19,-0.18000000000000005,0.981,False,True
56,98,-0.9700000000000005,0.9806481481481482,False,True
57,70,-1.6900000000000004,0.9802962962962963,False,True
58,25,-0.2400000000000001,0.9799444444444444,False,True
59,74,-0.7300000000000004,0.9795925925925926,False,True
60,69,-0.6800000000000005,0.9792407407407407,False,True
61,48,-1.4700000000000002,0.9788888888888889,False,True
62,35,-0.3400000000000001,0.978537037037037,False,True
63,6,-0.050000000000000044,0.9781851851851852,False,True
64,54,-0.5300000000000002,0.9778333333333333,False,True
65,29,-0.28,0.9774814814814815,False,True
66,129,-1.280000000000001,0.9771296296296297,False,True
67,32,-0.31000000000000016,0.9767777777777777,False,True
68,19,-0.18000000000000005,0.9764259259259259,False,True
69,24,-0.2300000000000001,0.9760740740740741,False,True
70,68,-0.6700000000000004,0.9757222222222223,False,True
71,31,-0.30000000000000004,0.9753703703703703,False,True
72,147,-1.4600000000000009,0.9750185185185185,False,True
73,41,-0.40000000000000024,0.9746666666666667,False,True
74,56,-1.5500000000000003,0.9743148148148149,False,True
75,52,-0.5100000000000003,0.9739629629629629,False,True
76,104,-2.0300000000000007,0.9736111111111111,False,True
77,125,-2.240000000000001,0.9732592592592593,False,True
78,108,-1.0700000000000007,0.9729074074074074,False,True
79,52,-0.5100000000000005,0.9725555555555555,False,True
80,142,-1.4100000000000008,0.9722037037037037,False,True
81,105,-1.0400000000000007,0.9718518518518519,False,True
82,45,-0.44000000000000017,0.9715,False,True
83,63,-0.6200000000000003,0.9711481481481481,False,True
84,62,-0.6100000000000004,0.9707962962962963,False,True
85,18,-0.17000000000000004,0.9704444444444444,False,True
86,54,-1.5300000000000002,0.9700925925925926,False,True
87,68,-0.6700000000000005,0.9697407407407408,False,True
88,51,-1.5000000000000002,0.9693888888888889,False,True
89,10,-0.09000000000000008,0.969037037037037,False,True
90,156,-1.550000000000001,0.9686851851851852,False,True
91,18,-0.17000000000000004,0.9683333333333334,False,True
92,396,-3.949999999999982,0.9679814814814814,False,True
93,92,-0.9100000000000006,0.9676296296296296,False,True
94,79,-0.7800000000000005,0.9672777777777778,False,True
95,28,-0.27,0.966925925925926,False,True
96,23,-0.22000000000000008,0.966574074074074,False,True
97,77,-0.7600000000000006,0.9662222222222222,False,True
98,111,-2.1000000000000005,0.9658703703703704,False,True
99,251,-2.5000000000000018,0.9655185185185186,False,True
100,170,-2.6900000000000013,0.9651666666666666,False,True
101,17,-0.16000000000000003,0.9648148148148148,False,True
102,300,-2.990000000000002,0.964462962962963,False,True
103,73,-0.7200000000000004,0.9641111111111111,False,True
104,46,-0.4500000000000003,0.9637592592592592,False,True
105,249,-2.480000000000002,0.9634074074074074,False,True
106,129,-1.2800000000000007,0.9630555555555556,False,True
107,23,-0.22000000000000008,0.9627037037037037,False,True
108,312,-3.109999999999982,0.9623518518518519,False,True
109,106,-2.0500000000000007,0.962,False,True
110,65,-0.6400000000000003,0.9616481481481481,False,True
111,93,-0.9200000000000006,0.9612962962962963,False,True
112,90,-0.8900000000000006,0.9609444444444445,False,True
113,44,-1.4300000000000002,0.9605925925925926,False,True
114,103,-1.0200000000000005,0.9602407407407407,False,True
115,109,-1.0800000000000005,0.9598888888888889,False,True
116,131,-0.3000000000000007,0.9595370370370371,False,True
117,187,-1.8600000000000012,0.9591851851851851,False,True
118,39,-0.3800000000000001,0.9588333333333333,False,True
119,49,-0.4800000000000002,0.9584814814814815,False,True
120,44,-1.4300000000000002,0.9581296296296297,False,True
121,118,-1.1700000000000006,0.9577777777777777,False,True
122,56,-0.5500000000000004,0.9574259259259259,False,True
123,72,-0.7100000000000005,0.9570740740740741,False,True
124,121,-1.2000000000000006,0.9567222222222223,False,True
125,72,-0.7100000000000005,0.9563703703703703,False,True
126,36,-1.35,0.9560185185185185,False,True
127,23,-0.22000000000000008,0.9556666666666667,False,True
128,105,-1.0400000000000005,0.9553148148148148,False,True
129,89,-0.8800000000000006,0.954962962962963,False,True
130,49,-0.4800000000000002,0.9546111111111111,False,True
131,37,-0.3600000000000001,0.9542592592592593,False,True
132,60,-1.5900000000000003,0.9539074074074074,False,True
133,68,-1.6700000000000004,0.9535555555555556,False,True
134,29,-0.28,0.9532037037037037,False,True
135,275,-2.740000000000002,0.9528518518518518,False,True
136,25,-0.2400000000000001,0.9525,False,True
137,76,-1.7500000000000004,0.9521481481481482,False,True
138,17,-0.16000000000000003,0.9517962962962963,False,True
139,37,-1.36,0.9514444444444444,False,True
140,48,-0.4700000000000002,0.9510925925925926,False,True
141,54,-0.5300000000000002,0.9507407407407408,False,True
142,167,-1.660000000000001,0.9503888888888888,False,True
143,18,-0.17000000000000004,0.950037037037037,False,True
144,14,-0.13,0.9496851851851852,False,True
145,148,-1.470000000000001,0.9493333333333334,False,True
146,16,-0.15000000000000002,0.9489814814814814,False,True
147,30,-0.29000000000000004,0.9486296296296296,False,True
148,233,-2.320000000000001,0.9482777777777778,False,True
149,16,-0.15000000000000002,0.947925925925926,False,True
150,123,-0.22000000000000064,0.9475740740740741,False,True
151,113,-1.1200000000000008,0.9472222222222222,False,True
152,152,-1.5100000000000011,0.9468703703703704,False,True
153,31,-0.30000000000000004,0.9465185185185185,False,True
154,62,-0.6100000000000004,0.9461666666666667,False,True
155,103,-1.0200000000000005,0.9458148148148148,False,True
156,24,-0.2300000000000001,0.945462962962963,False,True
157,30,-0.29000000000000026,0.9451111111111111,False,True
158,211,-1.1000000000000012,0.9447592592592593,False,True
159,150,-1.490000000000001,0.9444074074074074,False,True
160,52,-0.5100000000000002,0.9440555555555555,False,True
161,19,-1.18,0.9437037037037037,False,True
162,46,-0.4500000000000003,0.9433518518518519,False,True
163,116,-1.1500000000000006,0.9430000000000001,False,True
164,135,-1.3400000000000007,0.9426481481481481,False,True
165,161,-2.6000000000000014,0.9422962962962963,False,True
166,255,-2.540000000000002,0.9419444444444445,False,True
167,74,-0.7300000000000005,0.9415925925925925,False,True
168,53,-0.5200000000000002,0.9412407407407407,False,True
169,37,-0.3600000000000002,0.9408888888888889,False,True
170,47,-0.4600000000000003,0.9405370370370371,False,True
171,104,-2.0300000000000007,0.9401851851851852,False,True
172,98,0.02999999999999936,0.9398333333333333,False,True
173,278,-2.7699999999999916,0.9394814814814815,False,True
174,18,-0.17000000000000004,0.9391296296296296,False,True
175,58,-0.5700000000000003,0.9387777777777778,False,True
176,9,-0.08000000000000007,0.9384259259259259,False,True
177,138,-1.3700000000000008,0.9380740740740741,False,True
178,27,-0.2600000000000001,0.9377222222222222,False,True
179,39,-0.3800000000000001,0.9373703703703704,False,True
180,40,-0.39000000000000024,0.9370185185185185,False,True
181,26,-0.2500000000000001,0.9366666666666666,False,True
182,34,-0.33000000000000007,0.9363148148148148,False,True
183,335,-3.339999999999995,0.935962962962963,False,True
184,12,-0.10999999999999999,0.9356111111111111,False,True
185,12,-0.1100000000000001,0.9352592592592592,False,True
186,13,-0.1200000000000001,0.9349074074074074,False,True
187,121,-1.2000000000000006,0.9345555555555556,False,True
188,134,-2.330000000000001,0.9342037037037036,False,True
189,58,-1.5700000000000003,0.9338518518518518,False,True
190,183,-0.8200000000000012,0.9335,False,True
191,49,-0.4800000000000003,0.9331481481481482,False,True
192,371,-2.699999999999979,0.9327962962962963,False,True
193,8,-0.07000000000000006,0.9324444444444444,False,True
194,15,-0.14,0.9320925925925926,False,True
195,23,-0.22000000000000008,0.9317407407407408,False,True
196,248,-2.4700000000000015,0.9313888888888889,False,True
197,35,-0.3400000000000002,0.931037037037037,False,True
198,18,-0.17000000000000004,0.9306851851851852,False,True
199,28,-0.27,0.9303333333333333,False,True
200,50,-0.4900000000000003,0.9299814814814815,False,True
201,117,-1.1600000000000006,0.9296296296296296,False,True
202,74,-0.7300000000000004,0.9292777777777778,False,True
203,35,-0.3400000000000001,0.9289259259259259,False,True
204,25,-0.2400000000000001,0.9285740740740741,False,True
205,225,-1.2400000000000018,0.9282222222222223,False,True
206,30,-0.29000000000000004,0.9278703703703703,False,True
207,14,-0.13,0.9275185185185185,False,True
208,36,-0.3500000000000001,0.9271666666666667,False,True
209,197,-2.9600000000000017,0.9268148148148148,False,True
210,84,-1.8300000000000005,0.9264629629629629,False,True
211,56,-0.5500000000000003,0.9261111111111111,False,True
212,67,-0.6600000000000004,0.9257592592592593,False,True
213,52,-0.5100000000000002,0.9254074074074075,False,True
214,68,-0.6700000000000004,0.9250555555555555,False,True
215,280,-1.7899999999999878,0.9247037037037037,False,True
216,369,-3.6799999999999793,0.9243518518518519,False,True
217,149,-1.4800000000000009,0.924,False,True
218,29,-0.28,0.9236481481481481,False,True
219,103,-2.0200000000000005,0.9232962962962963,False,True
220,18,-0.17000000000000004,0.9229444444444445,False,True
221,132,-0.31000000000000094,0.9225925925925926,False,True
222,19,-0.18000000000000005,0.9222407407407407,False,True
223,62,-0.6100000000000003,0.9218888888888889,False,True
224,38,-0.3700000000000002,0.921537037037037,False,True
225,36,-1.35,0.9211851851851852,False,True
226,122,-1.2100000000000006,0.9208333333333334,False,True
227,69,-0.6800000000000004,0.9204814814814815,False,True
228,81,-0.8000000000000005,0.9201296296296296,False,True
229,37,-0.3600000000000001,0.9197777777777778,False,True
230,88,-0.8700000000000007,0.9194259259259259,False,True
231,46,-0.4500000000000002,0.919074074074074,False,True
232,14,-0.13,0.9187222222222222,False,True
233,55,-1.5400000000000003,0.9183703703703704,False,True
234,33,-0.32000000000000006,0.9180185185185186,False,True
235,56,-0.5500000000000003,0.9176666666666666,False,True
236,107,-1.0600000000000005,0.9173148148148148,False,True
237,126,-0.2500000000000011,0.916962962962963,False,True
238,163,-0.620000000000001,0.9166111111111112,False,True
239,127,-0.2600000000000007,0.9162592592592593,False,True
240,56,-0.5500000000000004,0.9159074074074074,False,True
241,178,-1.7700000000000011,0.9155555555555556,False,True
242,71,-0.7000000000000004,0.9152037037037037,False,True
243,13,-0.12,0.9148518518518518,False,True
244,55,-0.5400000000000004,0.9145,False,True
245,183,-1.8200000000000012,0.9141481481481482,False,True
246,261,-2.600000000000002,0.9137962962962963,False,True
247,27,-0.2600000000000001,0.9134444444444445,False,True
248,34,-0.33000000000000007,0.9130925925925926,False,True
249,21,-0.20000000000000007,0.9127407407407407,False,True
250,295,-1.9400000000000017,0.9123888888888889,False,True
251,13,-0.12,0.9120370370370371,False,True
252,175,-1.740000000000001,0.9116851851851852,False,True
253,36,-0.3500000000000001,0.9113333333333333,False,True
254,51,-0.5000000000000002,0.9109814814814815,False,True
255,76,-1.7500000000000004,0.9106296296296297,False,True
256,43,-0.42000000000000026,0.9102777777777777,False,True
257,38,-0.3700000000000001,0.9099259259259259,False,True
258,18,-0.17000000000000004,0.9095740740740741,False,True
259,38,-0.3700000000000002,0.9092222222222223,False,True
260,41,-0.40000000000000024,0.9088703703703703,False,True
261,112,-1.1100000000000005,0.9085185185185185,False,True
262,51,-0.5000000000000003,0.9081666666666667,False,True
263,15,-0.14,0.9078148148148149,False,True
264,65,-1.6400000000000003,0.9074629629629629,False,True
265,167,-1.660000000000001,0.9071111111111111,False,True
266,38,-0.3700000000000002,0.9067592592592593,False,True
267,56,-0.5500000000000003,0.9064074074074074,False,True
268,112,-1.1100000000000005,0.9060555555555556,False,True
269,170,-0.6900000000000013,0.9057037037037037,False,True
270,16,-0.15000000000000002,0.9053518518518519,False,True
271,25,-0.2400000000000001,0.905,False,True
272,133,-1.3200000000000007,0.9046481481481481,False,True
273,155,-0.5400000000000011,0.9042962962962963,False,True
274,55,-0.5400000000000003,0.9039444444444444,False,True
275,127,-0.2600000000000007,0.9035925925925926,False,True
276,43,-0.42000000000000015,0.9032407407407408,False,True
277,125,-0.24000000000000066,0.9028888888888889,False,True
278,12,-0.10999999999999999,0.902537037037037,False,True
279,163,-1.620000000000001,0.9021851851851852,False,True
280,40,-0.39000000000000035,0.9018333333333334,False,True
281,46,-0.4500000000000002,0.9014814814814816,False,True
282,59,0.4199999999999995,0.9011296296296296,False,True
283,14,-0.13,0.9007777777777778,False,True
284,60,0.4099999999999997,0.900425925925926,False,True
285,313,-3.1199999999999997,0.900074074074074,False,True
286,29,-0.28,0.8997222222222222,False,True
287,12,-0.10999999999999999,0.8993703703703704,False,True
288,108,-1.0700000000000007,0.8990185185185186,False,True
289,13,-0.1200000000000001,0.8986666666666667,False,True
290,6,-0.050000000000000044,0.8983148148148148,False,True
291,32,-0.31000000000000005,0.897962962962963,False,True
292,11,-0.10000000000000009,0.8976111111111111,False,True
293,188,-1.8700000000000012,0.8972592592592593,False,True
294,77,-0.7600000000000005,0.8969074074074074,False,True
295,11,-1.1,0.8965555555555556,False,True
296,254,-2.5300000000000016,0.8962037037037037,False,True
297,213,-1.1200000000000012,0.8958518518518519,False,True
298,310,-2.0900000000000016,0.8955,False,True
299,56,-0.5500000000000004,0.8951481481481481,False,True
300,42,-0.41000000000000025,0.8947962962962963,False,True
301,35,-0.3400000000000002,0.8944444444444445,False,True
302,122,-0.21000000000000085,0.8940925925925925,False,True
303,24,-0.2300000000000001,0.8937407407407407,False,True
304,86,-0.8500000000000005,0.8933888888888889,False,True
305,127,-1.2600000000000007,0.8930370370370371,False,True
306,79,-1.7800000000000005,0.8926851851851851,False,True
307,71,0.2999999999999994,0.8923333333333333,False,True
308,35,-0.3400000000000001,0.8919814814814815,False,True
309,56,-0.5500000000000003,0.8916296296296297,False,True
310,25,-0.2400000000000001,0.8912777777777778,False,True
311,98,-0.9700000000000005,0.8909259259259259,False,True
312,237,-1.3600000000000014,0.8905740740740741,False,True
313,85,-0.8400000000000005,0.8902222222222222,False,True
314,146,-1.4500000000000008,0.8898703703703703,False,True
315,42,-0.41000000000000025,0.8895185185185185,False,True
316,21,-0.20000000000000007,0.8891666666666667,False,True
317,84,0.16999999999999948,0.8888148148148148,False,True
318,400,-1.9999999999999976,0.888462962962963,False,False
319,282,-2.8100000000000023,0.8881111111111111,False,True
320,157,-0.5600000000000009,0.8877592592592592,False,True
321,70,-0.6900000000000005,0.8874074074074074,False,True
322,39,-0.3800000000000001,0.8870555555555556,False,True
323,20,-0.19000000000000006,0.8867037037037037,False,True
324,77,-0.7600000000000006,0.8863518518518518,False,True
325,51,-0.5000000000000003,0.886,False,True
326,87,0.13999999999999924,0.8856481481481482,False,True
327,21,-0.20000000000000007,0.8852962962962962,False,True
328,47,-0.4600000000000004,0.8849444444444444,False,True
329,150,-1.4900000000000009,0.8845925925925926,False,True
330,51,-0.5000000000000002,0.8842407407407408,False,True
331,400,-2.0000000000000027,0.883888888888889,False,False
332,16,-0.15000000000000002,0.883537037037037,False,True
333,54,-0.5300000000000005,0.8831851851851852,False,True
334,33,-0.32000000000000006,0.8828333333333334,False,True
335,178,-0.7700000000000014,0.8824814814814815,False,True
336,161,-0.600000000000001,0.8821296296296296,False,True
337,84,-0.8300000000000005,0.8817777777777778,False,True
338,189,-0.8800000000000014,0.881425925925926,False,True
339,10,-0.08999999999999997,0.8810740740740741,False,True
340,26,-0.2500000000000002,0.8807222222222222,False,True
341,16,-0.15000000000000002,0.8803703703703704,False,True
342,15,-0.14,0.8800185185185185,False,True
343,42,-0.41000000000000014,0.8796666666666667,False,True
344,23,-0.22000000000000008,0.8793148148148149,False,True
345,78,-0.7700000000000005,0.878962962962963,False,True
346,110,-1.0900000000000007,0.8786111111111111,False,True
347,25,-0.2400000000000001,0.8782592592592593,False,True
348,68,-0.6700000000000004,0.8779074074074074,False,True
349,68,0.3299999999999996,0.8775555555555555,False,True
350,204,-2.030000000000001,0.8772037037037037,False,True
351,26,-0.2500000000000001,0.8768518518518519,False,True
352,137,-1.3600000000000008,0.8765000000000001,False,True
353,40,-0.39000000000000024,0.8761481481481481,False,True
354,29,-0.28,0.8757962962962963,False,True
355,400,-2.000000000000003,0.8754444444444445,False,False
356,135,-0.34000000000000075,0.8750925925925926,False,True
357,48,-0.4700000000000004,0.8747407407407407,False,True
358,59,-0.5800000000000003,0.8743888888888889,False,True
359,77,0.23999999999999932,0.8740370370370371,False,True
360,54,-0.5300000000000002,0.8736851851851852,False,True
361,37,-0.3600000000000002,0.8733333333333333,False,True
362,27,-0.2600000000000001,0.8729814814814815,False,True
363,140,-0.390000000000001,0.8726296296296296,False,True
364,15,-0.14,0.8722777777777778,False,True
365,21,-0.20000000000000007,0.871925925925926,False,True
366,10,-0.08999999999999997,0.8715740740740741,False,True
367,8,-0.07000000000000006,0.8712222222222222,False,True
368,84,0.16999999999999926,0.8708703703703704,False,True
369,14,-0.13,0.8705185185185185,False,True
370,80,0.20999999999999952,0.8701666666666666,False,True
371,45,-0.44000000000000017,0.8698148148148148,False,True
372,44,-0.43000000000000016,0.869462962962963,False,True
373,27,-0.26,0.8691111111111112,False,True
374,259,-1.5800000000000014,0.8687592592592592,False,True
375,400,-2.0000000000000027,0.8684074074074074,False,False
376,26,-0.2500000000000001,0.8680555555555556,False,True
377,53,-0.5200000000000002,0.8677037037037038,False,True
378,67,-0.6600000000000005,0.8673518518518518,False,True
379,93,-0.9200000000000006,0.867,False,True
380,93,-0.9200000000000005,0.8666481481481482,False,True
381,6,-0.050000000000000044,0.8662962962962963,False,True
382,12,-0.10999999999999999,0.8659444444444444,False,True
383,11,-0.09999999999999998,0.8655925925925926,False,True
384,89,-0.8800000000000006,0.8652407407407408,False,True
385,147,-0.46000000000000085,0.8648888888888889,False,True
386,122,-1.2100000000000006,0.864537037037037,False,True
387,39,-0.3800000000000002,0.8641851851851852,False,True
388,22,-0.21000000000000008,0.8638333333333333,False,True
389,8,-0.07000000000000006,0.8634814814814815,False,True
390,157,-0.5600000000000012,0.8631296296296296,False,True
391,13,-0.12,0.8627777777777779,False,True
392,21,-0.20000000000000007,0.8624259259259259,False,True
393,54,-0.5300000000000002,0.8620740740740741,False,True
394,154,-0.5300000000000009,0.8617222222222223,False,True
395,44,-0.43000000000000027,0.8613703703703703,False,True
396,62,-0.6100000000000003,0.8610185185185185,False,True
397,37,-0.3600000000000001,0.8606666666666667,False,True
398,60,-0.5900000000000003,0.8603148148148148,False,True
399,54,-0.5300000000000004,0.859962962962963,False,True
400,23,-0.22000000000000008,0.8596111111111111,False,True
401,235,-1.3400000000000016,0.8592592592592593,False,True
402,91,-0.9000000000000007,0.8589074074074075,False,True
403,180,-1.7900000000000011,0.8585555555555555,False,True
404,295,-1.9400000000000022,0.8582037037037037,False,True
405,41,-0.40000000000000013,0.8578518518518519,False,True
406,39,-0.3800000000000001,0.8575,False,True
407,10,-0.08999999999999997,0.8571481481481482,False,True
408,49,-0.4800000000000002,0.8567962962962963,False,True
409,109,-0.08000000000000052,0.8564444444444445,False,True
410,24,-0.2300000000000001,0.8560925925925926,False,True
411,41,-0.40000000000000013,0.8557407407407407,False,True
412,39,-0.3800000000000002,0.8553888888888889,False,True
413,112,-1.1100000000000005,0.855037037037037,False,True
414,8,-0.07000000000000006,0.8546851851851852,False,True
415,14,-0.13,0.8543333333333334,False,True
416,78,0.22999999999999954,0.8539814814814815,False,True
417,16,-0.15000000000000002,0.8536296296296296,False,True
418,28,-0.27000000000000013,0.8532777777777778,False,True
419,12,-0.1100000000000001,0.8529259259259259,False,True
420,38,-0.3700000000000001,0.8525740740740742,False,True
421,53,-0.5200000000000002,0.8522222222222222,False,True
422,16,-0.15000000000000013,0.8518703703703704,False,True
423,23,-0.22000000000000008,0.8515185185185186,False,True
424,80,-0.7900000000000006,0.8511666666666666,False,True
425,20,-0.19000000000000006,0.8508148148148148,False,True
426,74,-0.7300000000000004,0.850462962962963,False,True
427,16,-0.15000000000000002,0.8501111111111112,False,True
428,9,-0.08000000000000007,0.8497592592592593,False,True
429,147,-0.46000000000000085,0.8494074074074074,False,True
430,165,-1.640000000000001,0.8490555555555556,False,True
431,54,-0.5300000000000002,0.8487037037037037,False,True
432,46,-0.4500000000000004,0.8483518518518518,False,True
433,25,-0.2400000000000001,0.848,False,True
434,52,-0.5100000000000002,0.8476481481481482,False,True
435,31,-1.3,0.8472962962962963,False,True
436,28,-0.27000000000000013,0.8469444444444445,False,True
437,63,-0.6200000000000003,0.8465925925925926,False,True
438,82,-0.8100000000000006,0.8462407407407407,False,True
439,10,-0.09000000000000008,0.8458888888888889,False,True
440,29,-0.28000000000000014,0.845537037037037,False,True
441,10,-0.09000000000000008,0.8451851851851852,False,True
442,258,-2.5700000000000016,0.8448333333333333,False,True
443,16,-0.15000000000000002,0.8444814814814815,False,True
444,21,-0.20000000000000007,0.8441296296296297,False,True
445,52,-0.5100000000000002,0.8437777777777777,False,True
446,55,-0.5400000000000003,0.8434259259259259,False,True
447,17,-0.16000000000000003,0.8430740740740741,False,True
448,21,-0.20000000000000007,0.8427222222222222,False,True
449,67,-0.6600000000000004,0.8423703703703704,False,True
450,242,-1.4100000000000017,0.8420185185185185,False,True
451,34,-0.3300000000000003,0.8416666666666667,False,True
452,19,-0.18000000000000005,0.8413148148148148,False,True
453,74,-0.7300000000000004,0.840962962962963,False,True
454,131,-1.300000000000001,0.8406111111111111,False,True
455,29,-0.28000000000000014,0.8402592592592593,False,True
456,18,-0.17000000000000015,0.8399074074074074,False,True
457,139,-0.3800000000000008,0.8395555555555556,False,True
458,202,-2.010000000000001,0.8392037037037037,False,True
459,251,-2.5000000000000018,0.8388518518518518,False,True
460,85,-0.8400000000000005,0.8385,False,True
461,70,0.3099999999999994,0.8381481481481482,False,True
462,23,-0.22000000000000008,0.8377962962962963,False,True
463,9,-0.08000000000000007,0.8374444444444444,False,True
464,85,-0.8400000000000005,0.8370925925925926,False,True
465,11,-0.09999999999999998,0.8367407407407408,False,True
466,148,-0.47000000000000086,0.8363888888888888,False,True
467,16,-0.15000000000000002,0.836037037037037,False,True
468,14,-0.13,0.8356851851851852,False,True
469,6,-0.050000000000000044,0.8353333333333334,False,True
470,214,-1.1300000000000014,0.8349814814814815,False,True
471,40,-0.39000000000000035,0.8346296296296296,False,True
472,16,-0.15000000000000002,0.8342777777777778,False,True
473,6,-0.050000000000000044,0.833925925925926,False,True
474,162,-1.610000000000001,0.833574074074074,False,True
475,130,-0.2900000000000007,0.8332222222222222,False,True
476,54,-0.5300000000000002,0.8328703703703704,False,True
477,16,-0.15000000000000002,0.8325185185185185,False,True
478,354,-2.5300000000000025,0.8321666666666667,False,True
479,23,-0.22000000000000008,0.8318148148148148,False,True
480,10,-0.09000000000000008,0.831462962962963,False,True
481,18,-0.17000000000000004,0.8311111111111111,False,True
482,75,-0.7400000000000004,0.8307592592592593,False,True
483,157,-1.560000000000001,0.8304074074074074,False,True
484,345,-2.440000000000002,0.8300555555555555,False,True
485,126,-1.2500000000000007,0.8297037037037037,False,True
486,76,-0.7500000000000006,0.8293518518518519,False,True
487,25,-0.2400000000000001,0.829,False,True
488,168,-0.6700000000000013,0.8286481481481481,False,True
489,329,-2.2800000000000025,0.8282962962962963,False,True
490,43,-0.42000000000000015,0.8279444444444445,False,True
491,52,-0.5100000000000002,0.8275925925925927,False,True
492,135,-0.34000000000000075,0.8272407407407407,False,True
493,34,-0.3300000000000002,0.8268888888888889,False,True
494,184,-0.8300000000000014,0.8265370370370371,False,True
495,50,-0.4900000000000002,0.8261851851851851,False,True
496,92,-0.9100000000000006,0.8258333333333334,False,True
497,123,-1.2200000000000006,0.8254814814814815,False,True
498,18,-0.17000000000000004,0.8251296296296297,False,True
499,145,-0.44000000000000106,0.8247777777777778,False,True
500,13,-0.12,0.8244259259259259,False,True
501,89,0.11999999999999944,0.8240740740740741,False,True
502,41,-0.40000000000000024,0.8237222222222222,False,True
503,84,-0.8300000000000006,0.8233703703703703,False,True
504,400,-2.0000000000000027,0.8230185185185186,False,False
505,77,0.23999999999999932,0.8226666666666667,False,True
506,9,-0.08000000000000007,0.8223148148148148,False,True
507,118,-1.1700000000000008,0.821962962962963,False,True
508,8,-0.07000000000000006,0.8216111111111111,False,True
509,92,-0.9100000000000006,0.8212592592592592,False,True
510,49,-0.4800000000000002,0.8209074074074074,False,True
511,317,-2.160000000000002,0.8205555555555556,False,True
512,8,-0.07000000000000006,0.8202037037037038,False,True
513,38,-0.3700000000000001,0.8198518518518518,False,True
514,21,-0.20000000000000007,0.8195,False,True
515,288,-1.8700000000000019,0.8191481481481482,False,True
516,39,-0.3800000000000002,0.8187962962962962,False,True
517,9,-0.08000000000000007,0.8184444444444444,False,True
518,74,-0.7300000000000004,0.8180925925925926,False,True
519,17,-0.16000000000000003,0.8177407407407408,False,True
520,131,-0.30000000000000093,0.8173888888888889,False,True
521,12,-0.10999999999999999,0.817037037037037,False,True
522,18,-0.17000000000000015,0.8166851851851852,False,True
523,99,-0.9800000000000008,0.8163333333333334,False,True
524,196,-0.9500000000000012,0.8159814814814814,False,True
525,145,-0.44000000000000106,0.8156296296296297,False,True
526,189,-1.8800000000000012,0.8152777777777778,False,True
527,117,-0.1600000000000006,0.8149259259259259,False,True
528,65,-0.6400000000000003,0.8145740740740741,False,True
529,124,-0.23000000000000065,0.8142222222222222,False,True
530,13,-0.12,0.8138703703703704,False,True
531,38,-0.3700000000000001,0.8135185185185185,False,True
532,269,-1.680000000000002,0.8131666666666667,False,True
533,81,0.1999999999999993,0.8128148148148149,False,True
534,202,-1.0100000000000013,0.8124629629629629,False,True
535,29,-0.28000000000000014,0.8121111111111111,False,True
536,144,-0.43000000000000105,0.8117592592592593,False,True
537,37,-0.3600000000000001,0.8114074074074074,False,True
538,217,-1.1600000000000013,0.8110555555555555,False,True
539,13,-0.1200000000000001,0.8107037037037037,False,True
540,32,-0.3100000000000003,0.8103518518518519,False,True
541,18,-0.17000000000000004,0.81,False,True
542,40,-0.39000000000000024,0.8096481481481481,False,True
543,23,-0.2200000000000002,0.8092962962962963,False,True
544,14,-0.13,0.8089444444444445,False,True
545,52,-0.5100000000000003,0.8085925925925926,False,True
546,40,-0.3900000000000001,0.8082407407407407,False,True
547,31,-0.30000000000000004,0.8078888888888889,False,True
548,86,-0.8500000000000005,0.807537037037037,False,True
549,19,-0.18000000000000005,0.8071851851851852,False,True
550,17,-0.16000000000000003,0.8068333333333333,False,True
551,51,-0.5000000000000003,0.8064814814814815,False,True
552,10,-0.09000000000000008,0.8061296296296296,False,True
553,171,-0.7000000000000011,0.8057777777777778,False,True
554,20,-0.19000000000000006,0.805425925925926,False,True
555,24,-0.2300000000000001,0.805074074074074,False,True
556,19,-0.18000000000000005,0.8047222222222222,False,True
557,339,-2.3800000000000026,0.8043703703703704,False,True
558,36,-0.3500000000000003,0.8040185185185186,False,True
559,23,-0.22000000000000008,0.8036666666666666,False,True
560,8,-0.07000000000000006,0.8033148148148148,False,True
561,48,-0.4700000000000002,0.802962962962963,False,True
562,38,-0.3700000000000001,0.8026111111111112,False,True
563,13,-0.12,0.8022592592592592,False,True
564,46,-0.4500000000000003,0.8019074074074074,False,True
565,329,-2.280000000000002,0.8015555555555556,False,True
566,18,-0.17000000000000015,0.8012037037037038,False,True
567,398,-2.9700000000000024,0.8008518518518518,False,True
568,25,-0.2400000000000002,0.8005,False,True
569,19,-0.18000000000000005,0.8001481481481482,False,True
570,66,0.3499999999999994,0.7997962962962963,False,True
571,53,-0.5200000000000002,0.7994444444444444,False,True
572,96,0.04999999999999938,0.7990925925925926,False,True
573,287,-1.8600000000000019,0.7987407407407408,False,True
574,115,-1.1400000000000006,0.7983888888888889,False,True
575,55,-0.5400000000000003,0.7980370370370371,False,True
576,41,-0.40000000000000013,0.7976851851851852,False,True
577,13,-0.12,0.7973333333333333,False,True
578,21,-0.20000000000000007,0.7969814814814815,False,True
579,18,-0.17000000000000004,0.7966296296296296,False,True
580,10,-0.09000000000000008,0.7962777777777779,False,True
581,124,-0.2300000000000011,0.7959259259259259,False,True
582,176,-0.7500000000000013,0.7955740740740741,False,True
583,11,-0.09999999999999998,0.7952222222222223,False,True
584,315,-2.1400000000000023,0.7948703703703703,False,True
585,57,-0.5600000000000003,0.7945185185185185,False,True
586,11,-0.10000000000000009,0.7941666666666667,False,True
587,52,0.48999999999999955,0.7938148148148149,False,True
588,36,0.6499999999999997,0.793462962962963,False,True
589,142,-0.41000000000000125,0.7931111111111111,False,True
590,45,-0.44000000000000017,0.7927592592592593,False,True
591,61,0.39999999999999947,0.7924074074074074,False,True
592,78,-0.7700000000000005,0.7920555555555555,False,True
593,44,-0.43000000000000027,0.7917037037037037,False,True
594,81,0.1999999999999995,0.7913518518518519,False,True
595,18,-0.17000000000000004,0.791,False,True
596,21,-0.20000000000000007,0.7906481481481482,False,True
597,30,-0.29000000000000026,0.7902962962962963,False,True
598,35,-0.3400000000000001,0.7899444444444444,False,True
599,72,-0.7100000000000005,0.7895925925925926,False,True
600,129,-0.28000000000000114,0.7892407407407407,False,True
601,89,-0.8800000000000006,0.788888888888889,False,True
602,8,-0.07000000000000006,0.788537037037037,False,True
603,179,-0.7800000000000011,0.7881851851851852,False,True
604,62,0.3899999999999997,0.7878333333333334,False,True
605,18,-0.17000000000000004,0.7874814814814814,False,True
606,30,-0.29000000000000004,0.7871296296296296,False,True
607,168,-1.6700000000000008,0.7867777777777778,False,True
608,141,-0.4000000000000009,0.7864259259259259,False,True
609,50,-0.4900000000000003,0.7860740740740741,False,True
610,400,-2.000000000000003,0.7857222222222222,False,False
611,31,0.6999999999999997,0.7853703703703704,False,True
612,60,0.4099999999999995,0.7850185185185186,False,True
613,26,-0.2500000000000001,0.7846666666666666,False,True
614,71,0.2999999999999994,0.7843148148148148,False,True
615,19,-0.18000000000000005,0.783962962962963,False,True
616,126,-0.2500000000000011,0.7836111111111111,False,True
617,21,-0.20000000000000018,0.7832592592592593,False,True
618,9,-0.08000000000000007,0.7829074074074074,False,True
619,38,-0.37000000000000033,0.7825555555555556,False,True
620,334,-2.3300000000000027,0.7822037037037037,False,True
621,46,-0.4500000000000002,0.7818518518518518,False,True
622,107,-0.06000000000000072,0.7815,False,True
623,62,-0.6100000000000004,0.7811481481481481,False,True
624,99,0.01999999999999935,0.7807962962962963,False,True
625,179,-0.7800000000000016,0.7804444444444445,False,True
626,13,-0.12,0.7800925925925926,False,True
627,19,-0.18000000000000005,0.7797407407407407,False,True
628,66,0.3499999999999994,0.7793888888888889,False,True
629,65,0.35999999999999943,0.779037037037037,False,True
630,5,-0.040000000000000036,0.7786851851851853,False,True
631,8,-0.07000000000000006,0.7783333333333333,False,True
632,50,0.5099999999999996,0.7779814814814815,False,True
633,8,-0.07000000000000006,0.7776296296296297,False,True
634,26,-0.2500000000000001,0.7772777777777777,False,True
635,151,-0.5000000000000013,0.7769259259259259,False,True
636,26,-0.2500000000000001,0.7765740740740741,False,True
637,31,-0.30000000000000004,0.7762222222222223,False,True
638,195,-0.9400000000000016,0.7758703703703704,False,True
639,84,-0.8300000000000006,0.7755185185185185,False,True
640,37,-0.3600000000000001,0.7751666666666667,False,True
641,209,-1.0800000000000014,0.7748148148148148,False,True
642,17,-0.16000000000000003,0.774462962962963,False,True
643,87,0.13999999999999924,0.7741111111111111,False,True
644,17,-0.16000000000000003,0.7737592592592593,False,True
645,31,-0.30000000000000016,0.7734074074074074,False,True
646,9,-0.08000000000000007,0.7730555555555556,False,True
647,40,-0.39000000000000024,0.7727037037037037,False,True
648,13,-0.12,0.7723518518518518,False,True
649,22,-0.21000000000000008,0.772,False,True
650,317,-2.160000000000002,0.7716481481481482,False,True
651,17,-0.16000000000000003,0.7712962962962964,False,True
652,19,-0.18000000000000016,0.7709444444444444,False,True
653,55,-0.5400000000000004,0.7705925925925926,False,True
654,13,-0.1200000000000001,0.7702407407407408,False,True
655,62,-0.6100000000000004,0.7698888888888888,False,True
656,92,0.08999999999999919,0.769537037037037,False,True
657,43,0.5799999999999996,0.7691851851851852,False,True
658,10,-0.08999999999999997,0.7688333333333334,False,True
659,25,-0.2400000000000001,0.7684814814814815,False,True
660,85,0.15999999999999925,0.7681296296296296,False,True
661,38,0.6299999999999999,0.7677777777777778,False,True
662,136,-0.35000000000000075,0.767425925925926,False,True
663,138,-0.370000000000001,0.7670740740740741,False,True
664,158,-0.5700000000000012,0.7667222222222222,False,True
665,201,-1.0000000000000016,0.7663703703703704,False,True
666,306,-2.0500000000000025,0.7660185185185185,False,True
667,67,0.33999999999999964,0.7656666666666667,False,True
668,42,-0.41000000000000036,0.7653148148148148,False,True
669,288,-1.8700000000000023,0.764962962962963,False,True
670,179,-0.7800000000000014,0.7646111111111111,False,True
671,71,0.2999999999999996,0.7642592592592593,False,True
672,71,-0.7000000000000004,0.7639074074074074,False,True
673,7,-0.06000000000000005,0.7635555555555555,False,True
674,193,-0.9200000000000012,0.7632037037037037,False,True
675,67,0.3399999999999994,0.7628518518518519,False,True
676,20,-0.19000000000000017,0.7625,False,True
677,75,0.25999999999999956,0.7621481481481482,False,True
678,14,-0.13,0.7617962962962963,False,True
679,127,-0.2600000000000007,0.7614444444444445,False,True
680,32,-0.31000000000000005,0.7610925925925927,False,True
681,18,-0.17000000000000004,0.7607407407407407,False,True
682,9,-0.08000000000000007,0.7603888888888889,False,True
683,245,-1.4400000000000017,0.7600370370370371,False,True
684,79,0.2199999999999993,0.7596851851851852,False,True
685,9,-0.08000000000000007,0.7593333333333333,False,True
686,26,-0.2500000000000001,0.7589814814814815,False,True
687,135,-0.34000000000000097,0.7586296296296297,False,True
688,95,0.059999999999999165,0.7582777777777778,False,True
689,98,0.02999999999999914,0.7579259259259259,False,True
690,159,-0.5800000000000012,0.7575740740740741,False,True
691,15,-0.14,0.7572222222222222,False,True
692,17,-0.16000000000000003,0.7568703703703703,False,True
693,97,0.03999999999999937,0.7565185185185186,False,True
694,10,-0.08999999999999997,0.7561666666666667,False,True
695,8,-0.07000000000000006,0.7558148148148148,False,True
696,12,-0.1100000000000001,0.755462962962963,False,True
697,294,-1.930000000000002,0.7551111111111111,False,True
698,17,-0.16000000000000003,0.7547592592592594,False,True
699,235,-1.3400000000000016,0.7544074074074074,False,True
700,165,-0.6400000000000012,0.7540555555555556,False,True
701,97,-0.9600000000000006,0.7537037037037038,False,True
702,271,-1.700000000000002,0.7533518518518518,False,True
703,88,0.12999999999999945,0.753,False,True
704,8,-0.07000000000000006,0.7526481481481482,False,True
705,10,-0.09000000000000008,0.7522962962962964,False,True
706,208,-1.0700000000000014,0.7519444444444444,False,True
707,42,-0.41000000000000025,0.7515925925925926,False,True
708,18,-0.17000000000000004,0.7512407407407408,False,True
709,92,0.08999999999999941,0.7508888888888889,False,True
710,17,-0.16000000000000014,0.750537037037037,False,True
711,204,-1.0300000000000014,0.7501851851851852,False,True
712,82,0.18999999999999928,0.7498333333333334,False,True
713,77,0.23999999999999932,0.7494814814814814,False,True
714,100,-0.9900000000000005,0.7491296296296297,False,True
715,153,-0.5200000000000014,0.7487777777777778,False,True
716,15,-0.14,0.7484259259259259,False,True
717,13,-0.1200000000000001,0.7480740740740741,False,True
718,57,-0.5600000000000003,0.7477222222222222,False,True
719,299,-1.9800000000000022,0.7473703703703705,False,True
720,109,-0.08000000000000096,0.7470185185185185,False,True
721,8,-0.07000000000000006,0.7466666666666667,False,True
722,46,-0.4500000000000003,0.7463148148148149,False,True
723,90,-0.8900000000000006,0.7459629629629629,False,True
724,69,0.3199999999999996,0.7456111111111111,False,True
725,24,-0.2300000000000001,0.7452592592592593,False,True
726,60,0.4099999999999997,0.7449074074074074,False,True
727,11,-0.09999999999999998,0.7445555555555556,False,True
728,14,-0.13,0.7442037037037037,False,True
729,216,-1.1500000000000017,0.7438518518518519,False,True
730,84,-0.8300000000000007,0.7435,False,True
731,13,-0.12,0.7431481481481481,False,True
732,34,-0.3300000000000002,0.7427962962962964,False,True
733,17,-0.16000000000000003,0.7424444444444445,False,True
734,57,-0.5600000000000004,0.7420925925925925,False,True
735,5,-0.040000000000000036,0.7417407407407408,False,True
736,94,0.0699999999999994,0.7413888888888889,False,True
737,37,-0.3600000000000001,0.741037037037037,False,True
738,14,-0.13,0.7406851851851852,False,True
739,58,0.4299999999999995,0.7403333333333333,False,True
740,46,-0.4500000000000003,0.7399814814814815,False,True
741,14,-0.13,0.7396296296296296,False,True
742,204,-1.0300000000000016,0.7392777777777778,False,True
743,38,-0.3700000000000002,0.738925925925926,False,True
744,34,-0.3300000000000003,0.738574074074074,False,True
745,66,-0.6500000000000005,0.7382222222222222,False,True
746,84,0.16999999999999926,0.7378703703703704,False,True
747,5,-0.040000000000000036,0.7375185185185185,False,True
748,5,-0.040000000000000036,0.7371666666666667,False,True
749,188,-0.8700000000000017,0.7368148148148148,False,True
750,53,0.47999999999999976,0.736462962962963,False,True
751,9,-0.08000000000000007,0.7361111111111112,False,True
752,33,-0.3200000000000002,0.7357592592592592,False,True
753,72,0.2899999999999996,0.7354074074074075,False,True
754,58,0.4299999999999995,0.7350555555555556,False,True
755,24,-0.2300000000000002,0.7347037037037036,False,True
756,17,-0.16000000000000003,0.7343518518518519,False,True
757,75,0.25999999999999934,0.734,False,True
758,127,-0.2600000000000007,0.7336481481481482,False,True
759,43,-0.4200000000000004,0.7332962962962963,False,True
760,9,-0.08000000000000007,0.7329444444444444,False,True
761,64,0.36999999999999944,0.7325925925925926,False,True
762,21,-0.20000000000000018,0.7322407407407407,False,True
763,47,-0.4600000000000002,0.7318888888888889,False,True
764,171,-0.7000000000000013,0.7315370370370371,False,True
765,8,-0.07000000000000006,0.7311851851851852,False,True
766,22,-0.2100000000000002,0.7308333333333333,False,True
767,70,0.3099999999999996,0.7304814814814815,False,True
768,15,-0.14,0.7301296296296296,False,True
769,102,-0.010000000000000675,0.7297777777777779,False,True
770,64,0.36999999999999944,0.7294259259259259,False,True
771,13,-0.12,0.729074074074074,False,True
772,143,-0.42000000000000104,0.7287222222222223,False,True
773,293,-1.9200000000000021,0.7283703703703703,False,True
774,11,-0.09999999999999998,0.7280185185185186,False,True
775,15,-0.14,0.7276666666666667,False,True
776,43,-0.42000000000000015,0.7273148148148147,False,True
777,216,-1.1500000000000015,0.726962962962963,False,True
778,10,-0.08999999999999997,0.7266111111111111,False,True
779,31,-0.30000000000000004,0.7262592592592593,False,True
780,162,-0.6100000000000014,0.7259074074074074,False,True
781,10,-0.08999999999999997,0.7255555555555556,False,True
782,61,0.39999999999999947,0.7252037037037037,False,True
783,23,-0.22000000000000008,0.7248518518518519,False,True
784,107,-0.06000000000000094,0.7245,False,True
785,87,0.13999999999999924,0.7241481481481482,False,True
786,81,0.1999999999999995,0.7237962962962963,False,True
787,193,-0.9200000000000014,0.7234444444444444,False,True
788,113,-0.12000000000000077,0.7230925925925926,False,True
789,39,-0.38000000000000034,0.7227407407407407,False,True
790,76,0.24999999999999956,0.722388888888889,False,True
791,20,-0.19000000000000006,0.722037037037037,False,True
792,113,-0.120000000000001,0.7216851851851852,False,True
793,12,-0.1100000000000001,0.7213333333333334,False,True
794,12,-0.10999999999999999,0.7209814814814814,False,True
795,144,-0.43000000000000105,0.7206296296296296,False,True
796,12,-0.1100000000000001,0.7202777777777778,False,True
797,82,0.1899999999999995,0.719925925925926,False,True
798,109,-0.08000000000000074,0.7195740740740741,False,True
799,154,-0.5300000000000009,0.7192222222222222,False,True
800,5,-0.040000000000000036,0.7188703703703704,False,True
801,60,0.4099999999999995,0.7185185185185186,False,True
802,78,-0.7700000000000006,0.7181666666666666,False,True
803,14,-0.13,0.7178148148148148,False,True
804,224,-1.2300000000000015,0.717462962962963,False,True
805,132,-0.31000000000000094,0.7171111111111111,False,True
806,183,-0.8200000000000014,0.7167592592592593,False,True
807,107,-0.06000000000000072,0.7164074074074074,False,True
808,20,-0.19000000000000006,0.7160555555555557,False,True
809,46,0.5499999999999998,0.7157037037037037,False,True
810,77,-0.7600000000000005,0.7153518518518518,False,True
811,22,-0.21000000000000008,0.7150000000000001,False,True
812,31,-0.30000000000000004,0.7146481481481481,False,True
813,66,-0.6500000000000004,0.7142962962962963,False,True
814,88,0.12999999999999945,0.7139444444444445,False,True
815,91,0.0999999999999992,0.7135925925925926,False,True
816,152,-0.5100000000000011,0.7132407407407407,False,True
817,136,-0.3500000000000012,0.7128888888888889,False,True
818,146,-0.4500000000000013,0.7125370370370371,False,True
819,67,0.3399999999999994,0.7121851851851853,False,True
820,11,-0.09999999999999998,0.7118333333333333,False,True
821,117,-0.16000000000000103,0.7114814814814815,False,True
822,19,-0.18000000000000005,0.7111296296296297,False,True
823,16,-0.15000000000000013,0.7107777777777777,False,True
824,16,-0.15000000000000002,0.710425925925926,False,True
825,59,-0.5800000000000004,0.7100740740740741,False,True
826,29,-0.28000000000000014,0.7097222222222221,False,True
827,15,-0.14,0.7093703703703704,False,True
828,89,0.11999999999999922,0.7090185185185185,False,True
829,16,-0.15000000000000002,0.7086666666666668,False,True
830,12,-0.10999999999999999,0.7083148148148148,False,True
831,62,-0.6100000000000003,0.7079629629629629,False,True
832,204,-1.0300000000000016,0.7076111111111112,False,True
833,55,0.45999999999999974,0.7072592592592593,False,True
834,60,0.4099999999999997,0.7069074074074074,False,True
835,30,-0.29000000000000015,0.7065555555555556,False,True
836,252,-1.5100000000000016,0.7062037037037037,False,True
837,77,0.23999999999999955,0.7058518518518518,False,True
838,174,-0.7300000000000013,0.7055,False,True
839,43,-0.4200000000000004,0.7051481481481482,False,True
840,38,0.6299999999999997,0.7047962962962964,False,True
841,119,-0.18000000000000083,0.7044444444444444,False,True
842,12,-0.1100000000000001,0.7040925925925926,False,True
843,102,-1.0100000000000005,0.7037407407407408,False,True
844,14,-0.13,0.7033888888888888,False,True
845,277,-1.760000000000002,0.7030370370370371,False,True
846,74,0.26999999999999935,0.7026851851851852,False,True
847,82,-0.8100000000000006,0.7023333333333333,False,True
848,154,2.4599999999999986,0.7019814814814815,True,False
849,66,-0.6500000000000005,0.7016296296296296,False,True
850,15,-0.14,0.7012777777777778,False,True
851,267,-1.660000000000002,0.700925925925926,False,True
852,56,-0.5500000000000004,0.700574074074074,False,True
853,99,0.01999999999999935,0.7002222222222223,False,True
854,7,-0.06000000000000005,0.6998703703703704,False,True
855,5,-0.040000000000000036,0.6995185185185185,False,True
856,12,-0.10999999999999999,0.6991666666666667,False,True
857,7,-0.06000000000000005,0.6988148148148148,False,True
858,36,-0.3500000000000002,0.698462962962963,False,True
859,46,0.5499999999999998,0.6981111111111111,False,True
860,49,0.5199999999999996,0.6977592592592593,False,True
861,26,-0.2500000000000002,0.6974074074074075,False,True
862,14,-0.13,0.6970555555555555,False,True
863,63,-0.6200000000000006,0.6967037037037037,False,True
864,152,-0.5100000000000011,0.6963518518518519,False,True
865,59,0.4199999999999995,0.696,False,True
866,236,-1.3500000000000016,0.6956481481481482,False,True
867,248,-1.4700000000000017,0.6952962962962963,False,True
868,8,-0.07000000000000006,0.6949444444444444,False,True
869,31,-0.30000000000000004,0.6945925925925927,False,True
870,143,-0.42000000000000126,0.6942407407407407,False,True
871,51,0.49999999999999956,0.6938888888888889,False,True
872,103,-0.020000000000000684,0.6935370370370371,False,True
873,22,-0.21000000000000008,0.6931851851851852,False,True
874,50,0.5099999999999996,0.6928333333333334,False,True
875,16,-0.15000000000000002,0.6924814814814815,False,True
876,54,0.46999999999999953,0.6921296296296297,False,True
877,29,-0.28000000000000025,0.6917777777777778,False,True
878,14,-0.13,0.6914259259259259,False,True
879,45,-0.44000000000000017,0.6910740740740741,False,True
880,49,0.5199999999999998,0.6907222222222222,False,True
881,88,0.12999999999999945,0.6903703703703703,False,True
882,5,-0.040000000000000036,0.6900185185185186,False,True
883,20,-0.19000000000000006,0.6896666666666667,False,True
884,8,-0.07000000000000006,0.6893148148148148,False,True
885,7,-0.06000000000000005,0.688962962962963,False,True
886,254,-1.5300000000000016,0.6886111111111111,False,True
887,122,-0.21000000000000107,0.6882592592592593,False,True
888,146,-0.45000000000000107,0.6879074074074074,False,True
889,39,-0.3800000000000002,0.6875555555555556,False,True
890,8,-0.07000000000000006,0.6872037037037038,False,True
891,92,0.08999999999999919,0.6868518518518518,False,True
892,78,0.22999999999999954,0.6865,False,True
893,206,-1.0500000000000016,0.6861481481481482,False,True
894,34,-0.3300000000000003,0.6857962962962963,False,True
895,41,0.5999999999999996,0.6854444444444444,False,True
896,30,0.7099999999999997,0.6850925925925926,False,True
897,16,-0.15000000000000002,0.6847407407407408,False,True
898,193,-0.9200000000000016,0.6843888888888889,False,True
899,12,-0.10999999999999999,0.684037037037037,False,True
900,8,-0.07000000000000006,0.6836851851851853,False,True
901,231,-1.3000000000000018,0.6833333333333333,False,True
902,8,-0.07000000000000006,0.6829814814814814,False,True
903,37,-0.3600000000000003,0.6826296296296297,False,True
904,250,-1.4900000000000018,0.6822777777777778,False,True
905,11,-0.10000000000000009,0.681925925925926,False,True
906,13,-0.12,0.6815740740740741,False,True
907,239,1.6099999999999983,0.6812222222222222,True,False
908,76,0.24999999999999956,0.6808703703703705,False,True
909,12,-0.1100000000000001,0.6805185185185185,False,True
910,30,-0.29000000000000004,0.6801666666666667,False,True
911,10,-0.08999999999999997,0.6798148148148149,False,True
912,91,0.0999999999999992,0.6794629629629629,False,True
913,148,-0.4700000000000013,0.6791111111111111,False,True
914,86,0.14999999999999947,0.6787592592592593,False,True
915,133,-0.3200000000000012,0.6784074074074075,False,True
916,9,-0.08000000000000007,0.6780555555555556,False,True
917,202,1.9799999999999984,0.6777037037037037,True,False
918,17,-0.16000000000000003,0.6773518518518519,False,True
919,95,0.059999999999999165,0.677,False,True
920,50,-0.4900000000000003,0.6766481481481481,False,True
921,216,1.8399999999999983,0.6762962962962964,True,False
922,238,-1.3700000000000019,0.6759444444444445,False,True
923,97,0.03999999999999915,0.6755925925925925,False,True
924,7,-0.06000000000000005,0.6752407407407408,False,True
925,34,-0.33000000000000007,0.6748888888888889,False,True
926,15,-0.14,0.674537037037037,False,True
927,23,-0.22000000000000008,0.6741851851851852,False,True
928,151,-0.5000000000000011,0.6738333333333333,False,True
929,64,0.36999999999999966,0.6734814814814816,False,True
930,207,-1.0600000000000016,0.6731296296296296,False,True
931,9,-0.08000000000000007,0.6727777777777778,False,True
932,162,2.379999999999999,0.672425925925926,True,False
933,8,-0.07000000000000006,0.672074074074074,False,True
934,59,0.4199999999999995,0.6717222222222222,False,True
935,53,0.47999999999999954,0.6713703703703704,False,True
936,44,0.5699999999999998,0.6710185185185186,False,True
937,42,0.5899999999999996,0.6706666666666667,False,True
938,23,-0.2200000000000002,0.6703148148148148,False,True
939,139,-0.380000000000001,0.669962962962963,False,True
940,76,0.24999999999999933,0.6696111111111112,False,True
941,63,0.37999999999999967,0.6692592592592592,False,True
942,334,-2.3300000000000027,0.6689074074074075,False,True
943,48,0.5299999999999998,0.6685555555555556,False,True
944,34,-0.3300000000000002,0.6682037037037036,False,True
945,6,-0.050000000000000044,0.6678518518518519,False,True
946,81,0.1999999999999993,0.6675,False,True
947,150,-0.4900000000000013,0.6671481481481482,False,True
948,47,-0.4600000000000004,0.6667962962962963,False,True
949,32,-0.31000000000000005,0.6664444444444444,False,True
950,137,-0.36000000000000076,0.6660925925925926,False,True
951,41,-0.40000000000000024,0.6657407407407407,False,True
952,306,-2.0500000000000025,0.6653888888888889,False,True
953,274,-1.7300000000000022,0.6650370370370371,False,True
954,59,0.4199999999999995,0.6646851851851852,False,True
955,56,0.4499999999999995,0.6643333333333333,False,True
956,187,-0.8600000000000017,0.6639814814814815,False,True
957,28,-0.27000000000000024,0.6636296296296296,False,True
958,22,-0.21000000000000008,0.6632777777777779,False,True
959,88,0.12999999999999923,0.6629259259259259,False,True
960,34,0.6699999999999999,0.6625740740740741,False,True
961,13,-0.12,0.6622222222222223,False,True
962,74,0.26999999999999935,0.6618703703703703,False,True
963,20,-0.19000000000000006,0.6615185185185186,False,True
964,63,0.37999999999999945,0.6611666666666667,False,True
965,124,-0.2300000000000011,0.6608148148148147,False,True
966,90,0.10999999999999921,0.660462962962963,False,True
967,58,0.4299999999999995,0.6601111111111111,False,True
968,71,0.2999999999999994,0.6597592592592593,False,True
969,7,-0.06000000000000005,0.6594074074074074,False,True
970,112,-0.11000000000000099,0.6590555555555556,False,True
971,243,-1.420000000000002,0.6587037037037037,False,True
972,58,0.4299999999999997,0.6583518518518519,False,True
973,17,-0.16000000000000003,0.658,False,True
974,14,-0.13000000000000012,0.6576481481481482,False,True
975,17,-0.16000000000000003,0.6572962962962963,False,True
976,171,-0.7000000000000015,0.6569444444444444,False,True
977,21,-0.20000000000000007,0.6565925925925926,False,True
978,65,0.35999999999999943,0.6562407407407407,False,True
979,53,0.47999999999999976,0.655888888888889,False,True
980,180,-0.7900000000000016,0.655537037037037,False,True
981,71,0.2999999999999994,0.6551851851851852,False,True
982,104,-0.030000000000000915,0.6548333333333334,False,True
983,99,0.01999999999999935,0.6544814814814814,False,True
984,45,-0.4400000000000003,0.6541296296296297,False,True
985,78,-0.7700000000000006,0.6537777777777778,False,True
986,8,-0.07000000000000006,0.653425925925926,False,True
987,6,-0.050000000000000044,0.6530740740740741,False,True
988,45,0.5599999999999996,0.6527222222222222,False,True
989,56,-0.5500000000000004,0.6523703703703704,False,True
990,19,-0.18000000000000016,0.6520185185185186,False,True
991,18,-0.17000000000000015,0.6516666666666667,False,True
992,139,-0.380000000000001,0.6513148148148148,False,True
993,33,-0.3200000000000002,0.650962962962963,False,True
994,151,-0.5000000000000013,0.6506111111111111,False,True
995,24,0.7699999999999998,0.6502592592592593,False,True
996,61,0.39999999999999947,0.6499074074074074,False,True
997,39,0.6199999999999999,0.6495555555555557,False,True
998,109,-0.08000000000000074,0.6492037037037037,False,True
999,126,-0.2500000000000011,0.6488518518518518,False,True
1000,8,-0.07000000000000006,0.6485000000000001,False,True
1001,46,0.5499999999999996,0.6481481481481481,False,True
1002,12,-0.1100000000000001,0.6477962962962963,False,True
1003,8,-0.07000000000000006,0.6474444444444445,False,True
1004,107,-0.06000000000000094,0.6470925925925926,False,True
1005,153,-0.5200000000000014,0.6467407407407407,False,True
1006,26,-0.2500000000000002,0.6463888888888889,False,True
1007,149,-0.4800000000000011,0.6460370370370371,False,True
1008,19,-0.18000000000000016,0.6456851851851853,False,True
1009,52,0.48999999999999977,0.6453333333333333,False,True
1010,7,-0.06000000000000005,0.6449814814814815,False,True
1011,90,0.10999999999999921,0.6446296296296297,False,True
1012,9,-0.08000000000000007,0.6442777777777777,False,True
1013,126,-0.2500000000000011,0.643925925925926,False,True
1014,80,0.2099999999999993,0.6435740740740741,False,True
1015,90,0.10999999999999943,0.6432222222222223,False,True
1016,76,0.24999999999999933,0.6428703703703704,False,True
1017,115,-0.140000000000001,0.6425185185185185,False,True
1018,31,-0.30000000000000016,0.6421666666666668,False,True
1019,88,0.12999999999999923,0.6418148148148148,False,True
1020,13,-0.12,0.6414629629629629,False,True
1021,20,-0.19000000000000017,0.6411111111111112,False,True
1022,242,1.5799999999999983,0.6407592592592593,True,False
1023,207,-1.0600000000000016,0.6404074074074074,False,True
1024,77,0.23999999999999932,0.6400555555555556,False,True
1025,27,-0.26,0.6397037037037037,False,True
1026,13,-0.12,0.6393518518518518,False,True
1027,185,-0.8400000000000016,0.639,False,True
1028,8,-0.07000000000000006,0.6386481481481482,False,True
1029,33,0.6799999999999997,0.6382962962962964,False,True
1030,55,-0.5400000000000005,0.6379444444444444,False,True
1031,213,1.8699999999999986,0.6375925925925926,True,False
1032,90,0.10999999999999921,0.6372407407407408,False,True
1033,127,-0.2600000000000011,0.6368888888888888,False,True
1034,166,-0.6500000000000015,0.6365370370370371,False,True
1035,147,-0.4600000000000013,0.6361851851851852,False,True
1036,190,2.0999999999999983,0.6358333333333333,True,False
1037,37,-0.3600000000000002,0.6354814814814815,False,True
1038,38,-0.3700000000000002,0.6351296296296296,False,True
1039,31,-0.30000000000000004,0.6347777777777779,False,True
1040,161,-0.6000000000000011,0.634425925925926,False,True
1041,56,0.4499999999999995,0.634074074074074,False,True
1042,122,2.779999999999999,0.6337222222222223,True,False
1043,285,-1.840000000000002,0.6333703703703704,False,True
1044,7,-0.06000000000000005,0.6330185185185185,False,True
1045,204,-1.0300000000000014,0.6326666666666667,False,True
1046,118,-0.17000000000000104,0.6323148148148148,False,True
1047,80,0.20999999999999952,0.631962962962963,False,True
1048,29,-0.28,0.6316111111111111,False,True
1049,63,0.37999999999999967,0.6312592592592593,False,True
1050,60,0.4099999999999995,0.6309074074074075,False,True
1051,137,-0.3600000000000012,0.6305555555555555,False,True
1052,84,0.16999999999999926,0.6302037037037037,False,True
1053,68,0.3299999999999994,0.6298518518518519,False,True
1054,51,0.4999999999999998,0.6295,False,True
1055,189,2.1099999999999985,0.6291481481481482,True,False
1056,60,0.4099999999999997,0.6287962962962963,False,True
1057,66,0.3499999999999994,0.6284444444444444,False,True
1058,38,0.6299999999999999,0.6280925925925926,False,True
1059,8,-0.07000000000000006,0.6277407407407407,False,True
1060,190,-0.8900000000000015,0.6273888888888889,False,True
1061,23,-0.22000000000000008,0.6270370370370371,False,True
1062,8,-0.07000000000000006,0.6266851851851852,False,True
1063,68,0.3299999999999996,0.6263333333333334,False,True
1064,214,-1.1300000000000017,0.6259814814814815,False,True
1065,9,-0.08000000000000007,0.6256296296296296,False,True
1066,118,-0.17000000000000082,0.6252777777777778,False,True
1067,12,-0.10999999999999999,0.6249259259259259,False,True
1068,69,0.3199999999999994,0.6245740740740741,False,True
1069,31,-0.30000000000000027,0.6242222222222222,False,True
1070,10,-0.08999999999999997,0.6238703703703704,False,True
1071,7,-0.06000000000000005,0.6235185185185186,False,True
1072,71,0.2999999999999994,0.6231666666666666,False,True
1073,78,0.22999999999999932,0.6228148148148148,False,True
1074,43,0.5799999999999998,0.622462962962963,False,True
1075,85,0.15999999999999925,0.6221111111111111,False,True
1076,6,-0.050000000000000044,0.6217592592592593,False,True
1077,5,-0.040000000000000036,0.6214074074074074,False,True
1078,35,0.6599999999999997,0.6210555555555556,False,True
1079,207,-1.0600000000000016,0.6207037037037038,False,True
1080,7,-0.06000000000000005,0.6203518518518518,False,True
1081,28,-0.27000000000000013,0.62,False,True
1082,6,-0.050000000000000044,0.6196481481481482,False,True
1083,62,0.38999999999999946,0.6192962962962963,False,True
1084,108,-0.07000000000000073,0.6189444444444445,False,True
1085,217,-1.1600000000000017,0.6185925925925926,False,True
1086,8,-0.07000000000000006,0.6182407407407408,False,True
1087,265,1.3499999999999979,0.6178888888888889,True,False
1088,49,0.5199999999999996,0.617537037037037,False,True
1089,20,-0.19000000000000006,0.6171851851851853,False,True
1090,18,-0.17000000000000015,0.6168333333333333,False,True
1091,111,-0.10000000000000075,0.6164814814814814,False,True
1092,118,-0.17000000000000082,0.6161296296296297,False,True
1093,92,0.08999999999999941,0.6157777777777778,False,True
1094,42,0.5899999999999996,0.615425925925926,False,True
1095,8,-0.07000000000000006,0.6150740740740741,False,True
1096,76,0.24999999999999933,0.6147222222222222,False,True
1097,6,-0.050000000000000044,0.6143703703703705,False,True
1098,8,-0.07000000000000006,0.6140185185185185,False,True
1099,139,2.6099999999999985,0.6136666666666667,True,False
1100,26,0.7499999999999998,0.6133148148148149,False,True
1101,28,-0.27000000000000013,0.6129629629629629,False,True
1102,29,0.7199999999999998,0.6126111111111111,False,True
1103,240,1.5999999999999983,0.6122592592592593,True,False
1104,52,0.48999999999999977,0.6119074074074075,False,True
1105,34,0.6699999999999997,0.6115555555555556,False,True
1106,6,-0.050000000000000044,0.6112037037037037,False,True
1107,62,-0.6100000000000003,0.6108518518518519,False,True
1108,121,-0.20000000000000107,0.6105,False,True
1109,109,-0.08000000000000096,0.6101481481481481,False,True
1110,18,-0.17000000000000004,0.6097962962962964,False,True
1111,20,-0.19000000000000017,0.6094444444444445,False,True
1112,308,-2.070000000000002,0.6090925925925925,False,True
1113,16,-0.15000000000000002,0.6087407407407408,False,True
1114,68,0.3299999999999994,0.6083888888888889,False,True
1115,8,-0.07000000000000006,0.6080370370370372,False,True
1116,171,-0.7000000000000013,0.6076851851851852,False,True
1117,75,0.25999999999999934,0.6073333333333333,False,True
1118,117,-0.16000000000000103,0.6069814814814816,False,True
1119,66,0.34999999999999964,0.6066296296296296,False,True
1120,18,-0.17000000000000004,0.6062777777777778,False,True
1121,94,0.06999999999999917,0.605925925925926,False,True
1122,132,-0.31000000000000116,0.605574074074074,False,True
1123,10,-0.08999999999999997,0.6052222222222222,False,True
1124,60,0.4099999999999995,0.6048703703703704,False,True
1125,114,-0.13000000000000078,0.6045185185185186,False,True
1126,8,-0.07000000000000006,0.6041666666666667,False,True
1127,24,-0.2300000000000002,0.6038148148148148,False,True
1128,9,-0.08000000000000007,0.603462962962963,False,True
1129,103,2.969999999999999,0.6031111111111112,True,False
1130,400,-2.000000000000003,0.6027592592592592,False,False
1131,134,-0.3300000000000012,0.6024074074074075,False,True
1132,100,0.00999999999999912,0.6020555555555556,False,True
1133,255,1.4499999999999984,0.6017037037037036,True,False
1134,61,0.39999999999999947,0.6013518518518519,False,True
1135,42,0.5899999999999996,0.601,False,True
1136,116,-0.15000000000000102,0.6006481481481482,False,True
1137,74,0.26999999999999935,0.6002962962962963,False,True
1138,100,0.00999999999999912,0.5999444444444444,False,True
1139,15,-0.14000000000000012,0.5995925925925927,False,True
1140,397,-2.960000000000003,0.5992407407407407,False,True
1141,26,-0.2500000000000001,0.5988888888888889,False,True
1142,145,2.549999999999999,0.5985370370370371,True,False
1143,173,-0.7200000000000015,0.5981851851851852,False,True
1144,300,0.9999999999999977,0.5978333333333333,True,False
1145,6,-0.050000000000000044,0.5974814814814815,False,True
1146,19,-0.18000000000000016,0.5971296296296297,False,True
1147,70,0.3099999999999994,0.5967777777777779,False,True
1148,189,-0.8800000000000017,0.5964259259259259,False,True
1149,11,-0.10000000000000009,0.5960740740740741,False,True
1150,36,0.6499999999999997,0.5957222222222223,False,True
1151,183,-0.8200000000000014,0.5953703703703703,False,True
1152,5,-0.040000000000000036,0.5950185185185186,False,True
1153,400,-2.000000000000003,0.5946666666666667,False,False
1154,63,0.37999999999999945,0.5943148148148147,False,True
1155,5,-0.040000000000000036,0.593962962962963,False,True
1156,7,-0.06000000000000005,0.5936111111111111,False,True
1157,135,-0.3400000000000012,0.5932592592592593,False,True
1158,39,0.6199999999999997,0.5929074074074074,False,True
1159,37,-0.3600000000000003,0.5925555555555556,False,True
1160,239,-1.380000000000002,0.5922037037037037,False,True
1161,250,1.499999999999998,0.5918518518518519,True,False
1162,30,-0.29000000000000015,0.5915,False,True
1163,124,-0.2300000000000011,0.5911481481481482,False,True
1164,13,-0.1200000000000001,0.5907962962962963,False,True
1165,172,2.2799999999999985,0.5904444444444444,True,False
1166,21,-0.20000000000000018,0.5900925925925926,False,True
1167,55,0.4599999999999995,0.5897407407407407,False,True
1168,45,0.5599999999999996,0.589388888888889,False,True
1169,36,-0.3500000000000001,0.589037037037037,False,True
1170,72,0.28999999999999937,0.5886851851851852,False,True
1171,40,0.6099999999999997,0.5883333333333334,False,True
1172,8,-0.07000000000000006,0.5879814814814814,False,True
1173,166,-0.6500000000000015,0.5876296296296297,False,True
1174,144,2.5599999999999987,0.5872777777777778,True,False
1175,126,-0.2500000000000011,0.586925925925926,False,True
1176,44,0.5699999999999998,0.5865740740740741,False,True
1177,98,0.02999999999999914,0.5862222222222222,False,True
1178,9,-0.08000000000000007,0.5858703703703704,False,True
1179,35,0.6599999999999997,0.5855185185185185,False,True
1180,85,0.15999999999999925,0.5851666666666667,False,True
1181,156,-0.5500000000000014,0.5848148148148148,False,True
1182,24,-0.2300000000000001,0.584462962962963,False,True
1183,17,-0.16000000000000014,0.5841111111111111,False,True
1184,61,0.39999999999999947,0.5837592592592593,False,True
1185,136,-0.350000000000001,0.5834074074074074,False,True
1186,161,-0.6000000000000014,0.5830555555555557,False,True
1187,111,-0.10000000000000098,0.5827037037037037,False,True
1188,19,-0.18000000000000005,0.5823518518518518,False,True
1189,19,-0.18000000000000016,0.5820000000000001,False,True
1190,7,-0.06000000000000005,0.5816481481481481,False,True
1191,65,0.35999999999999943,0.5812962962962963,False,True
1192,223,-1.2200000000000017,0.5809444444444445,False,True
1193,139,2.6099999999999985,0.5805925925925925,True,False
1194,35,0.6599999999999997,0.5802407407407408,False,True
1195,34,0.6699999999999997,0.5798888888888889,False,True
1196,110,2.8999999999999995,0.5795370370370371,True,False
1197,13,-0.12,0.5791851851851852,False,True
1198,74,0.26999999999999935,0.5788333333333333,False,True
1199,201,-1.0000000000000016,0.5784814814814815,False,True
1200,6,-0.050000000000000044,0.5781296296296297,False,True
1201,117,-0.16000000000000103,0.5777777777777778,False,True
1202,26,0.7499999999999998,0.577425925925926,False,True
1203,62,0.3899999999999997,0.5770740740740741,False,True
1204,12,-0.10999999999999999,0.5767222222222222,False,True
1205,9,-0.08000000000000007,0.5763703703703704,False,True
1206,156,2.4399999999999986,0.5760185185185185,True,False
1207,18,-0.17000000000000004,0.5756666666666668,False,True
1208,10,-0.08999999999999997,0.5753148148148148,False,True
1209,145,-0.4400000000000013,0.5749629629629629,False,True
1210,17,-0.16000000000000003,0.5746111111111112,False,True
1211,14,-0.13,0.5742592592592592,False,True
1212,53,0.47999999999999954,0.5739074074074074,False,True
1213,88,0.12999999999999945,0.5735555555555556,False,True
1214,101,2.9899999999999993,0.5732037037037037,True,False
1215,5,-0.040000000000000036,0.5728518518518518,False,True
1216,144,2.5599999999999987,0.5725,True,False
1217,94,0.06999999999999917,0.5721481481481482,False,True
1218,79,0.21999999999999953,0.5717962962962964,False,True
1219,64,0.36999999999999944,0.5714444444444444,False,True
1220,47,0.5399999999999996,0.5710925925925926,False,True
1221,5,-0.040000000000000036,0.5707407407407408,False,True
1222,25,-0.2400000000000001,0.5703888888888888,False,True
1223,157,-0.5600000000000014,0.5700370370370371,False,True
1224,80,0.2099999999999993,0.5696851851851852,False,True
1225,13,-0.1200000000000001,0.5693333333333334,False,True
1226,78,0.22999999999999932,0.5689814814814815,False,True
1227,135,2.6499999999999986,0.5686296296296296,True,False
1228,114,2.8599999999999994,0.5682777777777779,True,False
1229,139,2.6099999999999985,0.567925925925926,True,False
1230,50,0.5099999999999996,0.567574074074074,False,True
1231,50,0.5099999999999996,0.5672222222222223,False,True
1232,14,-0.13,0.5668703703703704,False,True
1233,217,-1.1600000000000017,0.5665185185185185,False,True
1234,40,-0.3900000000000001,0.5661666666666667,False,True
1235,25,0.7599999999999998,0.5658148148148148,False,True
1236,400,-2.000000000000003,0.565462962962963,False,False
1237,85,0.15999999999999925,0.5651111111111111,False,True
1238,129,-0.2800000000000009,0.5647592592592593,False,True
1239,33,0.6799999999999997,0.5644074074074075,False,True
1240,32,0.6899999999999997,0.5640555555555555,False,True
1241,101,2.9899999999999993,0.5637037037037037,True,False
1242,126,-0.2500000000000011,0.5633518518518519,False,True
1243,5,-0.040000000000000036,0.563,False,True
1244,94,3.059999999999999,0.5626481481481482,True,False
1245,131,2.689999999999999,0.5622962962962963,True,False
1246,181,2.1899999999999986,0.5619444444444444,True,False
1247,10,-0.08999999999999997,0.5615925925925926,False,True
1248,147,2.5299999999999985,0.5612407407407407,True,False
1249,26,0.7499999999999998,0.560888888888889,False,True
1250,13,-0.12,0.5605370370370371,False,True
1251,184,2.1599999999999984,0.5601851851851852,True,False
1252,57,0.4399999999999995,0.5598333333333334,False,True
1253,77,3.2299999999999995,0.5594814814814815,True,False
1254,137,-0.3600000000000012,0.5591296296296296,False,True
1255,90,0.10999999999999921,0.5587777777777778,False,True
1256,11,-0.09999999999999998,0.558425925925926,False,True
1257,145,2.549999999999999,0.5580740740740741,True,False
1258,40,0.6099999999999997,0.5577222222222222,False,True
1259,6,-0.050000000000000044,0.5573703703703704,False,True
1260,21,-0.20000000000000007,0.5570185185185186,False,True
1261,22,-0.2100000000000002,0.5566666666666666,False,True
1262,12,-0.10999999999999999,0.5563148148148148,False,True
1263,109,-0.08000000000000096,0.555962962962963,False,True
1264,99,0.01999999999999913,0.5556111111111111,False,True
1265,5,-0.040000000000000036,0.5552592592592593,False,True
1266,11,-0.09999999999999998,0.5549074074074074,False,True
1267,136,2.639999999999999,0.5545555555555556,True,False
1268,101,-8.881784197001252e-16,0.5542037037037038,False,True
1269,65,0.35999999999999943,0.5538518518518518,False,True
1270,60,0.4099999999999995,0.5535000000000001,False,True
1271,8,-0.07000000000000006,0.5531481481481482,False,True
1272,71,0.2999999999999996,0.5527962962962963,False,True
1273,72,0.28999999999999937,0.5524444444444445,False,True
1274,127,2.7299999999999986,0.5520925925925926,True,False
1275,28,0.7299999999999998,0.5517407407407408,False,True
1276,183,2.169999999999998,0.5513888888888889,True,False
1277,104,2.959999999999999,0.551037037037037,True,False
1278,212,-1.1100000000000014,0.5506851851851853,False,True
1279,8,-0.07000000000000006,0.5503333333333333,False,True
1280,152,2.4799999999999986,0.5499814814814815,True,False
1281,110,2.899999999999999,0.5496296296296297,True,False
1282,71,0.2999999999999994,0.5492777777777778,False,True
1283,98,3.019999999999999,0.548925925925926,True,False
1284,34,0.6699999999999997,0.5485740740740741,False,True
1285,138,2.6199999999999988,0.5482222222222222,True,False
1286,100,0.00999999999999912,0.5478703703703705,False,True
1287,38,0.6299999999999999,0.5475185185185185,False,True
1288,120,-0.19000000000000106,0.5471666666666667,False,True
1289,107,2.9299999999999993,0.5468148148148149,True,False
1290,15,-0.14000000000000012,0.5464629629629629,False,True
1291,139,2.6099999999999985,0.5461111111111111,True,False
1292,51,0.49999999999999956,0.5457592592592593,False,True
1293,25,0.7599999999999998,0.5454074074074075,False,True
1294,33,0.6799999999999997,0.5450555555555556,False,True
1295,108,-0.07000000000000095,0.5447037037037037,False,True
1296,12,-0.10999999999999999,0.5443518518518519,False,True
1297,143,2.5699999999999985,0.544,True,False
1298,288,-1.8700000000000023,0.5436481481481481,False,True
1299,15,-0.14000000000000012,0.5432962962962964,False,True
1300,6,-0.050000000000000044,0.5429444444444445,False,True
1301,93,3.0699999999999994,0.5425925925925926,True,False
1302,17,-0.16000000000000014,0.5422407407407408,False,True
1303,64,0.36999999999999944,0.5418888888888889,False,True
1304,81,3.1899999999999995,0.5415370370370372,True,False
1305,43,0.5799999999999996,0.5411851851851852,False,True
1306,90,3.099999999999999,0.5408333333333333,True,False
1307,41,0.5999999999999996,0.5404814814814816,False,True
1308,88,0.12999999999999923,0.5401296296296296,False,True
1309,124,2.759999999999999,0.5397777777777778,True,False
1310,55,0.4599999999999995,0.539425925925926,False,True
1311,35,0.6599999999999997,0.539074074074074,False,True
1312,105,2.9499999999999993,0.5387222222222222,True,False
1313,115,2.8499999999999988,0.5383703703703704,True,False
1314,61,0.39999999999999947,0.5380185185185186,False,True
1315,56,0.44999999999999973,0.5376666666666667,False,True
1316,203,-1.0200000000000016,0.5373148148148148,False,True
1317,160,2.3999999999999986,0.536962962962963,True,False
1318,105,2.9499999999999993,0.5366111111111111,True,False
1319,23,-0.2200000000000002,0.5362592592592592,False,True
1320,52,0.48999999999999977,0.5359074074074075,False,True
1321,101,-6.661338147750939e-16,0.5355555555555556,False,True
1322,22,0.7899999999999998,0.5352037037037036,False,True
1323,5,-0.040000000000000036,0.5348518518518519,False,True
1324,13,-0.1200000000000001,0.5345,False,True
1325,87,0.13999999999999924,0.5341481481481483,False,True
1326,91,0.0999999999999992,0.5337962962962963,False,True
1327,10,-0.08999999999999997,0.5334444444444444,False,True
1328,5,-0.040000000000000036,0.5330925925925927,False,True
1329,147,-0.4600000000000013,0.5327407407407407,False,True
1330,35,0.6599999999999997,0.5323888888888889,False,True
1331,11,-0.09999999999999998,0.5320370370370371,False,True
1332,18,-0.17000000000000004,0.5316851851851851,False,True
1333,34,0.6699999999999997,0.5313333333333333,False,True
1334,33,-0.3200000000000002,0.5309814814814815,False,True
1335,37,-0.3600000000000003,0.5306296296296297,False,True
1336,173,2.2699999999999987,0.5302777777777778,True,False
1337,6,-0.050000000000000044,0.5299259259259259,False,True
1338,248,-1.470000000000002,0.5295740740740741,False,True
1339,104,-0.030000000000000693,0.5292222222222223,False,True
1340,130,2.699999999999999,0.5288703703703703,True,False
1341,65,0.35999999999999943,0.5285185185185186,False,True
1342,6,-0.050000000000000044,0.5281666666666667,False,True
1343,6,-0.050000000000000044,0.5278148148148147,False,True
1344,36,0.6499999999999997,0.527462962962963,False,True
1345,276,1.239999999999998,0.5271111111111111,True,False
1346,25,-0.2400000000000001,0.5267592592592593,False,True
1347,96,0.04999999999999938,0.5264074074074074,False,True
1348,110,-0.09000000000000097,0.5260555555555556,False,True
1349,10,-0.08999999999999997,0.5257037037037038,False,True
1350,26,0.7499999999999998,0.5253518518518518,False,True
1351,27,0.7399999999999998,0.525,False,True
1352,91,3.089999999999999,0.5246481481481482,True,False
1353,29,0.7199999999999998,0.5242962962962964,False,True
1354,80,0.2099999999999993,0.5239444444444445,False,True
1355,5,-0.040000000000000036,0.5235925925925926,False,True
1356,21,-0.20000000000000007,0.5232407407407407,False,True
1357,15,-0.14,0.522888888888889,False,True
1358,30,-0.29000000000000015,0.522537037037037,False,True
1359,9,-0.08000000000000007,0.5221851851851853,False,True
1360,111,2.889999999999999,0.5218333333333334,True,False
1361,130,2.6999999999999993,0.5214814814814815,True,False
1362,112,2.879999999999999,0.5211296296296296,True,False
1363,261,-1.6000000000000019,0.5207777777777778,False,True
1364,48,0.5299999999999996,0.520425925925926,False,True
1365,6,-0.050000000000000044,0.5200740740740741,False,True
1366,106,2.939999999999999,0.5197222222222222,True,False
1367,95,3.049999999999999,0.5193703703703705,True,False
1368,289,-1.8800000000000021,0.5190185185185185,False,True
1369,68,0.3299999999999994,0.5186666666666666,False,True
1370,111,2.889999999999999,0.5183148148148149,True,False
1371,64,0.36999999999999944,0.517962962962963,False,True
1372,149,2.509999999999999,0.5176111111111111,True,False
1373,79,3.209999999999999,0.5172592592592593,True,False
1374,59,0.4199999999999995,0.5169074074074075,False,True
1375,8,-0.07000000000000006,0.5165555555555557,False,True
1376,63,0.37999999999999945,0.5162037037037037,False,True
1377,295,1.0499999999999976,0.5158518518518518,True,False
1378,129,-0.28000000000000114,0.5155000000000001,False,True
1379,31,-0.30000000000000016,0.5151481481481481,False,True
1380,139,2.609999999999999,0.5147962962962964,True,False
1381,52,0.48999999999999955,0.5144444444444445,False,True
1382,7,-0.06000000000000005,0.5140925925925925,False,True
1383,71,3.289999999999999,0.5137407407407407,True,False
1384,15,-0.14,0.5133888888888889,False,True
1385,66,0.34999999999999964,0.5130370370370371,False,True
1386,90,0.10999999999999921,0.5126851851851852,False,True
1387,58,0.4299999999999995,0.5123333333333333,False,True
1388,72,3.2799999999999994,0.5119814814814816,True,False
1389,47,0.5399999999999998,0.5116296296296297,False,True
1390,91,0.0999999999999992,0.5112777777777777,False,True
1391,83,3.169999999999999,0.510925925925926,True,False
1392,121,2.789999999999999,0.5105740740740741,True,False
1393,15,-0.14,0.5102222222222222,False,True
1394,10,-0.08999999999999997,0.5098703703703704,False,True
1395,45,0.5599999999999996,0.5095185185185186,False,True
1396,8,-0.07000000000000006,0.5091666666666667,False,True
1397,7,-0.06000000000000005,0.5088148148148148,False,True
1398,68,0.3299999999999994,0.5084629629629629,False,True
1399,7,-0.06000000000000005,0.5081111111111112,False,True
1400,8,-0.07000000000000006,0.5077592592592592,False,True
1401,21,-0.20000000000000018,0.5074074074074075,False,True
1402,60,0.4099999999999995,0.5070555555555556,False,True
1403,61,0.39999999999999947,0.5067037037037037,False,True
1404,8,-0.07000000000000006,0.5063518518518518,False,True
1405,141,2.589999999999999,0.506,True,False
1406,244,-1.430000000000002,0.5056481481481482,False,True
1407,5,-0.040000000000000036,0.5052962962962964,False,True
1408,88,3.119999999999999,0.5049444444444444,True,False
1409,57,0.4399999999999995,0.5045925925925927,False,True
1410,106,2.939999999999999,0.5042407407407408,True,False
1411,62,0.38999999999999946,0.5038888888888888,False,True
1412,150,-0.4900000000000013,0.5035370370370371,False,True
1413,28,0.7299999999999998,0.5031851851851852,False,True
1414,14,-0.13,0.5028333333333334,False,True
1415,10,-0.08999999999999997,0.5024814814814815,False,True
1416,67,0.3399999999999994,0.5021296296296297,False,True
1417,8,-0.07000000000000006,0.5017777777777778,False,True
1418,88,3.119999999999999,0.5014259259259259,True,False
1419,21,-0.20000000000000018,0.501074074074074,False,True
1420,31,0.6999999999999997,0.5007222222222223,False,True
1421,10,-0.09000000000000008,0.5003703703703704,False,True
1422,15,-0.14,0.5000185185185186,False,True
1423,28,-0.27000000000000013,0.4996666666666667,False,True
1424,5,-0.040000000000000036,0.49931481481481477,False,True
1425,35,0.6599999999999997,0.49896296296296294,False,True
1426,148,-0.4700000000000011,0.4986111111111111,False,True
1427,12,-0.10999999999999999,0.4982592592592593,False,True
1428,92,3.079999999999999,0.49790740740740747,True,False
1429,33,0.6799999999999997,0.49755555555555564,False,True
1430,82,3.1799999999999993,0.4972037037037038,True,False
1431,25,0.7599999999999998,0.4968518518518519,False,True
1432,81,3.1899999999999995,0.49650000000000005,True,False
1433,6,-0.050000000000000044,0.4961481481481481,False,True
1434,118,2.819999999999999,0.4957962962962963,True,False
1435,22,0.7899999999999998,0.49544444444444447,False,True
1436,98,3.019999999999999,0.49509259259259264,True,False
1437,9,-0.08000000000000007,0.4947407407407408,False,True
1438,114,2.859999999999999,0.4943888888888889,True,False
1439,43,0.5799999999999996,0.49403703703703705,False,True
1440,37,0.6399999999999997,0.4936851851851852,False,True
1441,5,-0.040000000000000036,0.4933333333333334,False,True
1442,77,3.2299999999999995,0.4929814814814816,True,False
1443,87,0.13999999999999946,0.49262962962962964,False,True
1444,103,-0.020000000000000906,0.4922777777777777,False,True
1445,35,0.6599999999999997,0.4919259259259259,False,True
1446,99,3.009999999999999,0.49157407407407405,True,False
1447,83,3.169999999999999,0.4912222222222222,True,False
1448,119,2.8099999999999987,0.4908703703703704,True,False
1449,79,3.2099999999999995,0.4905185185185186,True,False
1450,87,0.13999999999999924,0.49016666666666675,False,True
1451,5,-0.040000000000000036,0.4898148148148148,False,True
1452,13,-0.1200000000000001,0.489462962962963,False,True
1453,23,-0.22000000000000008,0.48911111111111116,False,True
1454,12,-0.10999999999999999,0.4887592592592592,False,True
1455,82,3.1799999999999993,0.4884074074074074,True,False
1456,69,3.3099999999999996,0.4880555555555556,True,False
1457,22,-0.21000000000000008,0.48770370370370375,False,True
1458,84,3.1599999999999993,0.4873518518518518,True,False
1459,17,-0.16000000000000014,0.487,False,True
1460,132,2.679999999999999,0.48664814814814816,True,False
1461,79,3.209999999999999,0.48629629629629634,True,False
1462,144,2.5599999999999987,0.4859444444444445,True,False
1463,33,0.6799999999999997,0.4855925925925927,False,True
1464,117,2.829999999999999,0.48524074074074086,True,False
1465,85,3.1499999999999995,0.4848888888888888,True,False
1466,11,-0.09999999999999998,0.484537037037037,False,True
1467,99,3.009999999999999,0.48418518518518516,True,False
1468,79,3.209999999999999,0.48383333333333334,True,False
1469,96,3.039999999999999,0.4834814814814815,True,False
1470,74,3.2599999999999993,0.4831296296296297,True,False
1471,77,0.23999999999999932,0.48277777777777786,False,True
1472,36,0.6499999999999997,0.4824259259259259,False,True
1473,31,0.7,0.4820740740740741,False,True
1474,22,-0.21000000000000008,0.4817222222222223,False,True
1475,51,0.49999999999999956,0.48137037037037045,False,True
1476,36,0.6499999999999997,0.4810185185185185,False,True
1477,30,0.7099999999999997,0.4806666666666667,False,True
1478,95,3.049999999999999,0.48031481481481486,True,False
1479,33,0.6799999999999997,0.4799629629629629,False,True
1480,91,3.089999999999999,0.4796111111111111,True,False
1481,77,3.2299999999999995,0.4792592592592593,True,False
1482,74,0.26999999999999935,0.47890740740740745,False,True
1483,43,0.5799999999999996,0.4785555555555556,False,True
1484,86,0.14999999999999925,0.4782037037037038,False,True
1485,35,0.6599999999999997,0.47785185185185197,False,True
1486,92,3.079999999999999,0.47750000000000004,True,False
1487,73,3.2699999999999996,0.4771481481481481,True,False
1488,76,3.2399999999999993,0.4767962962962963,True,False
1489,5,-0.040000000000000036,0.47644444444444445,False,True
1490,85,0.15999999999999948,0.4760925925925926,False,True
1491,71,0.2999999999999994,0.4757407407407408,False,True
1492,8,-0.07000000000000006,0.47538888888888897,False,True
1493,90,0.10999999999999943,0.47503703703703704,False,True
1494,77,3.2299999999999995,0.4746851851851852,True,False
1495,113,2.869999999999999,0.4743333333333334,True,False
1496,17,-0.16000000000000014,0.47398148148148156,False,True
1497,33,0.6799999999999997,0.4736296296296296,False,True
1498,89,3.1099999999999994,0.4732777777777778,True,False
1499,91,3.089999999999999,0.47292592592592597,True,False
1500,9,-0.08000000000000007,0.47257407407407404,False,True
1501,78,3.2199999999999993,0.4722222222222222,True,False
1502,94,3.059999999999999,0.4718703703703704,True,False
1503,10,-0.08999999999999997,0.47151851851851856,False,True
1504,89,3.1099999999999994,0.47116666666666673,True,False
1505,78,3.2199999999999993,0.4708148148148149,True,False
1506,82,3.1799999999999993,0.47046296296296297,True,False
1507,80,3.1999999999999993,0.47011111111111115,True,False
1508,88,3.119999999999999,0.4697592592592592,True,False
1509,49,0.5199999999999996,0.4694074074074074,False,True
1510,60,0.4099999999999995,0.46905555555555556,False,True
1511,117,2.829999999999999,0.46870370370370373,True,False
1512,12,-0.1100000000000001,0.4683518518518519,False,True
1513,36,0.6499999999999997,0.46799999999999997,False,True
1514,158,-0.5700000000000014,0.46764814814814815,False,True
1515,121,2.789999999999999,0.4672962962962963,True,False
1516,76,3.2399999999999993,0.4669444444444445,True,False
1517,88,3.119999999999999,0.46659259259259267,True,False
1518,25,-0.2400000000000001,0.46624074074074084,False,True
1519,57,0.4399999999999995,0.4658888888888889,False,True
1520,68,0.3299999999999994,0.46553703703703697,False,True
1521,77,3.2299999999999995,0.46518518518518515,True,False
1522,86,3.1399999999999997,0.4648333333333333,True,False
1523,10,-0.08999999999999997,0.4644814814814815,False,True
1524,12,-0.10999999999999999,0.46412962962962967,False,True
1525,8,-0.07000000000000006,0.46377777777777784,False,True
1526,8,-0.07000000000000006,0.463425925925926,False,True
1527,90,3.099999999999999,0.4630740740740741,True,False
1528,73,3.2699999999999996,0.46272222222222226,True,False
1529,11,-0.09999999999999998,0.46237037037037043,False,True
1530,62,0.38999999999999946,0.4620185185185185,False,True
1531,79,3.209999999999999,0.46166666666666667,True,False
1532,11,-0.09999999999999998,0.46131481481481484,False,True
1533,71,3.289999999999999,0.460962962962963,True,False
1534,72,3.2799999999999994,0.4606111111111111,True,False
1535,33,0.6799999999999997,0.46025925925925926,False,True
1536,5,-0.040000000000000036,0.45990740740740743,False,True
1537,89,3.1099999999999994,0.4595555555555556,True,False
1538,14,-0.13,0.4592037037037038,False,True
1539,34,0.6699999999999997,0.45885185185185196,False,True
1540,93,3.0699999999999994,0.4585,True,False
1541,88,3.119999999999999,0.4581481481481481,True,False
1542,12,-0.1100000000000001,0.45779629629629626,False,True
1543,25,0.7599999999999998,0.45744444444444443,False,True
1544,86,3.1399999999999992,0.4570925925925926,True,False
1545,33,0.6799999999999997,0.4567407407407408,False,True
1546,67,0.33999999999999964,0.45638888888888896,False,True
1547,67,3.329999999999999,0.45603703703703713,True,False
1548,22,-0.2100000000000002,0.4556851851851852,False,True
1549,82,3.1799999999999993,0.45533333333333337,True,False
1550,113,2.869999999999999,0.45498148148148154,True,False
1551,96,3.039999999999999,0.4546296296296296,True,False
1552,61,3.3899999999999997,0.4542777777777778,True,False
1553,72,0.28999999999999937,0.45392592592592595,False,True
1554,90,3.099999999999999,0.45357407407407413,True,False
1555,76,3.2399999999999993,0.4532222222222222,True,False
1556,34,0.6699999999999997,0.45287037037037037,False,True
1557,34,0.6699999999999999,0.45251851851851854,False,True
1558,75,3.249999999999999,0.4521666666666667,True,False
1559,33,0.6799999999999997,0.4518148148148149,False,True
1560,61,3.3899999999999997,0.45146296296296307,True,False
1561,35,0.6599999999999999,0.45111111111111124,False,True
1562,87,3.129999999999999,0.4507592592592592,True,False
1563,76,0.24999999999999933,0.45040740740740737,False,True
1564,78,3.2199999999999993,0.45005555555555554,True,False
1565,98,3.0199999999999996,0.4497037037037037,True,False
1566,104,2.959999999999999,0.4493518518518519,True,False
1567,80,3.1999999999999993,0.44900000000000007,True,False
1568,82,3.1799999999999993,0.44864814814814813,True,False
1569,101,2.9899999999999993,0.4482962962962963,True,False
1570,29,0.7199999999999998,0.4479444444444445,False,True
1571,85,3.1499999999999995,0.44759259259259265,True,False
1572,149,2.509999999999999,0.4472407407407408,True,False
1573,75,3.249999999999999,0.4468888888888889,True,False
1574,69,3.3099999999999996,0.44653703703703707,True,False
1575,75,3.249999999999999,0.44618518518518513,True,False
1576,12,-0.10999999999999999,0.4458333333333333,False,True
1577,31,0.6999999999999997,0.4454814814814815,False,True
1578,8,-0.07000000000000006,0.44512962962962965,False,True
1579,7,-0.06000000000000005,0.4447777777777778,False,True
1580,61,3.3899999999999997,0.444425925925926,True,False
1581,86,3.1399999999999992,0.4440740740740742,True,False
1582,89,3.1099999999999994,0.44372222222222224,True,False
1583,76,3.2399999999999993,0.4433703703703704,True,False
1584,91,3.089999999999999,0.4430185185185185,True,False
1585,80,3.1999999999999993,0.44266666666666665,True,False
1586,81,0.1999999999999993,0.4423148148148148,False,True
1587,72,3.2799999999999994,0.441962962962963,True,False
1588,85,3.1499999999999995,0.4416111111111112,True,False
1589,70,0.3099999999999994,0.44125925925925924,False,True
1590,96,3.039999999999999,0.4409074074074074,True,False
1591,5,-0.040000000000000036,0.4405555555555556,False,True
1592,13,-0.12,0.44020370370370376,False,True
1593,6,-0.050000000000000044,0.43985185185185194,False,True
1594,9,-0.08000000000000007,0.4395,False,True
1595,80,0.2099999999999993,0.4391481481481482,False,True
1596,9,-0.08000000000000007,0.43879629629629624,False,True
1597,45,0.5599999999999996,0.4384444444444444,False,True
1598,7,-0.06000000000000005,0.4380925925925926,False,True
1599,91,0.0999999999999992,0.43774074074074076,False,True
1600,64,3.3599999999999994,0.43738888888888894,True,False
1601,62,3.3799999999999994,0.4370370370370371,True,False
1602,81,3.1899999999999995,0.4366851851851853,True,False
1603,5,-0.040000000000000036,0.43633333333333335,False,True
1604,27,0.7399999999999998,0.4359814814814815,False,True
1605,5,-0.040000000000000036,0.4356296296296296,False,True
1606,75,0.25999999999999934,0.43527777777777776,False,True
1607,20,0.8099999999999998,0.43492592592592594,False,True
1608,87,3.129999999999999,0.4345740740740741,True,False
1609,79,0.2199999999999993,0.4342222222222223,False,True
1610,84,3.1599999999999993,0.43387037037037035,True,False
1611,74,3.2599999999999993,0.4335185185185185,True,False
1612,73,3.2699999999999996,0.4331666666666667,True,False
1613,9,-0.08000000000000007,0.4328148148148149,False,True
1614,78,3.2199999999999993,0.43246296296296305,True,False
1615,73,3.2699999999999996,0.4321111111111112,True,False
1616,95,3.049999999999999,0.4317592592592593,True,False
1617,99,0.01999999999999913,0.43140740740740735,False,True
1618,30,0.7099999999999997,0.4310555555555555,False,True
1619,30,0.7099999999999997,0.4307037037037037,False,True
1620,70,3.2999999999999994,0.4303518518518519,True,False
1621,34,0.6699999999999997,0.43000000000000005,False,True
1622,90,0.10999999999999921,0.4296481481481482,False,True
1623,36,0.6499999999999997,0.4292962962962964,False,True
1624,75,3.249999999999999,0.42894444444444446,True,False
1625,59,3.4099999999999993,0.42859259259259264,True,False
1626,85,3.1499999999999995,0.4282407407407408,True,False
1627,107,2.929999999999999,0.4278888888888889,True,False
1628,77,3.2299999999999995,0.42753703703703705,True,False
1629,85,3.1499999999999995,0.4271851851851852,True,False
1630,9,-0.08000000000000007,0.4268333333333333,False,True
1631,79,3.209999999999999,0.42648148148148146,True,False
1632,81,3.1899999999999995,0.42612962962962964,True,False
1633,24,0.7699999999999998,0.4257777777777778,False,True
1634,77,3.2299999999999995,0.425425925925926,True,False
1635,26,0.7499999999999998,0.42507407407407416,False,True
1636,7,-0.06000000000000005,0.42472222222222233,False,True
1637,78,3.2199999999999993,0.4243703703703704,True,False
1638,68,3.3199999999999994,0.42401851851851846,True,False
1639,71,3.289999999999999,0.42366666666666664,True,False
1640,7,-0.06000000000000005,0.4233148148148148,False,True
1641,70,3.2999999999999994,0.422962962962963,True,False
1642,87,3.1299999999999994,0.42261111111111116,True,False
1643,69,3.3099999999999996,0.42225925925925933,True,False
1644,89,3.1099999999999994,0.4219074074074074,True,False
1645,76,3.2399999999999993,0.42155555555555557,True,False
1646,74,3.2599999999999993,0.42120370370370375,True,False
1647,68,3.3199999999999994,0.4208518518518519,True,False
1648,78,3.2199999999999993,0.4205,True,False
1649,31,0.6999999999999997,0.42014814814814816,False,True
1650,87,3.129999999999999,0.41979629629629633,True,False
1651,72,3.2799999999999994,0.4194444444444444,True,False
1652,87,3.1299999999999994,0.41909259259259257,True,False
1653,108,2.919999999999999,0.41874074074074075,True,False
1654,10,-0.08999999999999997,0.4183888888888889,False,True
1655,8,-0.07000000000000006,0.4180370370370371,False,True
1656,87,3.129999999999999,0.41768518518518527,True,False
1657,8,-0.07000000000000006,0.41733333333333344,False,True
1658,39,0.6199999999999997,0.4169814814814815,False,True
1659,7,-0.06000000000000005,0.41662962962962957,False,True
1660,111,-0.10000000000000098,0.41627777777777775,False,True
1661,86,3.1399999999999992,0.4159259259259259,True,False
1662,23,0.7799999999999998,0.4155740740740741,False,True
1663,24,0.7699999999999998,0.41522222222222227,False,True
1664,82,3.1799999999999993,0.41487037037037044,True,False
1665,6,-0.050000000000000044,0.4145185185185185,False,True
1666,68,3.3199999999999994,0.4141666666666667,True,False
1667,8,-0.07000000000000006,0.41381481481481486,False,True
1668,59,3.4099999999999993,0.41346296296296303,True,False
1669,77,3.2299999999999995,0.4131111111111112,True,False
1670,75,3.249999999999999,0.41275925925925927,True,False
1671,81,3.1899999999999995,0.41240740740740744,True,False
1672,7,-0.06000000000000005,0.4120555555555555,False,True
1673,60,3.3999999999999995,0.4117037037037037,True,False
1674,46,0.5499999999999996,0.41135185185185186,False,True
1675,73,3.2699999999999996,0.41100000000000003,True,False
1676,23,0.7799999999999998,0.4106481481481482,False,True
1677,87,3.129999999999999,0.4102962962962964,True,False
1678,33,0.6799999999999997,0.40994444444444456,False,True
1679,72,0.28999999999999937,0.4095925925925926,False,True
1680,77,3.2299999999999995,0.4092407407407408,True,False
1681,66,3.3399999999999994,0.40888888888888886,True,False
1682,93,3.0699999999999994,0.40853703703703703,True,False
1683,68,3.3199999999999994,0.4081851851851852,True,False
1684,75,3.249999999999999,0.4078333333333334,True,False
1685,82,3.1799999999999993,0.40748148148148156,True,False
1686,11,-0.09999999999999998,0.4071296296296296,False,True
1687,87,3.129999999999999,0.4067777777777778,True,False
1688,91,3.089999999999999,0.40642592592592597,True,False
1689,5,-0.040000000000000036,0.40607407407407414,False,True
1690,90,3.0999999999999996,0.4057222222222223,True,False
1691,65,3.3499999999999996,0.4053703703703705,True,False
1692,72,3.2799999999999994,0.40501851851851844,True,False
1693,51,3.4899999999999993,0.4046666666666666,True,False
1694,68,3.3199999999999994,0.4043148148148148,True,False
1695,76,3.2399999999999993,0.40396296296296297,True,False
1696,82,3.1799999999999993,0.40361111111111114,True,False
1697,8,-0.07000000000000006,0.4032592592592593,False,True
1698,10,-0.08999999999999997,0.4029074074074075,False,True
1699,69,3.3099999999999996,0.40255555555555556,True,False
1700,8,-0.07000000000000006,0.40220370370370373,False,True
1701,7,-0.06000000000000005,0.4018518518518519,False,True
1702,29,0.7199999999999998,0.4015000000000001,False,True
1703,82,3.1799999999999993,0.40114814814814814,True,False
1704,72,3.2799999999999994,0.4007962962962963,True,False
1705,70,3.2999999999999994,0.4004444444444445,True,False
1706,43,0.5799999999999996,0.40009259259259256,False,True
1707,10,-0.09000000000000008,0.39974074074074073,False,True
1708,68,3.3199999999999994,0.3993888888888889,True,False
1709,58,0.4299999999999995,0.3990370370370371,False,True
1710,70,3.2999999999999994,0.39868518518518525,True,False
1711,97,3.0299999999999994,0.39833333333333343,True,False
1712,73,3.2699999999999996,0.3979814814814816,True,False
1713,28,0.7299999999999998,0.39762962962962967,False,True
1714,14,-0.13000000000000012,0.39727777777777773,False,True
1715,31,0.6999999999999997,0.3969259259259259,False,True
1716,9,-0.08000000000000007,0.3965740740740741,False,True
1717,68,3.3199999999999994,0.39622222222222225,True,False
1718,32,0.69,0.39587037037037043,False,True
1719,68,3.3199999999999994,0.3955185185185186,True,False
1720,76,3.2399999999999993,0.39516666666666667,True,False
1721,110,2.899999999999999,0.39481481481481484,True,False
1722,69,3.3099999999999996,0.394462962962963,True,False
1723,75,0.25999999999999934,0.3941111111111112,False,True
1724,76,3.2399999999999993,0.39375925925925925,True,False
1725,5,-0.040000000000000036,0.39340740740740743,False,True
1726,68,0.3299999999999994,0.3930555555555556,False,True
1727,6,-0.050000000000000044,0.39270370370370367,False,True
1728,69,3.3099999999999996,0.39235185185185184,True,False
1729,79,3.209999999999999,0.392,True,False
1730,10,-0.09000000000000008,0.3916481481481482,False,True
1731,71,3.289999999999999,0.39129629629629636,True,False
1732,67,0.3399999999999994,0.39094444444444454,False,True
1733,68,0.3299999999999994,0.3905925925925927,False,True
1734,64,3.3599999999999994,0.3902407407407408,True,False
1735,71,3.289999999999999,0.38988888888888884,True,False
1736,78,3.2199999999999993,0.389537037037037,True,False
1737,95,3.0499999999999994,0.3891851851851852,True,False
1738,33,0.6799999999999997,0.38883333333333336,False,True
1739,76,3.2399999999999993,0.38848148148148154,True,False
1740,75,3.249999999999999,0.3881296296296297,True,False
1741,61,3.3899999999999997,0.3877777777777778,True,False
1742,10,-0.08999999999999997,0.38742592592592595,False,True
1743,94,3.059999999999999,0.3870740740740741,True,False
1744,84,3.1599999999999993,0.3867222222222223,True,False
1745,18,0.8299999999999998,0.3863703703703705,False,True
1746,78,3.2199999999999993,0.38601851851851854,True,False
1747,37,0.6399999999999997,0.3856666666666667,False,True
1748,65,3.3499999999999996,0.3853148148148148,True,False
1749,33,0.6799999999999997,0.38496296296296295,False,True
1750,69,3.3099999999999996,0.3846111111111111,True,False
1751,65,0.35999999999999965,0.3842592592592593,False,True
1752,40,0.6099999999999999,0.3839074074074075,False,True
1753,23,0.7799999999999998,0.38355555555555565,False,True
1754,87,3.129999999999999,0.3832037037037037,True,False
1755,78,3.2199999999999993,0.3828518518518519,True,False
1756,72,3.2799999999999994,0.38250000000000006,True,False
1757,88,0.12999999999999923,0.3821481481481481,False,True
1758,88,3.119999999999999,0.3817962962962963,True,False
1759,62,0.38999999999999946,0.3814444444444445,False,True
1760,12,-0.10999999999999999,0.38109259259259265,False,True
1761,12,-0.10999999999999999,0.3807407407407407,False,True
1762,26,0.7499999999999998,0.3803888888888889,False,True
1763,70,0.3099999999999994,0.38003703703703706,False,True
1764,66,3.3399999999999994,0.37968518518518524,True,False
1765,98,3.019999999999999,0.3793333333333334,True,False
1766,83,3.169999999999999,0.3789814814814816,True,False
1767,58,3.4199999999999995,0.37862962962962965,True,False
1768,70,3.2999999999999994,0.3782777777777777,True,False
1769,89,3.1099999999999994,0.3779259259259259,True,False
1770,62,3.3799999999999994,0.37757407407407406,True,False
1771,89,3.1099999999999994,0.37722222222222224,True,False
1772,60,0.4099999999999995,0.3768703703703704,False,True
1773,32,0.6899999999999997,0.3765185185185186,False,True
1774,84,3.1599999999999993,0.37616666666666676,True,False
1775,67,3.329999999999999,0.3758148148148148,True,False
1776,23,0.7799999999999998,0.375462962962963,False,True
1777,67,3.329999999999999,0.3751111111111112,True,False
1778,33,0.6799999999999997,0.37475925925925924,False,True
1779,30,0.71,0.3744074074074074,False,True
1780,91,3.089999999999999,0.3740555555555556,True,False
1781,21,0.7999999999999998,0.37370370370370376,False,True
1782,85,3.1499999999999995,0.3733518518518518,True,False
1783,78,3.2199999999999993,0.373,True,False
1784,56,3.4399999999999995,0.3726481481481482,True,False
1785,80,3.1999999999999993,0.37229629629629635,True,False
1786,71,3.289999999999999,0.3719444444444445,True,False
1787,5,-0.040000000000000036,0.3715925925925927,False,True
1788,57,0.4399999999999995,0.37124074074074087,False,True
1789,8,-0.07000000000000006,0.3708888888888888,False,True
1790,55,3.4499999999999993,0.370537037037037,True,False
1791,29,0.7199999999999998,0.3701851851851852,False,True
1792,75,3.2499999999999996,0.36983333333333335,True,False
1793,124,-0.2300000000000011,0.3694814814814815,False,True
1794,6,-0.050000000000000044,0.3691296296296297,False,True
1795,66,3.3399999999999994,0.36877777777777787,True,False
1796,54,3.4599999999999995,0.36842592592592593,True,False
1797,59,3.4099999999999993,0.3680740740740741,True,False
1798,15,-0.14,0.3677222222222223,False,True
1799,59,3.4099999999999993,0.36737037037037046,True,False
1800,74,3.2599999999999993,0.3670185185185185,True,False
1801,78,3.2199999999999993,0.3666666666666667,True,False
1802,83,3.169999999999999,0.36631481481481487,True,False
1803,83,3.1699999999999995,0.36596296296296293,True,False
1804,18,-0.17000000000000015,0.3656111111111111,False,True
1805,66,3.3399999999999994,0.3652592592592593,True,False
1806,96,3.039999999999999,0.36490740740740746,True,False
1807,67,3.329999999999999,0.36455555555555563,True,False
1808,64,3.3599999999999994,0.3642037037037038,True,False
1809,76,3.2399999999999993,0.363851851851852,True,False
1810,67,3.329999999999999,0.36350000000000005,True,False
1811,76,3.2399999999999993,0.3631481481481481,True,False
1812,65,3.3499999999999996,0.3627962962962963,True,False
1813,64,3.3599999999999994,0.36244444444444446,True,False
1814,8,-0.07000000000000006,0.36209259259259263,False,True
1815,61,3.3899999999999997,0.3617407407407408,True,False
1816,65,3.3499999999999996,0.36138888888888887,True,False
1817,55,3.4499999999999993,0.36103703703703705,True,False
1818,63,3.369999999999999,0.3606851851851852,True,False
1819,66,3.3399999999999994,0.3603333333333334,True,False
1820,55,3.4499999999999993,0.35998148148148157,True,False
1821,78,3.2199999999999993,0.35962962962962963,True,False
1822,80,3.1999999999999993,0.3592777777777778,True,False
1823,75,0.25999999999999934,0.35892592592592587,False,True
1824,54,3.4599999999999995,0.35857407407407405,True,False
1825,90,3.099999999999999,0.3582222222222222,True,False
1826,76,3.2399999999999993,0.3578703703703704,True,False
1827,24,0.7699999999999998,0.35751851851851857,False,True
1828,63,3.3699999999999997,0.35716666666666674,True,False
1829,58,3.4199999999999995,0.3568148148148149,True,False
1830,67,3.329999999999999,0.356462962962963,True,False
1831,86,3.1399999999999992,0.35611111111111116,True,False
1832,76,3.2399999999999993,0.3557592592592592,True,False
1833,63,0.37999999999999967,0.3554074074074074,False,True
1834,82,3.1799999999999993,0.35505555555555557,True,False
1835,32,0.69,0.35470370370370374,False,True
1836,58,3.4199999999999995,0.3543518518518519,True,False
1837,35,0.6599999999999997,0.354,False,True
1838,17,-0.16000000000000014,0.35364814814814816,False,True
1839,76,3.2399999999999993,0.35329629629629633,True,False
1840,77,3.2299999999999995,0.3529444444444445,True,False
1841,10,-0.08999999999999997,0.3525925925925927,False,True
1842,57,3.4299999999999997,0.35224074074074085,True,False
1843,72,3.2799999999999994,0.3518888888888889,True,False
1844,52,3.4799999999999995,0.351537037037037,True,False
1845,65,0.35999999999999943,0.35118518518518516,False,True
1846,23,-0.22000000000000008,0.35083333333333333,False,True
1847,63,0.37999999999999945,0.3504814814814815,False,True
1848,22,-0.2100000000000002,0.3501296296296297,False,True
1849,61,3.3899999999999997,0.34977777777777785,True,False
1850,61,3.3899999999999997,0.34942592592592603,True,False
1851,66,3.3399999999999994,0.3490740740740741,True,False
1852,35,0.6599999999999997,0.34872222222222227,False,True
1853,63,3.369999999999999,0.34837037037037044,True,False
1854,63,3.369999999999999,0.3480185185185185,True,False
1855,65,3.3499999999999996,0.3476666666666667,True,False
1856,83,3.169999999999999,0.34731481481481485,True,False
1857,62,3.3799999999999994,0.34696296296296303,True,False
1858,53,3.4699999999999998,0.3466111111111111,True,False
1859,65,3.3499999999999996,0.34625925925925927,True,False
1860,70,3.2999999999999994,0.34590740740740744,True,False
1861,70,3.2999999999999994,0.3455555555555556,True,False
1862,64,3.3599999999999994,0.3452037037037038,True,False
1863,27,0.7399999999999998,0.34485185185185196,False,True
1864,68,3.3199999999999994,0.34450000000000003,True,False
1865,5,-0.040000000000000036,0.3441481481481481,False,True
1866,61,3.3899999999999997,0.34379629629629627,True,False
1867,57,3.4299999999999997,0.34344444444444444,True,False
1868,54,3.4599999999999995,0.3430925925925926,True,False
1869,60,3.3999999999999995,0.3427407407407408,True,False
1870,84,3.1599999999999993,0.34238888888888896,True,False
1871,68,3.3199999999999994,0.34203703703703714,True,False
1872,68,3.3199999999999994,0.3416851851851852,True,False
1873,31,0.6999999999999997,0.3413333333333334,False,True
1874,77,3.2299999999999995,0.34098148148148155,True,False
1875,63,3.369999999999999,0.3406296296296296,True,False
1876,72,3.2799999999999994,0.3402777777777778,True,False
1877,68,0.3299999999999994,0.33992592592592596,False,True
1878,77,3.2299999999999995,0.33957407407407403,True,False
1879,25,0.7599999999999998,0.3392222222222222,False,True
1880,64,3.3599999999999994,0.3388703703703704,True,False
1881,68,3.3199999999999994,0.33851851851851855,True,False
1882,21,0.7999999999999998,0.3381666666666667,False,True
1883,62,3.3799999999999994,0.3378148148148149,True,False
1884,39,0.6199999999999997,0.3374629629629631,False,True
1885,80,3.1999999999999993,0.33711111111111114,True,False
1886,66,3.3399999999999994,0.3367592592592592,True,False
1887,51,3.4899999999999993,0.3364074074074074,True,False
1888,70,3.2999999999999994,0.33605555555555555,True,False
1889,63,3.369999999999999,0.3357037037037037,True,False
1890,31,0.6999999999999997,0.3353518518518519,False,True
1891,24,0.7699999999999998,0.3350000000000001,False,True
1892,69,3.3099999999999996,0.33464814814814814,True,False
1893,75,3.249999999999999,0.3342962962962963,True,False
1894,97,3.0299999999999994,0.3339444444444445,True,False
1895,5,-0.040000000000000036,0.33359259259259266,False,True
1896,72,3.2799999999999994,0.33324074074074084,True,False
1897,57,0.4399999999999995,0.3328888888888889,False,True
1898,54,3.4599999999999995,0.3325370370370371,True,False
1899,64,3.3599999999999994,0.33218518518518514,True,False
1900,63,3.369999999999999,0.3318333333333333,True,False
1901,68,3.3199999999999994,0.3314814814814815,True,False
1902,58,3.4199999999999995,0.33112962962962966,True,False
1903,23,0.7799999999999998,0.33077777777777784,False,True
1904,75,3.249999999999999,0.330425925925926,True,False
1905,7,-0.06000000000000005,0.3300740740740742,False,True
1906,53,3.4699999999999998,0.32972222222222225,True,False
1907,63,3.3699999999999997,0.3293703703703704,True,False
1908,9,-0.08000000000000007,0.3290185185185185,False,True
1909,62,3.38,0.32866666666666666,True,False
1910,62,3.3799999999999994,0.32831481481481484,True,False
1911,71,3.289999999999999,0.327962962962963,True,False
1912,59,3.4099999999999993,0.3276111111111112,True,False
1913,5,-0.040000000000000036,0.32725925925925925,False,True
1914,64,3.3599999999999994,0.3269074074074074,True,False
1915,71,3.289999999999999,0.3265555555555556,True,False
1916,53,3.4699999999999998,0.3262037037037038,True,False
1917,62,3.3799999999999994,0.32585185185185195,True,False
1918,66,3.3399999999999994,0.3255,True,False
1919,84,3.1599999999999993,0.3251481481481482,True,False
1920,69,0.3199999999999994,0.32479629629629625,False,True
1921,5,-0.040000000000000036,0.3244444444444444,False,True
1922,81,3.1899999999999995,0.3240925925925926,True,False
1923,63,3.3699999999999997,0.3237407407407408,True,False
1924,76,0.24999999999999933,0.32338888888888895,False,True
1925,17,-0.16000000000000003,0.3230370370370371,False,True
1926,56,3.4399999999999995,0.3226851851851853,True,False
1927,32,0.6899999999999997,0.32233333333333336,False,True
1928,6,-0.050000000000000044,0.32198148148148154,False,True
1929,66,3.3399999999999994,0.3216296296296296,True,False
1930,78,3.2199999999999993,0.3212777777777778,True,False
1931,61,3.3899999999999997,0.32092592592592595,True,False
1932,72,3.2799999999999994,0.3205740740740741,True,False
1933,60,3.3999999999999995,0.3202222222222223,True,False
1934,23,0.7799999999999998,0.31987037037037036,False,True
1935,8,-0.07000000000000006,0.31951851851851854,False,True
1936,62,3.3799999999999994,0.3191666666666667,True,False
1937,67,3.329999999999999,0.3188148148148149,True,False
1938,60,3.3999999999999995,0.31846296296296306,True,False
1939,64,3.3599999999999994,0.31811111111111123,True,False
1940,76,3.2399999999999993,0.3177592592592592,True,False
1941,72,3.2799999999999994,0.31740740740740736,True,False
1942,72,3.2799999999999994,0.31705555555555553,True,False
1943,32,0.6899999999999997,0.3167037037037037,False,True
1944,69,3.3099999999999996,0.3163518518518519,True,False
1945,68,3.3199999999999994,0.31600000000000006,True,False
1946,29,0.7199999999999998,0.31564814814814823,False,True
1947,5,-0.040000000000000036,0.3152962962962963,False,True
1948,61,3.3899999999999997,0.31494444444444447,True,False
1949,62,3.3799999999999994,0.31459259259259265,True,False
1950,67,3.329999999999999,0.3142407407407408,True,False
1951,33,0.6799999999999997,0.3138888888888889,False,True
1952,84,3.1599999999999993,0.31353703703703706,True,False
1953,66,3.3399999999999994,0.31318518518518523,True,False
1954,62,3.3799999999999994,0.3128333333333333,True,False
1955,68,3.3199999999999994,0.31248148148148147,True,False
1956,60,3.3999999999999995,0.31212962962962965,True,False
1957,8,-0.07000000000000006,0.3117777777777778,False,True
1958,57,3.4299999999999997,0.311425925925926,True,False
1959,69,3.3099999999999996,0.31107407407407417,True,False
1960,49,3.51,0.31072222222222234,True,False
1961,52,3.4799999999999995,0.3103703703703704,True,False
1962,64,3.3599999999999994,0.31001851851851847,True,False
1963,73,3.2699999999999996,0.30966666666666665,True,False
1964,60,3.3999999999999995,0.3093148148148148,True,False
1965,57,3.4299999999999997,0.308962962962963,True,False
1966,6,-0.050000000000000044,0.30861111111111117,False,True
1967,55,3.4499999999999993,0.30825925925925934,True,False
1968,76,3.2399999999999993,0.3079074074074074,True,False
1969,23,0.7799999999999998,0.3075555555555556,False,True
1970,56,3.4399999999999995,0.30720370370370376,True,False
1971,63,3.369999999999999,0.30685185185185193,True,False
1972,62,3.3799999999999994,0.3065,True,False
1973,64,3.3599999999999994,0.30614814814814817,True,False
1974,71,3.289999999999999,0.30579629629629634,True,False
1975,67,3.329999999999999,0.3054444444444444,True,False
1976,37,0.6399999999999997,0.3050925925925926,False,True
1977,83,0.17999999999999927,0.30474074074074076,False,True
1978,60,3.3999999999999995,0.30438888888888893,True,False
1979,56,3.4399999999999995,0.3040370370370371,True,False
1980,5,-0.040000000000000036,0.3036851851851853,False,True
1981,70,3.2999999999999994,0.30333333333333345,True,False
1982,28,0.7299999999999998,0.3029814814814815,False,True
1983,58,3.4199999999999995,0.3026296296296296,True,False
1984,60,3.3999999999999995,0.30227777777777776,True,False
1985,64,3.3599999999999994,0.30192592592592593,True,False
1986,58,3.4199999999999995,0.3015740740740741,True,False
1987,68,3.3199999999999994,0.3012222222222223,True,False
1988,60,3.3999999999999995,0.30087037037037045,True,False
1989,61,3.3899999999999997,0.3005185185185185,True,False
1990,8,-0.07000000000000006,0.3001666666666667,False,True
1991,55,0.4599999999999995,0.29981481481481487,False,True
1992,68,0.3299999999999994,0.29946296296296304,False,True
1993,57,0.4399999999999995,0.2991111111111112,False,True
1994,58,0.4299999999999995,0.2987592592592593,False,True
1995,59,3.4099999999999993,0.29840740740740745,True,False
1996,24,0.7699999999999998,0.2980555555555555,False,True
1997,64,3.3599999999999994,0.2977037037037037,True,False
1998,67,3.329999999999999,0.29735185185185187,True,False
1999,77,3.2299999999999995,0.29700000000000004,True,False
2000,68,3.3199999999999994,0.2966481481481482,True,False
2001,52,3.4799999999999995,0.2962962962962964,True,False
2002,63,3.369999999999999,0.29594444444444445,True,False
2003,62,3.3799999999999994,0.29559259259259263,True,False
2004,58,3.42,0.2952407407407408,True,False
2005,61,0.39999999999999947,0.29488888888888887,False,True
2006,62,3.3799999999999994,0.29453703703703704,True,False
2007,72,3.2799999999999994,0.2941851851851852,True,False
2008,57,3.4299999999999997,0.2938333333333334,True,False
2009,57,0.4399999999999995,0.29348148148148145,False,True
2010,55,3.4499999999999993,0.29312962962962963,True,False
2011,58,3.4199999999999995,0.2927777777777778,True,False
2012,17,0.8399999999999999,0.292425925925926,False,True
2013,51,3.4899999999999993,0.29207407407407415,True,False
2014,84,3.1599999999999993,0.2917222222222223,True,False
2015,61,3.3899999999999997,0.2913703703703704,True,False
2016,65,3.3499999999999996,0.29101851851851845,True,False
2017,64,3.3599999999999994,0.29066666666666663,True,False
2018,52,3.4799999999999995,0.2903148148148148,True,False
2019,68,3.3199999999999994,0.289962962962963,True,False
2020,69,3.3099999999999996,0.28961111111111115,True,False
2021,53,3.4699999999999998,0.2892592592592593,True,False
2022,70,3.2999999999999994,0.2889074074074075,True,False
2023,58,3.4199999999999995,0.28855555555555557,True,False
2024,21,0.7999999999999998,0.28820370370370374,False,True
2025,47,0.5399999999999996,0.2878518518518519,False,True
2026,56,3.4399999999999995,0.2875000000000001,True,False
2027,62,3.3799999999999994,0.28714814814814815,True,False
2028,33,0.6799999999999997,0.2867962962962963,False,True
2029,58,3.4199999999999995,0.2864444444444445,True,False
2030,60,3.3999999999999995,0.28609259259259257,True,False
2031,49,0.5199999999999996,0.28574074074074074,False,True
2032,59,3.4099999999999993,0.2853888888888889,True,False
2033,56,3.4399999999999995,0.2850370370370371,True,False
2034,58,3.4199999999999995,0.28468518518518526,True,False
2035,61,3.3899999999999997,0.28433333333333344,True,False
2036,59,0.4199999999999995,0.2839814814814816,False,True
2037,63,3.369999999999999,0.2836296296296297,True,False
2038,59,3.4099999999999993,0.28327777777777774,True,False
2039,64,3.3599999999999994,0.2829259259259259,True,False
2040,50,3.4999999999999996,0.2825740740740741,True,False
2041,58,3.4199999999999995,0.28222222222222226,True,False
2042,61,3.3899999999999997,0.28187037037037044,True,False
2043,67,3.329999999999999,0.2815185185185186,True,False
2044,54,3.4599999999999995,0.2811666666666667,True,False
2045,23,0.7799999999999998,0.28081481481481485,False,True
2046,59,3.4099999999999993,0.280462962962963,True,False
2047,58,3.4199999999999995,0.2801111111111112,True,False
2048,59,3.4099999999999993,0.27975925925925926,True,False
2049,67,3.329999999999999,0.27940740740740744,True,False
2050,46,3.5399999999999996,0.2790555555555556,True,False
2051,28,0.7299999999999998,0.2787037037037037,False,True
2052,59,3.4099999999999993,0.27835185185185185,True,False
2053,21,0.7999999999999998,0.278,False,True
2054,55,3.4499999999999993,0.2776481481481482,True,False
2055,61,3.3899999999999997,0.2772962962962964,True,False
2056,62,3.3799999999999994,0.27694444444444455,True,False
2057,66,0.3499999999999994,0.2765925925925926,False,True
2058,55,3.4499999999999993,0.2762407407407408,True,False
2059,5,-0.040000000000000036,0.27588888888888885,False,True
2060,54,3.4599999999999995,0.275537037037037,True,False
2061,27,0.7399999999999998,0.2751851851851852,False,True
2062,53,3.4699999999999998,0.2748333333333334,True,False
2063,21,-0.20000000000000018,0.27448148148148155,False,True
2064,71,3.289999999999999,0.2741296296296296,True,False
2065,59,3.4099999999999993,0.2737777777777778,True,False
2066,69,3.3099999999999996,0.27342592592592596,True,False
2067,66,3.3399999999999994,0.27307407407407414,True,False
2068,56,3.4399999999999995,0.2727222222222223,True,False
2069,66,3.3399999999999994,0.2723703703703705,True,False
2070,50,3.4999999999999996,0.27201851851851855,True,False
2071,62,3.3799999999999994,0.2716666666666666,True,False
2072,62,3.3799999999999994,0.2713148148148148,True,False
2073,58,3.4199999999999995,0.27096296296296296,True,False
2074,59,3.4099999999999993,0.27061111111111114,True,False
2075,51,0.49999999999999956,0.2702592592592593,False,True
2076,61,3.3899999999999997,0.2699074074074075,True,False
2077,60,3.3999999999999995,0.26955555555555566,True,False
2078,67,3.329999999999999,0.2692037037037037,True,False
2079,69,3.3099999999999996,0.2688518518518519,True,False
2080,61,3.3899999999999997,0.26850000000000007,True,False
2081,29,0.7199999999999998,0.26814814814814814,False,True
2082,55,3.4499999999999993,0.2677962962962963,True,False
2083,72,3.2799999999999994,0.2674444444444445,True,False
2084,67,3.329999999999999,0.26709259259259266,True,False
2085,58,3.4199999999999995,0.2667407407407407,True,False
2086,56,3.4399999999999995,0.2663888888888889,True,False
2087,60,3.3999999999999995,0.26603703703703707,True,False
2088,62,3.3799999999999994,0.26568518518518525,True,False
2089,63,3.369999999999999,0.2653333333333334,True,False
2090,61,3.3899999999999997,0.2649814814814816,True,False
2091,64,3.3599999999999994,0.26462962962962966,True,False
2092,72,3.2799999999999994,0.2642777777777777,True,False
2093,62,3.3799999999999994,0.2639259259259259,True,False
2094,61,3.3899999999999997,0.26357407407407407,True,False
2095,7,-0.06000000000000005,0.26322222222222225,False,True
2096,58,3.4199999999999995,0.2628703703703704,True,False
2097,8,-0.07000000000000006,0.2625185185185186,False,True
2098,8,-0.07000000000000006,0.26216666666666677,False,True
2099,5,-0.040000000000000036,0.26181481481481483,False,True
2100,68,3.3199999999999994,0.261462962962963,True,False
2101,72,3.2799999999999994,0.2611111111111112,True,False
2102,49,3.51,0.26075925925925925,True,False
2103,54,3.4599999999999995,0.2604074074074074,True,False
2104,44,0.5699999999999996,0.2600555555555556,False,True
2105,5,-0.040000000000000036,0.25970370370370377,False,True
2106,52,3.4799999999999995,0.25935185185185183,True,False
2107,5,-0.040000000000000036,0.259,False,True
2108,60,0.4099999999999995,0.2586481481481482,False,True
2109,56,3.4399999999999995,0.25829629629629636,True,False
2110,57,0.4399999999999995,0.25794444444444453,False,True
2111,57,3.4299999999999997,0.2575925925925927,True,False
2112,56,3.4399999999999995,0.2572407407407409,True,False
2113,65,3.3499999999999996,0.25688888888888883,True,False
2114,60,3.3999999999999995,0.256537037037037,True,False
2115,24,0.7699999999999998,0.2561851851851852,False,True
2116,72,3.2799999999999994,0.25583333333333336,True,False
2117,59,3.4099999999999993,0.25548148148148153,True,False
2118,63,0.37999999999999945,0.2551296296296297,False,True
2119,55,3.4499999999999993,0.25477777777777777,True,False
2120,63,3.369999999999999,0.25442592592592594,True,False
2121,50,3.4999999999999996,0.2540740740740741,True,False
2122,63,3.369999999999999,0.2537222222222223,True,False
2123,76,3.2399999999999993,0.25337037037037047,True,False
2124,5,-0.040000000000000036,0.25301851851851853,False,True
2125,66,3.3399999999999994,0.2526666666666667,True,False
2126,57,3.4299999999999997,0.25231481481481477,True,False
2127,60,3.3999999999999995,0.25196296296296294,True,False
2128,55,0.4599999999999995,0.2516111111111111,False,True
2129,65,3.3499999999999996,0.2512592592592593,True,False
2130,63,0.37999999999999945,0.25090740740740747,False,True
2131,10,-0.09000000000000008,0.25055555555555564,False,True
2132,57,3.4299999999999997,0.2502037037037038,True,False
2133,46,0.5499999999999996,0.24985185185185188,False,True
2134,18,-0.17000000000000015,0.24950000000000006,False,True
2135,5,-0.040000000000000036,0.24914814814814812,False,True
2136,63,3.369999999999999,0.2487962962962963,True,False
2137,51,3.4899999999999993,0.24844444444444447,True,False
2138,48,3.5199999999999996,0.24809259259259264,True,False
2139,57,3.4299999999999997,0.24774074074074082,True,False
2140,53,3.4699999999999998,0.24738888888888888,True,False
2141,54,3.4599999999999995,0.24703703703703705,True,False
2142,70,3.2999999999999994,0.24668518518518523,True,False
2143,62,3.3799999999999994,0.2463333333333334,True,False
2144,63,3.369999999999999,0.24598148148148158,True,False
2145,63,3.369999999999999,0.24562962962962964,True,False
2146,50,3.4999999999999996,0.24527777777777782,True,False
2147,67,3.329999999999999,0.24492592592592588,True,False
2148,64,0.36999999999999944,0.24457407407407405,False,True
2149,60,3.3999999999999995,0.24422222222222223,True,False
2150,55,3.4499999999999993,0.2438703703703704,True,False
2151,20,0.8099999999999998,0.24351851851851858,False,True
2152,50,3.4999999999999996,0.24316666666666675,True,False
2153,58,0.4299999999999995,0.24281481481481493,False,True
2154,55,3.4499999999999993,0.242462962962963,True,False
2155,54,0.46999999999999953,0.24211111111111117,False,True
2156,53,3.4699999999999998,0.24175925925925923,True,False
2157,58,3.4199999999999995,0.2414074074074074,True,False
2158,66,0.3499999999999994,0.24105555555555558,False,True
2159,56,3.4399999999999995,0.24070370370370375,True,False
2160,23,0.7799999999999998,0.24035185185185193,False,True
2161,68,0.3299999999999994,0.24,False,True
2162,6,-0.050000000000000044,0.23964814814814817,False,True
2163,47,3.5299999999999994,0.23929629629629634,True,False
2164,63,3.369999999999999,0.23894444444444451,True,False
2165,59,3.4099999999999993,0.2385925925925927,True,False
2166,66,3.3399999999999994,0.23824074074074086,True,False
2167,59,3.4099999999999993,0.23788888888888893,True,False
2168,73,3.2699999999999996,0.237537037037037,True,False
2169,21,-0.20000000000000018,0.23718518518518517,False,True
2170,64,3.3599999999999994,0.23683333333333334,True,False
2171,57,3.4299999999999997,0.23648148148148151,True,False
2172,54,3.4599999999999995,0.2361296296296297,True,False
2173,61,3.3899999999999997,0.23577777777777786,True,False
2174,54,3.4599999999999995,0.23542592592592604,True,False
2175,49,3.51,0.2350740740740741,True,False
2176,59,3.4099999999999993,0.23472222222222228,True,False
2177,56,3.4399999999999995,0.23437037037037045,True,False
2178,52,3.4799999999999995,0.23401851851851851,True,False
2179,55,3.4499999999999993,0.2336666666666667,True,False
2180,60,3.3999999999999995,0.23331481481481486,True,False
2181,58,3.4199999999999995,0.23296296296296293,True,False
2182,50,3.4999999999999996,0.2326111111111111,True,False
2183,66,3.3399999999999994,0.23225925925925928,True,False
2184,52,3.4799999999999995,0.23190740740740745,True,False
2185,50,3.4999999999999996,0.23155555555555563,True,False
2186,54,3.4599999999999995,0.2312037037037038,True,False
2187,52,3.4799999999999995,0.23085185185185197,True,False
2188,51,3.4899999999999993,0.23050000000000004,True,False
2189,5,-0.040000000000000036,0.2301481481481481,False,True
2190,50,3.4999999999999996,0.22979629629629628,True,False
2191,54,3.4599999999999995,0.22944444444444445,True,False
2192,58,3.4199999999999995,0.22909259259259263,True,False
2193,56,3.4399999999999995,0.2287407407407408,True,False
2194,58,3.4199999999999995,0.22838888888888897,True,False
2195,67,3.329999999999999,0.22803703703703704,True,False
2196,54,3.4599999999999995,0.2276851851851852,True,False
2197,52,3.4799999999999995,0.2273333333333334,True,False
2198,58,3.4199999999999995,0.22698148148148156,True,False
2199,55,3.4499999999999993,0.22662962962962963,True,False
2200,55,3.4499999999999993,0.2262777777777778,True,False
2201,54,3.4599999999999995,0.22592592592592597,True,False
2202,57,3.4299999999999997,0.22557407407407404,True,False
2203,56,3.4399999999999995,0.2252222222222222,True,False
2204,56,0.4499999999999995,0.2248703703703704,False,True
2205,51,3.4899999999999993,0.22451851851851856,True,False
2206,53,3.4699999999999998,0.22416666666666674,True,False
2207,32,0.6899999999999997,0.2238148148148149,False,True
2208,5,-0.040000000000000036,0.22346296296296309,False,True
2209,48,3.5199999999999996,0.22311111111111115,True,False
2210,18,0.8299999999999998,0.2227592592592592,False,True
2211,59,3.4099999999999993,0.2224074074074074,True,False
2212,5,-0.040000000000000036,0.22205555555555556,False,True
2213,52,3.4799999999999995,0.22170370370370374,True,False
2214,46,3.5399999999999996,0.2213518518518519,True,False
2215,73,3.2699999999999996,0.22100000000000009,True,False
2216,52,3.4799999999999995,0.22064814814814815,True,False
2217,52,3.4799999999999995,0.22029629629629632,True,False
2218,56,3.4399999999999995,0.2199444444444445,True,False
2219,50,3.4999999999999996,0.21959259259259267,True,False
2220,59,3.4099999999999993,0.21924074074074085,True,False
2221,50,3.4999999999999996,0.2188888888888889,True,False
2222,59,3.4099999999999997,0.21853703703703709,True,False
2223,53,3.4699999999999998,0.21818518518518515,True,False
2224,60,3.3999999999999995,0.21783333333333332,True,False
2225,64,3.3599999999999994,0.2174814814814815,True,False
2226,57,3.4299999999999997,0.21712962962962967,True,False
2227,54,3.4599999999999995,0.21677777777777785,True,False
2228,54,3.4599999999999995,0.21642592592592602,True,False
2229,57,3.4299999999999997,0.2160740740740742,True,False
2230,55,3.4499999999999993,0.21572222222222226,True,False
2231,59,3.4099999999999993,0.21537037037037043,True,False
2232,59,3.4099999999999993,0.2150185185185185,True,False
2233,46,0.5499999999999996,0.21466666666666667,False,True
2234,75,3.249999999999999,0.21431481481481485,True,False
2235,59,3.4099999999999993,0.21396296296296302,True,False
2236,19,0.8199999999999998,0.2136111111111112,False,True
2237,50,3.4999999999999996,0.21325925925925926,True,False
2238,54,3.4599999999999995,0.21290740740740743,True,False
2239,65,3.3499999999999996,0.2125555555555556,True,False
2240,54,3.4599999999999995,0.21220370370370378,True,False
2241,58,3.4199999999999995,0.21185185185185196,True,False
2242,58,3.4199999999999995,0.21150000000000002,True,False
2243,51,3.4899999999999993,0.21114814814814808,True,False
2244,60,3.3999999999999995,0.21079629629629626,True,False
2245,5,-0.040000000000000036,0.21044444444444443,False,True
2246,56,3.4399999999999995,0.2100925925925926,True,False
2247,59,3.4099999999999993,0.20974074074074078,True,False
2248,56,3.4399999999999995,0.20938888888888896,True,False
2249,53,0.47999999999999954,0.20903703703703713,False,True
2250,62,3.3799999999999994,0.2086851851851852,True,False
2251,60,3.3999999999999995,0.20833333333333337,True,False
2252,63,3.369999999999999,0.20798148148148154,True,False
2253,55,3.4499999999999993,0.2076296296296296,True,False
2254,49,0.5199999999999996,0.20727777777777778,False,True
2255,52,3.4799999999999995,0.20692592592592596,True,False
2256,52,3.4799999999999995,0.20657407407407413,True,False
2257,50,3.4999999999999996,0.2062222222222222,True,False
2258,58,3.4199999999999995,0.20587037037037037,True,False
2259,53,3.4699999999999998,0.20551851851851854,True,False
2260,52,3.4799999999999995,0.20516666666666672,True,False
2261,53,3.4699999999999998,0.2048148148148149,True,False
2262,63,3.369999999999999,0.20446296296296307,True,False
2263,6,-0.050000000000000044,0.20411111111111124,False,True
2264,23,0.7799999999999998,0.2037592592592592,False,True
2265,52,3.4799999999999995,0.20340740740740737,True,False
2266,52,3.4799999999999995,0.20305555555555554,True,False
2267,6,-0.050000000000000044,0.20270370370370372,False,True
2268,57,3.4299999999999997,0.2023518518518519,True,False
2269,49,3.51,0.20200000000000007,True,False
2270,53,3.4699999999999998,0.20164814814814824,True,False
2271,56,3.4399999999999995,0.2012962962962963,True,False
2272,6,-0.050000000000000044,0.20094444444444448,False,True
2273,56,3.4399999999999995,0.20059259259259266,True,False
2274,54,3.4599999999999995,0.20024074074074083,True,False
2275,57,3.4299999999999997,0.1998888888888889,True,False
2276,48,0.5299999999999996,0.19953703703703707,False,True
2277,52,3.4799999999999995,0.19918518518518524,True,False
2278,5,-0.040000000000000036,0.1988333333333333,False,True
2279,48,3.5199999999999996,0.19848148148148148,True,False
2280,45,0.5599999999999996,0.19812962962962966,False,True
2281,57,3.4299999999999997,0.19777777777777783,True,False
2282,5,-0.040000000000000036,0.197425925925926,False,True
2283,47,3.5299999999999994,0.19707407407407418,True,False
2284,5,-0.040000000000000036,0.19672222222222235,False,True
2285,6,-0.050000000000000044,0.19637037037037042,False,True
2286,26,0.7499999999999998,0.19601851851851848,False,True
2287,53,0.47999999999999954,0.19566666666666666,False,True
2288,50,3.4999999999999996,0.19531481481481483,True,False
2289,55,3.4499999999999993,0.194962962962963,True,False
2290,53,3.4699999999999998,0.19461111111111118,True,False
2291,55,3.4499999999999993,0.19425925925925935,True,False
2292,54,3.4599999999999995,0.19390740740740742,True,False
2293,52,0.48999999999999955,0.1935555555555556,False,True
2294,67,3.329999999999999,0.19320370370370377,True,False
2295,54,3.4599999999999995,0.19285185185185194,True,False
2296,19,0.8199999999999998,0.1925,False,True
2297,53,3.4699999999999998,0.19214814814814818,True,False
2298,55,3.4499999999999993,0.19179629629629635,True,False
2299,46,3.5399999999999996,0.19144444444444442,True,False
2300,50,3.4999999999999996,0.1910925925925926,True,False
2301,54,3.4599999999999995,0.19074074074074077,True,False
2302,51,3.4899999999999993,0.19038888888888894,True,False
2303,52,3.4799999999999995,0.19003703703703712,True,False
2304,55,3.4499999999999993,0.1896851851851853,True,False
2305,52,3.4799999999999995,0.18933333333333335,True,False
2306,7,-0.06000000000000005,0.18898148148148153,False,True
2307,53,3.4699999999999998,0.1886296296296296,True,False
2308,48,3.5199999999999996,0.18827777777777777,True,False
2309,5,-0.040000000000000036,0.18792592592592594,False,True
2310,46,3.5399999999999996,0.18757407407407412,True,False
2311,60,0.4099999999999995,0.1872222222222223,False,True
2312,54,3.4599999999999995,0.18687037037037035,True,False
2313,51,3.4899999999999993,0.18651851851851853,True,False
2314,53,3.4699999999999998,0.1861666666666667,True,False
2315,58,3.4199999999999995,0.18581481481481488,True,False
2316,48,3.5199999999999996,0.18546296296296305,True,False
2317,50,3.4999999999999996,0.18511111111111123,True,False
2318,57,3.4299999999999997,0.1847592592592593,True,False
2319,62,0.38999999999999946,0.18440740740740735,False,True
2320,52,3.4799999999999995,0.18405555555555553,True,False
2321,50,3.4999999999999996,0.1837037037037037,True,False
2322,17,0.8399999999999999,0.18335185185185188,False,True
2323,47,3.5299999999999994,0.18300000000000005,True,False
2324,58,3.4199999999999995,0.18264814814814823,True,False
2325,48,3.5199999999999996,0.1822962962962964,True,False
2326,64,0.36999999999999944,0.18194444444444446,False,True
2327,52,3.4799999999999995,0.18159259259259264,True,False
2328,55,3.4499999999999993,0.1812407407407408,True,False
2329,54,3.4599999999999995,0.18088888888888888,True,False
2330,67,3.329999999999999,0.18053703703703705,True,False
2331,45,3.55,0.18018518518518523,True,False
2332,48,3.5199999999999996,0.1798333333333334,True,False
2333,54,3.4599999999999995,0.17948148148148146,True,False
2334,46,3.5399999999999996,0.17912962962962964,True,False
2335,53,3.4699999999999998,0.1787777777777778,True,False
2336,52,3.4799999999999995,0.178425925925926,True,False
2337,5,-0.040000000000000036,0.17807407407407416,False,True
2338,54,3.4599999999999995,0.17772222222222234,True,False
2339,56,3.4399999999999995,0.1773703703703704,True,False
2340,48,3.5199999999999996,0.17701851851851846,True,False
2341,61,3.3899999999999997,0.17666666666666664,True,False
2342,52,3.4799999999999995,0.1763148148148148,True,False
2343,55,3.4499999999999993,0.175962962962963,True,False
2344,53,3.4699999999999998,0.17561111111111116,True,False
2345,52,3.4799999999999995,0.17525925925925934,True,False
2346,55,3.4499999999999993,0.1749074074074075,True,False
2347,21,0.7999999999999998,0.17455555555555557,False,True
2348,47,3.5299999999999994,0.17420370370370375,True,False
2349,61,3.3899999999999997,0.17385185185185192,True,False
2350,49,3.51,0.1735,True,False
2351,51,3.4899999999999993,0.17314814814814816,True,False
2352,56,3.4399999999999995,0.17279629629629634,True,False
2353,51,0.49999999999999956,0.1724444444444445,False,True
2354,57,3.4299999999999997,0.17209259259259257,True,False
2355,19,0.8199999999999998,0.17174074074074075,False,True
2356,6,-0.050000000000000044,0.17138888888888892,False,True
2357,56,3.4399999999999995,0.1710370370370371,True,False
2358,55,3.4499999999999993,0.17068518518518527,True,False
2359,53,3.4699999999999998,0.17033333333333345,True,False
2360,5,-0.040000000000000036,0.16998148148148162,False,True
2361,52,3.4799999999999995,0.16962962962962957,True,False
2362,56,3.4399999999999995,0.16927777777777775,True,False
2363,59,0.4199999999999995,0.16892592592592592,False,True
2364,47,3.5299999999999994,0.1685740740740741,True,False
2365,53,3.4699999999999998,0.16822222222222227,True,False
2366,50,3.4999999999999996,0.16787037037037045,True,False
2367,45,3.55,0.1675185185185185,True,False
2368,52,3.4799999999999995,0.16716666666666669,True,False
2369,49,3.51,0.16681481481481486,True,False
2370,44,3.5599999999999996,0.16646296296296303,True,False
2371,50,3.4999999999999996,0.1661111111111112,True,False
2372,56,3.4399999999999995,0.16575925925925927,True,False
2373,47,3.5299999999999994,0.16540740740740745,True,False
2374,54,3.4599999999999995,0.1650555555555555,True,False
2375,48,3.5199999999999996,0.16470370370370369,True,False
2376,61,3.3899999999999997,0.16435185185185186,True,False
2377,52,3.4799999999999995,0.16400000000000003,True,False
2378,52,3.4799999999999995,0.1636481481481482,True,False
2379,23,0.7799999999999998,0.16329629629629638,False,True
2380,50,3.4999999999999996,0.16294444444444456,True,False
2381,48,3.5199999999999996,0.16259259259259262,True,False
2382,44,3.5599999999999996,0.1622407407407408,True,False
2383,22,0.7899999999999998,0.16188888888888886,False,True
2384,56,3.4399999999999995,0.16153703703703703,True,False
2385,57,3.4299999999999997,0.1611851851851852,True,False
2386,50,3.4999999999999996,0.16083333333333338,True,False
2387,55,3.4499999999999993,0.16048148148148156,True,False
2388,50,3.4999999999999996,0.16012962962962962,True,False
2389,56,3.4399999999999995,0.1597777777777778,True,False
2390,45,3.55,0.15942592592592597,True,False
2391,50,3.4999999999999996,0.15907407407407415,True,False
2392,47,3.5299999999999994,0.15872222222222232,True,False
2393,18,0.8299999999999998,0.1583703703703705,False,True
2394,52,3.4799999999999995,0.15801851851851856,True,False
2395,6,-0.050000000000000044,0.15766666666666662,False,True
2396,51,3.4899999999999993,0.1573148148148148,True,False
2397,5,-0.040000000000000036,0.15696296296296297,False,True
2398,53,3.4699999999999998,0.15661111111111115,True,False
2399,49,3.51,0.15625925925925932,True,False
2400,50,3.4999999999999996,0.1559074074074075,True,False
2401,51,3.4899999999999993,0.15555555555555567,True,False
2402,46,3.5399999999999996,0.15520370370370373,True,False
2403,55,3.4499999999999993,0.1548518518518519,True,False
2404,46,3.5399999999999996,0.15450000000000008,True,False
2405,49,3.51,0.15414814814814815,True,False
2406,60,3.3999999999999995,0.15379629629629632,True,False
2407,19,0.8199999999999998,0.1534444444444445,False,True
2408,52,3.4799999999999995,0.15309259259259267,True,False
2409,8,-0.07000000000000006,0.15274074074074073,False,True
2410,51,3.4899999999999993,0.1523888888888889,True,False
2411,49,3.51,0.15203703703703708,True,False
2412,51,3.4899999999999993,0.15168518518518526,True,False
2413,6,-0.050000000000000044,0.15133333333333343,False,True
2414,48,3.5199999999999996,0.1509814814814816,True,False
2415,53,3.4699999999999998,0.15062962962962967,True,False
2416,51,3.4899999999999993,0.15027777777777773,True,False
2417,47,3.5299999999999994,0.1499259259259259,True,False
2418,46,3.5399999999999996,0.14957407407407408,True,False
2419,55,3.4499999999999993,0.14922222222222226,True,False
2420,58,3.4199999999999995,0.14887037037037043,True,False
2421,50,3.4999999999999996,0.1485185185185186,True,False
2422,57,3.4299999999999997,0.14816666666666678,True,False
2423,53,3.4699999999999998,0.14781481481481484,True,False
2424,60,3.3999999999999995,0.14746296296296302,True,False
2425,54,3.4599999999999995,0.1471111111111112,True,False
2426,54,3.4599999999999995,0.14675925925925926,True,False
2427,45,3.55,0.14640740740740743,True,False
2428,52,3.4799999999999995,0.1460555555555556,True,False
2429,50,3.4999999999999996,0.14570370370370367,True,False
2430,51,3.4899999999999993,0.14535185185185184,True,False
2431,52,3.4799999999999995,0.14500000000000002,True,False
2432,53,3.4699999999999998,0.1446481481481482,True,False
2433,52,3.4799999999999995,0.14429629629629637,True,False
2434,51,3.4899999999999993,0.14394444444444454,True,False
2435,47,3.5299999999999994,0.14359259259259272,True,False
2436,48,3.5199999999999996,0.14324074074074078,True,False
2437,52,3.4799999999999995,0.14288888888888884,True,False
2438,48,3.5199999999999996,0.14253703703703702,True,False
2439,53,3.4699999999999998,0.1421851851851852,True,False
2440,60,3.3999999999999995,0.14183333333333337,True,False
2441,55,3.4499999999999993,0.14148148148148154,True,False
2442,54,3.4599999999999995,0.14112962962962972,True,False
2443,46,3.5399999999999996,0.14077777777777778,True,False
2444,58,3.4199999999999995,0.14042592592592595,True,False
2445,51,3.4899999999999993,0.14007407407407413,True,False
2446,51,3.4899999999999993,0.1397222222222223,True,False
2447,55,3.4499999999999993,0.13937037037037048,True,False
2448,44,3.5599999999999996,0.13901851851851854,True,False
2449,48,3.5199999999999996,0.13866666666666672,True,False
2450,57,3.4299999999999997,0.13831481481481478,True,False
2451,51,3.4899999999999993,0.13796296296296295,True,False
2452,50,3.4999999999999996,0.13761111111111113,True,False
2453,54,3.4599999999999995,0.1372592592592593,True,False
2454,50,0.5099999999999996,0.13690740740740748,False,True
2455,53,3.4699999999999998,0.13655555555555565,True,False
2456,50,3.4999999999999996,0.13620370370370383,True,False
2457,5,-0.040000000000000036,0.1358518518518519,False,True
2458,50,3.4999999999999996,0.13550000000000006,True,False
2459,48,3.5199999999999996,0.13514814814814813,True,False
2460,46,0.5499999999999996,0.1347962962962963,False,True
2461,49,3.51,0.13444444444444448,True,False
2462,5,-0.040000000000000036,0.13409259259259265,False,True
2463,49,3.51,0.13374074074074083,True,False
2464,57,3.4299999999999997,0.1333888888888889,True,False
2465,50,3.4999999999999996,0.13303703703703706,True,False
2466,45,3.55,0.13268518518518524,True,False
2467,20,0.8099999999999998,0.1323333333333334,False,True
2468,50,3.4999999999999996,0.1319814814814816,True,False
2469,47,0.5399999999999996,0.13162962962962965,False,True
2470,48,3.5199999999999996,0.13127777777777783,True,False
2471,49,3.51,0.1309259259259259,True,False
2472,47,3.5299999999999994,0.13057407407407406,True,False
2473,46,3.5399999999999996,0.13022222222222224,True,False
2474,47,3.5299999999999994,0.1298703703703704,True,False
2475,47,3.5299999999999994,0.1295185185185186,True,False
2476,7,-0.06000000000000005,0.12916666666666676,False,True
2477,50,3.4999999999999996,0.12881481481481494,True,False
2478,44,3.5599999999999996,0.128462962962963,True,False
2479,46,3.5399999999999996,0.12811111111111118,True,False
2480,52,3.4799999999999995,0.12775925925925924,True,False
2481,52,3.4799999999999995,0.1274074074074074,True,False
2482,54,3.4599999999999995,0.1270555555555556,True,False
2483,46,3.5399999999999996,0.12670370370370376,True,False
2484,21,0.7999999999999998,0.12635185185185194,False,True
2485,54,3.4599999999999995,0.126,True,False
2486,53,0.47999999999999954,0.12564814814814818,False,True
2487,55,3.4499999999999993,0.12529629629629635,True,False
2488,55,3.4499999999999993,0.12494444444444452,True,False
2489,48,3.5199999999999996,0.1245925925925927,True,False
2490,45,3.55,0.12424074074074087,True,False
2491,45,3.55,0.12388888888888883,True,False
2492,54,3.4599999999999995,0.123537037037037,True,False
2493,50,3.4999999999999996,0.12318518518518518,True,False
2494,48,3.5199999999999996,0.12283333333333335,True,False
2495,48,3.5199999999999996,0.12248148148148152,True,False
2496,54,3.4599999999999995,0.1221296296296297,True,False
2497,48,3.5199999999999996,0.12177777777777787,True,False
2498,53,3.4699999999999998,0.12142592592592594,True,False
2499,50,3.4999999999999996,0.12107407407407411,True,False
2500,53,3.4699999999999998,0.12072222222222229,True,False
2501,46,3.5399999999999996,0.12037037037037046,True,False
2502,50,3.4999999999999996,0.12001851851851852,True,False
2503,49,3.51,0.1196666666666667,True,False
2504,48,3.5199999999999996,0.11931481481481487,True,False
2505,46,3.5399999999999996,0.11896296296296294,True,False
2506,47,3.5299999999999994,0.11861111111111111,True,False
2507,50,3.4999999999999996,0.11825925925925929,True,False
2508,53,3.4699999999999998,0.11790740740740746,True,False
2509,49,3.51,0.11755555555555564,True,False
2510,49,0.5199999999999996,0.11720370370370381,False,True
2511,51,3.4899999999999993,0.11685185185185198,True,False
2512,44,3.5599999999999996,0.11650000000000005,True,False
2513,44,3.5599999999999996,0.11614814814814811,True,False
2514,45,3.55,0.11579629629629629,True,False
2515,47,3.5299999999999994,0.11544444444444446,True,False
2516,53,3.4699999999999998,0.11509259259259264,True,False
2517,51,3.4899999999999993,0.11474074074074081,True,False
2518,55,3.4499999999999993,0.11438888888888898,True,False
2519,50,3.4999999999999996,0.11403703703703705,True,False
2520,53,3.4699999999999998,0.11368518518518522,True,False
2521,51,3.4899999999999993,0.1133333333333334,True,False
2522,45,3.55,0.11298148148148157,True,False
2523,48,3.5199999999999996,0.11262962962962964,True,False
2524,46,3.5399999999999996,0.11227777777777781,True,False
2525,53,3.4699999999999998,0.11192592592592598,True,False
2526,48,3.5199999999999996,0.11157407407407405,True,False
2527,47,3.5299999999999994,0.11122222222222222,True,False
2528,50,3.4999999999999996,0.1108703703703704,True,False
2529,43,0.5799999999999996,0.11051851851851857,False,True
2530,44,3.5599999999999996,0.11016666666666675,True,False
2531,46,0.5499999999999996,0.10981481481481492,False,True
2532,44,3.5599999999999996,0.1094629629629631,True,False
2533,43,3.5699999999999994,0.10911111111111116,True,False
2534,51,3.4899999999999993,0.10875925925925922,True,False
2535,53,3.4699999999999998,0.1084074074074074,True,False
2536,19,0.8199999999999998,0.10805555555555557,False,True
2537,49,3.51,0.10770370370370375,True,False
2538,46,3.5399999999999996,0.10735185185185192,True,False
2539,51,3.4899999999999993,0.1070000000000001,True,False
2540,51,3.4899999999999993,0.10664814814814816,True,False
2541,51,3.4899999999999993,0.10629629629629633,True,False
2542,53,3.4699999999999998,0.10594444444444451,True,False
2543,48,3.5199999999999996,0.10559259259259268,True,False
2544,45,3.55,0.10524074074074086,True,False
2545,48,0.5299999999999996,0.10488888888888892,False,True
2546,53,3.4699999999999998,0.1045370370370371,True,False
2547,53,3.4699999999999998,0.10418518518518516,True,False
2548,46,3.5399999999999996,0.10383333333333333,True,False
2549,51,3.4899999999999993,0.10348148148148151,True,False
2550,49,3.51,0.10312962962962968,True,False
2551,47,3.5299999999999994,0.10277777777777786,True,False
2552,7,-0.06000000000000005,0.10242592592592603,False,True
2553,46,3.5399999999999996,0.1020740740740741,True,False
2554,48,3.5199999999999996,0.10172222222222227,True,False
2555,17,0.8399999999999999,0.10137037037037044,False,True
2556,50,3.4999999999999996,0.10101851851851851,True,False
2557,46,3.5399999999999996,0.10066666666666668,True,False
2558,51,3.4899999999999993,0.10031481481481486,True,False
2559,43,3.5699999999999994,0.09996296296296303,True,False
2560,46,3.5399999999999996,0.0996111111111111,True,False
2561,45,3.55,0.09925925925925927,True,False
2562,18,0.8299999999999998,0.09890740740740744,False,True
2563,45,3.55,0.09855555555555562,True,False
2564,48,3.5199999999999996,0.09820370370370379,True,False
2565,58,3.4199999999999995,0.09785185185185197,True,False
2566,48,3.5199999999999996,0.09750000000000003,True,False
2567,44,3.5599999999999996,0.0971481481481481,True,False
2568,46,3.5399999999999996,0.09679629629629627,True,False
2569,48,3.5199999999999996,0.09644444444444444,True,False
2570,45,3.55,0.09609259259259262,True,False
2571,51,3.4899999999999993,0.09574074074074079,True,False
2572,20,0.8099999999999998,0.09538888888888897,False,True
2573,45,0.5599999999999996,0.09503703703703714,False,True
2574,43,3.5699999999999994,0.0946851851851852,True,False
2575,6,-0.050000000000000044,0.09433333333333338,False,True
2576,53,3.4699999999999998,0.09398148148148155,True,False
2577,52,3.4799999999999995,0.09362962962962962,True,False
2578,17,0.8399999999999999,0.09327777777777779,False,True
2579,44,3.5599999999999996,0.09292592592592597,True,False
2580,46,3.5399999999999996,0.09257407407407414,True,False
2581,51,3.4899999999999993,0.0922222222222222,True,False
2582,49,3.51,0.09187037037037038,True,False
2583,51,3.4899999999999993,0.09151851851851855,True,False
2584,45,3.55,0.09116666666666673,True,False
2585,52,3.4799999999999995,0.0908148148148149,True,False
2586,48,3.5199999999999996,0.09046296296296308,True,False
2587,46,3.5399999999999996,0.09011111111111125,True,False
2588,44,3.5599999999999996,0.0897592592592592,True,False
2589,46,3.5399999999999996,0.08940740740740738,True,False
2590,45,3.55,0.08905555555555555,True,False
2591,50,3.4999999999999996,0.08870370370370373,True,False
2592,43,3.5699999999999994,0.0883518518518519,True,False
2593,45,3.55,0.08800000000000008,True,False
2594,50,3.4999999999999996,0.08764814814814825,True,False
2595,44,3.5599999999999996,0.08729629629629632,True,False
2596,43,3.5699999999999994,0.08694444444444449,True,False
2597,53,3.4699999999999998,0.08659259259259267,True,False
2598,47,3.5299999999999994,0.08624074074074084,True,False
2599,17,0.8399999999999999,0.0858888888888889,False,True
2600,44,3.5599999999999996,0.08553703703703708,True,False
2601,49,3.51,0.08518518518518525,True,False
2602,55,3.4499999999999993,0.08483333333333332,True,False
2603,44,3.5599999999999996,0.08448148148148149,True,False
2604,52,3.4799999999999995,0.08412962962962967,True,False
2605,44,3.5599999999999996,0.08377777777777784,True,False
2606,46,3.5399999999999996,0.08342592592592601,True,False
2607,49,3.51,0.08307407407407419,True,False
2608,45,3.55,0.08272222222222236,True,False
2609,19,0.8199999999999998,0.08237037037037043,False,True
2610,46,3.5399999999999996,0.08201851851851849,True,False
2611,48,3.5199999999999996,0.08166666666666667,True,False
2612,47,3.5299999999999994,0.08131481481481484,True,False
2613,51,3.4899999999999993,0.08096296296296301,True,False
2614,46,3.5399999999999996,0.08061111111111119,True,False
2615,49,3.51,0.08025925925925925,True,False
2616,47,3.5299999999999994,0.07990740740740743,True,False
2617,53,3.4699999999999998,0.0795555555555556,True,False
2618,47,3.5299999999999994,0.07920370370370378,True,False
2619,45,3.55,0.07885185185185195,True,False
2620,5,-0.040000000000000036,0.07850000000000001,False,True
2621,45,3.55,0.07814814814814819,True,False
2622,47,3.5299999999999994,0.07779629629629625,True,False
2623,8,-0.07000000000000006,0.07744444444444443,False,True
2624,44,3.5599999999999996,0.0770925925925926,True,False
2625,44,0.5699999999999996,0.07674074074074078,False,True
2626,46,3.5399999999999996,0.07638888888888895,True,False
2627,45,3.55,0.07603703703703713,True,False
2628,53,3.4699999999999998,0.0756851851851853,True,False
2629,43,3.5699999999999994,0.07533333333333336,True,False
2630,46,3.5399999999999996,0.07498148148148154,True,False
2631,44,3.5599999999999996,0.0746296296296296,True,False
2632,46,3.5399999999999996,0.07427777777777778,True,False
2633,45,3.55,0.07392592592592595,True,False
2634,51,3.4899999999999993,0.07357407407407413,True,False
2635,44,3.5599999999999996,0.0732222222222223,True,False
2636,5,-0.040000000000000036,0.07287037037037036,False,True
2637,45,3.55,0.07251851851851854,True,False
2638,46,3.5399999999999996,0.07216666666666671,True,False
2639,43,3.5699999999999994,0.07181481481481489,True,False
2640,51,3.4899999999999993,0.07146296296296306,True,False
2641,43,3.5699999999999994,0.07111111111111124,True,False
2642,44,3.5599999999999996,0.0707592592592593,True,False
2643,48,3.5199999999999996,0.07040740740740736,True,False
2644,47,3.5299999999999994,0.07005555555555554,True,False
2645,43,3.5699999999999994,0.06970370370370371,True,False
2646,45,3.55,0.06935185185185189,True,False
2647,45,3.55,0.06900000000000006,True,False
2648,44,3.5599999999999996,0.06864814814814824,True,False
2649,47,3.5299999999999994,0.06829629629629641,True,False
2650,47,3.5299999999999994,0.06794444444444447,True,False
2651,43,3.5699999999999994,0.06759259259259265,True,False
2652,53,3.4699999999999998,0.06724074074074082,True,False
2653,44,3.5599999999999996,0.06688888888888889,True,False
2654,43,3.5699999999999994,0.06653703703703706,True,False
2655,43,3.5699999999999994,0.06618518518518524,True,False
2656,43,3.5699999999999994,0.06583333333333341,True,False
2657,49,3.51,0.06548148148148147,True,False
2658,55,3.4499999999999993,0.06512962962962965,True,False
2659,47,3.5299999999999994,0.06477777777777782,True,False
2660,45,3.55,0.064425925925926,True,False
2661,43,3.5699999999999994,0.06407407407407417,True,False
2662,47,3.5299999999999994,0.06372222222222235,True,False
2663,48,3.5199999999999996,0.06337037037037041,True,False
2664,44,3.5599999999999996,0.06301851851851847,True,False
2665,52,3.4799999999999995,0.06266666666666665,True,False
2666,44,3.5599999999999996,0.06231481481481482,True,False
2667,44,3.5599999999999996,0.061962962962963,True,False
2668,48,3.5199999999999996,0.06161111111111117,True,False
2669,46,3.5399999999999996,0.06125925925925935,True,False
2670,18,0.8299999999999998,0.06090740740740752,False,True
2671,45,3.55,0.060555555555555585,True,False
2672,43,3.5699999999999994,0.06020370370370376,True,False
2673,44,3.5599999999999996,0.059851851851851934,True,False
2674,53,3.4699999999999998,0.0595,True,False
2675,42,0.5899999999999996,0.05914814814814817,False,True
2676,48,3.5199999999999996,0.058796296296296346,True,False
2677,43,3.5699999999999994,0.05844444444444441,True,False
2678,43,3.5699999999999994,0.058092592592592585,True,False
2679,49,3.51,0.05774074074074076,True,False
2680,44,3.5599999999999996,0.057388888888888934,True,False
2681,43,3.5699999999999994,0.05703703703703711,True,False
2682,43,3.5699999999999994,0.05668518518518528,True,False
2683,47,3.5299999999999994,0.05633333333333346,True,False
2684,19,0.8199999999999998,0.05598148148148152,False,True
2685,44,3.5599999999999996,0.055629629629629584,True,False
2686,45,3.55,0.05527777777777776,True,False
2687,48,3.5199999999999996,0.054925925925925934,True,False
2688,44,3.5599999999999996,0.05457407407407411,True,False
2689,47,3.5299999999999994,0.05422222222222228,True,False
2690,17,0.8399999999999999,0.05387037037037046,False,True
2691,43,3.5699999999999994,0.05351851851851852,True,False
2692,45,3.55,0.053166666666666695,True,False
2693,45,3.55,0.05281481481481487,True,False
2694,43,3.5699999999999994,0.052462962962963045,True,False
2695,47,3.5299999999999994,0.05211111111111122,True,False
2696,45,3.55,0.05175925925925928,True,False
2697,47,3.5299999999999994,0.05140740740740746,True,False
2698,19,0.8199999999999998,0.05105555555555552,False,True
2699,43,3.5699999999999994,0.050703703703703695,True,False
2700,43,3.5699999999999994,0.05035185185185187,True,False
2701,43,3.5699999999999994,0.050000000000000044,True,False
2702,45,3.55,0.050000000000000044,True,False
2703,44,3.5599999999999996,0.050000000000000044,True,False
2704,43,3.5699999999999994,0.050000000000000044,True,False
2705,43,3.5699999999999994,0.050000000000000044,True,False
2706,44,3.5599999999999996,0.050000000000000044,True,False
2707,43,3.5699999999999994,0.050000000000000044,True,False
2708,47,3.5299999999999994,0.050000000000000044,True,False
2709,44,3.5599999999999996,0.050000000000000044,True,False
2710,48,3.5199999999999996,0.050000000000000044,True,False
2711,45,3.55,0.050000000000000044,True,False
2712,47,3.5299999999999994,0.050000000000000044,True,False
2713,44,3.5599999999999996,0.050000000000000044,True,False
2714,45,3.55,0.050000000000000044,True,False
2715,48,3.5199999999999996,0.050000000000000044,True,False
2716,46,3.5399999999999996,0.050000000000000044,True,False
2717,44,3.5599999999999996,0.050000000000000044,True,False
2718,46,3.5399999999999996,0.050000000000000044,True,False
2719,44,3.5599999999999996,0.050000000000000044,True,False
2720,45,3.55,0.050000000000000044,True,False
2721,43,3.5699999999999994,0.050000000000000044,True,False
2722,47,3.5299999999999994,0.050000000000000044,True,False
2723,43,3.5699999999999994,0.050000000000000044,True,False
2724,46,3.5399999999999996,0.050000000000000044,True,False
2725,46,3.5399999999999996,0.050000000000000044,True,False
2726,45,3.55,0.050000000000000044,True,False
2727,43,3.5699999999999994,0.050000000000000044,True,False
2728,43,3.5699999999999994,0.050000000000000044,True,False
2729,43,3.5699999999999994,0.050000000000000044,True,False
2730,45,3.55,0.050000000000000044,True,False
2731,48,3.5199999999999996,0.050000000000000044,True,False
2732,44,3.5599999999999996,0.050000000000000044,True,False
2733,48,3.5199999999999996,0.050000000000000044,True,False
2734,43,3.5699999999999994,0.050000000000000044,True,False
2735,45,3.55,0.050000000000000044,True,False
2736,49,3.51,0.050000000000000044,True,False
2737,43,3.5699999999999994,0.050000000000000044,True,False
2738,47,3.5299999999999994,0.050000000000000044,True,False
2739,43,3.5699999999999994,0.050000000000000044,True,False
2740,45,3.55,0.050000000000000044,True,False
2741,46,3.5399999999999996,0.050000000000000044,True,False
2742,45,3.55,0.050000000000000044,True,False
2743,49,3.51,0.050000000000000044,True,False
2744,43,3.5699999999999994,0.050000000000000044,True,False
2745,5,-0.040000000000000036,0.050000000000000044,False,True
2746,44,3.5599999999999996,0.050000000000000044,True,False
2747,51,3.4899999999999993,0.050000000000000044,True,False
2748,44,3.5599999999999996,0.050000000000000044,True,False
2749,43,3.5699999999999994,0.050000000000000044,True,False
2750,45,3.55,0.050000000000000044,True,False
2751,45,3.55,0.050000000000000044,True,False
2752,46,3.5399999999999996,0.050000000000000044,True,False
2753,47,3.5299999999999994,0.050000000000000044,True,False
2754,44,3.5599999999999996,0.050000000000000044,True,False
2755,46,3.5399999999999996,0.050000000000000044,True,False
2756,50,3.4999999999999996,0.050000000000000044,True,False
2757,43,3.5699999999999994,0.050000000000000044,True,False
2758,47,3.5299999999999994,0.050000000000000044,True,False
2759,47,3.5299999999999994,0.050000000000000044,True,False
2760,50,3.4999999999999996,0.050000000000000044,True,False
2761,45,3.55,0.050000000000000044,True,False
2762,43,3.5699999999999994,0.050000000000000044,True,False
2763,46,3.5399999999999996,0.050000000000000044,True,False
2764,47,3.5299999999999994,0.050000000000000044,True,False
2765,47,3.5299999999999994,0.050000000000000044,True,False
2766,48,3.5199999999999996,0.050000000000000044,True,False
2767,47,3.5299999999999994,0.050000000000000044,True,False
2768,43,3.5699999999999994,0.050000000000000044,True,False
2769,48,3.5199999999999996,0.050000000000000044,True,False
2770,43,0.5799999999999996,0.050000000000000044,False,True
2771,17,0.8399999999999999,0.050000000000000044,False,True
2772,45,3.55,0.050000000000000044,True,False
2773,43,3.5699999999999994,0.050000000000000044,True,False
2774,50,3.4999999999999996,0.050000000000000044,True,False
2775,43,3.5699999999999994,0.050000000000000044,True,False
2776,52,3.4799999999999995,0.050000000000000044,True,False
2777,43,3.5699999999999994,0.050000000000000044,True,False
2778,47,3.5299999999999994,0.050000000000000044,True,False
2779,5,-0.040000000000000036,0.050000000000000044,False,True
2780,46,3.5399999999999996,0.050000000000000044,True,False
2781,44,3.5599999999999996,0.050000000000000044,True,False
2782,5,-0.040000000000000036,0.050000000000000044,False,True
2783,43,3.5699999999999994,0.050000000000000044,True,False
2784,46,3.5399999999999996,0.050000000000000044,True,False
2785,45,3.55,0.050000000000000044,True,False
2786,43,3.5699999999999994,0.050000000000000044,True,False
2787,45,3.55,0.050000000000000044,True,False
2788,44,3.5599999999999996,0.050000000000000044,True,False
2789,5,-0.040000000000000036,0.050000000000000044,False,True
2790,47,3.5299999999999994,0.050000000000000044,True,False
2791,45,3.55,0.050000000000000044,True,False
2792,44,3.5599999999999996,0.050000000000000044,True,False
2793,43,3.5699999999999994,0.050000000000000044,True,False
2794,44,3.5599999999999996,0.050000000000000044,True,False
2795,48,3.5199999999999996,0.050000000000000044,True,False
2796,46,3.5399999999999996,0.050000000000000044,True,False
2797,44,3.5599999999999996,0.050000000000000044,True,False
2798,47,3.5299999999999994,0.050000000000000044,True,False
2799,46,3.5399999999999996,0.050000000000000044,True,False
2800,45,3.55,0.050000000000000044,True,False
2801,17,0.8399999999999999,0.050000000000000044,False,True
2802,44,3.5599999999999996,0.050000000000000044,True,False
2803,44,3.5599999999999996,0.050000000000000044,True,False
2804,48,3.5199999999999996,0.050000000000000044,True,False
2805,44,3.5599999999999996,0.050000000000000044,True,False
2806,47,3.5299999999999994,0.050000000000000044,True,False
2807,43,3.5699999999999994,0.050000000000000044,True,False
2808,43,3.5699999999999994,0.050000000000000044,True,False
2809,45,3.55,0.050000000000000044,True,False
2810,43,3.5699999999999994,0.050000000000000044,True,False
2811,43,3.5699999999999994,0.050000000000000044,True,False
2812,47,3.5299999999999994,0.050000000000000044,True,False
2813,45,3.55,0.050000000000000044,True,False
2814,45,3.55,0.050000000000000044,True,False
2815,44,3.5599999999999996,0.050000000000000044,True,False
2816,45,3.55,0.050000000000000044,True,False
2817,43,3.5699999999999994,0.050000000000000044,True,False
2818,43,3.5699999999999994,0.050000000000000044,True,False
2819,44,3.5599999999999996,0.050000000000000044,True,False
2820,43,3.5699999999999994,0.050000000000000044,True,False
2821,43,3.5699999999999994,0.050000000000000044,True,False
2822,45,3.55,0.050000000000000044,True,False
2823,43,3.5699999999999994,0.050000000000000044,True,False
2824,43,3.5699999999999994,0.050000000000000044,True,False
2825,44,3.5599999999999996,0.050000000000000044,True,False
2826,43,3.5699999999999994,0.050000000000000044,True,False
2827,45,3.55,0.050000000000000044,True,False
2828,43,3.5699999999999994,0.050000000000000044,True,False
2829,46,3.5399999999999996,0.050000000000000044,True,False
2830,44,3.5599999999999996,0.050000000000000044,True,False
2831,46,3.5399999999999996,0.050000000000000044,True,False
2832,45,3.55,0.050000000000000044,True,False
2833,48,3.5199999999999996,0.050000000000000044,True,False
2834,46,3.5399999999999996,0.050000000000000044,True,False
2835,49,3.51,0.050000000000000044,True,False
2836,44,3.5599999999999996,0.050000000000000044,True,False
2837,44,3.5599999999999996,0.050000000000000044,True,False
2838,43,3.5699999999999994,0.050000000000000044,True,False
2839,49,3.51,0.050000000000000044,True,False
2840,46,3.5399999999999996,0.050000000000000044,True,False
2841,46,3.5399999999999996,0.050000000000000044,True,False
2842,17,0.8399999999999999,0.050000000000000044,False,True
2843,43,3.5699999999999994,0.050000000000000044,True,False
2844,45,3.55,0.050000000000000044,True,False
2845,50,3.4999999999999996,0.050000000000000044,True,False
2846,45,3.55,0.050000000000000044,True,False
2847,47,3.5299999999999994,0.050000000000000044,True,False
2848,44,3.5599999999999996,0.050000000000000044,True,False
2849,47,3.5299999999999994,0.050000000000000044,True,False
2850,50,3.4999999999999996,0.050000000000000044,True,False
2851,46,3.5399999999999996,0.050000000000000044,True,False
2852,46,3.5399999999999996,0.050000000000000044,True,False
2853,44,3.5599999999999996,0.050000000000000044,True,False
2854,44,3.5599999999999996,0.050000000000000044,True,False
2855,43,3.5699999999999994,0.050000000000000044,True,False
2856,44,3.5599999999999996,0.050000000000000044,True,False
2857,46,3.5399999999999996,0.050000000000000044,True,False
2858,43,3.5699999999999994,0.050000000000000044,True,False
2859,43,3.5699999999999994,0.050000000000000044,True,False
2860,45,3.55,0.050000000000000044,True,False
2861,45,3.55,0.050000000000000044,True,False
2862,47,3.5299999999999994,0.050000000000000044,True,False
2863,47,3.5299999999999994,0.050000000000000044,True,False
2864,43,3.5699999999999994,0.050000000000000044,True,False
2865,45,3.55,0.050000000000000044,True,False
2866,45,3.55,0.050000000000000044,True,False
2867,45,3.55,0.050000000000000044,True,False
2868,44,3.5599999999999996,0.050000000000000044,True,False
2869,44,3.5599999999999996,0.050000000000000044,True,False
2870,46,3.5399999999999996,0.050000000000000044,True,False
2871,43,3.5699999999999994,0.050000000000000044,True,False
2872,45,3.55,0.050000000000000044,True,False
2873,47,3.5299999999999994,0.050000000000000044,True,False
2874,46,3.5399999999999996,0.050000000000000044,True,False
2875,44,3.5599999999999996,0.050000000000000044,True,False
2876,45,3.55,0.050000000000000044,True,False
2877,47,3.5299999999999994,0.050000000000000044,True,False
2878,45,3.55,0.050000000000000044,True,False
2879,45,3.55,0.050000000000000044,True,False
2880,43,3.5699999999999994,0.050000000000000044,True,False
2881,47,3.5299999999999994,0.050000000000000044,True,False
2882,43,3.5699999999999994,0.050000000000000044,True,False
2883,45,3.55,0.050000000000000044,True,False
2884,50,3.4999999999999996,0.050000000000000044,True,False
2885,44,3.5599999999999996,0.050000000000000044,True,False
2886,43,3.5699999999999994,0.050000000000000044,True,False
2887,43,3.5699999999999994,0.050000000000000044,True,False
2888,45,3.55,0.050000000000000044,True,False
2889,45,3.55,0.050000000000000044,True,False
2890,46,3.5399999999999996,0.050000000000000044,True,False
2891,44,3.5599999999999996,0.050000000000000044,True,False
2892,44,3.5599999999999996,0.050000000000000044,True,False
2893,43,3.5699999999999994,0.050000000000000044,True,False
2894,45,0.5599999999999996,0.050000000000000044,False,True
2895,46,3.5399999999999996,0.050000000000000044,True,False
2896,43,3.5699999999999994,0.050000000000000044,True,False
2897,44,3.5599999999999996,0.050000000000000044,True,False
2898,49,3.51,0.050000000000000044,True,False
2899,43,3.5699999999999994,0.050000000000000044,True,False
2900,48,3.5199999999999996,0.050000000000000044,True,False
2901,45,3.55,0.050000000000000044,True,False
2902,46,3.5399999999999996,0.050000000000000044,True,False
2903,49,3.51,0.050000000000000044,True,False
2904,45,3.55,0.050000000000000044,True,False
2905,46,3.5399999999999996,0.050000000000000044,True,False
2906,43,3.5699999999999994,0.050000000000000044,True,False
2907,48,3.5199999999999996,0.050000000000000044,True,False
2908,48,3.5199999999999996,0.050000000000000044,True,False
2909,43,3.5699999999999994,0.050000000000000044,True,False
2910,43,3.5699999999999994,0.050000000000000044,True,False
2911,46,3.5399999999999996,0.050000000000000044,True,False
2912,47,3.5299999999999994,0.050000000000000044,True,False
2913,45,3.55,0.050000000000000044,True,False
2914,43,3.5699999999999994,0.050000000000000044,True,False
2915,43,3.5699999999999994,0.050000000000000044,True,False
2916,17,0.8399999999999999,0.050000000000000044,False,True
2917,44,3.5599999999999996,0.050000000000000044,True,False
2918,45,0.5599999999999996,0.050000000000000044,False,True
2919,47,3.5299999999999994,0.050000000000000044,True,False
2920,43,3.5699999999999994,0.050000000000000044,True,False
2921,43,3.5699999999999994,0.050000000000000044,True,False
2922,48,3.5199999999999996,0.050000000000000044,True,False
2923,45,3.55,0.050000000000000044,True,False
2924,45,3.55,0.050000000000000044,True,False
2925,44,3.5599999999999996,0.050000000000000044,True,False
2926,44,3.5599999999999996,0.050000000000000044,True,False
2927,47,3.5299999999999994,0.050000000000000044,True,False
2928,44,3.5599999999999996,0.050000000000000044,True,False
2929,45,3.55,0.050000000000000044,True,False
2930,46,3.5399999999999996,0.050000000000000044,True,False
2931,45,3.55,0.050000000000000044,True,False
2932,46,3.5399999999999996,0.050000000000000044,True,False
2933,43,3.5699999999999994,0.050000000000000044,True,False
2934,46,3.5399999999999996,0.050000000000000044,True,False
2935,50,3.4999999999999996,0.050000000000000044,True,False
2936,45,3.55,0.050000000000000044,True,False
2937,44,3.5599999999999996,0.050000000000000044,True,False
2938,42,0.5899999999999996,0.050000000000000044,False,True
2939,47,3.5299999999999994,0.050000000000000044,True,False
2940,43,3.5699999999999994,0.050000000000000044,True,False
2941,43,3.5699999999999994,0.050000000000000044,True,False
2942,44,3.5599999999999996,0.050000000000000044,True,False
2943,17,0.8399999999999999,0.050000000000000044,False,True
2944,49,3.51,0.050000000000000044,True,False
2945,43,3.5699999999999994,0.050000000000000044,True,False
2946,46,3.5399999999999996,0.050000000000000044,True,False
2947,43,3.5699999999999994,0.050000000000000044,True,False
2948,46,3.5399999999999996,0.050000000000000044,True,False
2949,43,0.5799999999999996,0.050000000000000044,False,True
2950,44,3.5599999999999996,0.050000000000000044,True,False
2951,45,3.55,0.050000000000000044,True,False
2952,44,3.5599999999999996,0.050000000000000044,True,False
2953,46,3.5399999999999996,0.050000000000000044,True,False
2954,50,3.4999999999999996,0.050000000000000044,True,False
2955,43,3.5699999999999994,0.050000000000000044,True,False
2956,47,3.5299999999999994,0.050000000000000044,True,False
2957,43,3.5699999999999994,0.050000000000000044,True,False
2958,46,3.5399999999999996,0.050000000000000044,True,False
2959,45,3.55,0.050000000000000044,True,False
2960,43,3.5699999999999994,0.050000000000000044,True,False
2961,45,3.55,0.050000000000000044,True,False
2962,46,3.5399999999999996,0.050000000000000044,True,False
2963,49,3.51,0.050000000000000044,True,False
2964,43,3.5699999999999994,0.050000000000000044,True,False
2965,47,3.5299999999999994,0.050000000000000044,True,False
2966,43,3.5699999999999994,0.050000000000000044,True,False
2967,51,3.4899999999999993,0.050000000000000044,True,False
2968,45,3.55,0.050000000000000044,True,False
2969,47,3.5299999999999994,0.050000000000000044,True,False
2970,47,3.5299999999999994,0.050000000000000044,True,False
2971,45,3.55,0.050000000000000044,True,False
2972,43,3.5699999999999994,0.050000000000000044,True,False
2973,45,3.55,0.050000000000000044,True,False
2974,44,3.5599999999999996,0.050000000000000044,True,False
2975,44,3.5599999999999996,0.050000000000000044,True,False
2976,44,3.5599999999999996,0.050000000000000044,True,False
2977,47,3.5299999999999994,0.050000000000000044,True,False
2978,43,3.5699999999999994,0.050000000000000044,True,False
2979,45,3.55,0.050000000000000044,True,False
2980,43,3.5699999999999994,0.050000000000000044,True,False
2981,46,3.5399999999999996,0.050000000000000044,True,False
2982,46,3.5399999999999996,0.050000000000000044,True,False
2983,43,3.5699999999999994,0.050000000000000044,True,False
2984,49,3.51,0.050000000000000044,True,False
2985,43,3.5699999999999994,0.050000000000000044,True,False
2986,43,3.5699999999999994,0.050000000000000044,True,False
2987,45,3.55,0.050000000000000044,True,False
2988,5,-0.040000000000000036,0.050000000000000044,False,True
2989,46,3.5399999999999996,0.050000000000000044,True,False
2990,44,3.5599999999999996,0.050000000000000044,True,False
2991,46,3.5399999999999996,0.050000000000000044,True,False
2992,44,3.5599999999999996,0.050000000000000044,True,False
2993,44,3.5599999999999996,0.050000000000000044,True,False
2994,45,3.55,0.050000000000000044,True,False
2995,46,3.5399999999999996,0.050000000000000044,True,False
2996,45,3.55,0.050000000000000044,True,False
2997,47,3.5299999999999994,0.050000000000000044,True,False
2998,44,3.5599999999999996,0.050000000000000044,True,False
2999,46,3.5399999999999996,0.050000000000000044,True,False
3000,45,3.55,0.050000000000000044,True,False
