episode,steps,totalReward,epsilon,completed,died
1,400,-3.9999999999999587,1.0,False,False
2,400,-3.9999999999999587,0.9996481481481482,False,False
3,391,17.09000000000004,0.9992962962962963,True,False
4,293,18.070000000000018,0.9989444444444444,True,False
5,400,-3.9999999999999587,0.9985925925925926,False,False
6,400,-3.9999999999999587,0.9982407407407408,False,False
7,117,19.83,0.9978888888888889,True,False
8,400,-3.9999999999999587,0.997537037037037,False,False
9,242,18.580000000000005,0.9971851851851852,True,False
10,400,-3.9999999999999587,0.9968333333333333,False,False
11,400,-3.9999999999999587,0.9964814814814815,False,False
12,400,-3.9999999999999587,0.9961296296296296,False,False
13,400,-3.9999999999999587,0.9957777777777778,False,False
14,400,-3.9999999999999587,0.9954259259259259,False,False
15,400,-3.9999999999999587,0.9950740740740741,False,False
16,400,-3.9999999999999587,0.9947222222222222,False,False
17,212,18.88,0.9943703703703703,True,False
18,400,-3.9999999999999587,0.9940185185185185,False,False
19,277,18.230000000000015,0.9936666666666667,True,False
20,400,-3.9999999999999587,0.9933148148148148,False,False
21,400,-3.9999999999999587,0.9929629629629629,False,False
22,157,19.429999999999996,0.9926111111111111,True,False
23,400,-3.9999999999999587,0.9922592592592593,False,False
24,352,17.48000000000003,0.9919074074074075,True,False
25,368,17.320000000000032,0.9915555555555555,True,False
26,172,19.279999999999998,0.9912037037037037,True,False
27,400,-3.9999999999999587,0.9908518518518519,False,False
28,400,-3.9999999999999587,0.9905,False,False
29,370,17.300000000000033,0.9901481481481481,True,False
30,400,-3.9999999999999587,0.9897962962962963,False,False
31,400,-3.9999999999999587,0.9894444444444445,False,False
32,400,-3.9999999999999587,0.9890925925925926,False,False
33,298,18.020000000000017,0.9887407407407407,True,False
34,400,-3.9999999999999587,0.9883888888888889,False,False
35,279,18.210000000000015,0.988037037037037,True,False
36,40,20.599999999999998,0.9876851851851852,True,False
37,400,-3.9999999999999587,0.9873333333333333,False,False
38,400,-3.9999999999999587,0.9869814814814815,False,False
39,400,-3.9999999999999587,0.9866296296296296,False,False
40,347,17.53000000000003,0.9862777777777778,True,False
41,81,20.189999999999998,0.9859259259259259,True,False
42,400,-3.9999999999999587,0.985574074074074,False,False
43,219,18.810000000000002,0.9852222222222222,True,False
44,107,19.929999999999996,0.9848703703703704,True,False
45,400,-3.9999999999999587,0.9845185185185186,False,False
46,288,18.120000000000015,0.9841666666666666,True,False
47,400,-3.9999999999999587,0.9838148148148148,False,False
48,400,-3.9999999999999587,0.983462962962963,False,False
49,117,19.83,0.9831111111111112,True,False
50,40,20.599999999999998,0.9827592592592592,True,False
51,110,19.9,0.9824074074074074,True,False
52,171,19.289999999999996,0.9820555555555556,True,False
53,400,-3.9999999999999587,0.9817037037037037,False,False
54,379,17.210000000000036,0.9813518518518518,True,False
55,202,18.979999999999997,0.981,True,False
56,400,-3.9999999999999587,0.9806481481481482,False,False
57,140,19.599999999999998,0.9802962962962963,True,False
58,174,19.259999999999998,0.9799444444444444,True,False
59,400,-3.9999999999999587,0.9795925925925926,False,False
60,301,17.99000000000002,0.9792407407407407,True,False
61,286,18.140000000000015,0.9788888888888889,True,False
62,400,-3.9999999999999587,0.978537037037037,False,False
63,176,19.24,0.9781851851851852,True,False
64,229,18.710000000000004,0.9778333333333333,True,False
65,400,-3.9999999999999587,0.9774814814814815,False,False
66,372,17.280000000000033,0.9771296296296297,True,False
67,400,-3.9999999999999587,0.9767777777777777,False,False
68,139,19.609999999999996,0.9764259259259259,True,False
69,400,-3.9999999999999587,0.9760740740740741,False,False
70,258,18.42000000000001,0.9757222222222223,True,False
71,400,-3.9999999999999587,0.9753703703703703,False,False
72,400,-3.9999999999999587,0.9750185185185185,False,False
73,272,18.280000000000012,0.9746666666666667,True,False
74,356,17.44000000000003,0.9743148148148149,True,False
75,126,19.74,0.9739629629629629,True,False
76,400,-3.9999999999999587,0.9736111111111111,False,False
77,400,-3.9999999999999587,0.9732592592592593,False,False
78,358,17.42000000000003,0.9729074074074074,True,False
79,400,-3.9999999999999587,0.9725555555555555,False,False
80,400,-3.9999999999999587,0.9722037037037037,False,False
81,373,17.270000000000035,0.9718518518518519,True,False
82,73,20.27,0.9715,True,False
83,146,19.54,0.9711481481481481,True,False
84,398,17.02000000000004,0.9707962962962963,True,False
85,380,17.200000000000035,0.9704444444444444,True,False
86,381,17.190000000000037,0.9700925925925926,True,False
87,123,19.769999999999996,0.9697407407407408,True,False
88,400,-3.9999999999999587,0.9693888888888889,False,False
89,400,-3.9999999999999587,0.969037037037037,False,False
90,105,19.95,0.9686851851851852,True,False
91,400,-3.9999999999999587,0.9683333333333334,False,False
92,400,-3.9999999999999587,0.9679814814814814,False,False
93,400,-3.9999999999999587,0.9676296296296296,False,False
94,315,17.850000000000023,0.9672777777777778,True,False
95,400,-3.9999999999999587,0.966925925925926,False,False
96,400,-3.9999999999999587,0.966574074074074,False,False
97,233,18.670000000000005,0.9662222222222222,True,False
98,400,-3.9999999999999587,0.9658703703703704,False,False
99,400,-3.9999999999999587,0.9655185185185186,False,False
100,336,17.640000000000025,0.9651666666666666,True,False
101,252,18.480000000000008,0.9648148148148148,True,False
102,102,19.979999999999997,0.964462962962963,True,False
103,400,-3.9999999999999587,0.9641111111111111,False,False
104,277,18.230000000000015,0.9637592592592592,True,False
105,400,-3.9999999999999587,0.9634074074074074,False,False
106,384,17.160000000000036,0.9630555555555556,True,False
107,296,18.040000000000017,0.9627037037037037,True,False
108,400,-3.9999999999999587,0.9623518518518519,False,False
109,264,18.36000000000001,0.962,True,False
110,400,-3.9999999999999587,0.9616481481481481,False,False
111,400,-3.9999999999999587,0.9612962962962963,False,False
112,49,20.509999999999998,0.9609444444444445,True,False
113,150,19.499999999999996,0.9605925925925926,True,False
114,400,-3.9999999999999587,0.9602407407407407,False,False
115,400,-3.9999999999999587,0.9598888888888889,False,False
116,36,20.639999999999997,0.9595370370370371,True,False
117,390,17.100000000000037,0.9591851851851851,True,False
118,57,20.43,0.9588333333333333,True,False
119,212,18.88,0.9584814814814815,True,False
120,92,20.08,0.9581296296296297,True,False
121,165,19.349999999999998,0.9577777777777777,True,False
122,357,17.43000000000003,0.9574259259259259,True,False
123,232,18.680000000000003,0.9570740740740741,True,False
124,157,19.429999999999996,0.9567222222222223,True,False
125,400,-3.9999999999999587,0.9563703703703703,False,False
126,345,17.55000000000003,0.9560185185185185,True,False
127,147,19.529999999999998,0.9556666666666667,True,False
128,154,19.459999999999997,0.9553148148148148,True,False
129,293,18.070000000000018,0.954962962962963,True,False
130,259,18.41000000000001,0.9546111111111111,True,False
131,400,-3.9999999999999587,0.9542592592592593,False,False
132,400,-3.9999999999999587,0.9539074074074074,False,False
133,95,20.049999999999997,0.9535555555555556,True,False
134,79,20.209999999999997,0.9532037037037037,True,False
135,400,-3.9999999999999587,0.9528518518518518,False,False
136,400,-3.9999999999999587,0.9525,False,False
137,131,19.689999999999998,0.9521481481481482,True,False
138,238,18.620000000000005,0.9517962962962963,True,False
139,190,19.099999999999998,0.9514444444444444,True,False
140,299,18.01000000000002,0.9510925925925926,True,False
141,348,17.520000000000028,0.9507407407407408,True,False
142,77,20.229999999999997,0.9503888888888888,True,False
143,82,20.18,0.950037037037037,True,False
144,250,18.500000000000007,0.9496851851851852,True,False
145,400,-3.9999999999999587,0.9493333333333334,False,False
146,199,19.009999999999998,0.9489814814814814,True,False
147,178,19.22,0.9486296296296296,True,False
148,389,17.11000000000004,0.9482777777777778,True,False
149,127,19.729999999999997,0.947925925925926,True,False
150,150,19.499999999999996,0.9475740740740741,True,False
151,124,19.759999999999998,0.9472222222222222,True,False
152,213,18.87,0.9468703703703704,True,False
153,150,19.499999999999996,0.9465185185185185,True,False
154,400,-3.9999999999999587,0.9461666666666667,False,False
155,400,-3.9999999999999587,0.9458148148148148,False,False
156,78,20.22,0.945462962962963,True,False
157,334,17.660000000000025,0.9451111111111111,True,False
158,165,19.349999999999998,0.9447592592592593,True,False
159,400,-3.9999999999999587,0.9444074074074074,False,False
160,400,-3.9999999999999587,0.9440555555555555,False,False
161,136,19.639999999999997,0.9437037037037037,True,False
162,121,19.79,0.9433518518518519,True,False
163,52,20.479999999999997,0.9430000000000001,True,False
164,400,-3.9999999999999587,0.9426481481481481,False,False
165,195,19.049999999999997,0.9422962962962963,True,False
166,77,20.229999999999997,0.9419444444444445,True,False
167,299,18.01000000000002,0.9415925925925925,True,False
168,400,-3.9999999999999587,0.9412407407407407,False,False
169,219,18.810000000000002,0.9408888888888889,True,False
170,84,20.159999999999997,0.9405370370370371,True,False
171,140,19.599999999999998,0.9401851851851852,True,False
172,133,19.669999999999998,0.9398333333333333,True,False
173,345,17.55000000000003,0.9394814814814815,True,False
174,194,19.059999999999995,0.9391296296296296,True,False
175,350,17.50000000000003,0.9387777777777778,True,False
176,400,-3.9999999999999587,0.9384259259259259,False,False
177,400,-3.9999999999999587,0.9380740740740741,False,False
178,140,19.599999999999998,0.9377222222222222,True,False
179,116,19.839999999999996,0.9373703703703704,True,False
180,269,18.310000000000013,0.9370185185185185,True,False
181,81,20.189999999999998,0.9366666666666666,True,False
182,88,20.119999999999997,0.9363148148148148,True,False
183,254,18.460000000000008,0.935962962962963,True,False
184,317,17.830000000000023,0.9356111111111111,True,False
185,41,20.59,0.9352592592592592,True,False
186,400,-3.9999999999999587,0.9349074074074074,False,False
187,49,20.509999999999998,0.9345555555555556,True,False
188,136,19.639999999999997,0.9342037037037036,True,False
189,171,19.289999999999996,0.9338518518518518,True,False
190,183,19.169999999999998,0.9335,True,False
191,99,20.009999999999998,0.9331481481481482,True,False
192,105,19.95,0.9327962962962963,True,False
193,353,17.47000000000003,0.9324444444444444,True,False
194,298,18.020000000000017,0.9320925925925926,True,False
195,399,17.01000000000004,0.9317407407407408,True,False
196,196,19.039999999999996,0.9313888888888889,True,False
197,400,-3.9999999999999587,0.931037037037037,False,False
198,84,20.159999999999997,0.9306851851851852,True,False
199,106,19.939999999999998,0.9303333333333333,True,False
200,144,19.56,0.9299814814814815,True,False
201,123,19.769999999999996,0.9296296296296296,True,False
202,75,20.249999999999996,0.9292777777777778,True,False
203,202,18.979999999999997,0.9289259259259259,True,False
204,151,19.49,0.9285740740740741,True,False
205,400,-3.9999999999999587,0.9282222222222223,False,False
206,238,18.620000000000005,0.9278703703703703,True,False
207,118,19.819999999999997,0.9275185185185185,True,False
208,197,19.029999999999998,0.9271666666666667,True,False
209,51,20.49,0.9268148148148148,True,False
210,185,19.15,0.9264629629629629,True,False
211,245,18.550000000000008,0.9261111111111111,True,False
212,193,19.069999999999997,0.9257592592592593,True,False
213,130,19.699999999999996,0.9254074074074075,True,False
214,389,17.11000000000004,0.9250555555555555,True,False
215,400,-3.9999999999999587,0.9247037037037037,False,False
216,224,18.76,0.9243518518518519,True,False
217,267,18.330000000000013,0.924,True,False
218,140,19.599999999999998,0.9236481481481481,True,False
219,151,19.49,0.9232962962962963,True,False
220,261,18.39000000000001,0.9229444444444445,True,False
221,231,18.690000000000005,0.9225925925925926,True,False
222,400,-3.9999999999999587,0.9222407407407407,False,False
223,42,20.58,0.9218888888888889,True,False
224,157,19.429999999999996,0.921537037037037,True,False
225,191,19.089999999999996,0.9211851851851852,True,False
226,119,19.81,0.9208333333333334,True,False
227,280,18.200000000000014,0.9204814814814815,True,False
228,330,17.700000000000024,0.9201296296296296,True,False
229,213,18.87,0.9197777777777778,True,False
230,52,20.479999999999997,0.9194259259259259,True,False
231,202,18.979999999999997,0.919074074074074,True,False
232,105,19.95,0.9187222222222222,True,False
233,125,19.749999999999996,0.9183703703703704,True,False
234,144,19.56,0.9180185185185186,True,False
235,359,17.410000000000032,0.9176666666666666,True,False
236,134,19.659999999999997,0.9173148148148148,True,False
237,95,20.049999999999997,0.916962962962963,True,False
238,117,19.83,0.9166111111111112,True,False
239,88,20.119999999999997,0.9162592592592593,True,False
240,228,18.720000000000002,0.9159074074074074,True,False
241,282,18.180000000000014,0.9155555555555556,True,False
242,170,19.299999999999997,0.9152037037037037,True,False
243,214,18.86,0.9148518518518518,True,False
244,375,17.250000000000036,0.9145,True,False
245,327,17.730000000000025,0.9141481481481482,True,False
246,213,18.87,0.9137962962962963,True,False
247,289,18.110000000000017,0.9134444444444445,True,False
248,64,20.36,0.9130925925925926,True,False
249,323,17.770000000000024,0.9127407407407407,True,False
250,40,20.599999999999998,0.9123888888888889,True,False
251,52,20.479999999999997,0.9120370370370371,True,False
252,105,19.95,0.9116851851851852,True,False
253,326,17.740000000000023,0.9113333333333333,True,False
254,192,19.08,0.9109814814814815,True,False
255,54,20.459999999999997,0.9106296296296297,True,False
256,400,-3.9999999999999587,0.9102777777777777,False,False
257,143,19.569999999999997,0.9099259259259259,True,False
258,61,20.389999999999997,0.9095740740740741,True,False
259,244,18.560000000000006,0.9092222222222223,True,False
260,211,18.89,0.9088703703703703,True,False
261,135,19.65,0.9085185185185185,True,False
262,98,20.019999999999996,0.9081666666666667,True,False
263,127,19.729999999999997,0.9078148148148149,True,False
264,94,20.06,0.9074629629629629,True,False
265,215,18.85,0.9071111111111111,True,False
266,93,20.069999999999997,0.9067592592592593,True,False
267,69,20.31,0.9064074074074074,True,False
268,100,19.999999999999996,0.9060555555555556,True,False
269,341,17.59000000000003,0.9057037037037037,True,False
270,233,18.670000000000005,0.9053518518518519,True,False
271,178,19.22,0.905,True,False
272,73,20.27,0.9046481481481481,True,False
273,58,20.419999999999998,0.9042962962962963,True,False
274,196,19.039999999999996,0.9039444444444444,True,False
275,82,20.18,0.9035925925925926,True,False
276,125,19.749999999999996,0.9032407407407408,True,False
277,193,19.069999999999997,0.9028888888888889,True,False
278,110,19.9,0.902537037037037,True,False
279,109,19.909999999999997,0.9021851851851852,True,False
280,162,19.379999999999995,0.9018333333333334,True,False
281,141,19.589999999999996,0.9014814814814816,True,False
282,165,19.349999999999998,0.9011296296296296,True,False
283,400,-3.9999999999999587,0.9007777777777778,False,False
284,276,18.240000000000013,0.900425925925926,True,False
285,83,20.169999999999998,0.900074074074074,True,False
286,252,18.480000000000008,0.8997222222222222,True,False
287,135,19.65,0.8993703703703704,True,False
288,102,19.979999999999997,0.8990185185185186,True,False
289,171,19.289999999999996,0.8986666666666667,True,False
290,151,19.49,0.8983148148148148,True,False
291,339,17.610000000000028,0.897962962962963,True,False
292,247,18.53000000000001,0.8976111111111111,True,False
293,174,19.259999999999998,0.8972592592592593,True,False
294,112,19.88,0.8969074074074074,True,False
295,59,20.409999999999997,0.8965555555555556,True,False
296,38,20.619999999999997,0.8962037037037037,True,False
297,120,19.799999999999997,0.8958518518518519,True,False
298,102,19.979999999999997,0.8955,True,False
299,53,20.47,0.8951481481481481,True,False
300,54,20.459999999999997,0.8947962962962963,True,False
301,167,19.33,0.8944444444444445,True,False
302,109,19.909999999999997,0.8940925925925925,True,False
303,223,18.770000000000003,0.8937407407407407,True,False
304,120,19.799999999999997,0.8933888888888889,True,False
305,130,19.699999999999996,0.8930370370370371,True,False
306,227,18.730000000000004,0.8926851851851851,True,False
307,225,18.750000000000004,0.8923333333333333,True,False
308,329,17.710000000000026,0.8919814814814815,True,False
309,89,20.11,0.8916296296296297,True,False
310,65,20.349999999999998,0.8912777777777778,True,False
311,135,19.65,0.8909259259259259,True,False
312,132,19.679999999999996,0.8905740740740741,True,False
313,166,19.339999999999996,0.8902222222222222,True,False
314,207,18.93,0.8898703703703703,True,False
315,65,20.349999999999998,0.8895185185185185,True,False
316,199,19.009999999999998,0.8891666666666667,True,False
317,182,19.179999999999996,0.8888148148148148,True,False
318,103,19.97,0.888462962962963,True,False
319,133,19.669999999999998,0.8881111111111111,True,False
320,59,20.409999999999997,0.8877592592592592,True,False
321,290,18.100000000000016,0.8874074074074074,True,False
322,164,19.359999999999996,0.8870555555555556,True,False
323,63,20.369999999999997,0.8867037037037037,True,False
324,50,20.499999999999996,0.8863518518518518,True,False
325,198,19.019999999999996,0.886,True,False
326,138,19.619999999999997,0.8856481481481482,True,False
327,76,20.24,0.8852962962962962,True,False
328,53,20.47,0.8849444444444444,True,False
329,104,19.959999999999997,0.8845925925925926,True,False
330,314,17.86000000000002,0.8842407407407408,True,False
331,223,18.770000000000003,0.883888888888889,True,False
332,176,19.24,0.883537037037037,True,False
333,66,20.339999999999996,0.8831851851851852,True,False
334,158,19.419999999999998,0.8828333333333334,True,False
335,113,19.869999999999997,0.8824814814814815,True,False
336,212,18.88,0.8821296296296296,True,False
337,226,18.740000000000002,0.8817777777777778,True,False
338,248,18.520000000000007,0.881425925925926,True,False
339,296,18.040000000000017,0.8810740740740741,True,False
340,181,19.189999999999998,0.8807222222222222,True,False
341,100,19.999999999999996,0.8803703703703704,True,False
342,202,18.979999999999997,0.8800185185185185,True,False
343,64,20.36,0.8796666666666667,True,False
344,54,20.459999999999997,0.8793148148148149,True,False
345,133,19.669999999999998,0.878962962962963,True,False
346,183,19.169999999999998,0.8786111111111111,True,False
347,397,17.03000000000004,0.8782592592592593,True,False
348,109,19.909999999999997,0.8779074074074074,True,False
349,294,18.060000000000016,0.8775555555555555,True,False
350,224,18.76,0.8772037037037037,True,False
351,146,19.54,0.8768518518518519,True,False
352,46,20.54,0.8765000000000001,True,False
353,64,20.36,0.8761481481481481,True,False
354,137,19.63,0.8757962962962963,True,False
355,143,19.569999999999997,0.8754444444444445,True,False
356,73,20.27,0.8750925925925926,True,False
357,65,20.349999999999998,0.8747407407407407,True,False
358,245,18.550000000000008,0.8743888888888889,True,False
359,117,19.83,0.8740370370370371,True,False
360,133,19.669999999999998,0.8736851851851852,True,False
361,58,20.419999999999998,0.8733333333333333,True,False
362,153,19.47,0.8729814814814815,True,False
363,174,19.259999999999998,0.8726296296296296,True,False
364,121,19.79,0.8722777777777778,True,False
365,138,19.619999999999997,0.871925925925926,True,False
366,145,19.549999999999997,0.8715740740740741,True,False
367,59,20.409999999999997,0.8712222222222222,True,False
368,165,19.349999999999998,0.8708703703703704,True,False
369,59,20.409999999999997,0.8705185185185185,True,False
370,54,20.459999999999997,0.8701666666666666,True,False
371,34,20.659999999999997,0.8698148148148148,True,False
372,172,19.279999999999998,0.869462962962963,True,False
373,42,20.58,0.8691111111111112,True,False
374,78,20.22,0.8687592592592592,True,False
375,84,20.159999999999997,0.8684074074074074,True,False
376,155,19.449999999999996,0.8680555555555556,True,False
377,222,18.78,0.8677037037037038,True,False
378,173,19.269999999999996,0.8673518518518518,True,False
379,218,18.82,0.867,True,False
380,44,20.56,0.8666481481481482,True,False
381,68,20.319999999999997,0.8662962962962963,True,False
382,144,19.56,0.8659444444444444,True,False
383,275,18.250000000000014,0.8655925925925926,True,False
384,83,20.169999999999998,0.8652407407407408,True,False
385,95,20.049999999999997,0.8648888888888889,True,False
386,120,19.799999999999997,0.864537037037037,True,False
387,153,19.47,0.8641851851851852,True,False
388,65,20.349999999999998,0.8638333333333333,True,False
389,79,20.209999999999997,0.8634814814814815,True,False
390,127,19.729999999999997,0.8631296296296296,True,False
391,28,20.72,0.8627777777777779,True,False
392,109,19.909999999999997,0.8624259259259259,True,False
393,328,17.720000000000024,0.8620740740740741,True,False
394,225,18.750000000000004,0.8617222222222223,True,False
395,229,18.710000000000004,0.8613703703703703,True,False
396,282,18.180000000000014,0.8610185185185185,True,False
397,106,19.939999999999998,0.8606666666666667,True,False
398,123,19.769999999999996,0.8603148148148148,True,False
399,198,19.019999999999996,0.859962962962963,True,False
400,71,20.29,0.8596111111111111,True,False
401,127,19.729999999999997,0.8592592592592593,True,False
402,182,19.179999999999996,0.8589074074074075,True,False
403,66,20.339999999999996,0.8585555555555555,True,False
404,139,19.609999999999996,0.8582037037037037,True,False
405,96,20.04,0.8578518518518519,True,False
406,49,20.509999999999998,0.8575,True,False
407,66,20.339999999999996,0.8571481481481482,True,False
408,115,19.849999999999998,0.8567962962962963,True,False
409,74,20.259999999999998,0.8564444444444445,True,False
410,115,19.849999999999998,0.8560925925925926,True,False
411,168,19.319999999999997,0.8557407407407407,True,False
412,76,20.24,0.8553888888888889,True,False
413,91,20.089999999999996,0.855037037037037,True,False
414,133,19.669999999999998,0.8546851851851852,True,False
415,127,19.729999999999997,0.8543333333333334,True,False
416,126,19.74,0.8539814814814815,True,False
417,219,18.810000000000002,0.8536296296296296,True,False
418,52,20.479999999999997,0.8532777777777778,True,False
419,173,19.269999999999996,0.8529259259259259,True,False
420,73,20.27,0.8525740740740742,True,False
421,60,20.4,0.8522222222222222,True,False
422,108,19.919999999999998,0.8518703703703704,True,False
423,89,20.11,0.8515185185185186,True,False
424,120,19.799999999999997,0.8511666666666666,True,False
425,44,20.56,0.8508148148148148,True,False
426,136,19.639999999999997,0.850462962962963,True,False
427,70,20.299999999999997,0.8501111111111112,True,False
428,87,20.13,0.8497592592592593,True,False
429,145,19.549999999999997,0.8494074074074074,True,False
430,113,19.869999999999997,0.8490555555555556,True,False
431,51,20.49,0.8487037037037037,True,False
432,91,20.089999999999996,0.8483518518518518,True,False
433,83,20.169999999999998,0.848,True,False
434,30,20.7,0.8476481481481482,True,False
435,167,19.33,0.8472962962962963,True,False
436,90,20.099999999999998,0.8469444444444445,True,False
437,112,19.88,0.8465925925925926,True,False
438,91,20.089999999999996,0.8462407407407407,True,False
439,108,19.919999999999998,0.8458888888888889,True,False
440,239,18.610000000000007,0.845537037037037,True,False
441,65,20.349999999999998,0.8451851851851852,True,False
442,197,19.029999999999998,0.8448333333333333,True,False
443,169,19.31,0.8444814814814815,True,False
444,63,20.369999999999997,0.8441296296296297,True,False
445,61,20.389999999999997,0.8437777777777777,True,False
446,144,19.56,0.8434259259259259,True,False
447,140,19.599999999999998,0.8430740740740741,True,False
448,149,19.509999999999998,0.8427222222222222,True,False
449,64,20.36,0.8423703703703704,True,False
450,128,19.72,0.8420185185185185,True,False
451,39,20.61,0.8416666666666667,True,False
452,86,20.139999999999997,0.8413148148148148,True,False
453,88,20.119999999999997,0.840962962962963,True,False
454,43,20.569999999999997,0.8406111111111111,True,False
455,82,20.18,0.8402592592592593,True,False
456,75,20.249999999999996,0.8399074074074074,True,False
457,51,20.49,0.8395555555555556,True,False
458,110,19.9,0.8392037037037037,True,False
459,119,19.81,0.8388518518518518,True,False
460,89,20.11,0.8385,True,False
461,109,19.909999999999997,0.8381481481481482,True,False
462,75,20.249999999999996,0.8377962962962963,True,False
463,73,20.27,0.8374444444444444,True,False
464,113,19.869999999999997,0.8370925925925926,True,False
465,104,19.959999999999997,0.8367407407407408,True,False
466,333,17.670000000000027,0.8363888888888888,True,False
467,217,18.830000000000002,0.836037037037037,True,False
468,58,20.419999999999998,0.8356851851851852,True,False
469,132,19.679999999999996,0.8353333333333334,True,False
470,153,19.47,0.8349814814814815,True,False
471,109,19.909999999999997,0.8346296296296296,True,False
472,60,20.4,0.8342777777777778,True,False
473,89,20.11,0.833925925925926,True,False
474,85,20.15,0.833574074074074,True,False
475,186,19.139999999999997,0.8332222222222222,True,False
476,72,20.279999999999998,0.8328703703703704,True,False
477,65,20.349999999999998,0.8325185185185185,True,False
478,249,18.51000000000001,0.8321666666666667,True,False
479,38,20.619999999999997,0.8318148148148148,True,False
480,111,19.889999999999997,0.831462962962963,True,False
481,132,19.679999999999996,0.8311111111111111,True,False
482,92,20.08,0.8307592592592593,True,False
483,66,20.339999999999996,0.8304074074074074,True,False
484,142,19.58,0.8300555555555555,True,False
485,75,20.249999999999996,0.8297037037037037,True,False
486,95,20.049999999999997,0.8293518518518519,True,False
487,44,20.56,0.829,True,False
488,61,20.389999999999997,0.8286481481481481,True,False
489,93,20.069999999999997,0.8282962962962963,True,False
490,43,20.569999999999997,0.8279444444444445,True,False
491,102,19.979999999999997,0.8275925925925927,True,False
492,94,20.06,0.8272407407407407,True,False
493,57,20.43,0.8268888888888889,True,False
494,58,20.419999999999998,0.8265370370370371,True,False
495,53,20.47,0.8261851851851851,True,False
496,141,19.589999999999996,0.8258333333333334,True,False
497,123,19.769999999999996,0.8254814814814815,True,False
498,105,19.95,0.8251296296296297,True,False
499,68,20.319999999999997,0.8247777777777778,True,False
500,80,20.2,0.8244259259259259,True,False
501,119,19.81,0.8240740740740741,True,False
502,36,20.639999999999997,0.8237222222222222,True,False
503,183,19.169999999999998,0.8233703703703703,True,False
504,41,20.59,0.8230185185185186,True,False
505,71,20.29,0.8226666666666667,True,False
506,74,20.259999999999998,0.8223148148148148,True,False
507,86,20.139999999999997,0.821962962962963,True,False
508,191,19.089999999999996,0.8216111111111111,True,False
509,53,20.47,0.8212592592592592,True,False
510,90,20.099999999999998,0.8209074074074074,True,False
511,131,19.689999999999998,0.8205555555555556,True,False
512,185,19.15,0.8202037037037038,True,False
513,108,19.919999999999998,0.8198518518518518,True,False
514,67,20.33,0.8195,True,False
515,38,20.619999999999997,0.8191481481481482,True,False
516,76,20.24,0.8187962962962962,True,False
517,76,20.24,0.8184444444444444,True,False
518,83,20.169999999999998,0.8180925925925926,True,False
519,161,19.389999999999997,0.8177407407407408,True,False
520,175,19.249999999999996,0.8173888888888889,True,False
521,41,20.59,0.817037037037037,True,False
522,85,20.15,0.8166851851851852,True,False
523,74,20.259999999999998,0.8163333333333334,True,False
524,82,20.18,0.8159814814814814,True,False
525,110,19.9,0.8156296296296297,True,False
526,89,20.11,0.8152777777777778,True,False
527,70,20.299999999999997,0.8149259259259259,True,False
528,92,20.08,0.8145740740740741,True,False
529,144,19.56,0.8142222222222222,True,False
530,25,20.75,0.8138703703703704,True,False
531,56,20.439999999999998,0.8135185185185185,True,False
532,41,20.59,0.8131666666666667,True,False
533,127,19.729999999999997,0.8128148148148149,True,False
534,87,20.13,0.8124629629629629,True,False
535,78,20.22,0.8121111111111111,True,False
536,115,19.849999999999998,0.8117592592592593,True,False
537,100,19.999999999999996,0.8114074074074074,True,False
538,33,20.669999999999998,0.8110555555555555,True,False
539,85,20.15,0.8107037037037037,True,False
540,164,19.359999999999996,0.8103518518518519,True,False
541,88,20.119999999999997,0.81,True,False
542,99,20.009999999999998,0.8096481481481481,True,False
543,83,20.169999999999998,0.8092962962962963,True,False
544,136,19.639999999999997,0.8089444444444445,True,False
545,109,19.909999999999997,0.8085925925925926,True,False
546,84,20.159999999999997,0.8082407407407407,True,False
547,43,20.569999999999997,0.8078888888888889,True,False
548,88,20.119999999999997,0.807537037037037,True,False
549,38,20.619999999999997,0.8071851851851852,True,False
550,57,20.43,0.8068333333333333,True,False
551,44,20.56,0.8064814814814815,True,False
552,170,19.299999999999997,0.8061296296296296,True,False
553,63,20.369999999999997,0.8057777777777778,True,False
554,34,20.659999999999997,0.805425925925926,True,False
555,75,20.249999999999996,0.805074074074074,True,False
556,133,19.669999999999998,0.8047222222222222,True,False
557,76,20.24,0.8043703703703704,True,False
558,47,20.529999999999998,0.8040185185185186,True,False
559,73,20.27,0.8036666666666666,True,False
560,87,20.13,0.8033148148148148,True,False
561,59,20.409999999999997,0.802962962962963,True,False
562,69,20.31,0.8026111111111112,True,False
563,65,20.349999999999998,0.8022592592592592,True,False
564,43,20.569999999999997,0.8019074074074074,True,False
565,70,20.299999999999997,0.8015555555555556,True,False
566,62,20.38,0.8012037037037038,True,False
567,117,19.83,0.8008518518518518,True,False
568,83,20.169999999999998,0.8005,True,False
569,106,19.939999999999998,0.8001481481481482,True,False
570,105,19.95,0.7997962962962963,True,False
571,65,20.349999999999998,0.7994444444444444,True,False
572,131,19.689999999999998,0.7990925925925926,True,False
573,142,19.58,0.7987407407407408,True,False
574,42,20.58,0.7983888888888889,True,False
575,115,19.849999999999998,0.7980370370370371,True,False
576,53,20.47,0.7976851851851852,True,False
577,57,20.43,0.7973333333333333,True,False
578,207,18.93,0.7969814814814815,True,False
579,166,19.339999999999996,0.7966296296296296,True,False
580,30,20.7,0.7962777777777779,True,False
581,73,20.27,0.7959259259259259,True,False
582,113,19.869999999999997,0.7955740740740741,True,False
583,75,20.249999999999996,0.7952222222222223,True,False
584,221,18.790000000000003,0.7948703703703703,True,False
585,95,20.049999999999997,0.7945185185185185,True,False
586,99,20.009999999999998,0.7941666666666667,True,False
587,47,20.529999999999998,0.7938148148148149,True,False
588,229,18.710000000000004,0.793462962962963,True,False
589,87,20.13,0.7931111111111111,True,False
590,70,20.299999999999997,0.7927592592592593,True,False
591,62,20.38,0.7924074074074074,True,False
592,31,20.689999999999998,0.7920555555555555,True,False
593,113,19.869999999999997,0.7917037037037037,True,False
594,129,19.709999999999997,0.7913518518518519,True,False
595,88,20.119999999999997,0.791,True,False
596,112,19.88,0.7906481481481482,True,False
597,62,20.38,0.7902962962962963,True,False
598,31,20.689999999999998,0.7899444444444444,True,False
599,68,20.319999999999997,0.7895925925925926,True,False
600,155,19.449999999999996,0.7892407407407407,True,False
601,47,20.529999999999998,0.788888888888889,True,False
602,148,19.519999999999996,0.788537037037037,True,False
603,52,20.479999999999997,0.7881851851851852,True,False
604,77,20.229999999999997,0.7878333333333334,True,False
605,137,19.63,0.7874814814814814,True,False
606,47,20.529999999999998,0.7871296296296296,True,False
607,80,20.2,0.7867777777777778,True,False
608,53,20.47,0.7864259259259259,True,False
609,128,19.72,0.7860740740740741,True,False
610,70,20.299999999999997,0.7857222222222222,True,False
611,137,19.63,0.7853703703703704,True,False
612,71,20.29,0.7850185185185186,True,False
613,42,20.58,0.7846666666666666,True,False
614,61,20.389999999999997,0.7843148148148148,True,False
615,128,19.72,0.783962962962963,True,False
616,94,20.06,0.7836111111111111,True,False
617,72,20.279999999999998,0.7832592592592593,True,False
618,56,20.439999999999998,0.7829074074074074,True,False
619,73,20.27,0.7825555555555556,True,False
620,106,19.939999999999998,0.7822037037037037,True,False
621,82,20.18,0.7818518518518518,True,False
622,40,20.599999999999998,0.7815,True,False
623,54,20.459999999999997,0.7811481481481481,True,False
624,139,19.609999999999996,0.7807962962962963,True,False
625,56,20.439999999999998,0.7804444444444445,True,False
626,82,20.18,0.7800925925925926,True,False
627,59,20.409999999999997,0.7797407407407407,True,False
628,97,20.029999999999998,0.7793888888888889,True,False
629,54,20.459999999999997,0.779037037037037,True,False
630,80,20.2,0.7786851851851853,True,False
631,61,20.389999999999997,0.7783333333333333,True,False
632,84,20.159999999999997,0.7779814814814815,True,False
633,118,19.819999999999997,0.7776296296296297,True,False
634,48,20.52,0.7772777777777777,True,False
635,116,19.839999999999996,0.7769259259259259,True,False
636,111,19.889999999999997,0.7765740740740741,True,False
637,43,20.569999999999997,0.7762222222222223,True,False
638,81,20.189999999999998,0.7758703703703704,True,False
639,92,20.08,0.7755185185185185,True,False
640,46,20.54,0.7751666666666667,True,False
641,72,20.279999999999998,0.7748148148148148,True,False
642,101,19.99,0.774462962962963,True,False
643,99,20.009999999999998,0.7741111111111111,True,False
644,89,20.11,0.7737592592592593,True,False
645,56,20.439999999999998,0.7734074074074074,True,False
646,70,20.299999999999997,0.7730555555555556,True,False
647,178,19.22,0.7727037037037037,True,False
648,78,20.22,0.7723518518518518,True,False
649,103,19.97,0.772,True,False
650,38,20.619999999999997,0.7716481481481482,True,False
651,59,20.409999999999997,0.7712962962962964,True,False
652,124,19.759999999999998,0.7709444444444444,True,False
653,46,20.54,0.7705925925925926,True,False
654,114,19.86,0.7702407407407408,True,False
655,52,20.479999999999997,0.7698888888888888,True,False
656,70,20.299999999999997,0.769537037037037,True,False
657,31,20.689999999999998,0.7691851851851852,True,False
658,40,20.599999999999998,0.7688333333333334,True,False
659,28,20.72,0.7684814814814815,True,False
660,48,20.52,0.7681296296296296,True,False
661,84,20.159999999999997,0.7677777777777778,True,False
662,177,19.229999999999997,0.767425925925926,True,False
663,199,19.009999999999998,0.7670740740740741,True,False
664,34,20.659999999999997,0.7667222222222222,True,False
665,29,20.709999999999997,0.7663703703703704,True,False
666,53,20.47,0.7660185185185185,True,False
667,97,20.029999999999998,0.7656666666666667,True,False
668,135,19.65,0.7653148148148148,True,False
669,47,20.529999999999998,0.764962962962963,True,False
670,42,20.58,0.7646111111111111,True,False
671,56,20.439999999999998,0.7642592592592593,True,False
672,86,20.139999999999997,0.7639074074074074,True,False
673,82,20.18,0.7635555555555555,True,False
674,79,20.209999999999997,0.7632037037037037,True,False
675,90,20.099999999999998,0.7628518518518519,True,False
676,116,19.839999999999996,0.7625,True,False
677,172,19.279999999999998,0.7621481481481482,True,False
678,54,20.459999999999997,0.7617962962962963,True,False
679,63,20.369999999999997,0.7614444444444445,True,False
680,67,20.33,0.7610925925925927,True,False
681,158,19.419999999999998,0.7607407407407407,True,False
682,69,20.31,0.7603888888888889,True,False
683,94,20.06,0.7600370370370371,True,False
684,82,20.18,0.7596851851851852,True,False
685,100,19.999999999999996,0.7593333333333333,True,False
686,51,20.49,0.7589814814814815,True,False
687,46,20.54,0.7586296296296297,True,False
688,79,20.209999999999997,0.7582777777777778,True,False
689,90,20.099999999999998,0.7579259259259259,True,False
690,48,20.52,0.7575740740740741,True,False
691,133,19.669999999999998,0.7572222222222222,True,False
692,61,20.389999999999997,0.7568703703703703,True,False
693,31,20.689999999999998,0.7565185185185186,True,False
694,36,20.639999999999997,0.7561666666666667,True,False
695,129,19.709999999999997,0.7558148148148148,True,False
696,52,20.479999999999997,0.755462962962963,True,False
697,75,20.249999999999996,0.7551111111111111,True,False
698,65,20.349999999999998,0.7547592592592594,True,False
699,40,20.599999999999998,0.7544074074074074,True,False
700,60,20.4,0.7540555555555556,True,False
701,96,20.04,0.7537037037037038,True,False
702,109,19.909999999999997,0.7533518518518518,True,False
703,103,19.97,0.753,True,False
704,81,20.189999999999998,0.7526481481481482,True,False
705,120,19.799999999999997,0.7522962962962964,True,False
706,47,20.529999999999998,0.7519444444444444,True,False
707,42,20.58,0.7515925925925926,True,False
708,135,19.65,0.7512407407407408,True,False
709,90,20.099999999999998,0.7508888888888889,True,False
710,80,20.2,0.750537037037037,True,False
711,36,20.639999999999997,0.7501851851851852,True,False
712,39,20.61,0.7498333333333334,True,False
713,28,20.72,0.7494814814814814,True,False
714,84,20.159999999999997,0.7491296296296297,True,False
715,51,20.49,0.7487777777777778,True,False
716,70,20.299999999999997,0.7484259259259259,True,False
717,59,20.409999999999997,0.7480740740740741,True,False
718,59,20.409999999999997,0.7477222222222222,True,False
719,61,20.389999999999997,0.7473703703703705,True,False
720,56,20.439999999999998,0.7470185185185185,True,False
721,39,20.61,0.7466666666666667,True,False
722,50,20.499999999999996,0.7463148148148149,True,False
723,105,19.95,0.7459629629629629,True,False
724,82,20.18,0.7456111111111111,True,False
725,45,20.549999999999997,0.7452592592592593,True,False
726,43,20.569999999999997,0.7449074074074074,True,False
727,41,20.59,0.7445555555555556,True,False
728,83,20.169999999999998,0.7442037037037037,True,False
729,35,20.65,0.7438518518518519,True,False
730,50,20.499999999999996,0.7435,True,False
731,62,20.38,0.7431481481481481,True,False
732,75,20.249999999999996,0.7427962962962964,True,False
733,51,20.49,0.7424444444444445,True,False
734,38,20.619999999999997,0.7420925925925925,True,False
735,121,19.79,0.7417407407407408,True,False
736,90,20.099999999999998,0.7413888888888889,True,False
737,221,18.790000000000003,0.741037037037037,True,False
738,80,20.2,0.7406851851851852,True,False
739,41,20.59,0.7403333333333333,True,False
740,56,20.439999999999998,0.7399814814814815,True,False
741,38,20.619999999999997,0.7396296296296296,True,False
742,79,20.209999999999997,0.7392777777777778,True,False
743,63,20.369999999999997,0.738925925925926,True,False
744,71,20.29,0.738574074074074,True,False
745,47,20.529999999999998,0.7382222222222222,True,False
746,45,20.549999999999997,0.7378703703703704,True,False
747,53,20.47,0.7375185185185185,True,False
748,119,19.81,0.7371666666666667,True,False
749,72,20.279999999999998,0.7368148148148148,True,False
750,142,19.58,0.736462962962963,True,False
751,35,20.65,0.7361111111111112,True,False
752,68,20.319999999999997,0.7357592592592592,True,False
753,94,20.06,0.7354074074074075,True,False
754,21,20.79,0.7350555555555556,True,False
755,106,19.939999999999998,0.7347037037037036,True,False
756,68,20.319999999999997,0.7343518518518519,True,False
757,77,20.229999999999997,0.734,True,False
758,77,20.229999999999997,0.7336481481481482,True,False
759,58,20.419999999999998,0.7332962962962963,True,False
760,77,20.229999999999997,0.7329444444444444,True,False
761,93,20.069999999999997,0.7325925925925926,True,False
762,122,19.779999999999998,0.7322407407407407,True,False
763,33,20.669999999999998,0.7318888888888889,True,False
764,70,20.299999999999997,0.7315370370370371,True,False
765,73,20.27,0.7311851851851852,True,False
766,61,20.389999999999997,0.7308333333333333,True,False
767,91,20.089999999999996,0.7304814814814815,True,False
768,58,20.419999999999998,0.7301296296296296,True,False
769,52,20.479999999999997,0.7297777777777779,True,False
770,59,20.409999999999997,0.7294259259259259,True,False
771,44,20.56,0.729074074074074,True,False
772,105,19.95,0.7287222222222223,True,False
773,65,20.349999999999998,0.7283703703703703,True,False
774,117,19.83,0.7280185185185186,True,False
775,58,20.419999999999998,0.7276666666666667,True,False
776,53,20.47,0.7273148148148147,True,False
777,57,20.43,0.726962962962963,True,False
778,85,20.15,0.7266111111111111,True,False
779,49,20.509999999999998,0.7262592592592593,True,False
780,81,20.189999999999998,0.7259074074074074,True,False
781,29,20.709999999999997,0.7255555555555556,True,False
782,77,20.229999999999997,0.7252037037037037,True,False
783,46,20.54,0.7248518518518519,True,False
784,69,20.31,0.7245,True,False
785,44,20.56,0.7241481481481482,True,False
786,57,20.43,0.7237962962962963,True,False
787,42,20.58,0.7234444444444444,True,False
788,126,19.74,0.7230925925925926,True,False
789,43,20.569999999999997,0.7227407407407407,True,False
790,20,20.799999999999997,0.722388888888889,True,False
791,46,20.54,0.722037037037037,True,False
792,46,20.54,0.7216851851851852,True,False
793,60,20.4,0.7213333333333334,True,False
794,54,20.459999999999997,0.7209814814814814,True,False
795,66,20.339999999999996,0.7206296296296296,True,False
796,61,20.389999999999997,0.7202777777777778,True,False
797,106,19.939999999999998,0.719925925925926,True,False
798,52,20.479999999999997,0.7195740740740741,True,False
799,50,20.499999999999996,0.7192222222222222,True,False
800,36,20.639999999999997,0.7188703703703704,True,False
801,72,20.279999999999998,0.7185185185185186,True,False
802,78,20.22,0.7181666666666666,True,False
803,72,20.279999999999998,0.7178148148148148,True,False
804,51,20.49,0.717462962962963,True,False
805,59,20.409999999999997,0.7171111111111111,True,False
806,94,20.06,0.7167592592592593,True,False
807,62,20.38,0.7164074074074074,True,False
808,29,20.709999999999997,0.7160555555555557,True,False
809,46,20.54,0.7157037037037037,True,False
810,41,20.59,0.7153518518518518,True,False
811,82,20.18,0.7150000000000001,True,False
812,38,20.619999999999997,0.7146481481481481,True,False
813,40,20.599999999999998,0.7142962962962963,True,False
814,66,20.339999999999996,0.7139444444444445,True,False
815,33,20.669999999999998,0.7135925925925926,True,False
816,58,20.419999999999998,0.7132407407407407,True,False
817,60,20.4,0.7128888888888889,True,False
818,22,20.779999999999998,0.7125370370370371,True,False
819,75,20.249999999999996,0.7121851851851853,True,False
820,97,20.029999999999998,0.7118333333333333,True,False
821,90,20.099999999999998,0.7114814814814815,True,False
822,88,20.119999999999997,0.7111296296296297,True,False
823,122,19.779999999999998,0.7107777777777777,True,False
824,42,20.58,0.710425925925926,True,False
825,39,20.61,0.7100740740740741,True,False
826,63,20.369999999999997,0.7097222222222221,True,False
827,65,20.349999999999998,0.7093703703703704,True,False
828,60,20.4,0.7090185185185185,True,False
829,72,20.279999999999998,0.7086666666666668,True,False
830,98,20.019999999999996,0.7083148148148148,True,False
831,35,20.65,0.7079629629629629,True,False
832,98,20.019999999999996,0.7076111111111112,True,False
833,58,20.419999999999998,0.7072592592592593,True,False
834,87,20.13,0.7069074074074074,True,False
835,78,20.22,0.7065555555555556,True,False
836,44,20.56,0.7062037037037037,True,False
837,45,20.549999999999997,0.7058518518518518,True,False
838,58,20.419999999999998,0.7055,True,False
839,112,19.88,0.7051481481481482,True,False
840,48,20.52,0.7047962962962964,True,False
841,71,20.29,0.7044444444444444,True,False
842,76,20.24,0.7040925925925926,True,False
843,105,19.95,0.7037407407407408,True,False
844,65,20.349999999999998,0.7033888888888888,True,False
845,97,20.029999999999998,0.7030370370370371,True,False
846,34,20.659999999999997,0.7026851851851852,True,False
847,36,20.639999999999997,0.7023333333333333,True,False
848,53,20.47,0.7019814814814815,True,False
849,58,20.419999999999998,0.7016296296296296,True,False
850,48,20.52,0.7012777777777778,True,False
851,41,20.59,0.700925925925926,True,False
852,95,20.049999999999997,0.700574074074074,True,False
853,49,20.509999999999998,0.7002222222222223,True,False
854,38,20.619999999999997,0.6998703703703704,True,False
855,38,20.619999999999997,0.6995185185185185,True,False
856,45,20.549999999999997,0.6991666666666667,True,False
857,66,20.339999999999996,0.6988148148148148,True,False
858,66,20.339999999999996,0.698462962962963,True,False
859,35,20.65,0.6981111111111111,True,False
860,40,20.599999999999998,0.6977592592592593,True,False
861,85,20.15,0.6974074074074075,True,False
862,26,20.74,0.6970555555555555,True,False
863,101,19.99,0.6967037037037037,True,False
864,108,19.919999999999998,0.6963518518518519,True,False
865,52,20.479999999999997,0.696,True,False
866,50,20.499999999999996,0.6956481481481482,True,False
867,64,20.36,0.6952962962962963,True,False
868,46,20.54,0.6949444444444444,True,False
869,45,20.549999999999997,0.6945925925925927,True,False
870,33,20.669999999999998,0.6942407407407407,True,False
871,69,20.31,0.6938888888888889,True,False
872,34,20.659999999999997,0.6935370370370371,True,False
873,67,20.33,0.6931851851851852,True,False
874,80,20.2,0.6928333333333334,True,False
875,77,20.229999999999997,0.6924814814814815,True,False
876,71,20.29,0.6921296296296297,True,False
877,46,20.54,0.6917777777777778,True,False
878,53,20.47,0.6914259259259259,True,False
879,54,20.459999999999997,0.6910740740740741,True,False
880,41,20.59,0.6907222222222222,True,False
881,53,20.47,0.6903703703703703,True,False
882,55,20.45,0.6900185185185186,True,False
883,94,20.06,0.6896666666666667,True,False
884,60,20.4,0.6893148148148148,True,False
885,55,20.45,0.688962962962963,True,False
886,83,20.169999999999998,0.6886111111111111,True,False
887,65,20.349999999999998,0.6882592592592593,True,False
888,67,20.33,0.6879074074074074,True,False
889,38,20.619999999999997,0.6875555555555556,True,False
890,89,20.11,0.6872037037037038,True,False
891,49,20.509999999999998,0.6868518518518518,True,False
892,33,20.669999999999998,0.6865,True,False
893,50,20.499999999999996,0.6861481481481482,True,False
894,91,20.089999999999996,0.6857962962962963,True,False
895,58,20.419999999999998,0.6854444444444444,True,False
896,32,20.68,0.6850925925925926,True,False
897,36,20.639999999999997,0.6847407407407408,True,False
898,55,20.45,0.6843888888888889,True,False
899,29,20.709999999999997,0.684037037037037,True,False
900,39,20.61,0.6836851851851853,True,False
901,72,20.279999999999998,0.6833333333333333,True,False
902,30,20.7,0.6829814814814814,True,False
903,71,20.29,0.6826296296296297,True,False
904,61,20.389999999999997,0.6822777777777778,True,False
905,36,20.639999999999997,0.681925925925926,True,False
906,28,20.72,0.6815740740740741,True,False
907,27,20.729999999999997,0.6812222222222222,True,False
908,58,20.419999999999998,0.6808703703703705,True,False
909,106,19.939999999999998,0.6805185185185185,True,False
910,93,20.069999999999997,0.6801666666666667,True,False
911,56,20.439999999999998,0.6798148148148149,True,False
912,68,20.319999999999997,0.6794629629629629,True,False
913,42,20.58,0.6791111111111111,True,False
914,62,20.38,0.6787592592592593,True,False
915,69,20.31,0.6784074074074075,True,False
916,48,20.52,0.6780555555555556,True,False
917,32,20.68,0.6777037037037037,True,False
918,37,20.63,0.6773518518518519,True,False
919,103,19.97,0.677,True,False
920,68,20.319999999999997,0.6766481481481481,True,False
921,33,20.669999999999998,0.6762962962962964,True,False
922,79,20.209999999999997,0.6759444444444445,True,False
923,64,20.36,0.6755925925925925,True,False
924,42,20.58,0.6752407407407408,True,False
925,50,20.499999999999996,0.6748888888888889,True,False
926,68,20.319999999999997,0.674537037037037,True,False
927,63,20.369999999999997,0.6741851851851852,True,False
928,38,20.619999999999997,0.6738333333333333,True,False
929,30,20.7,0.6734814814814816,True,False
930,59,20.409999999999997,0.6731296296296296,True,False
931,46,20.54,0.6727777777777778,True,False
932,50,20.499999999999996,0.672425925925926,True,False
933,40,20.599999999999998,0.672074074074074,True,False
934,37,20.63,0.6717222222222222,True,False
935,64,20.36,0.6713703703703704,True,False
936,46,20.54,0.6710185185185186,True,False
937,66,20.339999999999996,0.6706666666666667,True,False
938,47,20.529999999999998,0.6703148148148148,True,False
939,67,20.33,0.669962962962963,True,False
940,75,20.249999999999996,0.6696111111111112,True,False
941,79,20.209999999999997,0.6692592592592592,True,False
942,41,20.59,0.6689074074074075,True,False
943,56,20.439999999999998,0.6685555555555556,True,False
944,56,20.439999999999998,0.6682037037037036,True,False
945,42,20.58,0.6678518518518519,True,False
946,35,20.65,0.6675,True,False
947,37,20.63,0.6671481481481482,True,False
948,34,20.659999999999997,0.6667962962962963,True,False
949,94,20.06,0.6664444444444444,True,False
950,69,20.31,0.6660925925925926,True,False
951,28,20.72,0.6657407407407407,True,False
952,57,20.43,0.6653888888888889,True,False
953,43,20.569999999999997,0.6650370370370371,True,False
954,24,20.759999999999998,0.6646851851851852,True,False
955,54,20.459999999999997,0.6643333333333333,True,False
956,36,20.639999999999997,0.6639814814814815,True,False
957,63,20.369999999999997,0.6636296296296296,True,False
958,32,20.68,0.6632777777777779,True,False
959,56,20.439999999999998,0.6629259259259259,True,False
960,50,20.499999999999996,0.6625740740740741,True,False
961,34,20.659999999999997,0.6622222222222223,True,False
962,45,20.549999999999997,0.6618703703703703,True,False
963,59,20.409999999999997,0.6615185185185186,True,False
964,55,20.45,0.6611666666666667,True,False
965,67,20.33,0.6608148148148147,True,False
966,29,20.709999999999997,0.660462962962963,True,False
967,29,20.709999999999997,0.6601111111111111,True,False
968,53,20.47,0.6597592592592593,True,False
969,44,20.56,0.6594074074074074,True,False
970,60,20.4,0.6590555555555556,True,False
971,28,20.72,0.6587037037037037,True,False
972,44,20.56,0.6583518518518519,True,False
973,149,19.509999999999998,0.658,True,False
974,32,20.68,0.6576481481481482,True,False
975,85,20.15,0.6572962962962963,True,False
976,50,20.499999999999996,0.6569444444444444,True,False
977,41,20.59,0.6565925925925926,True,False
978,42,20.58,0.6562407407407407,True,False
979,45,20.549999999999997,0.655888888888889,True,False
980,39,20.61,0.655537037037037,True,False
981,23,20.77,0.6551851851851852,True,False
982,107,19.929999999999996,0.6548333333333334,True,False
983,35,20.65,0.6544814814814814,True,False
984,54,20.459999999999997,0.6541296296296297,True,False
985,45,20.549999999999997,0.6537777777777778,True,False
986,46,20.54,0.653425925925926,True,False
987,48,20.52,0.6530740740740741,True,False
988,31,20.689999999999998,0.6527222222222222,True,False
989,49,20.509999999999998,0.6523703703703704,True,False
990,52,20.479999999999997,0.6520185185185186,True,False
991,54,20.459999999999997,0.6516666666666667,True,False
992,45,20.549999999999997,0.6513148148148148,True,False
993,46,20.54,0.650962962962963,True,False
994,42,20.58,0.6506111111111111,True,False
995,87,20.13,0.6502592592592593,True,False
996,43,20.569999999999997,0.6499074074074074,True,False
997,41,20.59,0.6495555555555557,True,False
998,37,20.63,0.6492037037037037,True,False
999,29,20.709999999999997,0.6488518518518518,True,False
1000,59,20.409999999999997,0.6485000000000001,True,False
1001,37,20.63,0.6481481481481481,True,False
1002,64,20.36,0.6477962962962963,True,False
1003,47,20.529999999999998,0.6474444444444445,True,False
1004,29,20.709999999999997,0.6470925925925926,True,False
1005,43,20.569999999999997,0.6467407407407407,True,False
1006,65,20.349999999999998,0.6463888888888889,True,False
1007,29,20.709999999999997,0.6460370370370371,True,False
1008,72,20.279999999999998,0.6456851851851853,True,False
1009,135,19.65,0.6453333333333333,True,False
1010,37,20.63,0.6449814814814815,True,False
1011,81,20.189999999999998,0.6446296296296297,True,False
1012,36,20.639999999999997,0.6442777777777777,True,False
1013,43,20.569999999999997,0.643925925925926,True,False
1014,58,20.419999999999998,0.6435740740740741,True,False
1015,55,20.45,0.6432222222222223,True,False
1016,68,20.319999999999997,0.6428703703703704,True,False
1017,62,20.38,0.6425185185185185,True,False
1018,41,20.59,0.6421666666666668,True,False
1019,39,20.61,0.6418148148148148,True,False
1020,57,20.43,0.6414629629629629,True,False
1021,31,20.689999999999998,0.6411111111111112,True,False
1022,34,20.659999999999997,0.6407592592592593,True,False
1023,42,20.58,0.6404074074074074,True,False
1024,36,20.639999999999997,0.6400555555555556,True,False
1025,119,19.81,0.6397037037037037,True,False
1026,66,20.339999999999996,0.6393518518518518,True,False
1027,57,20.43,0.639,True,False
1028,56,20.439999999999998,0.6386481481481482,True,False
1029,59,20.409999999999997,0.6382962962962964,True,False
1030,55,20.45,0.6379444444444444,True,False
1031,54,20.459999999999997,0.6375925925925926,True,False
1032,56,20.439999999999998,0.6372407407407408,True,False
1033,70,20.299999999999997,0.6368888888888888,True,False
1034,61,20.389999999999997,0.6365370370370371,True,False
1035,60,20.4,0.6361851851851852,True,False
1036,96,20.04,0.6358333333333333,True,False
1037,46,20.54,0.6354814814814815,True,False
1038,73,20.27,0.6351296296296296,True,False
1039,48,20.52,0.6347777777777779,True,False
1040,42,20.58,0.634425925925926,True,False
1041,73,20.27,0.634074074074074,True,False
1042,61,20.389999999999997,0.6337222222222223,True,False
1043,48,20.52,0.6333703703703704,True,False
1044,41,20.59,0.6330185185185185,True,False
1045,62,20.38,0.6326666666666667,True,False
1046,42,20.58,0.6323148148148148,True,False
1047,63,20.369999999999997,0.631962962962963,True,False
1048,78,20.22,0.6316111111111111,True,False
1049,66,20.339999999999996,0.6312592592592593,True,False
1050,49,20.509999999999998,0.6309074074074075,True,False
1051,54,20.459999999999997,0.6305555555555555,True,False
1052,100,19.999999999999996,0.6302037037037037,True,False
1053,44,20.56,0.6298518518518519,True,False
1054,57,20.43,0.6295,True,False
1055,31,20.689999999999998,0.6291481481481482,True,False
1056,41,20.59,0.6287962962962963,True,False
1057,33,20.669999999999998,0.6284444444444444,True,False
1058,68,20.319999999999997,0.6280925925925926,True,False
1059,36,20.639999999999997,0.6277407407407407,True,False
1060,50,20.499999999999996,0.6273888888888889,True,False
1061,34,20.659999999999997,0.6270370370370371,True,False
1062,42,20.58,0.6266851851851852,True,False
1063,48,20.52,0.6263333333333334,True,False
1064,37,20.63,0.6259814814814815,True,False
1065,40,20.599999999999998,0.6256296296296296,True,False
1066,69,20.31,0.6252777777777778,True,False
1067,35,20.65,0.6249259259259259,True,False
1068,38,20.619999999999997,0.6245740740740741,True,False
1069,51,20.49,0.6242222222222222,True,False
1070,56,20.439999999999998,0.6238703703703704,True,False
1071,34,20.659999999999997,0.6235185185185186,True,False
1072,47,20.529999999999998,0.6231666666666666,True,False
1073,42,20.58,0.6228148148148148,True,False
1074,61,20.389999999999997,0.622462962962963,True,False
1075,46,20.54,0.6221111111111111,True,False
1076,53,20.47,0.6217592592592593,True,False
1077,33,20.669999999999998,0.6214074074074074,True,False
1078,90,20.099999999999998,0.6210555555555556,True,False
1079,78,20.22,0.6207037037037038,True,False
1080,28,20.72,0.6203518518518518,True,False
1081,64,20.36,0.62,True,False
1082,36,20.639999999999997,0.6196481481481482,True,False
1083,63,20.369999999999997,0.6192962962962963,True,False
1084,32,20.68,0.6189444444444445,True,False
1085,68,20.319999999999997,0.6185925925925926,True,False
1086,46,20.54,0.6182407407407408,True,False
1087,38,20.619999999999997,0.6178888888888889,True,False
1088,48,20.52,0.617537037037037,True,False
1089,58,20.419999999999998,0.6171851851851853,True,False
1090,33,20.669999999999998,0.6168333333333333,True,False
1091,33,20.669999999999998,0.6164814814814814,True,False
1092,23,20.77,0.6161296296296297,True,False
1093,39,20.61,0.6157777777777778,True,False
1094,48,20.52,0.615425925925926,True,False
1095,39,20.61,0.6150740740740741,True,False
1096,31,20.689999999999998,0.6147222222222222,True,False
1097,31,20.689999999999998,0.6143703703703705,True,False
1098,52,20.479999999999997,0.6140185185185185,True,False
1099,57,20.43,0.6136666666666667,True,False
1100,39,20.61,0.6133148148148149,True,False
1101,64,20.36,0.6129629629629629,True,False
1102,32,20.68,0.6126111111111111,True,False
1103,43,20.569999999999997,0.6122592592592593,True,False
1104,50,20.499999999999996,0.6119074074074075,True,False
1105,50,20.499999999999996,0.6115555555555556,True,False
1106,60,20.4,0.6112037037037037,True,False
1107,44,20.56,0.6108518518518519,True,False
1108,61,20.389999999999997,0.6105,True,False
1109,45,20.549999999999997,0.6101481481481481,True,False
1110,38,20.619999999999997,0.6097962962962964,True,False
1111,41,20.59,0.6094444444444445,True,False
1112,64,20.36,0.6090925925925925,True,False
1113,47,20.529999999999998,0.6087407407407408,True,False
1114,67,20.33,0.6083888888888889,True,False
1115,46,20.54,0.6080370370370372,True,False
1116,73,20.27,0.6076851851851852,True,False
1117,55,20.45,0.6073333333333333,True,False
1118,48,20.52,0.6069814814814816,True,False
1119,86,20.139999999999997,0.6066296296296296,True,False
1120,46,20.54,0.6062777777777778,True,False
1121,36,20.639999999999997,0.605925925925926,True,False
1122,30,20.7,0.605574074074074,True,False
1123,40,20.599999999999998,0.6052222222222222,True,False
1124,46,20.54,0.6048703703703704,True,False
1125,30,20.7,0.6045185185185186,True,False
1126,45,20.549999999999997,0.6041666666666667,True,False
1127,29,20.709999999999997,0.6038148148148148,True,False
1128,70,20.299999999999997,0.603462962962963,True,False
1129,63,20.369999999999997,0.6031111111111112,True,False
1130,44,20.56,0.6027592592592592,True,False
1131,35,20.65,0.6024074074074075,True,False
1132,64,20.36,0.6020555555555556,True,False
1133,31,20.689999999999998,0.6017037037037036,True,False
1134,57,20.43,0.6013518518518519,True,False
1135,57,20.43,0.601,True,False
1136,30,20.7,0.6006481481481482,True,False
1137,50,20.499999999999996,0.6002962962962963,True,False
1138,33,20.669999999999998,0.5999444444444444,True,False
1139,43,20.569999999999997,0.5995925925925927,True,False
1140,48,20.52,0.5992407407407407,True,False
1141,48,20.52,0.5988888888888889,True,False
1142,30,20.7,0.5985370370370371,True,False
1143,63,20.369999999999997,0.5981851851851852,True,False
1144,47,20.529999999999998,0.5978333333333333,True,False
1145,29,20.709999999999997,0.5974814814814815,True,False
1146,41,20.59,0.5971296296296297,True,False
1147,95,20.049999999999997,0.5967777777777779,True,False
1148,54,20.459999999999997,0.5964259259259259,True,False
1149,43,20.569999999999997,0.5960740740740741,True,False
1150,31,20.689999999999998,0.5957222222222223,True,False
1151,51,20.49,0.5953703703703703,True,False
1152,34,20.659999999999997,0.5950185185185186,True,False
1153,38,20.619999999999997,0.5946666666666667,True,False
1154,43,20.569999999999997,0.5943148148148147,True,False
1155,44,20.56,0.593962962962963,True,False
1156,34,20.659999999999997,0.5936111111111111,True,False
1157,37,20.63,0.5932592592592593,True,False
1158,41,20.59,0.5929074074074074,True,False
1159,60,20.4,0.5925555555555556,True,False
1160,67,20.33,0.5922037037037037,True,False
1161,44,20.56,0.5918518518518519,True,False
1162,58,20.419999999999998,0.5915,True,False
1163,42,20.58,0.5911481481481482,True,False
1164,40,20.599999999999998,0.5907962962962963,True,False
1165,104,19.959999999999997,0.5904444444444444,True,False
1166,52,20.479999999999997,0.5900925925925926,True,False
1167,58,20.419999999999998,0.5897407407407407,True,False
1168,45,20.549999999999997,0.589388888888889,True,False
1169,28,20.72,0.589037037037037,True,False
1170,46,20.54,0.5886851851851852,True,False
1171,40,20.599999999999998,0.5883333333333334,True,False
1172,42,20.58,0.5879814814814814,True,False
1173,22,20.779999999999998,0.5876296296296297,True,False
1174,24,20.759999999999998,0.5872777777777778,True,False
1175,47,20.529999999999998,0.586925925925926,True,False
1176,53,20.47,0.5865740740740741,True,False
1177,46,20.54,0.5862222222222222,True,False
1178,29,20.709999999999997,0.5858703703703704,True,False
1179,43,20.569999999999997,0.5855185185185185,True,False
1180,33,20.669999999999998,0.5851666666666667,True,False
1181,33,20.669999999999998,0.5848148148148148,True,False
1182,36,20.639999999999997,0.584462962962963,True,False
1183,26,20.74,0.5841111111111111,True,False
1184,79,20.209999999999997,0.5837592592592593,True,False
1185,34,20.659999999999997,0.5834074074074074,True,False
1186,49,20.509999999999998,0.5830555555555557,True,False
1187,38,20.619999999999997,0.5827037037037037,True,False
1188,46,20.54,0.5823518518518518,True,False
1189,65,20.349999999999998,0.5820000000000001,True,False
1190,40,20.599999999999998,0.5816481481481481,True,False
1191,30,20.7,0.5812962962962963,True,False
1192,68,20.319999999999997,0.5809444444444445,True,False
1193,45,20.549999999999997,0.5805925925925925,True,False
1194,48,20.52,0.5802407407407408,True,False
1195,48,20.52,0.5798888888888889,True,False
1196,25,20.75,0.5795370370370371,True,False
1197,55,20.45,0.5791851851851852,True,False
1198,28,20.72,0.5788333333333333,True,False
1199,71,20.29,0.5784814814814815,True,False
1200,51,20.49,0.5781296296296297,True,False
1201,48,20.52,0.5777777777777778,True,False
1202,42,20.58,0.577425925925926,True,False
1203,37,20.63,0.5770740740740741,True,False
1204,35,20.65,0.5767222222222222,True,False
1205,77,20.229999999999997,0.5763703703703704,True,False
1206,34,20.659999999999997,0.5760185185185185,True,False
1207,30,20.7,0.5756666666666668,True,False
1208,38,20.619999999999997,0.5753148148148148,True,False
1209,50,20.499999999999996,0.5749629629629629,True,False
1210,30,20.7,0.5746111111111112,True,False
1211,24,20.759999999999998,0.5742592592592592,True,False
1212,44,20.56,0.5739074074074074,True,False
1213,32,20.68,0.5735555555555556,True,False
1214,43,20.569999999999997,0.5732037037037037,True,False
1215,46,20.54,0.5728518518518518,True,False
1216,28,20.72,0.5725,True,False
1217,54,20.459999999999997,0.5721481481481482,True,False
1218,39,20.61,0.5717962962962964,True,False
1219,43,20.569999999999997,0.5714444444444444,True,False
1220,44,20.56,0.5710925925925926,True,False
1221,34,20.659999999999997,0.5707407407407408,True,False
1222,55,20.45,0.5703888888888888,True,False
1223,46,20.54,0.5700370370370371,True,False
1224,46,20.54,0.5696851851851852,True,False
1225,65,20.349999999999998,0.5693333333333334,True,False
1226,40,20.599999999999998,0.5689814814814815,True,False
1227,34,20.659999999999997,0.5686296296296296,True,False
1228,57,20.43,0.5682777777777779,True,False
1229,25,20.75,0.567925925925926,True,False
1230,33,20.669999999999998,0.567574074074074,True,False
1231,31,20.689999999999998,0.5672222222222223,True,False
1232,40,20.599999999999998,0.5668703703703704,True,False
1233,58,20.419999999999998,0.5665185185185185,True,False
1234,111,19.889999999999997,0.5661666666666667,True,False
1235,60,20.4,0.5658148148148148,True,False
1236,47,20.529999999999998,0.565462962962963,True,False
1237,54,20.459999999999997,0.5651111111111111,True,False
1238,34,20.659999999999997,0.5647592592592593,True,False
1239,32,20.68,0.5644074074074075,True,False
1240,28,20.72,0.5640555555555555,True,False
1241,47,20.529999999999998,0.5637037037037037,True,False
1242,31,20.689999999999998,0.5633518518518519,True,False
1243,28,20.72,0.563,True,False
1244,41,20.59,0.5626481481481482,True,False
1245,44,20.56,0.5622962962962963,True,False
1246,46,20.54,0.5619444444444444,True,False
1247,37,20.63,0.5615925925925926,True,False
1248,37,20.63,0.5612407407407407,True,False
1249,42,20.58,0.560888888888889,True,False
1250,49,20.509999999999998,0.5605370370370371,True,False
1251,43,20.569999999999997,0.5601851851851852,True,False
1252,39,20.61,0.5598333333333334,True,False
1253,57,20.43,0.5594814814814815,True,False
1254,28,20.72,0.5591296296296296,True,False
1255,50,20.499999999999996,0.5587777777777778,True,False
1256,44,20.56,0.558425925925926,True,False
1257,34,20.659999999999997,0.5580740740740741,True,False
1258,38,20.619999999999997,0.5577222222222222,True,False
1259,60,20.4,0.5573703703703704,True,False
1260,32,20.68,0.5570185185185186,True,False
1261,25,20.75,0.5566666666666666,True,False
1262,44,20.56,0.5563148148148148,True,False
1263,41,20.59,0.555962962962963,True,False
1264,50,20.499999999999996,0.5556111111111111,True,False
1265,32,20.68,0.5552592592592593,True,False
1266,31,20.689999999999998,0.5549074074074074,True,False
1267,29,20.709999999999997,0.5545555555555556,True,False
1268,38,20.619999999999997,0.5542037037037038,True,False
1269,39,20.61,0.5538518518518518,True,False
1270,39,20.61,0.5535000000000001,True,False
1271,37,20.63,0.5531481481481482,True,False
1272,41,20.59,0.5527962962962963,True,False
1273,43,20.569999999999997,0.5524444444444445,True,False
1274,59,20.409999999999997,0.5520925925925926,True,False
1275,30,20.7,0.5517407407407408,True,False
1276,56,20.439999999999998,0.5513888888888889,True,False
1277,33,20.669999999999998,0.551037037037037,True,False
1278,46,20.54,0.5506851851851853,True,False
1279,41,20.59,0.5503333333333333,True,False
1280,28,20.72,0.5499814814814815,True,False
1281,23,20.77,0.5496296296296297,True,False
1282,26,20.74,0.5492777777777778,True,False
1283,27,20.729999999999997,0.548925925925926,True,False
1284,52,20.479999999999997,0.5485740740740741,True,False
1285,34,20.659999999999997,0.5482222222222222,True,False
1286,34,20.659999999999997,0.5478703703703705,True,False
1287,42,20.58,0.5475185185185185,True,False
1288,40,20.599999999999998,0.5471666666666667,True,False
1289,30,20.7,0.5468148148148149,True,False
1290,24,20.759999999999998,0.5464629629629629,True,False
1291,39,20.61,0.5461111111111111,True,False
1292,42,20.58,0.5457592592592593,True,False
1293,57,20.43,0.5454074074074075,True,False
1294,57,20.43,0.5450555555555556,True,False
1295,39,20.61,0.5447037037037037,True,False
1296,32,20.68,0.5443518518518519,True,False
1297,107,19.929999999999996,0.544,True,False
1298,29,20.709999999999997,0.5436481481481481,True,False
1299,39,20.61,0.5432962962962964,True,False
1300,52,20.479999999999997,0.5429444444444445,True,False
1301,38,20.619999999999997,0.5425925925925926,True,False
1302,32,20.68,0.5422407407407408,True,False
1303,39,20.61,0.5418888888888889,True,False
1304,46,20.54,0.5415370370370372,True,False
1305,52,20.479999999999997,0.5411851851851852,True,False
1306,61,20.389999999999997,0.5408333333333333,True,False
1307,40,20.599999999999998,0.5404814814814816,True,False
1308,24,20.759999999999998,0.5401296296296296,True,False
1309,25,20.75,0.5397777777777778,True,False
1310,47,20.529999999999998,0.539425925925926,True,False
1311,57,20.43,0.539074074074074,True,False
1312,48,20.52,0.5387222222222222,True,False
1313,32,20.68,0.5383703703703704,True,False
1314,20,20.799999999999997,0.5380185185185186,True,False
1315,52,20.479999999999997,0.5376666666666667,True,False
1316,47,20.529999999999998,0.5373148148148148,True,False
1317,18,20.819999999999997,0.536962962962963,True,False
1318,50,20.499999999999996,0.5366111111111111,True,False
1319,23,20.77,0.5362592592592592,True,False
1320,38,20.619999999999997,0.5359074074074075,True,False
1321,41,20.59,0.5355555555555556,True,False
1322,55,20.45,0.5352037037037036,True,False
1323,42,20.58,0.5348518518518519,True,False
1324,52,20.479999999999997,0.5345,True,False
1325,37,20.63,0.5341481481481483,True,False
1326,40,20.599999999999998,0.5337962962962963,True,False
1327,28,20.72,0.5334444444444444,True,False
1328,31,20.689999999999998,0.5330925925925927,True,False
1329,27,20.729999999999997,0.5327407407407407,True,False
1330,34,20.659999999999997,0.5323888888888889,True,False
1331,41,20.59,0.5320370370370371,True,False
1332,34,20.659999999999997,0.5316851851851851,True,False
1333,32,20.68,0.5313333333333333,True,False
1334,32,20.68,0.5309814814814815,True,False
1335,21,20.79,0.5306296296296297,True,False
1336,26,20.74,0.5302777777777778,True,False
1337,36,20.639999999999997,0.5299259259259259,True,False
1338,25,20.75,0.5295740740740741,True,False
1339,27,20.729999999999997,0.5292222222222223,True,False
1340,45,20.549999999999997,0.5288703703703703,True,False
1341,46,20.54,0.5285185185185186,True,False
1342,32,20.68,0.5281666666666667,True,False
1343,47,20.529999999999998,0.5278148148148147,True,False
1344,32,20.68,0.527462962962963,True,False
1345,28,20.72,0.5271111111111111,True,False
1346,34,20.659999999999997,0.5267592592592593,True,False
1347,34,20.659999999999997,0.5264074074074074,True,False
1348,29,20.709999999999997,0.5260555555555556,True,False
1349,30,20.7,0.5257037037037038,True,False
1350,25,20.75,0.5253518518518518,True,False
1351,37,20.63,0.525,True,False
1352,29,20.709999999999997,0.5246481481481482,True,False
1353,47,20.529999999999998,0.5242962962962964,True,False
1354,18,20.819999999999997,0.5239444444444445,True,False
1355,31,20.689999999999998,0.5235925925925926,True,False
1356,43,20.569999999999997,0.5232407407407407,True,False
1357,25,20.75,0.522888888888889,True,False
1358,40,20.599999999999998,0.522537037037037,True,False
1359,33,20.669999999999998,0.5221851851851853,True,False
1360,43,20.569999999999997,0.5218333333333334,True,False
1361,36,20.639999999999997,0.5214814814814815,True,False
1362,36,20.639999999999997,0.5211296296296296,True,False
1363,38,20.619999999999997,0.5207777777777778,True,False
1364,39,20.61,0.520425925925926,True,False
1365,46,20.54,0.5200740740740741,True,False
1366,42,20.58,0.5197222222222222,True,False
1367,43,20.569999999999997,0.5193703703703705,True,False
1368,26,20.74,0.5190185185185185,True,False
1369,22,20.779999999999998,0.5186666666666666,True,False
1370,36,20.639999999999997,0.5183148148148149,True,False
1371,44,20.56,0.517962962962963,True,False
1372,46,20.54,0.5176111111111111,True,False
1373,34,20.659999999999997,0.5172592592592593,True,False
1374,48,20.52,0.5169074074074075,True,False
1375,30,20.7,0.5165555555555557,True,False
1376,36,20.639999999999997,0.5162037037037037,True,False
1377,30,20.7,0.5158518518518518,True,False
1378,34,20.659999999999997,0.5155000000000001,True,False
1379,26,20.74,0.5151481481481481,True,False
1380,25,20.75,0.5147962962962964,True,False
1381,31,20.689999999999998,0.5144444444444445,True,False
1382,29,20.709999999999997,0.5140925925925925,True,False
1383,42,20.58,0.5137407407407407,True,False
1384,51,20.49,0.5133888888888889,True,False
1385,34,20.659999999999997,0.5130370370370371,True,False
1386,28,20.72,0.5126851851851852,True,False
1387,29,20.709999999999997,0.5123333333333333,True,False
1388,26,20.74,0.5119814814814816,True,False
1389,57,20.43,0.5116296296296297,True,False
1390,28,20.72,0.5112777777777777,True,False
1391,56,20.439999999999998,0.510925925925926,True,False
1392,24,20.759999999999998,0.5105740740740741,True,False
1393,28,20.72,0.5102222222222222,True,False
1394,42,20.58,0.5098703703703704,True,False
1395,31,20.689999999999998,0.5095185185185186,True,False
1396,28,20.72,0.5091666666666667,True,False
1397,45,20.549999999999997,0.5088148148148148,True,False
1398,37,20.63,0.5084629629629629,True,False
1399,42,20.58,0.5081111111111112,True,False
1400,35,20.65,0.5077592592592592,True,False
1401,22,20.779999999999998,0.5074074074074075,True,False
1402,31,20.689999999999998,0.5070555555555556,True,False
1403,47,20.529999999999998,0.5067037037037037,True,False
1404,26,20.74,0.5063518518518518,True,False
1405,36,20.639999999999997,0.506,True,False
1406,30,20.7,0.5056481481481482,True,False
1407,44,20.56,0.5052962962962964,True,False
1408,36,20.639999999999997,0.5049444444444444,True,False
1409,25,20.75,0.5045925925925927,True,False
1410,20,20.799999999999997,0.5042407407407408,True,False
1411,22,20.779999999999998,0.5038888888888888,True,False
1412,36,20.639999999999997,0.5035370370370371,True,False
1413,27,20.729999999999997,0.5031851851851852,True,False
1414,30,20.7,0.5028333333333334,True,False
1415,30,20.7,0.5024814814814815,True,False
1416,31,20.689999999999998,0.5021296296296297,True,False
1417,31,20.689999999999998,0.5017777777777778,True,False
1418,39,20.61,0.5014259259259259,True,False
1419,34,20.659999999999997,0.501074074074074,True,False
1420,27,20.729999999999997,0.5007222222222223,True,False
1421,36,20.639999999999997,0.5003703703703704,True,False
1422,36,20.639999999999997,0.5000185185185186,True,False
1423,44,20.56,0.4996666666666667,True,False
1424,23,20.77,0.49931481481481477,True,False
1425,31,20.689999999999998,0.49896296296296294,True,False
1426,30,20.7,0.4986111111111111,True,False
1427,43,20.569999999999997,0.4982592592592593,True,False
1428,31,20.689999999999998,0.49790740740740747,True,False
1429,46,20.54,0.49755555555555564,True,False
1430,23,20.77,0.4972037037037038,True,False
1431,38,20.619999999999997,0.4968518518518519,True,False
1432,50,20.499999999999996,0.49650000000000005,True,False
1433,38,20.619999999999997,0.4961481481481481,True,False
1434,27,20.729999999999997,0.4957962962962963,True,False
1435,24,20.759999999999998,0.49544444444444447,True,False
1436,27,20.729999999999997,0.49509259259259264,True,False
1437,30,20.7,0.4947407407407408,True,False
1438,47,20.529999999999998,0.4943888888888889,True,False
1439,39,20.61,0.49403703703703705,True,False
1440,28,20.72,0.4936851851851852,True,False
1441,49,20.509999999999998,0.4933333333333334,True,False
1442,26,20.74,0.4929814814814816,True,False
1443,35,20.65,0.49262962962962964,True,False
1444,34,20.659999999999997,0.4922777777777777,True,False
1445,43,20.569999999999997,0.4919259259259259,True,False
1446,38,20.619999999999997,0.49157407407407405,True,False
1447,27,20.729999999999997,0.4912222222222222,True,False
1448,30,20.7,0.4908703703703704,True,False
1449,31,20.689999999999998,0.4905185185185186,True,False
1450,30,20.7,0.49016666666666675,True,False
1451,36,20.639999999999997,0.4898148148148148,True,False
1452,25,20.75,0.489462962962963,True,False
1453,28,20.72,0.48911111111111116,True,False
1454,41,20.59,0.4887592592592592,True,False
1455,22,20.779999999999998,0.4884074074074074,True,False
1456,34,20.659999999999997,0.4880555555555556,True,False
1457,32,20.68,0.48770370370370375,True,False
1458,38,20.619999999999997,0.4873518518518518,True,False
1459,38,20.619999999999997,0.487,True,False
1460,30,20.7,0.48664814814814816,True,False
1461,45,20.549999999999997,0.48629629629629634,True,False
1462,34,20.659999999999997,0.4859444444444445,True,False
1463,31,20.689999999999998,0.4855925925925927,True,False
1464,33,20.669999999999998,0.48524074074074086,True,False
1465,35,20.65,0.4848888888888888,True,False
1466,32,20.68,0.484537037037037,True,False
1467,27,20.729999999999997,0.48418518518518516,True,False
1468,29,20.709999999999997,0.48383333333333334,True,False
1469,29,20.709999999999997,0.4834814814814815,True,False
1470,44,20.56,0.4831296296296297,True,False
1471,22,20.779999999999998,0.48277777777777786,True,False
1472,41,20.59,0.4824259259259259,True,False
1473,20,20.799999999999997,0.4820740740740741,True,False
1474,40,20.599999999999998,0.4817222222222223,True,False
1475,38,20.619999999999997,0.48137037037037045,True,False
1476,35,20.65,0.4810185185185185,True,False
1477,28,20.72,0.4806666666666667,True,False
1478,24,20.759999999999998,0.48031481481481486,True,False
1479,36,20.639999999999997,0.4799629629629629,True,False
1480,49,20.509999999999998,0.4796111111111111,True,False
1481,41,20.59,0.4792592592592593,True,False
1482,37,20.63,0.47890740740740745,True,False
1483,48,20.52,0.4785555555555556,True,False
1484,30,20.7,0.4782037037037038,True,False
1485,36,20.639999999999997,0.47785185185185197,True,False
1486,52,20.479999999999997,0.47750000000000004,True,False
1487,42,20.58,0.4771481481481481,True,False
1488,28,20.72,0.4767962962962963,True,False
1489,50,20.499999999999996,0.47644444444444445,True,False
1490,30,20.7,0.4760925925925926,True,False
1491,27,20.729999999999997,0.4757407407407408,True,False
1492,34,20.659999999999997,0.47538888888888897,True,False
1493,39,20.61,0.47503703703703704,True,False
1494,29,20.709999999999997,0.4746851851851852,True,False
1495,38,20.619999999999997,0.4743333333333334,True,False
1496,37,20.63,0.47398148148148156,True,False
1497,34,20.659999999999997,0.4736296296296296,True,False
1498,30,20.7,0.4732777777777778,True,False
1499,25,20.75,0.47292592592592597,True,False
1500,38,20.619999999999997,0.47257407407407404,True,False
1501,36,20.639999999999997,0.4722222222222222,True,False
1502,42,20.58,0.4718703703703704,True,False
1503,20,20.799999999999997,0.47151851851851856,True,False
1504,38,20.619999999999997,0.47116666666666673,True,False
1505,36,20.639999999999997,0.4708148148148149,True,False
1506,36,20.639999999999997,0.47046296296296297,True,False
1507,33,20.669999999999998,0.47011111111111115,True,False
1508,26,20.74,0.4697592592592592,True,False
1509,26,20.74,0.4694074074074074,True,False
1510,30,20.7,0.46905555555555556,True,False
1511,32,20.68,0.46870370370370373,True,False
1512,30,20.7,0.4683518518518519,True,False
1513,36,20.639999999999997,0.46799999999999997,True,False
1514,33,20.669999999999998,0.46764814814814815,True,False
1515,31,20.689999999999998,0.4672962962962963,True,False
1516,33,20.669999999999998,0.4669444444444445,True,False
1517,45,20.549999999999997,0.46659259259259267,True,False
1518,40,20.599999999999998,0.46624074074074084,True,False
1519,28,20.72,0.4658888888888889,True,False
1520,32,20.68,0.46553703703703697,True,False
1521,42,20.58,0.46518518518518515,True,False
1522,34,20.659999999999997,0.4648333333333333,True,False
1523,36,20.639999999999997,0.4644814814814815,True,False
1524,20,20.799999999999997,0.46412962962962967,True,False
1525,33,20.669999999999998,0.46377777777777784,True,False
1526,44,20.56,0.463425925925926,True,False
1527,41,20.59,0.4630740740740741,True,False
1528,36,20.639999999999997,0.46272222222222226,True,False
1529,24,20.759999999999998,0.46237037037037043,True,False
1530,19,20.81,0.4620185185185185,True,False
1531,28,20.72,0.46166666666666667,True,False
1532,63,20.369999999999997,0.46131481481481484,True,False
1533,44,20.56,0.460962962962963,True,False
1534,33,20.669999999999998,0.4606111111111111,True,False
1535,35,20.65,0.46025925925925926,True,False
1536,36,20.639999999999997,0.45990740740740743,True,False
1537,46,20.54,0.4595555555555556,True,False
1538,25,20.75,0.4592037037037038,True,False
1539,30,20.7,0.45885185185185196,True,False
1540,26,20.74,0.4585,True,False
1541,23,20.77,0.4581481481481481,True,False
1542,26,20.74,0.45779629629629626,True,False
1543,42,20.58,0.45744444444444443,True,False
1544,42,20.58,0.4570925925925926,True,False
1545,26,20.74,0.4567407407407408,True,False
1546,40,20.599999999999998,0.45638888888888896,True,False
1547,39,20.61,0.45603703703703713,True,False
1548,34,20.659999999999997,0.4556851851851852,True,False
1549,42,20.58,0.45533333333333337,True,False
1550,24,20.759999999999998,0.45498148148148154,True,False
1551,21,20.79,0.4546296296296296,True,False
1552,32,20.68,0.4542777777777778,True,False
1553,27,20.729999999999997,0.45392592592592595,True,False
1554,46,20.54,0.45357407407407413,True,False
1555,29,20.709999999999997,0.4532222222222222,True,False
1556,28,20.72,0.45287037037037037,True,False
1557,33,20.669999999999998,0.45251851851851854,True,False
1558,34,20.659999999999997,0.4521666666666667,True,False
1559,28,20.72,0.4518148148148149,True,False
1560,41,20.59,0.45146296296296307,True,False
1561,27,20.729999999999997,0.45111111111111124,True,False
1562,24,20.759999999999998,0.4507592592592592,True,False
1563,33,20.669999999999998,0.45040740740740737,True,False
1564,22,20.779999999999998,0.45005555555555554,True,False
1565,27,20.729999999999997,0.4497037037037037,True,False
1566,23,20.77,0.4493518518518519,True,False
1567,20,20.799999999999997,0.44900000000000007,True,False
1568,23,20.77,0.44864814814814813,True,False
1569,33,20.669999999999998,0.4482962962962963,True,False
1570,30,20.7,0.4479444444444445,True,False
1571,29,20.709999999999997,0.44759259259259265,True,False
1572,35,20.65,0.4472407407407408,True,False
1573,34,20.659999999999997,0.4468888888888889,True,False
1574,29,20.709999999999997,0.44653703703703707,True,False
1575,40,20.599999999999998,0.44618518518518513,True,False
1576,36,20.639999999999997,0.4458333333333333,True,False
1577,24,20.759999999999998,0.4454814814814815,True,False
1578,22,20.779999999999998,0.44512962962962965,True,False
1579,39,20.61,0.4447777777777778,True,False
1580,22,20.779999999999998,0.444425925925926,True,False
1581,44,20.56,0.4440740740740742,True,False
1582,30,20.7,0.44372222222222224,True,False
1583,36,20.639999999999997,0.4433703703703704,True,False
1584,26,20.74,0.4430185185185185,True,False
1585,35,20.65,0.44266666666666665,True,False
1586,24,20.759999999999998,0.4423148148148148,True,False
1587,50,20.499999999999996,0.441962962962963,True,False
1588,40,20.599999999999998,0.4416111111111112,True,False
1589,23,20.77,0.44125925925925924,True,False
1590,31,20.689999999999998,0.4409074074074074,True,False
1591,33,20.669999999999998,0.4405555555555556,True,False
1592,38,20.619999999999997,0.44020370370370376,True,False
1593,59,20.409999999999997,0.43985185185185194,True,False
1594,23,20.77,0.4395,True,False
1595,30,20.7,0.4391481481481482,True,False
1596,36,20.639999999999997,0.43879629629629624,True,False
1597,40,20.599999999999998,0.4384444444444444,True,False
1598,29,20.709999999999997,0.4380925925925926,True,False
1599,36,20.639999999999997,0.43774074074074076,True,False
1600,36,20.639999999999997,0.43738888888888894,True,False
1601,32,20.68,0.4370370370370371,True,False
1602,26,20.74,0.4366851851851853,True,False
1603,31,20.689999999999998,0.43633333333333335,True,False
1604,28,20.72,0.4359814814814815,True,False
1605,29,20.709999999999997,0.4356296296296296,True,False
1606,41,20.59,0.43527777777777776,True,False
1607,30,20.7,0.43492592592592594,True,False
1608,28,20.72,0.4345740740740741,True,False
1609,28,20.72,0.4342222222222223,True,False
1610,38,20.619999999999997,0.43387037037037035,True,False
1611,32,20.68,0.4335185185185185,True,False
1612,28,20.72,0.4331666666666667,True,False
1613,39,20.61,0.4328148148148149,True,False
1614,25,20.75,0.43246296296296305,True,False
1615,27,20.729999999999997,0.4321111111111112,True,False
1616,37,20.63,0.4317592592592593,True,False
1617,22,20.779999999999998,0.43140740740740735,True,False
1618,23,20.77,0.4310555555555555,True,False
1619,20,20.799999999999997,0.4307037037037037,True,False
1620,39,20.61,0.4303518518518519,True,False
1621,23,20.77,0.43000000000000005,True,False
1622,28,20.72,0.4296481481481482,True,False
1623,34,20.659999999999997,0.4292962962962964,True,False
1624,27,20.729999999999997,0.42894444444444446,True,False
1625,29,20.709999999999997,0.42859259259259264,True,False
1626,36,20.639999999999997,0.4282407407407408,True,False
1627,20,20.799999999999997,0.4278888888888889,True,False
1628,28,20.72,0.42753703703703705,True,False
1629,27,20.729999999999997,0.4271851851851852,True,False
1630,36,20.639999999999997,0.4268333333333333,True,False
1631,26,20.74,0.42648148148148146,True,False
1632,34,20.659999999999997,0.42612962962962964,True,False
1633,48,20.52,0.4257777777777778,True,False
1634,32,20.68,0.425425925925926,True,False
1635,42,20.58,0.42507407407407416,True,False
1636,38,20.619999999999997,0.42472222222222233,True,False
1637,19,20.81,0.4243703703703704,True,False
1638,43,20.569999999999997,0.42401851851851846,True,False
1639,32,20.68,0.42366666666666664,True,False
1640,32,20.68,0.4233148148148148,True,False
1641,37,20.63,0.422962962962963,True,False
1642,32,20.68,0.42261111111111116,True,False
1643,27,20.729999999999997,0.42225925925925933,True,False
1644,34,20.659999999999997,0.4219074074074074,True,False
1645,35,20.65,0.42155555555555557,True,False
1646,23,20.77,0.42120370370370375,True,False
1647,37,20.63,0.4208518518518519,True,False
1648,26,20.74,0.4205,True,False
1649,36,20.639999999999997,0.42014814814814816,True,False
1650,32,20.68,0.41979629629629633,True,False
1651,32,20.68,0.4194444444444444,True,False
1652,36,20.639999999999997,0.41909259259259257,True,False
1653,23,20.77,0.41874074074074075,True,False
1654,33,20.669999999999998,0.4183888888888889,True,False
1655,31,20.689999999999998,0.4180370370370371,True,False
1656,30,20.7,0.41768518518518527,True,False
1657,20,20.799999999999997,0.41733333333333344,True,False
1658,32,20.68,0.4169814814814815,True,False
1659,36,20.639999999999997,0.41662962962962957,True,False
1660,47,20.529999999999998,0.41627777777777775,True,False
1661,31,20.689999999999998,0.4159259259259259,True,False
1662,27,20.729999999999997,0.4155740740740741,True,False
1663,35,20.65,0.41522222222222227,True,False
1664,37,20.63,0.41487037037037044,True,False
1665,37,20.63,0.4145185185185185,True,False
1666,37,20.63,0.4141666666666667,True,False
1667,30,20.7,0.41381481481481486,True,False
1668,29,20.709999999999997,0.41346296296296303,True,False
1669,30,20.7,0.4131111111111112,True,False
1670,37,20.63,0.41275925925925927,True,False
1671,20,20.799999999999997,0.41240740740740744,True,False
1672,34,20.659999999999997,0.4120555555555555,True,False
1673,35,20.65,0.4117037037037037,True,False
1674,38,20.619999999999997,0.41135185185185186,True,False
1675,29,20.709999999999997,0.41100000000000003,True,False
1676,33,20.669999999999998,0.4106481481481482,True,False
1677,27,20.729999999999997,0.4102962962962964,True,False
1678,25,20.75,0.40994444444444456,True,False
1679,23,20.77,0.4095925925925926,True,False
1680,46,20.54,0.4092407407407408,True,False
1681,28,20.72,0.40888888888888886,True,False
1682,34,20.659999999999997,0.40853703703703703,True,False
1683,22,20.779999999999998,0.4081851851851852,True,False
1684,29,20.709999999999997,0.4078333333333334,True,False
1685,34,20.659999999999997,0.40748148148148156,True,False
1686,22,20.779999999999998,0.4071296296296296,True,False
1687,26,20.74,0.4067777777777778,True,False
1688,30,20.7,0.40642592592592597,True,False
1689,39,20.61,0.40607407407407414,True,False
1690,31,20.689999999999998,0.4057222222222223,True,False
1691,42,20.58,0.4053703703703705,True,False
1692,33,20.669999999999998,0.40501851851851844,True,False
1693,22,20.779999999999998,0.4046666666666666,True,False
1694,49,20.509999999999998,0.4043148148148148,True,False
1695,31,20.689999999999998,0.40396296296296297,True,False
1696,46,20.54,0.40361111111111114,True,False
1697,32,20.68,0.4032592592592593,True,False
1698,42,20.58,0.4029074074074075,True,False
1699,20,20.799999999999997,0.40255555555555556,True,False
1700,24,20.759999999999998,0.40220370370370373,True,False
1701,59,20.409999999999997,0.4018518518518519,True,False
1702,29,20.709999999999997,0.4015000000000001,True,False
1703,22,20.779999999999998,0.40114814814814814,True,False
1704,35,20.65,0.4007962962962963,True,False
1705,20,20.799999999999997,0.4004444444444445,True,False
1706,33,20.669999999999998,0.40009259259259256,True,False
1707,28,20.72,0.39974074074074073,True,False
1708,23,20.77,0.3993888888888889,True,False
1709,26,20.74,0.3990370370370371,True,False
1710,33,20.669999999999998,0.39868518518518525,True,False
1711,38,20.619999999999997,0.39833333333333343,True,False
1712,26,20.74,0.3979814814814816,True,False
1713,23,20.77,0.39762962962962967,True,False
1714,24,20.759999999999998,0.39727777777777773,True,False
1715,41,20.59,0.3969259259259259,True,False
1716,34,20.659999999999997,0.3965740740740741,True,False
1717,27,20.729999999999997,0.39622222222222225,True,False
1718,24,20.759999999999998,0.39587037037037043,True,False
1719,29,20.709999999999997,0.3955185185185186,True,False
1720,30,20.7,0.39516666666666667,True,False
1721,38,20.619999999999997,0.39481481481481484,True,False
1722,58,20.419999999999998,0.394462962962963,True,False
1723,28,20.72,0.3941111111111112,True,False
1724,26,20.74,0.39375925925925925,True,False
1725,25,20.75,0.39340740740740743,True,False
1726,39,20.61,0.3930555555555556,True,False
1727,39,20.61,0.39270370370370367,True,False
1728,27,20.729999999999997,0.39235185185185184,True,False
1729,31,20.689999999999998,0.392,True,False
1730,37,20.63,0.3916481481481482,True,False
1731,33,20.669999999999998,0.39129629629629636,True,False
1732,50,20.499999999999996,0.39094444444444454,True,False
1733,22,20.779999999999998,0.3905925925925927,True,False
1734,24,20.759999999999998,0.3902407407407408,True,False
1735,28,20.72,0.38988888888888884,True,False
1736,30,20.7,0.389537037037037,True,False
1737,30,20.7,0.3891851851851852,True,False
1738,26,20.74,0.38883333333333336,True,False
1739,36,20.639999999999997,0.38848148148148154,True,False
1740,30,20.7,0.3881296296296297,True,False
1741,27,20.729999999999997,0.3877777777777778,True,False
1742,35,20.65,0.38742592592592595,True,False
1743,38,20.619999999999997,0.3870740740740741,True,False
1744,23,20.77,0.3867222222222223,True,False
1745,43,20.569999999999997,0.3863703703703705,True,False
1746,27,20.729999999999997,0.38601851851851854,True,False
1747,21,20.79,0.3856666666666667,True,False
1748,46,20.54,0.3853148148148148,True,False
1749,34,20.659999999999997,0.38496296296296295,True,False
1750,29,20.709999999999997,0.3846111111111111,True,False
1751,26,20.74,0.3842592592592593,True,False
1752,31,20.689999999999998,0.3839074074074075,True,False
1753,29,20.709999999999997,0.38355555555555565,True,False
1754,46,20.54,0.3832037037037037,True,False
1755,33,20.669999999999998,0.3828518518518519,True,False
1756,28,20.72,0.38250000000000006,True,False
1757,31,20.689999999999998,0.3821481481481481,True,False
1758,23,20.77,0.3817962962962963,True,False
1759,35,20.65,0.3814444444444445,True,False
1760,26,20.74,0.38109259259259265,True,False
1761,26,20.74,0.3807407407407407,True,False
1762,37,20.63,0.3803888888888889,True,False
1763,30,20.7,0.38003703703703706,True,False
1764,20,20.799999999999997,0.37968518518518524,True,False
1765,31,20.689999999999998,0.3793333333333334,True,False
1766,50,20.499999999999996,0.3789814814814816,True,False
1767,22,20.779999999999998,0.37862962962962965,True,False
1768,24,20.759999999999998,0.3782777777777777,True,False
1769,29,20.709999999999997,0.3779259259259259,True,False
1770,49,20.509999999999998,0.37757407407407406,True,False
1771,28,20.72,0.37722222222222224,True,False
1772,29,20.709999999999997,0.3768703703703704,True,False
1773,24,20.759999999999998,0.3765185185185186,True,False
1774,26,20.74,0.37616666666666676,True,False
1775,26,20.74,0.3758148148148148,True,False
1776,25,20.75,0.375462962962963,True,False
1777,24,20.759999999999998,0.3751111111111112,True,False
1778,24,20.759999999999998,0.37475925925925924,True,False
1779,28,20.72,0.3744074074074074,True,False
1780,21,20.79,0.3740555555555556,True,False
1781,36,20.639999999999997,0.37370370370370376,True,False
1782,26,20.74,0.3733518518518518,True,False
1783,21,20.79,0.373,True,False
1784,33,20.669999999999998,0.3726481481481482,True,False
1785,28,20.72,0.37229629629629635,True,False
1786,22,20.779999999999998,0.3719444444444445,True,False
1787,26,20.74,0.3715925925925927,True,False
1788,28,20.72,0.37124074074074087,True,False
1789,32,20.68,0.3708888888888888,True,False
1790,44,20.56,0.370537037037037,True,False
1791,25,20.75,0.3701851851851852,True,False
1792,46,20.54,0.36983333333333335,True,False
1793,31,20.689999999999998,0.3694814814814815,True,False
1794,45,20.549999999999997,0.3691296296296297,True,False
1795,35,20.65,0.36877777777777787,True,False
1796,33,20.669999999999998,0.36842592592592593,True,False
1797,28,20.72,0.3680740740740741,True,False
1798,25,20.75,0.3677222222222223,True,False
1799,27,20.729999999999997,0.36737037037037046,True,False
1800,24,20.759999999999998,0.3670185185185185,True,False
1801,22,20.779999999999998,0.3666666666666667,True,False
1802,27,20.729999999999997,0.36631481481481487,True,False
1803,28,20.72,0.36596296296296293,True,False
1804,24,20.759999999999998,0.3656111111111111,True,False
1805,29,20.709999999999997,0.3652592592592593,True,False
1806,27,20.729999999999997,0.36490740740740746,True,False
1807,34,20.659999999999997,0.36455555555555563,True,False
1808,26,20.74,0.3642037037037038,True,False
1809,28,20.72,0.363851851851852,True,False
1810,28,20.72,0.36350000000000005,True,False
1811,19,20.81,0.3631481481481481,True,False
1812,20,20.799999999999997,0.3627962962962963,True,False
1813,35,20.65,0.36244444444444446,True,False
1814,29,20.709999999999997,0.36209259259259263,True,False
1815,34,20.659999999999997,0.3617407407407408,True,False
1816,18,20.819999999999997,0.36138888888888887,True,False
1817,18,20.819999999999997,0.36103703703703705,True,False
1818,22,20.779999999999998,0.3606851851851852,True,False
1819,20,20.799999999999997,0.3603333333333334,True,False
1820,30,20.7,0.35998148148148157,True,False
1821,31,20.689999999999998,0.35962962962962963,True,False
1822,31,20.689999999999998,0.3592777777777778,True,False
1823,22,20.779999999999998,0.35892592592592587,True,False
1824,34,20.659999999999997,0.35857407407407405,True,False
1825,34,20.659999999999997,0.3582222222222222,True,False
1826,34,20.659999999999997,0.3578703703703704,True,False
1827,30,20.7,0.35751851851851857,True,False
1828,37,20.63,0.35716666666666674,True,False
1829,20,20.799999999999997,0.3568148148148149,True,False
1830,28,20.72,0.356462962962963,True,False
1831,22,20.779999999999998,0.35611111111111116,True,False
1832,27,20.729999999999997,0.3557592592592592,True,False
1833,36,20.639999999999997,0.3554074074074074,True,False
1834,26,20.74,0.35505555555555557,True,False
1835,46,20.54,0.35470370370370374,True,False
1836,34,20.659999999999997,0.3543518518518519,True,False
1837,27,20.729999999999997,0.354,True,False
1838,28,20.72,0.35364814814814816,True,False
1839,24,20.759999999999998,0.35329629629629633,True,False
1840,19,20.81,0.3529444444444445,True,False
1841,28,20.72,0.3525925925925927,True,False
1842,26,20.74,0.35224074074074085,True,False
1843,24,20.759999999999998,0.3518888888888889,True,False
1844,30,20.7,0.351537037037037,True,False
1845,24,20.759999999999998,0.35118518518518516,True,False
1846,33,20.669999999999998,0.35083333333333333,True,False
1847,38,20.619999999999997,0.3504814814814815,True,False
1848,27,20.729999999999997,0.3501296296296297,True,False
1849,32,20.68,0.34977777777777785,True,False
1850,22,20.779999999999998,0.34942592592592603,True,False
1851,29,20.709999999999997,0.3490740740740741,True,False
1852,40,20.599999999999998,0.34872222222222227,True,False
1853,24,20.759999999999998,0.34837037037037044,True,False
1854,32,20.68,0.3480185185185185,True,False
1855,21,20.79,0.3476666666666667,True,False
1856,30,20.7,0.34731481481481485,True,False
1857,18,20.819999999999997,0.34696296296296303,True,False
1858,20,20.799999999999997,0.3466111111111111,True,False
1859,37,20.63,0.34625925925925927,True,False
1860,36,20.639999999999997,0.34590740740740744,True,False
1861,22,20.779999999999998,0.3455555555555556,True,False
1862,22,20.779999999999998,0.3452037037037038,True,False
1863,24,20.759999999999998,0.34485185185185196,True,False
1864,25,20.75,0.34450000000000003,True,False
1865,22,20.779999999999998,0.3441481481481481,True,False
1866,26,20.74,0.34379629629629627,True,False
1867,27,20.729999999999997,0.34344444444444444,True,False
1868,22,20.779999999999998,0.3430925925925926,True,False
1869,44,20.56,0.3427407407407408,True,False
1870,32,20.68,0.34238888888888896,True,False
1871,24,20.759999999999998,0.34203703703703714,True,False
1872,26,20.74,0.3416851851851852,True,False
1873,29,20.709999999999997,0.3413333333333334,True,False
1874,28,20.72,0.34098148148148155,True,False
1875,26,20.74,0.3406296296296296,True,False
1876,35,20.65,0.3402777777777778,True,False
1877,30,20.7,0.33992592592592596,True,False
1878,30,20.7,0.33957407407407403,True,False
1879,28,20.72,0.3392222222222222,True,False
1880,25,20.75,0.3388703703703704,True,False
1881,24,20.759999999999998,0.33851851851851855,True,False
1882,21,20.79,0.3381666666666667,True,False
1883,30,20.7,0.3378148148148149,True,False
1884,34,20.659999999999997,0.3374629629629631,True,False
1885,29,20.709999999999997,0.33711111111111114,True,False
1886,22,20.779999999999998,0.3367592592592592,True,False
1887,26,20.74,0.3364074074074074,True,False
1888,37,20.63,0.33605555555555555,True,False
1889,34,20.659999999999997,0.3357037037037037,True,False
1890,25,20.75,0.3353518518518519,True,False
1891,24,20.759999999999998,0.3350000000000001,True,False
1892,22,20.779999999999998,0.33464814814814814,True,False
1893,36,20.639999999999997,0.3342962962962963,True,False
1894,31,20.689999999999998,0.3339444444444445,True,False
1895,20,20.799999999999997,0.33359259259259266,True,False
1896,24,20.759999999999998,0.33324074074074084,True,False
1897,50,20.499999999999996,0.3328888888888889,True,False
1898,20,20.799999999999997,0.3325370370370371,True,False
1899,39,20.61,0.33218518518518514,True,False
1900,32,20.68,0.3318333333333333,True,False
1901,28,20.72,0.3314814814814815,True,False
1902,18,20.819999999999997,0.33112962962962966,True,False
1903,18,20.819999999999997,0.33077777777777784,True,False
1904,22,20.779999999999998,0.330425925925926,True,False
1905,29,20.709999999999997,0.3300740740740742,True,False
1906,32,20.68,0.32972222222222225,True,False
1907,26,20.74,0.3293703703703704,True,False
1908,20,20.799999999999997,0.3290185185185185,True,False
1909,29,20.709999999999997,0.32866666666666666,True,False
1910,30,20.7,0.32831481481481484,True,False
1911,28,20.72,0.327962962962963,True,False
1912,27,20.729999999999997,0.3276111111111112,True,False
1913,22,20.779999999999998,0.32725925925925925,True,False
1914,21,20.79,0.3269074074074074,True,False
1915,44,20.56,0.3265555555555556,True,False
1916,32,20.68,0.3262037037037038,True,False
1917,23,20.77,0.32585185185185195,True,False
1918,28,20.72,0.3255,True,False
1919,22,20.779999999999998,0.3251481481481482,True,False
1920,22,20.779999999999998,0.32479629629629625,True,False
1921,27,20.729999999999997,0.3244444444444444,True,False
1922,24,20.759999999999998,0.3240925925925926,True,False
1923,24,20.759999999999998,0.3237407407407408,True,False
1924,22,20.779999999999998,0.32338888888888895,True,False
1925,30,20.7,0.3230370370370371,True,False
1926,32,20.68,0.3226851851851853,True,False
1927,33,20.669999999999998,0.32233333333333336,True,False
1928,32,20.68,0.32198148148148154,True,False
1929,26,20.74,0.3216296296296296,True,False
1930,35,20.65,0.3212777777777778,True,False
1931,31,20.689999999999998,0.32092592592592595,True,False
1932,28,20.72,0.3205740740740741,True,False
1933,27,20.729999999999997,0.3202222222222223,True,False
1934,23,20.77,0.31987037037037036,True,False
1935,30,20.7,0.31951851851851854,True,False
1936,29,20.709999999999997,0.3191666666666667,True,False
1937,20,20.799999999999997,0.3188148148148149,True,False
1938,34,20.659999999999997,0.31846296296296306,True,False
1939,18,20.819999999999997,0.31811111111111123,True,False
1940,31,20.689999999999998,0.3177592592592592,True,False
1941,29,20.709999999999997,0.31740740740740736,True,False
1942,28,20.72,0.31705555555555553,True,False
1943,40,20.599999999999998,0.3167037037037037,True,False
1944,27,20.729999999999997,0.3163518518518519,True,False
1945,20,20.799999999999997,0.31600000000000006,True,False
1946,31,20.689999999999998,0.31564814814814823,True,False
1947,25,20.75,0.3152962962962963,True,False
1948,34,20.659999999999997,0.31494444444444447,True,False
1949,26,20.74,0.31459259259259265,True,False
1950,22,20.779999999999998,0.3142407407407408,True,False
1951,34,20.659999999999997,0.3138888888888889,True,False
1952,21,20.79,0.31353703703703706,True,False
1953,20,20.799999999999997,0.31318518518518523,True,False
1954,43,20.569999999999997,0.3128333333333333,True,False
1955,29,20.709999999999997,0.31248148148148147,True,False
1956,22,20.779999999999998,0.31212962962962965,True,False
1957,31,20.689999999999998,0.3117777777777778,True,False
1958,20,20.799999999999997,0.311425925925926,True,False
1959,43,20.569999999999997,0.31107407407407417,True,False
1960,21,20.79,0.31072222222222234,True,False
1961,26,20.74,0.3103703703703704,True,False
1962,32,20.68,0.31001851851851847,True,False
1963,20,20.799999999999997,0.30966666666666665,True,False
1964,27,20.729999999999997,0.3093148148148148,True,False
1965,24,20.759999999999998,0.308962962962963,True,False
1966,25,20.75,0.30861111111111117,True,False
1967,21,20.79,0.30825925925925934,True,False
1968,23,20.77,0.3079074074074074,True,False
1969,29,20.709999999999997,0.3075555555555556,True,False
1970,28,20.72,0.30720370370370376,True,False
1971,27,20.729999999999997,0.30685185185185193,True,False
1972,26,20.74,0.3065,True,False
1973,18,20.819999999999997,0.30614814814814817,True,False
1974,27,20.729999999999997,0.30579629629629634,True,False
1975,24,20.759999999999998,0.3054444444444444,True,False
1976,20,20.799999999999997,0.3050925925925926,True,False
1977,22,20.779999999999998,0.30474074074074076,True,False
1978,22,20.779999999999998,0.30438888888888893,True,False
1979,26,20.74,0.3040370370370371,True,False
1980,36,20.639999999999997,0.3036851851851853,True,False
1981,24,20.759999999999998,0.30333333333333345,True,False
1982,20,20.799999999999997,0.3029814814814815,True,False
1983,24,20.759999999999998,0.3026296296296296,True,False
1984,20,20.799999999999997,0.30227777777777776,True,False
1985,24,20.759999999999998,0.30192592592592593,True,False
1986,32,20.68,0.3015740740740741,True,False
1987,22,20.779999999999998,0.3012222222222223,True,False
1988,18,20.819999999999997,0.30087037037037045,True,False
1989,20,20.799999999999997,0.3005185185185185,True,False
1990,26,20.74,0.3001666666666667,True,False
1991,25,20.75,0.29981481481481487,True,False
1992,22,20.779999999999998,0.29946296296296304,True,False
1993,22,20.779999999999998,0.2991111111111112,True,False
1994,24,20.759999999999998,0.2987592592592593,True,False
1995,24,20.759999999999998,0.29840740740740745,True,False
1996,36,20.639999999999997,0.2980555555555555,True,False
1997,23,20.77,0.2977037037037037,True,False
1998,18,20.819999999999997,0.29735185185185187,True,False
1999,27,20.729999999999997,0.29700000000000004,True,False
2000,30,20.7,0.2966481481481482,True,False
2001,20,20.799999999999997,0.2962962962962964,True,False
2002,34,20.659999999999997,0.29594444444444445,True,False
2003,20,20.799999999999997,0.29559259259259263,True,False
2004,18,20.819999999999997,0.2952407407407408,True,False
2005,22,20.779999999999998,0.29488888888888887,True,False
2006,24,20.759999999999998,0.29453703703703704,True,False
2007,20,20.799999999999997,0.2941851851851852,True,False
2008,22,20.779999999999998,0.2938333333333334,True,False
2009,24,20.759999999999998,0.29348148148148145,True,False
2010,23,20.77,0.29312962962962963,True,False
2011,22,20.779999999999998,0.2927777777777778,True,False
2012,38,20.619999999999997,0.292425925925926,True,False
2013,21,20.79,0.29207407407407415,True,False
2014,24,20.759999999999998,0.2917222222222223,True,False
2015,34,20.659999999999997,0.2913703703703704,True,False
2016,22,20.779999999999998,0.29101851851851845,True,False
2017,35,20.65,0.29066666666666663,True,False
2018,26,20.74,0.2903148148148148,True,False
2019,29,20.709999999999997,0.289962962962963,True,False
2020,30,20.7,0.28961111111111115,True,False
2021,22,20.779999999999998,0.2892592592592593,True,False
2022,22,20.779999999999998,0.2889074074074075,True,False
2023,30,20.7,0.28855555555555557,True,False
2024,23,20.77,0.28820370370370374,True,False
2025,25,20.75,0.2878518518518519,True,False
2026,27,20.729999999999997,0.2875000000000001,True,False
2027,26,20.74,0.28714814814814815,True,False
2028,24,20.759999999999998,0.2867962962962963,True,False
2029,25,20.75,0.2864444444444445,True,False
2030,23,20.77,0.28609259259259257,True,False
2031,21,20.79,0.28574074074074074,True,False
2032,20,20.799999999999997,0.2853888888888889,True,False
2033,26,20.74,0.2850370370370371,True,False
2034,27,20.729999999999997,0.28468518518518526,True,False
2035,22,20.779999999999998,0.28433333333333344,True,False
2036,22,20.779999999999998,0.2839814814814816,True,False
2037,18,20.819999999999997,0.2836296296296297,True,False
2038,31,20.689999999999998,0.28327777777777774,True,False
2039,33,20.669999999999998,0.2829259259259259,True,False
2040,28,20.72,0.2825740740740741,True,False
2041,20,20.799999999999997,0.28222222222222226,True,False
2042,21,20.79,0.28187037037037044,True,False
2043,20,20.799999999999997,0.2815185185185186,True,False
2044,28,20.72,0.2811666666666667,True,False
2045,24,20.759999999999998,0.28081481481481485,True,False
2046,26,20.74,0.280462962962963,True,False
2047,24,20.759999999999998,0.2801111111111112,True,False
2048,24,20.759999999999998,0.27975925925925926,True,False
2049,20,20.799999999999997,0.27940740740740744,True,False
2050,32,20.68,0.2790555555555556,True,False
2051,23,20.77,0.2787037037037037,True,False
2052,27,20.729999999999997,0.27835185185185185,True,False
2053,20,20.799999999999997,0.278,True,False
2054,21,20.79,0.2776481481481482,True,False
2055,30,20.7,0.2772962962962964,True,False
2056,20,20.799999999999997,0.27694444444444455,True,False
2057,32,20.68,0.2765925925925926,True,False
2058,22,20.779999999999998,0.2762407407407408,True,False
2059,22,20.779999999999998,0.27588888888888885,True,False
2060,24,20.759999999999998,0.275537037037037,True,False
2061,28,20.72,0.2751851851851852,True,False
2062,18,20.819999999999997,0.2748333333333334,True,False
2063,33,20.669999999999998,0.27448148148148155,True,False
2064,27,20.729999999999997,0.2741296296296296,True,False
2065,22,20.779999999999998,0.2737777777777778,True,False
2066,37,20.63,0.27342592592592596,True,False
2067,26,20.74,0.27307407407407414,True,False
2068,23,20.77,0.2727222222222223,True,False
2069,20,20.799999999999997,0.2723703703703705,True,False
2070,24,20.759999999999998,0.27201851851851855,True,False
2071,22,20.779999999999998,0.2716666666666666,True,False
2072,24,20.759999999999998,0.2713148148148148,True,False
2073,29,20.709999999999997,0.27096296296296296,True,False
2074,24,20.759999999999998,0.27061111111111114,True,False
2075,20,20.799999999999997,0.2702592592592593,True,False
2076,25,20.75,0.2699074074074075,True,False
2077,27,20.729999999999997,0.26955555555555566,True,False
2078,21,20.79,0.2692037037037037,True,False
2079,28,20.72,0.2688518518518519,True,False
2080,27,20.729999999999997,0.26850000000000007,True,False
2081,22,20.779999999999998,0.26814814814814814,True,False
2082,25,20.75,0.2677962962962963,True,False
2083,29,20.709999999999997,0.2674444444444445,True,False
2084,20,20.799999999999997,0.26709259259259266,True,False
2085,26,20.74,0.2667407407407407,True,False
2086,28,20.72,0.2663888888888889,True,False
2087,18,20.819999999999997,0.26603703703703707,True,False
2088,28,20.72,0.26568518518518525,True,False
2089,20,20.799999999999997,0.2653333333333334,True,False
2090,28,20.72,0.2649814814814816,True,False
2091,20,20.799999999999997,0.26462962962962966,True,False
2092,24,20.759999999999998,0.2642777777777777,True,False
2093,27,20.729999999999997,0.2639259259259259,True,False
2094,34,20.659999999999997,0.26357407407407407,True,False
2095,25,20.75,0.26322222222222225,True,False
2096,27,20.729999999999997,0.2628703703703704,True,False
2097,40,20.599999999999998,0.2625185185185186,True,False
2098,21,20.79,0.26216666666666677,True,False
2099,21,20.79,0.26181481481481483,True,False
2100,24,20.759999999999998,0.261462962962963,True,False
2101,20,20.799999999999997,0.2611111111111112,True,False
2102,20,20.799999999999997,0.26075925925925925,True,False
2103,35,20.65,0.2604074074074074,True,False
2104,24,20.759999999999998,0.2600555555555556,True,False
2105,26,20.74,0.25970370370370377,True,False
2106,22,20.779999999999998,0.25935185185185183,True,False
2107,31,20.689999999999998,0.259,True,False
2108,20,20.799999999999997,0.2586481481481482,True,False
2109,26,20.74,0.25829629629629636,True,False
2110,22,20.779999999999998,0.25794444444444453,True,False
2111,22,20.779999999999998,0.2575925925925927,True,False
2112,22,20.779999999999998,0.2572407407407409,True,False
2113,32,20.68,0.25688888888888883,True,False
2114,19,20.81,0.256537037037037,True,False
2115,30,20.7,0.2561851851851852,True,False
2116,20,20.799999999999997,0.25583333333333336,True,False
2117,22,20.779999999999998,0.25548148148148153,True,False
2118,22,20.779999999999998,0.2551296296296297,True,False
2119,18,20.819999999999997,0.25477777777777777,True,False
2120,33,20.669999999999998,0.25442592592592594,True,False
2121,22,20.779999999999998,0.2540740740740741,True,False
2122,24,20.759999999999998,0.2537222222222223,True,False
2123,25,20.75,0.25337037037037047,True,False
2124,32,20.68,0.25301851851851853,True,False
2125,24,20.759999999999998,0.2526666666666667,True,False
2126,28,20.72,0.25231481481481477,True,False
2127,25,20.75,0.25196296296296294,True,False
2128,20,20.799999999999997,0.2516111111111111,True,False
2129,22,20.779999999999998,0.2512592592592593,True,False
2130,28,20.72,0.25090740740740747,True,False
2131,22,20.779999999999998,0.25055555555555564,True,False
2132,18,20.819999999999997,0.2502037037037038,True,False
2133,18,20.819999999999997,0.24985185185185188,True,False
2134,23,20.77,0.24950000000000006,True,False
2135,24,20.759999999999998,0.24914814814814812,True,False
2136,22,20.779999999999998,0.2487962962962963,True,False
2137,26,20.74,0.24844444444444447,True,False
2138,22,20.779999999999998,0.24809259259259264,True,False
2139,32,20.68,0.24774074074074082,True,False
2140,27,20.729999999999997,0.24738888888888888,True,False
2141,28,20.72,0.24703703703703705,True,False
2142,24,20.759999999999998,0.24668518518518523,True,False
2143,20,20.799999999999997,0.2463333333333334,True,False
2144,22,20.779999999999998,0.24598148148148158,True,False
2145,24,20.759999999999998,0.24562962962962964,True,False
2146,24,20.759999999999998,0.24527777777777782,True,False
2147,23,20.77,0.24492592592592588,True,False
2148,21,20.79,0.24457407407407405,True,False
2149,21,20.79,0.24422222222222223,True,False
2150,25,20.75,0.2438703703703704,True,False
2151,22,20.779999999999998,0.24351851851851858,True,False
2152,26,20.74,0.24316666666666675,True,False
2153,20,20.799999999999997,0.24281481481481493,True,False
2154,23,20.77,0.242462962962963,True,False
2155,22,20.779999999999998,0.24211111111111117,True,False
2156,36,20.639999999999997,0.24175925925925923,True,False
2157,35,20.65,0.2414074074074074,True,False
2158,20,20.799999999999997,0.24105555555555558,True,False
2159,25,20.75,0.24070370370370375,True,False
2160,20,20.799999999999997,0.24035185185185193,True,False
2161,24,20.759999999999998,0.24,True,False
2162,25,20.75,0.23964814814814817,True,False
2163,26,20.74,0.23929629629629634,True,False
2164,24,20.759999999999998,0.23894444444444451,True,False
2165,24,20.759999999999998,0.2385925925925927,True,False
2166,20,20.799999999999997,0.23824074074074086,True,False
2167,25,20.75,0.23788888888888893,True,False
2168,30,20.7,0.237537037037037,True,False
2169,25,20.75,0.23718518518518517,True,False
2170,24,20.759999999999998,0.23683333333333334,True,False
2171,24,20.759999999999998,0.23648148148148151,True,False
2172,24,20.759999999999998,0.2361296296296297,True,False
2173,26,20.74,0.23577777777777786,True,False
2174,27,20.729999999999997,0.23542592592592604,True,False
2175,22,20.779999999999998,0.2350740740740741,True,False
2176,24,20.759999999999998,0.23472222222222228,True,False
2177,22,20.779999999999998,0.23437037037037045,True,False
2178,23,20.77,0.23401851851851851,True,False
2179,24,20.759999999999998,0.2336666666666667,True,False
2180,28,20.72,0.23331481481481486,True,False
2181,22,20.779999999999998,0.23296296296296293,True,False
2182,20,20.799999999999997,0.2326111111111111,True,False
2183,33,20.669999999999998,0.23225925925925928,True,False
2184,26,20.74,0.23190740740740745,True,False
2185,20,20.799999999999997,0.23155555555555563,True,False
2186,28,20.72,0.2312037037037038,True,False
2187,24,20.759999999999998,0.23085185185185197,True,False
2188,23,20.77,0.23050000000000004,True,False
2189,25,20.75,0.2301481481481481,True,False
2190,20,20.799999999999997,0.22979629629629628,True,False
2191,22,20.779999999999998,0.22944444444444445,True,False
2192,19,20.81,0.22909259259259263,True,False
2193,21,20.79,0.2287407407407408,True,False
2194,26,20.74,0.22838888888888897,True,False
2195,20,20.799999999999997,0.22803703703703704,True,False
2196,24,20.759999999999998,0.2276851851851852,True,False
2197,22,20.779999999999998,0.2273333333333334,True,False
2198,26,20.74,0.22698148148148156,True,False
2199,22,20.779999999999998,0.22662962962962963,True,False
2200,24,20.759999999999998,0.2262777777777778,True,False
2201,22,20.779999999999998,0.22592592592592597,True,False
2202,24,20.759999999999998,0.22557407407407404,True,False
2203,25,20.75,0.2252222222222222,True,False
2204,20,20.799999999999997,0.2248703703703704,True,False
2205,20,20.799999999999997,0.22451851851851856,True,False
2206,22,20.779999999999998,0.22416666666666674,True,False
2207,30,20.7,0.2238148148148149,True,False
2208,20,20.799999999999997,0.22346296296296309,True,False
2209,18,20.819999999999997,0.22311111111111115,True,False
2210,19,20.81,0.2227592592592592,True,False
2211,21,20.79,0.2224074074074074,True,False
2212,19,20.81,0.22205555555555556,True,False
2213,22,20.779999999999998,0.22170370370370374,True,False
2214,26,20.74,0.2213518518518519,True,False
2215,18,20.819999999999997,0.22100000000000009,True,False
2216,22,20.779999999999998,0.22064814814814815,True,False
2217,22,20.779999999999998,0.22029629629629632,True,False
2218,20,20.799999999999997,0.2199444444444445,True,False
2219,18,20.819999999999997,0.21959259259259267,True,False
2220,30,20.7,0.21924074074074085,True,False
2221,22,20.779999999999998,0.2188888888888889,True,False
2222,19,20.81,0.21853703703703709,True,False
2223,20,20.799999999999997,0.21818518518518515,True,False
2224,20,20.799999999999997,0.21783333333333332,True,False
2225,28,20.72,0.2174814814814815,True,False
2226,22,20.779999999999998,0.21712962962962967,True,False
2227,28,20.72,0.21677777777777785,True,False
2228,24,20.759999999999998,0.21642592592592602,True,False
2229,22,20.779999999999998,0.2160740740740742,True,False
2230,22,20.779999999999998,0.21572222222222226,True,False
2231,26,20.74,0.21537037037037043,True,False
2232,20,20.799999999999997,0.2150185185185185,True,False
2233,23,20.77,0.21466666666666667,True,False
2234,22,20.779999999999998,0.21431481481481485,True,False
2235,22,20.779999999999998,0.21396296296296302,True,False
2236,18,20.819999999999997,0.2136111111111112,True,False
2237,20,20.799999999999997,0.21325925925925926,True,False
2238,22,20.779999999999998,0.21290740740740743,True,False
2239,24,20.759999999999998,0.2125555555555556,True,False
2240,20,20.799999999999997,0.21220370370370378,True,False
2241,30,20.7,0.21185185185185196,True,False
2242,26,20.74,0.21150000000000002,True,False
2243,20,20.799999999999997,0.21114814814814808,True,False
2244,22,20.779999999999998,0.21079629629629626,True,False
2245,23,20.77,0.21044444444444443,True,False
2246,18,20.819999999999997,0.2100925925925926,True,False
2247,22,20.779999999999998,0.20974074074074078,True,False
2248,27,20.729999999999997,0.20938888888888896,True,False
2249,25,20.75,0.20903703703703713,True,False
2250,23,20.77,0.2086851851851852,True,False
2251,22,20.779999999999998,0.20833333333333337,True,False
2252,32,20.68,0.20798148148148154,True,False
2253,26,20.74,0.2076296296296296,True,False
2254,31,20.689999999999998,0.20727777777777778,True,False
2255,24,20.759999999999998,0.20692592592592596,True,False
2256,24,20.759999999999998,0.20657407407407413,True,False
2257,20,20.799999999999997,0.2062222222222222,True,False
2258,24,20.759999999999998,0.20587037037037037,True,False
2259,24,20.759999999999998,0.20551851851851854,True,False
2260,22,20.779999999999998,0.20516666666666672,True,False
2261,22,20.779999999999998,0.2048148148148149,True,False
2262,20,20.799999999999997,0.20446296296296307,True,False
2263,20,20.799999999999997,0.20411111111111124,True,False
2264,27,20.729999999999997,0.2037592592592592,True,False
2265,22,20.779999999999998,0.20340740740740737,True,False
2266,24,20.759999999999998,0.20305555555555554,True,False
2267,18,20.819999999999997,0.20270370370370372,True,False
2268,25,20.75,0.2023518518518519,True,False
2269,25,20.75,0.20200000000000007,True,False
2270,20,20.799999999999997,0.20164814814814824,True,False
2271,22,20.779999999999998,0.2012962962962963,True,False
2272,20,20.799999999999997,0.20094444444444448,True,False
2273,19,20.81,0.20059259259259266,True,False
2274,25,20.75,0.20024074074074083,True,False
2275,20,20.799999999999997,0.1998888888888889,True,False
2276,20,20.799999999999997,0.19953703703703707,True,False
2277,22,20.779999999999998,0.19918518518518524,True,False
2278,20,20.799999999999997,0.1988333333333333,True,False
2279,22,20.779999999999998,0.19848148148148148,True,False
2280,27,20.729999999999997,0.19812962962962966,True,False
2281,23,20.77,0.19777777777777783,True,False
2282,21,20.79,0.197425925925926,True,False
2283,18,20.819999999999997,0.19707407407407418,True,False
2284,24,20.759999999999998,0.19672222222222235,True,False
2285,20,20.799999999999997,0.19637037037037042,True,False
2286,20,20.799999999999997,0.19601851851851848,True,False
2287,18,20.819999999999997,0.19566666666666666,True,False
2288,20,20.799999999999997,0.19531481481481483,True,False
2289,21,20.79,0.194962962962963,True,False
2290,18,20.819999999999997,0.19461111111111118,True,False
2291,18,20.819999999999997,0.19425925925925935,True,False
2292,21,20.79,0.19390740740740742,True,False
2293,21,20.79,0.1935555555555556,True,False
2294,20,20.799999999999997,0.19320370370370377,True,False
2295,28,20.72,0.19285185185185194,True,False
2296,20,20.799999999999997,0.1925,True,False
2297,25,20.75,0.19214814814814818,True,False
2298,20,20.799999999999997,0.19179629629629635,True,False
2299,20,20.799999999999997,0.19144444444444442,True,False
2300,24,20.759999999999998,0.1910925925925926,True,False
2301,20,20.799999999999997,0.19074074074074077,True,False
2302,24,20.759999999999998,0.19038888888888894,True,False
2303,24,20.759999999999998,0.19003703703703712,True,False
2304,21,20.79,0.1896851851851853,True,False
2305,18,20.819999999999997,0.18933333333333335,True,False
2306,20,20.799999999999997,0.18898148148148153,True,False
2307,20,20.799999999999997,0.1886296296296296,True,False
2308,18,20.819999999999997,0.18827777777777777,True,False
2309,21,20.79,0.18792592592592594,True,False
2310,19,20.81,0.18757407407407412,True,False
2311,22,20.779999999999998,0.1872222222222223,True,False
2312,22,20.779999999999998,0.18687037037037035,True,False
2313,21,20.79,0.18651851851851853,True,False
2314,20,20.799999999999997,0.1861666666666667,True,False
2315,23,20.77,0.18581481481481488,True,False
2316,26,20.74,0.18546296296296305,True,False
2317,22,20.779999999999998,0.18511111111111123,True,False
2318,18,20.819999999999997,0.1847592592592593,True,False
2319,26,20.74,0.18440740740740735,True,False
2320,23,20.77,0.18405555555555553,True,False
2321,21,20.79,0.1837037037037037,True,False
2322,26,20.74,0.18335185185185188,True,False
2323,20,20.799999999999997,0.18300000000000005,True,False
2324,20,20.799999999999997,0.18264814814814823,True,False
2325,21,20.79,0.1822962962962964,True,False
2326,24,20.759999999999998,0.18194444444444446,True,False
2327,23,20.77,0.18159259259259264,True,False
2328,28,20.72,0.1812407407407408,True,False
2329,20,20.799999999999997,0.18088888888888888,True,False
2330,28,20.72,0.18053703703703705,True,False
2331,20,20.799999999999997,0.18018518518518523,True,False
2332,22,20.779999999999998,0.1798333333333334,True,False
2333,18,20.819999999999997,0.17948148148148146,True,False
2334,25,20.75,0.17912962962962964,True,False
2335,23,20.77,0.1787777777777778,True,False
2336,22,20.779999999999998,0.178425925925926,True,False
2337,20,20.799999999999997,0.17807407407407416,True,False
2338,26,20.74,0.17772222222222234,True,False
2339,32,20.68,0.1773703703703704,True,False
2340,19,20.81,0.17701851851851846,True,False
2341,20,20.799999999999997,0.17666666666666664,True,False
2342,22,20.779999999999998,0.1763148148148148,True,False
2343,20,20.799999999999997,0.175962962962963,True,False
2344,24,20.759999999999998,0.17561111111111116,True,False
2345,18,20.819999999999997,0.17525925925925934,True,False
2346,23,20.77,0.1749074074074075,True,False
2347,22,20.779999999999998,0.17455555555555557,True,False
2348,25,20.75,0.17420370370370375,True,False
2349,21,20.79,0.17385185185185192,True,False
2350,26,20.74,0.1735,True,False
2351,27,20.729999999999997,0.17314814814814816,True,False
2352,20,20.799999999999997,0.17279629629629634,True,False
2353,20,20.799999999999997,0.1724444444444445,True,False
2354,26,20.74,0.17209259259259257,True,False
2355,18,20.819999999999997,0.17174074074074075,True,False
2356,24,20.759999999999998,0.17138888888888892,True,False
2357,24,20.759999999999998,0.1710370370370371,True,False
2358,20,20.799999999999997,0.17068518518518527,True,False
2359,22,20.779999999999998,0.17033333333333345,True,False
2360,20,20.799999999999997,0.16998148148148162,True,False
2361,20,20.799999999999997,0.16962962962962957,True,False
2362,24,20.759999999999998,0.16927777777777775,True,False
2363,20,20.799999999999997,0.16892592592592592,True,False
2364,21,20.79,0.1685740740740741,True,False
2365,24,20.759999999999998,0.16822222222222227,True,False
2366,20,20.799999999999997,0.16787037037037045,True,False
2367,18,20.819999999999997,0.1675185185185185,True,False
2368,18,20.819999999999997,0.16716666666666669,True,False
2369,18,20.819999999999997,0.16681481481481486,True,False
2370,18,20.819999999999997,0.16646296296296303,True,False
2371,20,20.799999999999997,0.1661111111111112,True,False
2372,21,20.79,0.16575925925925927,True,False
2373,18,20.819999999999997,0.16540740740740745,True,False
2374,24,20.759999999999998,0.1650555555555555,True,False
2375,24,20.759999999999998,0.16470370370370369,True,False
2376,23,20.77,0.16435185185185186,True,False
2377,22,20.779999999999998,0.16400000000000003,True,False
2378,22,20.779999999999998,0.1636481481481482,True,False
2379,20,20.799999999999997,0.16329629629629638,True,False
2380,22,20.779999999999998,0.16294444444444456,True,False
2381,20,20.799999999999997,0.16259259259259262,True,False
2382,24,20.759999999999998,0.1622407407407408,True,False
2383,21,20.79,0.16188888888888886,True,False
2384,21,20.79,0.16153703703703703,True,False
2385,22,20.779999999999998,0.1611851851851852,True,False
2386,18,20.819999999999997,0.16083333333333338,True,False
2387,20,20.799999999999997,0.16048148148148156,True,False
2388,22,20.779999999999998,0.16012962962962962,True,False
2389,22,20.779999999999998,0.1597777777777778,True,False
2390,24,20.759999999999998,0.15942592592592597,True,False
2391,24,20.759999999999998,0.15907407407407415,True,False
2392,22,20.779999999999998,0.15872222222222232,True,False
2393,18,20.819999999999997,0.1583703703703705,True,False
2394,23,20.77,0.15801851851851856,True,False
2395,18,20.819999999999997,0.15766666666666662,True,False
2396,22,20.779999999999998,0.1573148148148148,True,False
2397,27,20.729999999999997,0.15696296296296297,True,False
2398,23,20.77,0.15661111111111115,True,False
2399,18,20.819999999999997,0.15625925925925932,True,False
2400,26,20.74,0.1559074074074075,True,False
2401,20,20.799999999999997,0.15555555555555567,True,False
2402,20,20.799999999999997,0.15520370370370373,True,False
2403,23,20.77,0.1548518518518519,True,False
2404,20,20.799999999999997,0.15450000000000008,True,False
2405,23,20.77,0.15414814814814815,True,False
2406,20,20.799999999999997,0.15379629629629632,True,False
2407,20,20.799999999999997,0.1534444444444445,True,False
2408,18,20.819999999999997,0.15309259259259267,True,False
2409,24,20.759999999999998,0.15274074074074073,True,False
2410,20,20.799999999999997,0.1523888888888889,True,False
2411,20,20.799999999999997,0.15203703703703708,True,False
2412,18,20.819999999999997,0.15168518518518526,True,False
2413,28,20.72,0.15133333333333343,True,False
2414,24,20.759999999999998,0.1509814814814816,True,False
2415,21,20.79,0.15062962962962967,True,False
2416,22,20.779999999999998,0.15027777777777773,True,False
2417,20,20.799999999999997,0.1499259259259259,True,False
2418,22,20.779999999999998,0.14957407407407408,True,False
2419,20,20.799999999999997,0.14922222222222226,True,False
2420,18,20.819999999999997,0.14887037037037043,True,False
2421,22,20.779999999999998,0.1485185185185186,True,False
2422,18,20.819999999999997,0.14816666666666678,True,False
2423,20,20.799999999999997,0.14781481481481484,True,False
2424,20,20.799999999999997,0.14746296296296302,True,False
2425,18,20.819999999999997,0.1471111111111112,True,False
2426,22,20.779999999999998,0.14675925925925926,True,False
2427,23,20.77,0.14640740740740743,True,False
2428,23,20.77,0.1460555555555556,True,False
2429,22,20.779999999999998,0.14570370370370367,True,False
2430,20,20.799999999999997,0.14535185185185184,True,False
2431,21,20.79,0.14500000000000002,True,False
2432,18,20.819999999999997,0.1446481481481482,True,False
2433,20,20.799999999999997,0.14429629629629637,True,False
2434,20,20.799999999999997,0.14394444444444454,True,False
2435,21,20.79,0.14359259259259272,True,False
2436,18,20.819999999999997,0.14324074074074078,True,False
2437,21,20.79,0.14288888888888884,True,False
2438,20,20.799999999999997,0.14253703703703702,True,False
2439,20,20.799999999999997,0.1421851851851852,True,False
2440,20,20.799999999999997,0.14183333333333337,True,False
2441,22,20.779999999999998,0.14148148148148154,True,False
2442,20,20.799999999999997,0.14112962962962972,True,False
2443,21,20.79,0.14077777777777778,True,False
2444,29,20.709999999999997,0.14042592592592595,True,False
2445,20,20.799999999999997,0.14007407407407413,True,False
2446,21,20.79,0.1397222222222223,True,False
2447,27,20.729999999999997,0.13937037037037048,True,False
2448,18,20.819999999999997,0.13901851851851854,True,False
2449,20,20.799999999999997,0.13866666666666672,True,False
2450,25,20.75,0.13831481481481478,True,False
2451,23,20.77,0.13796296296296295,True,False
2452,18,20.819999999999997,0.13761111111111113,True,False
2453,18,20.819999999999997,0.1372592592592593,True,False
2454,18,20.819999999999997,0.13690740740740748,True,False
2455,23,20.77,0.13655555555555565,True,False
2456,18,20.819999999999997,0.13620370370370383,True,False
2457,22,20.779999999999998,0.1358518518518519,True,False
2458,18,20.819999999999997,0.13550000000000006,True,False
2459,22,20.779999999999998,0.13514814814814813,True,False
2460,18,20.819999999999997,0.1347962962962963,True,False
2461,22,20.779999999999998,0.13444444444444448,True,False
2462,22,20.779999999999998,0.13409259259259265,True,False
2463,19,20.81,0.13374074074074083,True,False
2464,18,20.819999999999997,0.1333888888888889,True,False
2465,20,20.799999999999997,0.13303703703703706,True,False
2466,24,20.759999999999998,0.13268518518518524,True,False
2467,26,20.74,0.1323333333333334,True,False
2468,18,20.819999999999997,0.1319814814814816,True,False
2469,18,20.819999999999997,0.13162962962962965,True,False
2470,25,20.75,0.13127777777777783,True,False
2471,20,20.799999999999997,0.1309259259259259,True,False
2472,21,20.79,0.13057407407407406,True,False
2473,18,20.819999999999997,0.13022222222222224,True,False
2474,18,20.819999999999997,0.1298703703703704,True,False
2475,21,20.79,0.1295185185185186,True,False
2476,18,20.819999999999997,0.12916666666666676,True,False
2477,18,20.819999999999997,0.12881481481481494,True,False
2478,33,20.669999999999998,0.128462962962963,True,False
2479,22,20.779999999999998,0.12811111111111118,True,False
2480,22,20.779999999999998,0.12775925925925924,True,False
2481,20,20.799999999999997,0.1274074074074074,True,False
2482,18,20.819999999999997,0.1270555555555556,True,False
2483,19,20.81,0.12670370370370376,True,False
2484,20,20.799999999999997,0.12635185185185194,True,False
2485,20,20.799999999999997,0.126,True,False
2486,20,20.799999999999997,0.12564814814814818,True,False
2487,18,20.819999999999997,0.12529629629629635,True,False
2488,23,20.77,0.12494444444444452,True,False
2489,21,20.79,0.1245925925925927,True,False
2490,24,20.759999999999998,0.12424074074074087,True,False
2491,25,20.75,0.12388888888888883,True,False
2492,20,20.799999999999997,0.123537037037037,True,False
2493,21,20.79,0.12318518518518518,True,False
2494,20,20.799999999999997,0.12283333333333335,True,False
2495,20,20.799999999999997,0.12248148148148152,True,False
2496,24,20.759999999999998,0.1221296296296297,True,False
2497,20,20.799999999999997,0.12177777777777787,True,False
2498,18,20.819999999999997,0.12142592592592594,True,False
2499,22,20.779999999999998,0.12107407407407411,True,False
2500,18,20.819999999999997,0.12072222222222229,True,False
2501,18,20.819999999999997,0.12037037037037046,True,False
2502,19,20.81,0.12001851851851852,True,False
2503,18,20.819999999999997,0.1196666666666667,True,False
2504,20,20.799999999999997,0.11931481481481487,True,False
2505,18,20.819999999999997,0.11896296296296294,True,False
2506,24,20.759999999999998,0.11861111111111111,True,False
2507,18,20.819999999999997,0.11825925925925929,True,False
2508,20,20.799999999999997,0.11790740740740746,True,False
2509,20,20.799999999999997,0.11755555555555564,True,False
2510,18,20.819999999999997,0.11720370370370381,True,False
2511,18,20.819999999999997,0.11685185185185198,True,False
2512,18,20.819999999999997,0.11650000000000005,True,False
2513,24,20.759999999999998,0.11614814814814811,True,False
2514,18,20.819999999999997,0.11579629629629629,True,False
2515,19,20.81,0.11544444444444446,True,False
2516,20,20.799999999999997,0.11509259259259264,True,False
2517,20,20.799999999999997,0.11474074074074081,True,False
2518,22,20.779999999999998,0.11438888888888898,True,False
2519,18,20.819999999999997,0.11403703703703705,True,False
2520,18,20.819999999999997,0.11368518518518522,True,False
2521,18,20.819999999999997,0.1133333333333334,True,False
2522,20,20.799999999999997,0.11298148148148157,True,False
2523,18,20.819999999999997,0.11262962962962964,True,False
2524,18,20.819999999999997,0.11227777777777781,True,False
2525,20,20.799999999999997,0.11192592592592598,True,False
2526,27,20.729999999999997,0.11157407407407405,True,False
2527,27,20.729999999999997,0.11122222222222222,True,False
2528,20,20.799999999999997,0.1108703703703704,True,False
2529,18,20.819999999999997,0.11051851851851857,True,False
2530,21,20.79,0.11016666666666675,True,False
2531,24,20.759999999999998,0.10981481481481492,True,False
2532,18,20.819999999999997,0.1094629629629631,True,False
2533,22,20.779999999999998,0.10911111111111116,True,False
2534,18,20.819999999999997,0.10875925925925922,True,False
2535,18,20.819999999999997,0.1084074074074074,True,False
2536,20,20.799999999999997,0.10805555555555557,True,False
2537,19,20.81,0.10770370370370375,True,False
2538,21,20.79,0.10735185185185192,True,False
2539,20,20.799999999999997,0.1070000000000001,True,False
2540,18,20.819999999999997,0.10664814814814816,True,False
2541,20,20.799999999999997,0.10629629629629633,True,False
2542,20,20.799999999999997,0.10594444444444451,True,False
2543,18,20.819999999999997,0.10559259259259268,True,False
2544,20,20.799999999999997,0.10524074074074086,True,False
2545,22,20.779999999999998,0.10488888888888892,True,False
2546,18,20.819999999999997,0.1045370370370371,True,False
2547,20,20.799999999999997,0.10418518518518516,True,False
2548,18,20.819999999999997,0.10383333333333333,True,False
2549,18,20.819999999999997,0.10348148148148151,True,False
2550,22,20.779999999999998,0.10312962962962968,True,False
2551,20,20.799999999999997,0.10277777777777786,True,False
2552,22,20.779999999999998,0.10242592592592603,True,False
2553,22,20.779999999999998,0.1020740740740741,True,False
2554,20,20.799999999999997,0.10172222222222227,True,False
2555,18,20.819999999999997,0.10137037037037044,True,False
2556,20,20.799999999999997,0.10101851851851851,True,False
2557,18,20.819999999999997,0.10066666666666668,True,False
2558,20,20.799999999999997,0.10031481481481486,True,False
2559,22,20.779999999999998,0.09996296296296303,True,False
2560,20,20.799999999999997,0.0996111111111111,True,False
2561,18,20.819999999999997,0.09925925925925927,True,False
2562,20,20.799999999999997,0.09890740740740744,True,False
2563,23,20.77,0.09855555555555562,True,False
2564,19,20.81,0.09820370370370379,True,False
2565,18,20.819999999999997,0.09785185185185197,True,False
2566,20,20.799999999999997,0.09750000000000003,True,False
2567,18,20.819999999999997,0.0971481481481481,True,False
2568,20,20.799999999999997,0.09679629629629627,True,False
2569,19,20.81,0.09644444444444444,True,False
2570,18,20.819999999999997,0.09609259259259262,True,False
2571,18,20.819999999999997,0.09574074074074079,True,False
2572,22,20.779999999999998,0.09538888888888897,True,False
2573,20,20.799999999999997,0.09503703703703714,True,False
2574,20,20.799999999999997,0.0946851851851852,True,False
2575,21,20.79,0.09433333333333338,True,False
2576,18,20.819999999999997,0.09398148148148155,True,False
2577,22,20.779999999999998,0.09362962962962962,True,False
2578,18,20.819999999999997,0.09327777777777779,True,False
2579,22,20.779999999999998,0.09292592592592597,True,False
2580,20,20.799999999999997,0.09257407407407414,True,False
2581,18,20.819999999999997,0.0922222222222222,True,False
2582,20,20.799999999999997,0.09187037037037038,True,False
2583,19,20.81,0.09151851851851855,True,False
2584,18,20.819999999999997,0.09116666666666673,True,False
2585,20,20.799999999999997,0.0908148148148149,True,False
2586,20,20.799999999999997,0.09046296296296308,True,False
2587,18,20.819999999999997,0.09011111111111125,True,False
2588,22,20.779999999999998,0.0897592592592592,True,False
2589,18,20.819999999999997,0.08940740740740738,True,False
2590,20,20.799999999999997,0.08905555555555555,True,False
2591,20,20.799999999999997,0.08870370370370373,True,False
2592,20,20.799999999999997,0.0883518518518519,True,False
2593,18,20.819999999999997,0.08800000000000008,True,False
2594,18,20.819999999999997,0.08764814814814825,True,False
2595,19,20.81,0.08729629629629632,True,False
2596,18,20.819999999999997,0.08694444444444449,True,False
2597,20,20.799999999999997,0.08659259259259267,True,False
2598,24,20.759999999999998,0.08624074074074084,True,False
2599,22,20.779999999999998,0.0858888888888889,True,False
2600,20,20.799999999999997,0.08553703703703708,True,False
2601,18,20.819999999999997,0.08518518518518525,True,False
2602,20,20.799999999999997,0.08483333333333332,True,False
2603,20,20.799999999999997,0.08448148148148149,True,False
2604,23,20.77,0.08412962962962967,True,False
2605,22,20.779999999999998,0.08377777777777784,True,False
2606,18,20.819999999999997,0.08342592592592601,True,False
2607,18,20.819999999999997,0.08307407407407419,True,False
2608,18,20.819999999999997,0.08272222222222236,True,False
2609,20,20.799999999999997,0.08237037037037043,True,False
2610,18,20.819999999999997,0.08201851851851849,True,False
2611,18,20.819999999999997,0.08166666666666667,True,False
2612,18,20.819999999999997,0.08131481481481484,True,False
2613,20,20.799999999999997,0.08096296296296301,True,False
2614,21,20.79,0.08061111111111119,True,False
2615,19,20.81,0.08025925925925925,True,False
2616,21,20.79,0.07990740740740743,True,False
2617,22,20.779999999999998,0.0795555555555556,True,False
2618,18,20.819999999999997,0.07920370370370378,True,False
2619,22,20.779999999999998,0.07885185185185195,True,False
2620,18,20.819999999999997,0.07850000000000001,True,False
2621,18,20.819999999999997,0.07814814814814819,True,False
2622,20,20.799999999999997,0.07779629629629625,True,False
2623,20,20.799999999999997,0.07744444444444443,True,False
2624,18,20.819999999999997,0.0770925925925926,True,False
2625,22,20.779999999999998,0.07674074074074078,True,False
2626,20,20.799999999999997,0.07638888888888895,True,False
2627,20,20.799999999999997,0.07603703703703713,True,False
2628,18,20.819999999999997,0.0756851851851853,True,False
2629,18,20.819999999999997,0.07533333333333336,True,False
2630,18,20.819999999999997,0.07498148148148154,True,False
2631,20,20.799999999999997,0.0746296296296296,True,False
2632,18,20.819999999999997,0.07427777777777778,True,False
2633,20,20.799999999999997,0.07392592592592595,True,False
2634,18,20.819999999999997,0.07357407407407413,True,False
2635,20,20.799999999999997,0.0732222222222223,True,False
2636,22,20.779999999999998,0.07287037037037036,True,False
2637,18,20.819999999999997,0.07251851851851854,True,False
2638,20,20.799999999999997,0.07216666666666671,True,False
2639,18,20.819999999999997,0.07181481481481489,True,False
2640,18,20.819999999999997,0.07146296296296306,True,False
2641,19,20.81,0.07111111111111124,True,False
2642,18,20.819999999999997,0.0707592592592593,True,False
2643,20,20.799999999999997,0.07040740740740736,True,False
2644,18,20.819999999999997,0.07005555555555554,True,False
2645,18,20.819999999999997,0.06970370370370371,True,False
2646,20,20.799999999999997,0.06935185185185189,True,False
2647,20,20.799999999999997,0.06900000000000006,True,False
2648,18,20.819999999999997,0.06864814814814824,True,False
2649,18,20.819999999999997,0.06829629629629641,True,False
2650,20,20.799999999999997,0.06794444444444447,True,False
2651,20,20.799999999999997,0.06759259259259265,True,False
2652,22,20.779999999999998,0.06724074074074082,True,False
2653,20,20.799999999999997,0.06688888888888889,True,False
2654,18,20.819999999999997,0.06653703703703706,True,False
2655,18,20.819999999999997,0.06618518518518524,True,False
2656,18,20.819999999999997,0.06583333333333341,True,False
2657,22,20.779999999999998,0.06548148148148147,True,False
2658,19,20.81,0.06512962962962965,True,False
2659,18,20.819999999999997,0.06477777777777782,True,False
2660,18,20.819999999999997,0.064425925925926,True,False
2661,18,20.819999999999997,0.06407407407407417,True,False
2662,20,20.799999999999997,0.06372222222222235,True,False
2663,20,20.799999999999997,0.06337037037037041,True,False
2664,19,20.81,0.06301851851851847,True,False
2665,22,20.779999999999998,0.06266666666666665,True,False
2666,18,20.819999999999997,0.06231481481481482,True,False
2667,20,20.799999999999997,0.061962962962963,True,False
2668,18,20.819999999999997,0.06161111111111117,True,False
2669,18,20.819999999999997,0.06125925925925935,True,False
2670,21,20.79,0.06090740740740752,True,False
2671,18,20.819999999999997,0.060555555555555585,True,False
2672,20,20.799999999999997,0.06020370370370376,True,False
2673,18,20.819999999999997,0.059851851851851934,True,False
2674,20,20.799999999999997,0.0595,True,False
2675,18,20.819999999999997,0.05914814814814817,True,False
2676,18,20.819999999999997,0.058796296296296346,True,False
2677,18,20.819999999999997,0.05844444444444441,True,False
2678,18,20.819999999999997,0.058092592592592585,True,False
2679,22,20.779999999999998,0.05774074074074076,True,False
2680,18,20.819999999999997,0.057388888888888934,True,False
2681,22,20.779999999999998,0.05703703703703711,True,False
2682,20,20.799999999999997,0.05668518518518528,True,False
2683,18,20.819999999999997,0.05633333333333346,True,False
2684,18,20.819999999999997,0.05598148148148152,True,False
2685,18,20.819999999999997,0.055629629629629584,True,False
2686,18,20.819999999999997,0.05527777777777776,True,False
2687,20,20.799999999999997,0.054925925925925934,True,False
2688,18,20.819999999999997,0.05457407407407411,True,False
2689,20,20.799999999999997,0.05422222222222228,True,False
2690,18,20.819999999999997,0.05387037037037046,True,False
2691,20,20.799999999999997,0.05351851851851852,True,False
2692,18,20.819999999999997,0.053166666666666695,True,False
2693,18,20.819999999999997,0.05281481481481487,True,False
2694,19,20.81,0.052462962962963045,True,False
2695,18,20.819999999999997,0.05211111111111122,True,False
2696,19,20.81,0.05175925925925928,True,False
2697,18,20.819999999999997,0.05140740740740746,True,False
2698,20,20.799999999999997,0.05105555555555552,True,False
2699,18,20.819999999999997,0.050703703703703695,True,False
2700,18,20.819999999999997,0.05035185185185187,True,False
2701,20,20.799999999999997,0.050000000000000044,True,False
2702,18,20.819999999999997,0.050000000000000044,True,False
2703,20,20.799999999999997,0.050000000000000044,True,False
2704,18,20.819999999999997,0.050000000000000044,True,False
2705,18,20.819999999999997,0.050000000000000044,True,False
2706,18,20.819999999999997,0.050000000000000044,True,False
2707,20,20.799999999999997,0.050000000000000044,True,False
2708,18,20.819999999999997,0.050000000000000044,True,False
2709,20,20.799999999999997,0.050000000000000044,True,False
2710,24,20.759999999999998,0.050000000000000044,True,False
2711,18,20.819999999999997,0.050000000000000044,True,False
2712,18,20.819999999999997,0.050000000000000044,True,False
2713,18,20.819999999999997,0.050000000000000044,True,False
2714,20,20.799999999999997,0.050000000000000044,True,False
2715,20,20.799999999999997,0.050000000000000044,True,False
2716,18,20.819999999999997,0.050000000000000044,True,False
2717,20,20.799999999999997,0.050000000000000044,True,False
2718,18,20.819999999999997,0.050000000000000044,True,False
2719,23,20.77,0.050000000000000044,True,False
2720,20,20.799999999999997,0.050000000000000044,True,False
2721,18,20.819999999999997,0.050000000000000044,True,False
2722,18,20.819999999999997,0.050000000000000044,True,False
2723,18,20.819999999999997,0.050000000000000044,True,False
2724,18,20.819999999999997,0.050000000000000044,True,False
2725,18,20.819999999999997,0.050000000000000044,True,False
2726,18,20.819999999999997,0.050000000000000044,True,False
2727,22,20.779999999999998,0.050000000000000044,True,False
2728,18,20.819999999999997,0.050000000000000044,True,False
2729,20,20.799999999999997,0.050000000000000044,True,False
2730,20,20.799999999999997,0.050000000000000044,True,False
2731,20,20.799999999999997,0.050000000000000044,True,False
2732,18,20.819999999999997,0.050000000000000044,True,False
2733,22,20.779999999999998,0.050000000000000044,True,False
2734,20,20.799999999999997,0.050000000000000044,True,False
2735,20,20.799999999999997,0.050000000000000044,True,False
2736,18,20.819999999999997,0.050000000000000044,True,False
2737,22,20.779999999999998,0.050000000000000044,True,False
2738,18,20.819999999999997,0.050000000000000044,True,False
2739,18,20.819999999999997,0.050000000000000044,True,False
2740,18,20.819999999999997,0.050000000000000044,True,False
2741,20,20.799999999999997,0.050000000000000044,True,False
2742,18,20.819999999999997,0.050000000000000044,True,False
2743,18,20.819999999999997,0.050000000000000044,True,False
2744,18,20.819999999999997,0.050000000000000044,True,False
2745,20,20.799999999999997,0.050000000000000044,True,False
2746,18,20.819999999999997,0.050000000000000044,True,False
2747,20,20.799999999999997,0.050000000000000044,True,False
2748,18,20.819999999999997,0.050000000000000044,True,False
2749,18,20.819999999999997,0.050000000000000044,True,False
2750,18,20.819999999999997,0.050000000000000044,True,False
2751,20,20.799999999999997,0.050000000000000044,True,False
2752,20,20.799999999999997,0.050000000000000044,True,False
2753,18,20.819999999999997,0.050000000000000044,True,False
2754,18,20.819999999999997,0.050000000000000044,True,False
2755,18,20.819999999999997,0.050000000000000044,True,False
2756,22,20.779999999999998,0.050000000000000044,True,False
2757,20,20.799999999999997,0.050000000000000044,True,False
2758,24,20.759999999999998,0.050000000000000044,True,False
2759,19,20.81,0.050000000000000044,True,False
2760,18,20.819999999999997,0.050000000000000044,True,False
2761,20,20.799999999999997,0.050000000000000044,True,False
2762,18,20.819999999999997,0.050000000000000044,True,False
2763,18,20.819999999999997,0.050000000000000044,True,False
2764,18,20.819999999999997,0.050000000000000044,True,False
2765,22,20.779999999999998,0.050000000000000044,True,False
2766,18,20.819999999999997,0.050000000000000044,True,False
2767,18,20.819999999999997,0.050000000000000044,True,False
2768,20,20.799999999999997,0.050000000000000044,True,False
2769,20,20.799999999999997,0.050000000000000044,True,False
2770,18,20.819999999999997,0.050000000000000044,True,False
2771,18,20.819999999999997,0.050000000000000044,True,False
2772,20,20.799999999999997,0.050000000000000044,True,False
2773,18,20.819999999999997,0.050000000000000044,True,False
2774,18,20.819999999999997,0.050000000000000044,True,False
2775,20,20.799999999999997,0.050000000000000044,True,False
2776,18,20.819999999999997,0.050000000000000044,True,False
2777,18,20.819999999999997,0.050000000000000044,True,False
2778,18,20.819999999999997,0.050000000000000044,True,False
2779,19,20.81,0.050000000000000044,True,False
2780,18,20.819999999999997,0.050000000000000044,True,False
2781,18,20.819999999999997,0.050000000000000044,True,False
2782,18,20.819999999999997,0.050000000000000044,True,False
2783,20,20.799999999999997,0.050000000000000044,True,False
2784,20,20.799999999999997,0.050000000000000044,True,False
2785,18,20.819999999999997,0.050000000000000044,True,False
2786,20,20.799999999999997,0.050000000000000044,True,False
2787,18,20.819999999999997,0.050000000000000044,True,False
2788,18,20.819999999999997,0.050000000000000044,True,False
2789,18,20.819999999999997,0.050000000000000044,True,False
2790,18,20.819999999999997,0.050000000000000044,True,False
2791,18,20.819999999999997,0.050000000000000044,True,False
2792,18,20.819999999999997,0.050000000000000044,True,False
2793,18,20.819999999999997,0.050000000000000044,True,False
2794,18,20.819999999999997,0.050000000000000044,True,False
2795,20,20.799999999999997,0.050000000000000044,True,False
2796,20,20.799999999999997,0.050000000000000044,True,False
2797,20,20.799999999999997,0.050000000000000044,True,False
2798,22,20.779999999999998,0.050000000000000044,True,False
2799,18,20.819999999999997,0.050000000000000044,True,False
2800,18,20.819999999999997,0.050000000000000044,True,False
2801,18,20.819999999999997,0.050000000000000044,True,False
2802,18,20.819999999999997,0.050000000000000044,True,False
2803,20,20.799999999999997,0.050000000000000044,True,False
2804,24,20.759999999999998,0.050000000000000044,True,False
2805,18,20.819999999999997,0.050000000000000044,True,False
2806,20,20.799999999999997,0.050000000000000044,True,False
2807,18,20.819999999999997,0.050000000000000044,True,False
2808,18,20.819999999999997,0.050000000000000044,True,False
2809,18,20.819999999999997,0.050000000000000044,True,False
2810,18,20.819999999999997,0.050000000000000044,True,False
2811,19,20.81,0.050000000000000044,True,False
2812,18,20.819999999999997,0.050000000000000044,True,False
2813,19,20.81,0.050000000000000044,True,False
2814,20,20.799999999999997,0.050000000000000044,True,False
2815,18,20.819999999999997,0.050000000000000044,True,False
2816,18,20.819999999999997,0.050000000000000044,True,False
2817,20,20.799999999999997,0.050000000000000044,True,False
2818,20,20.799999999999997,0.050000000000000044,True,False
2819,18,20.819999999999997,0.050000000000000044,True,False
2820,20,20.799999999999997,0.050000000000000044,True,False
2821,18,20.819999999999997,0.050000000000000044,True,False
2822,18,20.819999999999997,0.050000000000000044,True,False
2823,18,20.819999999999997,0.050000000000000044,True,False
2824,18,20.819999999999997,0.050000000000000044,True,False
2825,18,20.819999999999997,0.050000000000000044,True,False
2826,18,20.819999999999997,0.050000000000000044,True,False
2827,18,20.819999999999997,0.050000000000000044,True,False
2828,20,20.799999999999997,0.050000000000000044,True,False
2829,20,20.799999999999997,0.050000000000000044,True,False
2830,18,20.819999999999997,0.050000000000000044,True,False
2831,18,20.819999999999997,0.050000000000000044,True,False
2832,18,20.819999999999997,0.050000000000000044,True,False
2833,18,20.819999999999997,0.050000000000000044,True,False
2834,22,20.779999999999998,0.050000000000000044,True,False
2835,18,20.819999999999997,0.050000000000000044,True,False
2836,20,20.799999999999997,0.050000000000000044,True,False
2837,20,20.799999999999997,0.050000000000000044,True,False
2838,18,20.819999999999997,0.050000000000000044,True,False
2839,18,20.819999999999997,0.050000000000000044,True,False
2840,19,20.81,0.050000000000000044,True,False
2841,18,20.819999999999997,0.050000000000000044,True,False
2842,18,20.819999999999997,0.050000000000000044,True,False
2843,18,20.819999999999997,0.050000000000000044,True,False
2844,20,20.799999999999997,0.050000000000000044,True,False
2845,20,20.799999999999997,0.050000000000000044,True,False
2846,18,20.819999999999997,0.050000000000000044,True,False
2847,18,20.819999999999997,0.050000000000000044,True,False
2848,19,20.81,0.050000000000000044,True,False
2849,18,20.819999999999997,0.050000000000000044,True,False
2850,18,20.819999999999997,0.050000000000000044,True,False
2851,20,20.799999999999997,0.050000000000000044,True,False
2852,18,20.819999999999997,0.050000000000000044,True,False
2853,18,20.819999999999997,0.050000000000000044,True,False
2854,18,20.819999999999997,0.050000000000000044,True,False
2855,18,20.819999999999997,0.050000000000000044,True,False
2856,18,20.819999999999997,0.050000000000000044,True,False
2857,18,20.819999999999997,0.050000000000000044,True,False
2858,19,20.81,0.050000000000000044,True,False
2859,18,20.819999999999997,0.050000000000000044,True,False
2860,18,20.819999999999997,0.050000000000000044,True,False
2861,18,20.819999999999997,0.050000000000000044,True,False
2862,18,20.819999999999997,0.050000000000000044,True,False
2863,18,20.819999999999997,0.050000000000000044,True,False
2864,18,20.819999999999997,0.050000000000000044,True,False
2865,21,20.79,0.050000000000000044,True,False
2866,18,20.819999999999997,0.050000000000000044,True,False
2867,18,20.819999999999997,0.050000000000000044,True,False
2868,18,20.819999999999997,0.050000000000000044,True,False
2869,18,20.819999999999997,0.050000000000000044,True,False
2870,18,20.819999999999997,0.050000000000000044,True,False
2871,18,20.819999999999997,0.050000000000000044,True,False
2872,18,20.819999999999997,0.050000000000000044,True,False
2873,18,20.819999999999997,0.050000000000000044,True,False
2874,18,20.819999999999997,0.050000000000000044,True,False
2875,18,20.819999999999997,0.050000000000000044,True,False
2876,21,20.79,0.050000000000000044,True,False
2877,18,20.819999999999997,0.050000000000000044,True,False
2878,18,20.819999999999997,0.050000000000000044,True,False
2879,20,20.799999999999997,0.050000000000000044,True,False
2880,18,20.819999999999997,0.050000000000000044,True,False
2881,20,20.799999999999997,0.050000000000000044,True,False
2882,20,20.799999999999997,0.050000000000000044,True,False
2883,18,20.819999999999997,0.050000000000000044,True,False
2884,19,20.81,0.050000000000000044,True,False
2885,18,20.819999999999997,0.050000000000000044,True,False
2886,18,20.819999999999997,0.050000000000000044,True,False
2887,20,20.799999999999997,0.050000000000000044,True,False
2888,18,20.819999999999997,0.050000000000000044,True,False
2889,18,20.819999999999997,0.050000000000000044,True,False
2890,18,20.819999999999997,0.050000000000000044,True,False
2891,22,20.779999999999998,0.050000000000000044,True,False
2892,18,20.819999999999997,0.050000000000000044,True,False
2893,20,20.799999999999997,0.050000000000000044,True,False
2894,18,20.819999999999997,0.050000000000000044,True,False
2895,23,20.77,0.050000000000000044,True,False
2896,18,20.819999999999997,0.050000000000000044,True,False
2897,18,20.819999999999997,0.050000000000000044,True,False
2898,18,20.819999999999997,0.050000000000000044,True,False
2899,20,20.799999999999997,0.050000000000000044,True,False
2900,18,20.819999999999997,0.050000000000000044,True,False
2901,20,20.799999999999997,0.050000000000000044,True,False
2902,18,20.819999999999997,0.050000000000000044,True,False
2903,18,20.819999999999997,0.050000000000000044,True,False
2904,18,20.819999999999997,0.050000000000000044,True,False
2905,18,20.819999999999997,0.050000000000000044,True,False
2906,18,20.819999999999997,0.050000000000000044,True,False
2907,18,20.819999999999997,0.050000000000000044,True,False
2908,18,20.819999999999997,0.050000000000000044,True,False
2909,18,20.819999999999997,0.050000000000000044,True,False
2910,20,20.799999999999997,0.050000000000000044,True,False
2911,18,20.819999999999997,0.050000000000000044,True,False
2912,20,20.799999999999997,0.050000000000000044,True,False
2913,18,20.819999999999997,0.050000000000000044,True,False
2914,20,20.799999999999997,0.050000000000000044,True,False
2915,20,20.799999999999997,0.050000000000000044,True,False
2916,18,20.819999999999997,0.050000000000000044,True,False
2917,18,20.819999999999997,0.050000000000000044,True,False
2918,20,20.799999999999997,0.050000000000000044,True,False
2919,18,20.819999999999997,0.050000000000000044,True,False
2920,18,20.819999999999997,0.050000000000000044,True,False
2921,19,20.81,0.050000000000000044,True,False
2922,20,20.799999999999997,0.050000000000000044,True,False
2923,18,20.819999999999997,0.050000000000000044,True,False
2924,18,20.819999999999997,0.050000000000000044,True,False
2925,19,20.81,0.050000000000000044,True,False
2926,18,20.819999999999997,0.050000000000000044,True,False
2927,18,20.819999999999997,0.050000000000000044,True,False
2928,18,20.819999999999997,0.050000000000000044,True,False
2929,20,20.799999999999997,0.050000000000000044,True,False
2930,18,20.819999999999997,0.050000000000000044,True,False
2931,22,20.779999999999998,0.050000000000000044,True,False
2932,18,20.819999999999997,0.050000000000000044,True,False
2933,19,20.81,0.050000000000000044,True,False
2934,18,20.819999999999997,0.050000000000000044,True,False
2935,18,20.819999999999997,0.050000000000000044,True,False
2936,21,20.79,0.050000000000000044,True,False
2937,18,20.819999999999997,0.050000000000000044,True,False
2938,18,20.819999999999997,0.050000000000000044,True,False
2939,18,20.819999999999997,0.050000000000000044,True,False
2940,18,20.819999999999997,0.050000000000000044,True,False
2941,19,20.81,0.050000000000000044,True,False
2942,18,20.819999999999997,0.050000000000000044,True,False
2943,18,20.819999999999997,0.050000000000000044,True,False
2944,18,20.819999999999997,0.050000000000000044,True,False
2945,20,20.799999999999997,0.050000000000000044,True,False
2946,20,20.799999999999997,0.050000000000000044,True,False
2947,18,20.819999999999997,0.050000000000000044,True,False
2948,18,20.819999999999997,0.050000000000000044,True,False
2949,18,20.819999999999997,0.050000000000000044,True,False
2950,18,20.819999999999997,0.050000000000000044,True,False
2951,20,20.799999999999997,0.050000000000000044,True,False
2952,18,20.819999999999997,0.050000000000000044,True,False
2953,18,20.819999999999997,0.050000000000000044,True,False
2954,18,20.819999999999997,0.050000000000000044,True,False
2955,22,20.779999999999998,0.050000000000000044,True,False
2956,22,20.779999999999998,0.050000000000000044,True,False
2957,20,20.799999999999997,0.050000000000000044,True,False
2958,18,20.819999999999997,0.050000000000000044,True,False
2959,18,20.819999999999997,0.050000000000000044,True,False
2960,20,20.799999999999997,0.050000000000000044,True,False
2961,18,20.819999999999997,0.050000000000000044,True,False
2962,18,20.819999999999997,0.050000000000000044,True,False
2963,18,20.819999999999997,0.050000000000000044,True,False
2964,18,20.819999999999997,0.050000000000000044,True,False
2965,18,20.819999999999997,0.050000000000000044,True,False
2966,20,20.799999999999997,0.050000000000000044,True,False
2967,22,20.779999999999998,0.050000000000000044,True,False
2968,18,20.819999999999997,0.050000000000000044,True,False
2969,18,20.819999999999997,0.050000000000000044,True,False
2970,20,20.799999999999997,0.050000000000000044,True,False
2971,18,20.819999999999997,0.050000000000000044,True,False
2972,18,20.819999999999997,0.050000000000000044,True,False
2973,18,20.819999999999997,0.050000000000000044,True,False
2974,20,20.799999999999997,0.050000000000000044,True,False
2975,18,20.819999999999997,0.050000000000000044,True,False
2976,18,20.819999999999997,0.050000000000000044,True,False
2977,20,20.799999999999997,0.050000000000000044,True,False
2978,18,20.819999999999997,0.050000000000000044,True,False
2979,18,20.819999999999997,0.050000000000000044,True,False
2980,20,20.799999999999997,0.050000000000000044,True,False
2981,18,20.819999999999997,0.050000000000000044,True,False
2982,18,20.819999999999997,0.050000000000000044,True,False
2983,20,20.799999999999997,0.050000000000000044,True,False
2984,19,20.81,0.050000000000000044,True,False
2985,18,20.819999999999997,0.050000000000000044,True,False
2986,18,20.819999999999997,0.050000000000000044,True,False
2987,20,20.799999999999997,0.050000000000000044,True,False
2988,18,20.819999999999997,0.050000000000000044,True,False
2989,20,20.799999999999997,0.050000000000000044,True,False
2990,20,20.799999999999997,0.050000000000000044,True,False
2991,18,20.819999999999997,0.050000000000000044,True,False
2992,20,20.799999999999997,0.050000000000000044,True,False
2993,18,20.819999999999997,0.050000000000000044,True,False
2994,20,20.799999999999997,0.050000000000000044,True,False
2995,20,20.799999999999997,0.050000000000000044,True,False
2996,18,20.819999999999997,0.050000000000000044,True,False
2997,18,20.819999999999997,0.050000000000000044,True,False
2998,19,20.81,0.050000000000000044,True,False
2999,20,20.799999999999997,0.050000000000000044,True,False
3000,18,20.819999999999997,0.050000000000000044,True,False
