episode,steps,totalReward,epsilon,completed,died
1,120,1,1.0,True,False
2,172,0,0.9996481481481482,False,True
3,203,0,0.9992962962962963,False,True
4,234,0,0.9989444444444444,False,True
5,188,0,0.9985925925925926,False,True
6,48,0,0.9982407407407408,False,True
7,122,0,0.9978888888888889,False,True
8,39,0,0.997537037037037,False,True
9,82,0,0.9971851851851852,False,True
10,195,0,0.9968333333333333,False,True
11,135,1,0.9964814814814815,True,False
12,80,0,0.9961296296296296,False,True
13,120,0,0.9957777777777778,False,True
14,238,0,0.9954259259259259,False,True
15,400,0,0.9950740740740741,False,False
16,400,0,0.9947222222222222,False,False
17,400,0,0.9943703703703703,False,False
18,38,0,0.9940185185185185,False,True
19,300,0,0.9936666666666667,False,True
20,118,0,0.9933148148148148,False,True
21,235,0,0.9929629629629629,False,True
22,43,0,0.9926111111111111,False,True
23,29,0,0.9922592592592593,False,True
24,122,0,0.9919074074074075,False,True
25,67,0,0.9915555555555555,False,True
26,209,1,0.9912037037037037,True,False
27,110,0,0.9908518518518519,False,True
28,400,0,0.9905,False,False
29,67,0,0.9901481481481481,False,True
30,338,1,0.9897962962962963,True,False
31,236,1,0.9894444444444445,True,False
32,147,0,0.9890925925925926,False,True
33,239,0,0.9887407407407407,False,True
34,90,0,0.9883888888888889,False,True
35,400,0,0.988037037037037,False,False
36,60,0,0.9876851851851852,False,True
37,171,0,0.9873333333333333,False,True
38,360,0,0.9869814814814815,False,True
39,306,0,0.9866296296296296,False,True
40,38,0,0.9862777777777778,False,True
41,145,1,0.9859259259259259,True,False
42,27,0,0.985574074074074,False,True
43,253,0,0.9852222222222222,False,True
44,102,0,0.9848703703703704,False,True
45,54,0,0.9845185185185186,False,True
46,178,0,0.9841666666666666,False,True
47,131,0,0.9838148148148148,False,True
48,66,0,0.983462962962963,False,True
49,81,0,0.9831111111111112,False,True
50,242,1,0.9827592592592592,True,False
51,100,0,0.9824074074074074,False,True
52,30,0,0.9820555555555556,False,True
53,29,0,0.9817037037037037,False,True
54,160,0,0.9813518518518518,False,True
55,39,0,0.981,False,True
56,246,0,0.9806481481481482,False,True
57,173,0,0.9802962962962963,False,True
58,34,0,0.9799444444444444,False,True
59,191,0,0.9795925925925926,False,True
60,211,0,0.9792407407407407,False,True
61,23,0,0.9788888888888889,False,True
62,219,1,0.978537037037037,True,False
63,400,0,0.9781851851851852,False,False
64,184,1,0.9778333333333333,True,False
65,400,0,0.9774814814814815,False,False
66,33,0,0.9771296296296297,False,True
67,400,0,0.9767777777777777,False,False
68,400,0,0.9764259259259259,False,False
69,72,0,0.9760740740740741,False,True
70,400,0,0.9757222222222223,False,False
71,80,0,0.9753703703703703,False,True
72,184,0,0.9750185185185185,False,True
73,296,0,0.9746666666666667,False,True
74,124,1,0.9743148148148149,True,False
75,208,1,0.9739629629629629,True,False
76,154,0,0.9736111111111111,False,True
77,400,0,0.9732592592592593,False,False
78,197,0,0.9729074074074074,False,True
79,281,0,0.9725555555555555,False,True
80,195,0,0.9722037037037037,False,True
81,127,0,0.9718518518518519,False,True
82,44,0,0.9715,False,True
83,239,0,0.9711481481481481,False,True
84,400,0,0.9707962962962963,False,False
85,400,0,0.9704444444444444,False,False
86,26,0,0.9700925925925926,False,True
87,114,0,0.9697407407407408,False,True
88,97,0,0.9693888888888889,False,True
89,190,0,0.969037037037037,False,True
90,148,1,0.9686851851851852,True,False
91,19,0,0.9683333333333334,False,True
92,31,0,0.9679814814814814,False,True
93,82,0,0.9676296296296296,False,True
94,192,0,0.9672777777777778,False,True
95,12,0,0.966925925925926,False,True
96,169,0,0.966574074074074,False,True
97,241,0,0.9662222222222222,False,True
98,400,0,0.9658703703703704,False,False
99,88,0,0.9655185185185186,False,True
100,61,0,0.9651666666666666,False,True
101,61,0,0.9648148148148148,False,True
102,190,0,0.964462962962963,False,True
103,223,0,0.9641111111111111,False,True
104,152,0,0.9637592592592592,False,True
105,147,0,0.9634074074074074,False,True
106,144,0,0.9630555555555556,False,True
107,175,0,0.9627037037037037,False,True
108,343,0,0.9623518518518519,False,True
109,12,0,0.962,False,True
110,122,1,0.9616481481481481,True,False
111,84,0,0.9612962962962963,False,True
112,47,0,0.9609444444444445,False,True
113,214,0,0.9605925925925926,False,True
114,54,0,0.9602407407407407,False,True
115,284,0,0.9598888888888889,False,True
116,164,0,0.9595370370370371,False,True
117,170,0,0.9591851851851851,False,True
118,54,0,0.9588333333333333,False,True
119,194,0,0.9584814814814815,False,True
120,245,0,0.9581296296296297,False,True
121,341,0,0.9577777777777777,False,True
122,335,1,0.9574259259259259,True,False
123,14,0,0.9570740740740741,False,True
124,265,0,0.9567222222222223,False,True
125,62,0,0.9563703703703703,False,True
126,400,0,0.9560185185185185,False,False
127,168,0,0.9556666666666667,False,True
128,400,0,0.9553148148148148,False,False
129,21,0,0.954962962962963,False,True
130,103,0,0.9546111111111111,False,True
131,150,1,0.9542592592592593,True,False
132,181,0,0.9539074074074074,False,True
133,176,0,0.9535555555555556,False,True
134,263,0,0.9532037037037037,False,True
135,117,0,0.9528518518518518,False,True
136,242,0,0.9525,False,True
137,158,0,0.9521481481481482,False,True
138,400,0,0.9517962962962963,False,False
139,400,0,0.9514444444444444,False,False
140,383,0,0.9510925925925926,False,True
141,63,0,0.9507407407407408,False,True
142,39,0,0.9503888888888888,False,True
143,147,1,0.950037037037037,True,False
144,108,0,0.9496851851851852,False,True
145,336,1,0.9493333333333334,True,False
146,24,0,0.9489814814814814,False,True
147,214,1,0.9486296296296296,True,False
148,58,0,0.9482777777777778,False,True
149,86,0,0.947925925925926,False,True
150,57,0,0.9475740740740741,False,True
151,30,0,0.9472222222222222,False,True
152,126,0,0.9468703703703704,False,True
153,140,0,0.9465185185185185,False,True
154,400,0,0.9461666666666667,False,False
155,83,0,0.9458148148148148,False,True
156,184,0,0.945462962962963,False,True
157,400,0,0.9451111111111111,False,False
158,134,0,0.9447592592592593,False,True
159,80,0,0.9444074074074074,False,True
160,47,0,0.9440555555555555,False,True
161,200,0,0.9437037037037037,False,True
162,30,0,0.9433518518518519,False,True
163,61,0,0.9430000000000001,False,True
164,101,1,0.9426481481481481,True,False
165,253,0,0.9422962962962963,False,True
166,362,0,0.9419444444444445,False,True
167,44,0,0.9415925925925925,False,True
168,169,0,0.9412407407407407,False,True
169,107,0,0.9408888888888889,False,True
170,349,0,0.9405370370370371,False,True
171,48,0,0.9401851851851852,False,True
172,279,0,0.9398333333333333,False,True
173,155,0,0.9394814814814815,False,True
174,15,0,0.9391296296296296,False,True
175,25,0,0.9387777777777778,False,True
176,111,0,0.9384259259259259,False,True
177,35,0,0.9380740740740741,False,True
178,400,0,0.9377222222222222,False,False
179,70,0,0.9373703703703704,False,True
180,162,0,0.9370185185185185,False,True
181,135,1,0.9366666666666666,True,False
182,200,1,0.9363148148148148,True,False
183,75,0,0.935962962962963,False,True
184,400,0,0.9356111111111111,False,False
185,400,0,0.9352592592592592,False,False
186,150,0,0.9349074074074074,False,True
187,89,0,0.9345555555555556,False,True
188,400,0,0.9342037037037036,False,False
189,400,0,0.9338518518518518,False,False
190,34,0,0.9335,False,True
191,302,0,0.9331481481481482,False,True
192,37,0,0.9327962962962963,False,True
193,244,1,0.9324444444444444,True,False
194,20,0,0.9320925925925926,False,True
195,276,0,0.9317407407407408,False,True
196,108,0,0.9313888888888889,False,True
197,99,0,0.931037037037037,False,True
198,62,0,0.9306851851851852,False,True
199,206,0,0.9303333333333333,False,True
200,103,0,0.9299814814814815,False,True
201,40,0,0.9296296296296296,False,True
202,28,0,0.9292777777777778,False,True
203,400,0,0.9289259259259259,False,False
204,400,0,0.9285740740740741,False,False
205,90,0,0.9282222222222223,False,True
206,205,0,0.9278703703703703,False,True
207,30,0,0.9275185185185185,False,True
208,19,0,0.9271666666666667,False,True
209,400,0,0.9268148148148148,False,False
210,315,0,0.9264629629629629,False,True
211,27,0,0.9261111111111111,False,True
212,151,1,0.9257592592592593,True,False
213,263,0,0.9254074074074075,False,True
214,96,0,0.9250555555555555,False,True
215,392,1,0.9247037037037037,True,False
216,150,1,0.9243518518518519,True,False
217,302,1,0.924,True,False
218,62,0,0.9236481481481481,False,True
219,400,0,0.9232962962962963,False,False
220,197,0,0.9229444444444445,False,True
221,107,0,0.9225925925925926,False,True
222,29,0,0.9222407407407407,False,True
223,354,0,0.9218888888888889,False,True
224,20,0,0.921537037037037,False,True
225,266,1,0.9211851851851852,True,False
226,42,0,0.9208333333333334,False,True
227,100,1,0.9204814814814815,True,False
228,400,0,0.9201296296296296,False,False
229,184,1,0.9197777777777778,True,False
230,39,0,0.9194259259259259,False,True
231,184,0,0.919074074074074,False,True
232,134,0,0.9187222222222222,False,True
233,63,0,0.9183703703703704,False,True
234,60,0,0.9180185185185186,False,True
235,17,0,0.9176666666666666,False,True
236,201,0,0.9173148148148148,False,True
237,48,1,0.916962962962963,True,False
238,318,0,0.9166111111111112,False,True
239,70,1,0.9162592592592593,True,False
240,123,0,0.9159074074074074,False,True
241,78,0,0.9155555555555556,False,True
242,400,0,0.9152037037037037,False,False
243,57,0,0.9148518518518518,False,True
244,107,0,0.9145,False,True
245,69,1,0.9141481481481482,True,False
246,84,0,0.9137962962962963,False,True
247,126,0,0.9134444444444445,False,True
248,69,0,0.9130925925925926,False,True
249,234,1,0.9127407407407407,True,False
250,210,0,0.9123888888888889,False,True
251,186,0,0.9120370370370371,False,True
252,125,0,0.9116851851851852,False,True
253,178,0,0.9113333333333333,False,True
254,62,0,0.9109814814814815,False,True
255,82,0,0.9106296296296297,False,True
256,119,0,0.9102777777777777,False,True
257,82,0,0.9099259259259259,False,True
258,326,0,0.9095740740740741,False,True
259,279,0,0.9092222222222223,False,True
260,162,0,0.9088703703703703,False,True
261,219,1,0.9085185185185185,True,False
262,156,1,0.9081666666666667,True,False
263,69,0,0.9078148148148149,False,True
264,222,0,0.9074629629629629,False,True
265,186,1,0.9071111111111111,True,False
266,158,0,0.9067592592592593,False,True
267,19,0,0.9064074074074074,False,True
268,42,0,0.9060555555555556,False,True
269,240,1,0.9057037037037037,True,False
270,75,0,0.9053518518518519,False,True
271,45,0,0.905,False,True
272,155,0,0.9046481481481481,False,True
273,109,0,0.9042962962962963,False,True
274,53,0,0.9039444444444444,False,True
275,131,0,0.9035925925925926,False,True
276,400,0,0.9032407407407408,False,False
277,96,1,0.9028888888888889,True,False
278,400,0,0.902537037037037,False,False
279,145,0,0.9021851851851852,False,True
280,400,0,0.9018333333333334,False,False
281,89,0,0.9014814814814816,False,True
282,92,0,0.9011296296296296,False,True
283,273,0,0.9007777777777778,False,True
284,177,1,0.900425925925926,True,False
285,140,1,0.900074074074074,True,False
286,144,0,0.8997222222222222,False,True
287,242,1,0.8993703703703704,True,False
288,100,0,0.8990185185185186,False,True
289,193,1,0.8986666666666667,True,False
290,245,1,0.8983148148148148,True,False
291,172,0,0.897962962962963,False,True
292,105,0,0.8976111111111111,False,True
293,50,0,0.8972592592592593,False,True
294,84,1,0.8969074074074074,True,False
295,38,0,0.8965555555555556,False,True
296,31,0,0.8962037037037037,False,True
297,400,0,0.8958518518518519,False,False
298,147,0,0.8955,False,True
299,120,1,0.8951481481481481,True,False
300,170,0,0.8947962962962963,False,True
301,132,0,0.8944444444444445,False,True
302,62,0,0.8940925925925925,False,True
303,400,0,0.8937407407407407,False,False
304,272,0,0.8933888888888889,False,True
305,69,0,0.8930370370370371,False,True
306,52,0,0.8926851851851851,False,True
307,299,0,0.8923333333333333,False,True
308,123,0,0.8919814814814815,False,True
309,89,0,0.8916296296296297,False,True
310,241,0,0.8912777777777778,False,True
311,65,0,0.8909259259259259,False,True
312,400,0,0.8905740740740741,False,False
313,78,0,0.8902222222222222,False,True
314,256,0,0.8898703703703703,False,True
315,109,0,0.8895185185185185,False,True
316,26,0,0.8891666666666667,False,True
317,400,0,0.8888148148148148,False,False
318,67,0,0.888462962962963,False,True
319,400,0,0.8881111111111111,False,False
320,17,0,0.8877592592592592,False,True
321,31,0,0.8874074074074074,False,True
322,34,0,0.8870555555555556,False,True
323,124,0,0.8867037037037037,False,True
324,87,0,0.8863518518518518,False,True
325,144,0,0.886,False,True
326,400,0,0.8856481481481482,False,False
327,88,0,0.8852962962962962,False,True
328,27,0,0.8849444444444444,False,True
329,258,0,0.8845925925925926,False,True
330,201,1,0.8842407407407408,True,False
331,211,1,0.883888888888889,True,False
332,400,0,0.883537037037037,False,False
333,49,0,0.8831851851851852,False,True
334,240,1,0.8828333333333334,True,False
335,297,0,0.8824814814814815,False,True
336,133,0,0.8821296296296296,False,True
337,155,1,0.8817777777777778,True,False
338,83,0,0.881425925925926,False,True
339,328,0,0.8810740740740741,False,True
340,31,0,0.8807222222222222,False,True
341,100,0,0.8803703703703704,False,True
342,71,0,0.8800185185185185,False,True
343,400,0,0.8796666666666667,False,False
344,50,0,0.8793148148148149,False,True
345,95,0,0.878962962962963,False,True
346,95,1,0.8786111111111111,True,False
347,48,0,0.8782592592592593,False,True
348,30,0,0.8779074074074074,False,True
349,46,0,0.8775555555555555,False,True
350,268,1,0.8772037037037037,True,False
351,41,0,0.8768518518518519,False,True
352,104,0,0.8765000000000001,False,True
353,56,0,0.8761481481481481,False,True
354,83,0,0.8757962962962963,False,True
355,43,0,0.8754444444444445,False,True
356,103,1,0.8750925925925926,True,False
357,103,0,0.8747407407407407,False,True
358,367,0,0.8743888888888889,False,True
359,169,0,0.8740370370370371,False,True
360,280,0,0.8736851851851852,False,True
361,134,0,0.8733333333333333,False,True
362,50,0,0.8729814814814815,False,True
363,44,0,0.8726296296296296,False,True
364,265,0,0.8722777777777778,False,True
365,261,0,0.871925925925926,False,True
366,400,0,0.8715740740740741,False,False
367,201,0,0.8712222222222222,False,True
368,163,0,0.8708703703703704,False,True
369,209,0,0.8705185185185185,False,True
370,109,0,0.8701666666666666,False,True
371,184,0,0.8698148148148148,False,True
372,178,1,0.869462962962963,True,False
373,164,0,0.8691111111111112,False,True
374,36,0,0.8687592592592592,False,True
375,107,1,0.8684074074074074,True,False
376,54,0,0.8680555555555556,False,True
377,81,0,0.8677037037037038,False,True
378,335,0,0.8673518518518518,False,True
379,82,0,0.867,False,True
380,152,0,0.8666481481481482,False,True
381,288,0,0.8662962962962963,False,True
382,188,1,0.8659444444444444,True,False
383,109,0,0.8655925925925926,False,True
384,38,0,0.8652407407407408,False,True
385,40,0,0.8648888888888889,False,True
386,97,0,0.864537037037037,False,True
387,50,0,0.8641851851851852,False,True
388,52,0,0.8638333333333333,False,True
389,151,0,0.8634814814814815,False,True
390,185,1,0.8631296296296296,True,False
391,117,1,0.8627777777777779,True,False
392,52,0,0.8624259259259259,False,True
393,263,1,0.8620740740740741,True,False
394,345,0,0.8617222222222223,False,True
395,159,0,0.8613703703703703,False,True
396,48,0,0.8610185185185185,False,True
397,102,0,0.8606666666666667,False,True
398,135,1,0.8603148148148148,True,False
399,144,1,0.859962962962963,True,False
400,149,0,0.8596111111111111,False,True
401,25,0,0.8592592592592593,False,True
402,138,0,0.8589074074074075,False,True
403,107,0,0.8585555555555555,False,True
404,32,0,0.8582037037037037,False,True
405,223,0,0.8578518518518519,False,True
406,149,0,0.8575,False,True
407,244,0,0.8571481481481482,False,True
408,297,1,0.8567962962962963,True,False
409,369,0,0.8564444444444445,False,True
410,400,0,0.8560925925925926,False,False
411,400,0,0.8557407407407407,False,False
412,47,0,0.8553888888888889,False,True
413,140,0,0.855037037037037,False,True
414,217,0,0.8546851851851852,False,True
415,210,0,0.8543333333333334,False,True
416,53,0,0.8539814814814815,False,True
417,270,1,0.8536296296296296,True,False
418,77,0,0.8532777777777778,False,True
419,91,1,0.8529259259259259,True,False
420,98,0,0.8525740740740742,False,True
421,261,1,0.8522222222222222,True,False
422,213,0,0.8518703703703704,False,True
423,84,1,0.8515185185185186,True,False
424,363,0,0.8511666666666666,False,True
425,213,0,0.8508148148148148,False,True
426,154,1,0.850462962962963,True,False
427,203,0,0.8501111111111112,False,True
428,78,0,0.8497592592592593,False,True
429,80,0,0.8494074074074074,False,True
430,72,0,0.8490555555555556,False,True
431,382,0,0.8487037037037037,False,True
432,56,0,0.8483518518518518,False,True
433,125,0,0.848,False,True
434,400,0,0.8476481481481482,False,False
435,119,0,0.8472962962962963,False,True
436,192,1,0.8469444444444445,True,False
437,199,0,0.8465925925925926,False,True
438,64,0,0.8462407407407407,False,True
439,230,1,0.8458888888888889,True,False
440,400,0,0.845537037037037,False,False
441,227,0,0.8451851851851852,False,True
442,87,0,0.8448333333333333,False,True
443,18,0,0.8444814814814815,False,True
444,64,0,0.8441296296296297,False,True
445,109,0,0.8437777777777777,False,True
446,168,0,0.8434259259259259,False,True
447,124,1,0.8430740740740741,True,False
448,343,0,0.8427222222222222,False,True
449,128,0,0.8423703703703704,False,True
450,400,0,0.8420185185185185,False,False
451,400,0,0.8416666666666667,False,False
452,77,0,0.8413148148148148,False,True
453,37,0,0.840962962962963,False,True
454,44,0,0.8406111111111111,False,True
455,209,0,0.8402592592592593,False,True
456,362,1,0.8399074074074074,True,False
457,33,0,0.8395555555555556,False,True
458,209,0,0.8392037037037037,False,True
459,288,0,0.8388518518518518,False,True
460,300,1,0.8385,True,False
461,178,1,0.8381481481481482,True,False
462,107,0,0.8377962962962963,False,True
463,373,0,0.8374444444444444,False,True
464,130,0,0.8370925925925926,False,True
465,86,0,0.8367407407407408,False,True
466,88,1,0.8363888888888888,True,False
467,27,0,0.836037037037037,False,True
468,105,0,0.8356851851851852,False,True
469,343,1,0.8353333333333334,True,False
470,241,0,0.8349814814814815,False,True
471,119,0,0.8346296296296296,False,True
472,88,0,0.8342777777777778,False,True
473,56,0,0.833925925925926,False,True
474,105,0,0.833574074074074,False,True
475,325,1,0.8332222222222222,True,False
476,193,0,0.8328703703703704,False,True
477,345,0,0.8325185185185185,False,True
478,303,0,0.8321666666666667,False,True
479,74,0,0.8318148148148148,False,True
480,125,0,0.831462962962963,False,True
481,168,1,0.8311111111111111,True,False
482,384,0,0.8307592592592593,False,True
483,231,0,0.8304074074074074,False,True
484,19,0,0.8300555555555555,False,True
485,68,0,0.8297037037037037,False,True
486,277,0,0.8293518518518519,False,True
487,400,0,0.829,False,False
488,308,0,0.8286481481481481,False,True
489,123,0,0.8282962962962963,False,True
490,105,0,0.8279444444444445,False,True
491,246,0,0.8275925925925927,False,True
492,118,0,0.8272407407407407,False,True
493,51,0,0.8268888888888889,False,True
494,237,1,0.8265370370370371,True,False
495,294,0,0.8261851851851851,False,True
496,129,0,0.8258333333333334,False,True
497,132,0,0.8254814814814815,False,True
498,295,0,0.8251296296296297,False,True
499,16,0,0.8247777777777778,False,True
500,278,0,0.8244259259259259,False,True
501,349,1,0.8240740740740741,True,False
502,100,1,0.8237222222222222,True,False
503,61,0,0.8233703703703703,False,True
504,96,0,0.8230185185185186,False,True
505,20,0,0.8226666666666667,False,True
506,61,1,0.8223148148148148,True,False
507,90,0,0.821962962962963,False,True
508,273,0,0.8216111111111111,False,True
509,136,0,0.8212592592592592,False,True
510,259,0,0.8209074074074074,False,True
511,43,0,0.8205555555555556,False,True
512,259,0,0.8202037037037038,False,True
513,131,0,0.8198518518518518,False,True
514,341,1,0.8195,True,False
515,328,0,0.8191481481481482,False,True
516,400,0,0.8187962962962962,False,False
517,83,0,0.8184444444444444,False,True
518,324,0,0.8180925925925926,False,True
519,52,0,0.8177407407407408,False,True
520,255,1,0.8173888888888889,True,False
521,103,0,0.817037037037037,False,True
522,191,1,0.8166851851851852,True,False
523,51,0,0.8163333333333334,False,True
524,213,0,0.8159814814814814,False,True
525,258,0,0.8156296296296297,False,True
526,19,0,0.8152777777777778,False,True
527,140,0,0.8149259259259259,False,True
528,145,1,0.8145740740740741,True,False
529,87,0,0.8142222222222222,False,True
530,168,0,0.8138703703703704,False,True
531,139,1,0.8135185185185185,True,False
532,85,1,0.8131666666666667,True,False
533,29,0,0.8128148148148149,False,True
534,240,0,0.8124629629629629,False,True
535,185,0,0.8121111111111111,False,True
536,229,0,0.8117592592592593,False,True
537,78,0,0.8114074074074074,False,True
538,119,1,0.8110555555555555,True,False
539,46,0,0.8107037037037037,False,True
540,75,0,0.8103518518518519,False,True
541,183,0,0.81,False,True
542,38,0,0.8096481481481481,False,True
543,35,0,0.8092962962962963,False,True
544,122,0,0.8089444444444445,False,True
545,133,0,0.8085925925925926,False,True
546,144,0,0.8082407407407407,False,True
547,396,0,0.8078888888888889,False,True
548,68,0,0.807537037037037,False,True
549,244,1,0.8071851851851852,True,False
550,118,0,0.8068333333333333,False,True
551,67,0,0.8064814814814815,False,True
552,93,1,0.8061296296296296,True,False
553,31,0,0.8057777777777778,False,True
554,200,0,0.805425925925926,False,True
555,228,0,0.805074074074074,False,True
556,56,0,0.8047222222222222,False,True
557,347,0,0.8043703703703704,False,True
558,67,1,0.8040185185185186,True,False
559,222,0,0.8036666666666666,False,True
560,22,0,0.8033148148148148,False,True
561,265,1,0.802962962962963,True,False
562,256,0,0.8026111111111112,False,True
563,94,0,0.8022592592592592,False,True
564,232,1,0.8019074074074074,True,False
565,47,0,0.8015555555555556,False,True
566,70,0,0.8012037037037038,False,True
567,169,0,0.8008518518518518,False,True
568,245,0,0.8005,False,True
569,43,0,0.8001481481481482,False,True
570,264,0,0.7997962962962963,False,True
571,137,0,0.7994444444444444,False,True
572,184,1,0.7990925925925926,True,False
573,33,0,0.7987407407407408,False,True
574,124,1,0.7983888888888889,True,False
575,52,0,0.7980370370370371,False,True
576,220,0,0.7976851851851852,False,True
577,284,0,0.7973333333333333,False,True
578,73,0,0.7969814814814815,False,True
579,79,0,0.7966296296296296,False,True
580,26,0,0.7962777777777779,False,True
581,94,0,0.7959259259259259,False,True
582,53,0,0.7955740740740741,False,True
583,400,0,0.7952222222222223,False,False
584,89,0,0.7948703703703703,False,True
585,237,0,0.7945185185185185,False,True
586,389,0,0.7941666666666667,False,True
587,44,0,0.7938148148148149,False,True
588,74,0,0.793462962962963,False,True
589,372,0,0.7931111111111111,False,True
590,31,0,0.7927592592592593,False,True
591,81,0,0.7924074074074074,False,True
592,111,0,0.7920555555555555,False,True
593,26,0,0.7917037037037037,False,True
594,84,1,0.7913518518518519,True,False
595,173,0,0.791,False,True
596,400,0,0.7906481481481482,False,False
597,165,0,0.7902962962962963,False,True
598,119,0,0.7899444444444444,False,True
599,186,0,0.7895925925925926,False,True
600,340,0,0.7892407407407407,False,True
601,289,0,0.788888888888889,False,True
602,145,1,0.788537037037037,True,False
603,192,1,0.7881851851851852,True,False
604,91,0,0.7878333333333334,False,True
605,40,0,0.7874814814814814,False,True
606,400,0,0.7871296296296296,False,False
607,146,0,0.7867777777777778,False,True
608,115,0,0.7864259259259259,False,True
609,122,1,0.7860740740740741,True,False
610,164,1,0.7857222222222222,True,False
611,144,0,0.7853703703703704,False,True
612,31,0,0.7850185185185186,False,True
613,131,0,0.7846666666666666,False,True
614,365,0,0.7843148148148148,False,True
615,46,0,0.783962962962963,False,True
616,59,0,0.7836111111111111,False,True
617,99,0,0.7832592592592593,False,True
618,391,0,0.7829074074074074,False,True
619,282,0,0.7825555555555556,False,True
620,169,0,0.7822037037037037,False,True
621,383,0,0.7818518518518518,False,True
622,58,0,0.7815,False,True
623,21,0,0.7811481481481481,False,True
624,267,1,0.7807962962962963,True,False
625,305,0,0.7804444444444445,False,True
626,86,0,0.7800925925925926,False,True
627,180,0,0.7797407407407407,False,True
628,73,0,0.7793888888888889,False,True
629,397,0,0.779037037037037,False,True
630,168,0,0.7786851851851853,False,True
631,282,0,0.7783333333333333,False,True
632,104,1,0.7779814814814815,True,False
633,310,0,0.7776296296296297,False,True
634,57,0,0.7772777777777777,False,True
635,159,0,0.7769259259259259,False,True
636,370,0,0.7765740740740741,False,True
637,77,0,0.7762222222222223,False,True
638,134,0,0.7758703703703704,False,True
639,184,1,0.7755185185185185,True,False
640,182,1,0.7751666666666667,True,False
641,40,0,0.7748148148148148,False,True
642,69,0,0.774462962962963,False,True
643,33,0,0.7741111111111111,False,True
644,28,0,0.7737592592592593,False,True
645,182,1,0.7734074074074074,True,False
646,36,0,0.7730555555555556,False,True
647,374,0,0.7727037037037037,False,True
648,40,0,0.7723518518518518,False,True
649,147,0,0.772,False,True
650,98,0,0.7716481481481482,False,True
651,18,0,0.7712962962962964,False,True
652,338,1,0.7709444444444444,True,False
653,270,0,0.7705925925925926,False,True
654,286,0,0.7702407407407408,False,True
655,139,0,0.7698888888888888,False,True
656,107,0,0.769537037037037,False,True
657,92,0,0.7691851851851852,False,True
658,36,0,0.7688333333333334,False,True
659,124,0,0.7684814814814815,False,True
660,400,0,0.7681296296296296,False,False
661,253,1,0.7677777777777778,True,False
662,146,1,0.767425925925926,True,False
663,179,1,0.7670740740740741,True,False
664,184,0,0.7667222222222222,False,True
665,196,0,0.7663703703703704,False,True
666,60,0,0.7660185185185185,False,True
667,244,1,0.7656666666666667,True,False
668,94,1,0.7653148148148148,True,False
669,170,1,0.764962962962963,True,False
670,54,0,0.7646111111111111,False,True
671,70,0,0.7642592592592593,False,True
672,85,0,0.7639074074074074,False,True
673,158,0,0.7635555555555555,False,True
674,76,0,0.7632037037037037,False,True
675,159,0,0.7628518518518519,False,True
676,167,1,0.7625,True,False
677,165,1,0.7621481481481482,True,False
678,142,0,0.7617962962962963,False,True
679,228,0,0.7614444444444445,False,True
680,160,0,0.7610925925925927,False,True
681,249,0,0.7607407407407407,False,True
682,16,0,0.7603888888888889,False,True
683,310,1,0.7600370370370371,True,False
684,62,1,0.7596851851851852,True,False
685,56,0,0.7593333333333333,False,True
686,267,1,0.7589814814814815,True,False
687,70,0,0.7586296296296297,False,True
688,150,0,0.7582777777777778,False,True
689,85,0,0.7579259259259259,False,True
690,57,0,0.7575740740740741,False,True
691,400,0,0.7572222222222222,False,False
692,36,0,0.7568703703703703,False,True
693,199,0,0.7565185185185186,False,True
694,125,0,0.7561666666666667,False,True
695,128,1,0.7558148148148148,True,False
696,400,0,0.755462962962963,False,False
697,221,0,0.7551111111111111,False,True
698,170,1,0.7547592592592594,True,False
699,242,0,0.7544074074074074,False,True
700,274,0,0.7540555555555556,False,True
701,251,0,0.7537037037037038,False,True
702,205,0,0.7533518518518518,False,True
703,36,0,0.753,False,True
704,253,0,0.7526481481481482,False,True
705,400,0,0.7522962962962964,False,False
706,176,0,0.7519444444444444,False,True
707,195,0,0.7515925925925926,False,True
708,153,0,0.7512407407407408,False,True
709,224,0,0.7508888888888889,False,True
710,400,0,0.750537037037037,False,False
711,75,1,0.7501851851851852,True,False
712,131,1,0.7498333333333334,True,False
713,400,0,0.7494814814814814,False,False
714,150,1,0.7491296296296297,True,False
715,43,0,0.7487777777777778,False,True
716,150,0,0.7484259259259259,False,True
717,134,0,0.7480740740740741,False,True
718,134,0,0.7477222222222222,False,True
719,107,0,0.7473703703703705,False,True
720,22,0,0.7470185185185185,False,True
721,69,0,0.7466666666666667,False,True
722,112,0,0.7463148148148149,False,True
723,196,0,0.7459629629629629,False,True
724,335,0,0.7456111111111111,False,True
725,88,0,0.7452592592592593,False,True
726,76,0,0.7449074074074074,False,True
727,18,0,0.7445555555555556,False,True
728,282,1,0.7442037037037037,True,False
729,114,0,0.7438518518518519,False,True
730,115,1,0.7435,True,False
731,378,1,0.7431481481481481,True,False
732,74,1,0.7427962962962964,True,False
733,193,1,0.7424444444444445,True,False
734,145,0,0.7420925925925925,False,True
735,230,0,0.7417407407407408,False,True
736,213,0,0.7413888888888889,False,True
737,224,0,0.741037037037037,False,True
738,52,0,0.7406851851851852,False,True
739,359,0,0.7403333333333333,False,True
740,70,1,0.7399814814814815,True,False
741,49,0,0.7396296296296296,False,True
742,88,0,0.7392777777777778,False,True
743,30,0,0.738925925925926,False,True
744,400,0,0.738574074074074,False,False
745,62,0,0.7382222222222222,False,True
746,129,1,0.7378703703703704,True,False
747,213,0,0.7375185185185185,False,True
748,92,1,0.7371666666666667,True,False
749,246,0,0.7368148148148148,False,True
750,127,0,0.736462962962963,False,True
751,81,0,0.7361111111111112,False,True
752,121,1,0.7357592592592592,True,False
753,289,0,0.7354074074074075,False,True
754,58,0,0.7350555555555556,False,True
755,10,0,0.7347037037037036,False,True
756,45,0,0.7343518518518519,False,True
757,106,0,0.734,False,True
758,119,0,0.7336481481481482,False,True
759,375,0,0.7332962962962963,False,True
760,400,0,0.7329444444444444,False,False
761,56,0,0.7325925925925926,False,True
762,140,1,0.7322407407407407,True,False
763,99,1,0.7318888888888889,True,False
764,76,0,0.7315370370370371,False,True
765,272,0,0.7311851851851852,False,True
766,327,0,0.7308333333333333,False,True
767,356,0,0.7304814814814815,False,True
768,81,1,0.7301296296296296,True,False
769,347,0,0.7297777777777779,False,True
770,106,0,0.7294259259259259,False,True
771,321,0,0.729074074074074,False,True
772,82,0,0.7287222222222223,False,True
773,124,0,0.7283703703703703,False,True
774,138,1,0.7280185185185186,True,False
775,101,0,0.7276666666666667,False,True
776,81,0,0.7273148148148147,False,True
777,97,0,0.726962962962963,False,True
778,18,0,0.7266111111111111,False,True
779,91,0,0.7262592592592593,False,True
780,74,0,0.7259074074074074,False,True
781,400,0,0.7255555555555556,False,False
782,22,0,0.7252037037037037,False,True
783,117,0,0.7248518518518519,False,True
784,177,0,0.7245,False,True
785,321,0,0.7241481481481482,False,True
786,213,0,0.7237962962962963,False,True
787,203,1,0.7234444444444444,True,False
788,106,1,0.7230925925925926,True,False
789,109,0,0.7227407407407407,False,True
790,51,0,0.722388888888889,False,True
791,75,1,0.722037037037037,True,False
792,53,0,0.7216851851851852,False,True
793,39,0,0.7213333333333334,False,True
794,108,0,0.7209814814814814,False,True
795,192,1,0.7206296296296296,True,False
796,387,0,0.7202777777777778,False,True
797,142,0,0.719925925925926,False,True
798,171,1,0.7195740740740741,True,False
799,25,0,0.7192222222222222,False,True
800,400,0,0.7188703703703704,False,False
801,140,1,0.7185185185185186,True,False
802,24,0,0.7181666666666666,False,True
803,138,0,0.7178148148148148,False,True
804,26,0,0.717462962962963,False,True
805,247,1,0.7171111111111111,True,False
806,115,0,0.7167592592592593,False,True
807,400,0,0.7164074074074074,False,False
808,16,0,0.7160555555555557,False,True
809,75,0,0.7157037037037037,False,True
810,104,1,0.7153518518518518,True,False
811,118,0,0.7150000000000001,False,True
812,56,0,0.7146481481481481,False,True
813,129,0,0.7142962962962963,False,True
814,47,0,0.7139444444444445,False,True
815,37,0,0.7135925925925926,False,True
816,68,0,0.7132407407407407,False,True
817,147,0,0.7128888888888889,False,True
818,64,0,0.7125370370370371,False,True
819,189,0,0.7121851851851853,False,True
820,49,0,0.7118333333333333,False,True
821,232,0,0.7114814814814815,False,True
822,212,0,0.7111296296296297,False,True
823,37,0,0.7107777777777777,False,True
824,36,0,0.710425925925926,False,True
825,318,0,0.7100740740740741,False,True
826,400,0,0.7097222222222221,False,False
827,239,1,0.7093703703703704,True,False
828,96,1,0.7090185185185185,True,False
829,77,0,0.7086666666666668,False,True
830,19,0,0.7083148148148148,False,True
831,188,0,0.7079629629629629,False,True
832,128,0,0.7076111111111112,False,True
833,82,0,0.7072592592592593,False,True
834,247,1,0.7069074074074074,True,False
835,400,0,0.7065555555555556,False,False
836,173,0,0.7062037037037037,False,True
837,77,0,0.7058518518518518,False,True
838,400,0,0.7055,False,False
839,160,1,0.7051481481481482,True,False
840,39,0,0.7047962962962964,False,True
841,42,0,0.7044444444444444,False,True
842,66,0,0.7040925925925926,False,True
843,66,1,0.7037407407407408,True,False
844,160,0,0.7033888888888888,False,True
845,75,0,0.7030370370370371,False,True
846,22,0,0.7026851851851852,False,True
847,133,1,0.7023333333333333,True,False
848,40,0,0.7019814814814815,False,True
849,284,0,0.7016296296296296,False,True
850,101,1,0.7012777777777778,True,False
851,153,0,0.700925925925926,False,True
852,400,0,0.700574074074074,False,False
853,181,0,0.7002222222222223,False,True
854,101,0,0.6998703703703704,False,True
855,126,0,0.6995185185185185,False,True
856,266,0,0.6991666666666667,False,True
857,94,0,0.6988148148148148,False,True
858,13,0,0.698462962962963,False,True
859,142,1,0.6981111111111111,True,False
860,67,1,0.6977592592592593,True,False
861,400,0,0.6974074074074075,False,False
862,66,0,0.6970555555555555,False,True
863,97,1,0.6967037037037037,True,False
864,245,0,0.6963518518518519,False,True
865,74,0,0.696,False,True
866,82,0,0.6956481481481482,False,True
867,38,0,0.6952962962962963,False,True
868,281,1,0.6949444444444444,True,False
869,39,0,0.6945925925925927,False,True
870,52,0,0.6942407407407407,False,True
871,87,0,0.6938888888888889,False,True
872,242,0,0.6935370370370371,False,True
873,391,0,0.6931851851851852,False,True
874,333,1,0.6928333333333334,True,False
875,202,1,0.6924814814814815,True,False
876,400,0,0.6921296296296297,False,False
877,400,0,0.6917777777777778,False,False
878,180,1,0.6914259259259259,True,False
879,80,1,0.6910740740740741,True,False
880,183,1,0.6907222222222222,True,False
881,186,0,0.6903703703703703,False,True
882,316,0,0.6900185185185186,False,True
883,161,0,0.6896666666666667,False,True
884,79,1,0.6893148148148148,True,False
885,149,0,0.688962962962963,False,True
886,43,0,0.6886111111111111,False,True
887,51,0,0.6882592592592593,False,True
888,21,0,0.6879074074074074,False,True
889,400,0,0.6875555555555556,False,False
890,400,0,0.6872037037037038,False,False
891,281,1,0.6868518518518518,True,False
892,189,1,0.6865,True,False
893,32,0,0.6861481481481482,False,True
894,78,0,0.6857962962962963,False,True
895,133,0,0.6854444444444444,False,True
896,389,0,0.6850925925925926,False,True
897,25,0,0.6847407407407408,False,True
898,281,1,0.6843888888888889,True,False
899,77,0,0.684037037037037,False,True
900,86,0,0.6836851851851853,False,True
901,30,0,0.6833333333333333,False,True
902,216,0,0.6829814814814814,False,True
903,21,0,0.6826296296296297,False,True
904,105,1,0.6822777777777778,True,False
905,386,1,0.681925925925926,True,False
906,34,0,0.6815740740740741,False,True
907,53,0,0.6812222222222222,False,True
908,69,1,0.6808703703703705,True,False
909,94,0,0.6805185185185185,False,True
910,290,0,0.6801666666666667,False,True
911,173,0,0.6798148148148149,False,True
912,18,0,0.6794629629629629,False,True
913,197,0,0.6791111111111111,False,True
914,319,0,0.6787592592592593,False,True
915,130,0,0.6784074074074075,False,True
916,400,0,0.6780555555555556,False,False
917,61,0,0.6777037037037037,False,True
918,400,0,0.6773518518518519,False,False
919,63,0,0.677,False,True
920,80,0,0.6766481481481481,False,True
921,400,0,0.6762962962962964,False,False
922,144,1,0.6759444444444445,True,False
923,129,0,0.6755925925925925,False,True
924,73,0,0.6752407407407408,False,True
925,227,0,0.6748888888888889,False,True
926,17,0,0.674537037037037,False,True
927,197,1,0.6741851851851852,True,False
928,104,0,0.6738333333333333,False,True
929,393,0,0.6734814814814816,False,True
930,383,0,0.6731296296296296,False,True
931,68,1,0.6727777777777778,True,False
932,89,1,0.672425925925926,True,False
933,230,0,0.672074074074074,False,True
934,14,0,0.6717222222222222,False,True
935,43,0,0.6713703703703704,False,True
936,68,0,0.6710185185185186,False,True
937,195,0,0.6706666666666667,False,True
938,168,1,0.6703148148148148,True,False
939,32,0,0.669962962962963,False,True
940,180,1,0.6696111111111112,True,False
941,32,0,0.6692592592592592,False,True
942,23,0,0.6689074074074075,False,True
943,209,0,0.6685555555555556,False,True
944,36,0,0.6682037037037036,False,True
945,93,1,0.6678518518518519,True,False
946,106,0,0.6675,False,True
947,94,0,0.6671481481481482,False,True
948,150,0,0.6667962962962963,False,True
949,55,0,0.6664444444444444,False,True
950,93,0,0.6660925925925926,False,True
951,298,0,0.6657407407407407,False,True
952,38,0,0.6653888888888889,False,True
953,145,0,0.6650370370370371,False,True
954,40,0,0.6646851851851852,False,True
955,23,0,0.6643333333333333,False,True
956,25,0,0.6639814814814815,False,True
957,142,1,0.6636296296296296,True,False
958,400,0,0.6632777777777779,False,False
959,66,0,0.6629259259259259,False,True
960,315,0,0.6625740740740741,False,True
961,32,0,0.6622222222222223,False,True
962,186,1,0.6618703703703703,True,False
963,266,0,0.6615185185185186,False,True
964,106,1,0.6611666666666667,True,False
965,86,1,0.6608148148148147,True,False
966,18,0,0.660462962962963,False,True
967,294,1,0.6601111111111111,True,False
968,70,0,0.6597592592592593,False,True
969,361,1,0.6594074074074074,True,False
970,121,0,0.6590555555555556,False,True
971,76,0,0.6587037037037037,False,True
972,359,1,0.6583518518518519,True,False
973,68,0,0.658,False,True
974,172,0,0.6576481481481482,False,True
975,60,1,0.6572962962962963,True,False
976,71,0,0.6569444444444444,False,True
977,370,1,0.6565925925925926,True,False
978,41,0,0.6562407407407407,False,True
979,79,0,0.655888888888889,False,True
980,27,0,0.655537037037037,False,True
981,67,0,0.6551851851851852,False,True
982,100,0,0.6548333333333334,False,True
983,84,0,0.6544814814814814,False,True
984,21,0,0.6541296296296297,False,True
985,221,1,0.6537777777777778,True,False
986,351,1,0.653425925925926,True,False
987,202,1,0.6530740740740741,True,False
988,327,1,0.6527222222222222,True,False
989,119,0,0.6523703703703704,False,True
990,307,0,0.6520185185185186,False,True
991,53,0,0.6516666666666667,False,True
992,63,0,0.6513148148148148,False,True
993,104,0,0.650962962962963,False,True
994,301,1,0.6506111111111111,True,False
995,400,0,0.6502592592592593,False,False
996,103,0,0.6499074074074074,False,True
997,86,0,0.6495555555555557,False,True
998,63,1,0.6492037037037037,True,False
999,35,0,0.6488518518518518,False,True
1000,74,0,0.6485000000000001,False,True
1001,137,1,0.6481481481481481,True,False
1002,28,0,0.6477962962962963,False,True
1003,38,0,0.6474444444444445,False,True
1004,50,0,0.6470925925925926,False,True
1005,114,0,0.6467407407407407,False,True
1006,117,0,0.6463888888888889,False,True
1007,76,0,0.6460370370370371,False,True
1008,268,0,0.6456851851851853,False,True
1009,55,0,0.6453333333333333,False,True
1010,127,1,0.6449814814814815,True,False
1011,400,0,0.6446296296296297,False,False
1012,241,0,0.6442777777777777,False,True
1013,148,0,0.643925925925926,False,True
1014,112,1,0.6435740740740741,True,False
1015,400,0,0.6432222222222223,False,False
1016,102,0,0.6428703703703704,False,True
1017,29,0,0.6425185185185185,False,True
1018,66,0,0.6421666666666668,False,True
1019,75,0,0.6418148148148148,False,True
1020,44,0,0.6414629629629629,False,True
1021,59,1,0.6411111111111112,True,False
1022,230,1,0.6407592592592593,True,False
1023,149,0,0.6404074074074074,False,True
1024,164,0,0.6400555555555556,False,True
1025,305,1,0.6397037037037037,True,False
1026,21,0,0.6393518518518518,False,True
1027,66,0,0.639,False,True
1028,237,0,0.6386481481481482,False,True
1029,20,0,0.6382962962962964,False,True
1030,149,0,0.6379444444444444,False,True
1031,21,0,0.6375925925925926,False,True
1032,127,0,0.6372407407407408,False,True
1033,51,0,0.6368888888888888,False,True
1034,22,0,0.6365370370370371,False,True
1035,95,1,0.6361851851851852,True,False
1036,133,1,0.6358333333333333,True,False
1037,183,1,0.6354814814814815,True,False
1038,30,0,0.6351296296296296,False,True
1039,108,0,0.6347777777777779,False,True
1040,162,1,0.634425925925926,True,False
1041,167,1,0.634074074074074,True,False
1042,132,1,0.6337222222222223,True,False
1043,58,0,0.6333703703703704,False,True
1044,148,0,0.6330185185185185,False,True
1045,11,0,0.6326666666666667,False,True
1046,157,0,0.6323148148148148,False,True
1047,131,1,0.631962962962963,True,False
1048,52,0,0.6316111111111111,False,True
1049,74,1,0.6312592592592593,True,False
1050,183,0,0.6309074074074075,False,True
1051,77,0,0.6305555555555555,False,True
1052,82,1,0.6302037037037037,True,False
1053,225,1,0.6298518518518519,True,False
1054,68,0,0.6295,False,True
1055,92,1,0.6291481481481482,True,False
1056,34,0,0.6287962962962963,False,True
1057,166,1,0.6284444444444444,True,False
1058,126,1,0.6280925925925926,True,False
1059,15,0,0.6277407407407407,False,True
1060,101,0,0.6273888888888889,False,True
1061,9,0,0.6270370370370371,False,True
1062,251,0,0.6266851851851852,False,True
1063,72,0,0.6263333333333334,False,True
1064,173,0,0.6259814814814815,False,True
1065,47,0,0.6256296296296296,False,True
1066,126,1,0.6252777777777778,True,False
1067,105,1,0.6249259259259259,True,False
1068,46,1,0.6245740740740741,True,False
1069,71,1,0.6242222222222222,True,False
1070,21,0,0.6238703703703704,False,True
1071,117,0,0.6235185185185186,False,True
1072,55,1,0.6231666666666666,True,False
1073,61,1,0.6228148148148148,True,False
1074,14,0,0.622462962962963,False,True
1075,17,0,0.6221111111111111,False,True
1076,85,0,0.6217592592592593,False,True
1077,37,0,0.6214074074074074,False,True
1078,100,1,0.6210555555555556,True,False
1079,88,0,0.6207037037037038,False,True
1080,149,0,0.6203518518518518,False,True
1081,301,1,0.62,True,False
1082,150,0,0.6196481481481482,False,True
1083,135,0,0.6192962962962963,False,True
1084,119,1,0.6189444444444445,True,False
1085,89,1,0.6185925925925926,True,False
1086,76,0,0.6182407407407408,False,True
1087,43,0,0.6178888888888889,False,True
1088,134,1,0.617537037037037,True,False
1089,170,0,0.6171851851851853,False,True
1090,100,0,0.6168333333333333,False,True
1091,120,0,0.6164814814814814,False,True
1092,96,1,0.6161296296296297,True,False
1093,105,0,0.6157777777777778,False,True
1094,46,0,0.615425925925926,False,True
1095,103,0,0.6150740740740741,False,True
1096,50,0,0.6147222222222222,False,True
1097,98,0,0.6143703703703705,False,True
1098,37,1,0.6140185185185185,True,False
1099,146,0,0.6136666666666667,False,True
1100,78,0,0.6133148148148149,False,True
1101,49,0,0.6129629629629629,False,True
1102,97,1,0.6126111111111111,True,False
1103,76,1,0.6122592592592593,True,False
1104,133,1,0.6119074074074075,True,False
1105,66,0,0.6115555555555556,False,True
1106,100,1,0.6112037037037037,True,False
1107,22,0,0.6108518518518519,False,True
1108,182,0,0.6105,False,True
1109,114,1,0.6101481481481481,True,False
1110,175,0,0.6097962962962964,False,True
1111,62,1,0.6094444444444445,True,False
1112,29,0,0.6090925925925925,False,True
1113,50,0,0.6087407407407408,False,True
1114,58,1,0.6083888888888889,True,False
1115,10,0,0.6080370370370372,False,True
1116,116,1,0.6076851851851852,True,False
1117,65,1,0.6073333333333333,True,False
1118,150,1,0.6069814814814816,True,False
1119,95,0,0.6066296296296296,False,True
1120,94,0,0.6062777777777778,False,True
1121,78,1,0.605925925925926,True,False
1122,21,0,0.605574074074074,False,True
1123,115,0,0.6052222222222222,False,True
1124,19,0,0.6048703703703704,False,True
1125,78,0,0.6045185185185186,False,True
1126,85,0,0.6041666666666667,False,True
1127,164,0,0.6038148148148148,False,True
1128,154,1,0.603462962962963,True,False
1129,63,0,0.6031111111111112,False,True
1130,68,1,0.6027592592592592,True,False
1131,25,0,0.6024074074074075,False,True
1132,26,0,0.6020555555555556,False,True
1133,131,0,0.6017037037037036,False,True
1134,52,1,0.6013518518518519,True,False
1135,147,0,0.601,False,True
1136,42,1,0.6006481481481482,True,False
1137,81,1,0.6002962962962963,True,False
1138,24,0,0.5999444444444444,False,True
1139,167,0,0.5995925925925927,False,True
1140,60,0,0.5992407407407407,False,True
1141,24,0,0.5988888888888889,False,True
1142,146,1,0.5985370370370371,True,False
1143,95,1,0.5981851851851852,True,False
1144,84,0,0.5978333333333333,False,True
1145,57,0,0.5974814814814815,False,True
1146,92,1,0.5971296296296297,True,False
1147,57,0,0.5967777777777779,False,True
1148,56,0,0.5964259259259259,False,True
1149,88,1,0.5960740740740741,True,False
1150,146,0,0.5957222222222223,False,True
1151,45,0,0.5953703703703703,False,True
1152,71,0,0.5950185185185186,False,True
1153,61,0,0.5946666666666667,False,True
1154,69,1,0.5943148148148147,True,False
1155,222,1,0.593962962962963,True,False
1156,32,1,0.5936111111111111,True,False
1157,68,1,0.5932592592592593,True,False
1158,56,1,0.5929074074074074,True,False
1159,59,0,0.5925555555555556,False,True
1160,142,1,0.5922037037037037,True,False
1161,184,0,0.5918518518518519,False,True
1162,15,0,0.5915,False,True
1163,148,1,0.5911481481481482,True,False
1164,138,1,0.5907962962962963,True,False
1165,158,0,0.5904444444444444,False,True
1166,35,0,0.5900925925925926,False,True
1167,23,0,0.5897407407407407,False,True
1168,132,0,0.589388888888889,False,True
1169,77,1,0.589037037037037,True,False
1170,203,1,0.5886851851851852,True,False
1171,49,1,0.5883333333333334,True,False
1172,130,1,0.5879814814814814,True,False
1173,64,1,0.5876296296296297,True,False
1174,17,0,0.5872777777777778,False,True
1175,55,0,0.586925925925926,False,True
1176,214,1,0.5865740740740741,True,False
1177,237,1,0.5862222222222222,True,False
1178,44,1,0.5858703703703704,True,False
1179,31,0,0.5855185185185185,False,True
1180,114,1,0.5851666666666667,True,False
1181,62,1,0.5848148148148148,True,False
1182,82,0,0.584462962962963,False,True
1183,18,0,0.5841111111111111,False,True
1184,44,1,0.5837592592592593,True,False
1185,112,1,0.5834074074074074,True,False
1186,132,1,0.5830555555555557,True,False
1187,17,0,0.5827037037037037,False,True
1188,93,0,0.5823518518518518,False,True
1189,394,0,0.5820000000000001,False,True
1190,56,1,0.5816481481481481,True,False
1191,282,0,0.5812962962962963,False,True
1192,14,0,0.5809444444444445,False,True
1193,201,0,0.5805925925925925,False,True
1194,65,1,0.5802407407407408,True,False
1195,231,1,0.5798888888888889,True,False
1196,329,0,0.5795370370370371,False,True
1197,121,0,0.5791851851851852,False,True
1198,62,0,0.5788333333333333,False,True
1199,79,0,0.5784814814814815,False,True
1200,152,1,0.5781296296296297,True,False
1201,82,1,0.5777777777777778,True,False
1202,79,0,0.577425925925926,False,True
1203,284,0,0.5770740740740741,False,True
1204,117,1,0.5767222222222222,True,False
1205,99,1,0.5763703703703704,True,False
1206,27,0,0.5760185185185185,False,True
1207,97,1,0.5756666666666668,True,False
1208,88,1,0.5753148148148148,True,False
1209,81,1,0.5749629629629629,True,False
1210,13,0,0.5746111111111112,False,True
1211,26,0,0.5742592592592592,False,True
1212,39,0,0.5739074074074074,False,True
1213,101,1,0.5735555555555556,True,False
1214,117,1,0.5732037037037037,True,False
1215,28,0,0.5728518518518518,False,True
1216,25,0,0.5725,False,True
1217,157,0,0.5721481481481482,False,True
1218,32,0,0.5717962962962964,False,True
1219,84,1,0.5714444444444444,True,False
1220,24,0,0.5710925925925926,False,True
1221,22,0,0.5707407407407408,False,True
1222,178,1,0.5703888888888888,True,False
1223,117,0,0.5700370370370371,False,True
1224,50,1,0.5696851851851852,True,False
1225,74,1,0.5693333333333334,True,False
1226,228,1,0.5689814814814815,True,False
1227,129,1,0.5686296296296296,True,False
1228,25,0,0.5682777777777779,False,True
1229,90,0,0.567925925925926,False,True
1230,122,1,0.567574074074074,True,False
1231,15,0,0.5672222222222223,False,True
1232,49,1,0.5668703703703704,True,False
1233,38,0,0.5665185185185185,False,True
1234,137,1,0.5661666666666667,True,False
1235,94,1,0.5658148148148148,True,False
1236,11,0,0.565462962962963,False,True
1237,131,1,0.5651111111111111,True,False
1238,41,0,0.5647592592592593,False,True
1239,59,1,0.5644074074074075,True,False
1240,88,0,0.5640555555555555,False,True
1241,87,1,0.5637037037037037,True,False
1242,84,0,0.5633518518518519,False,True
1243,300,1,0.563,True,False
1244,123,0,0.5626481481481482,False,True
1245,18,0,0.5622962962962963,False,True
1246,18,0,0.5619444444444444,False,True
1247,155,1,0.5615925925925926,True,False
1248,23,0,0.5612407407407407,False,True
1249,42,1,0.560888888888889,True,False
1250,46,0,0.5605370370370371,False,True
1251,79,1,0.5601851851851852,True,False
1252,31,0,0.5598333333333334,False,True
1253,44,1,0.5594814814814815,True,False
1254,189,0,0.5591296296296296,False,True
1255,62,1,0.5587777777777778,True,False
1256,113,1,0.558425925925926,True,False
1257,264,1,0.5580740740740741,True,False
1258,125,1,0.5577222222222222,True,False
1259,57,0,0.5573703703703704,False,True
1260,106,1,0.5570185185185186,True,False
1261,45,0,0.5566666666666666,False,True
1262,54,1,0.5563148148148148,True,False
1263,61,1,0.555962962962963,True,False
1264,95,1,0.5556111111111111,True,False
1265,40,1,0.5552592592592593,True,False
1266,56,1,0.5549074074074074,True,False
1267,58,1,0.5545555555555556,True,False
1268,56,1,0.5542037037037038,True,False
1269,27,1,0.5538518518518518,True,False
1270,86,0,0.5535000000000001,False,True
1271,107,1,0.5531481481481482,True,False
1272,69,0,0.5527962962962963,False,True
1273,81,1,0.5524444444444445,True,False
1274,38,0,0.5520925925925926,False,True
1275,71,1,0.5517407407407408,True,False
1276,21,0,0.5513888888888889,False,True
1277,60,0,0.551037037037037,False,True
1278,57,1,0.5506851851851853,True,False
1279,123,1,0.5503333333333333,True,False
1280,104,1,0.5499814814814815,True,False
1281,68,1,0.5496296296296297,True,False
1282,49,1,0.5492777777777778,True,False
1283,27,0,0.548925925925926,False,True
1284,141,1,0.5485740740740741,True,False
1285,86,1,0.5482222222222222,True,False
1286,43,0,0.5478703703703705,False,True
1287,79,1,0.5475185185185185,True,False
1288,95,0,0.5471666666666667,False,True
1289,54,0,0.5468148148148149,False,True
1290,48,1,0.5464629629629629,True,False
1291,207,0,0.5461111111111111,False,True
1292,73,1,0.5457592592592593,True,False
1293,106,0,0.5454074074074075,False,True
1294,36,0,0.5450555555555556,False,True
1295,98,1,0.5447037037037037,True,False
1296,69,1,0.5443518518518519,True,False
1297,27,0,0.544,False,True
1298,120,1,0.5436481481481481,True,False
1299,100,1,0.5432962962962964,True,False
1300,377,0,0.5429444444444445,False,True
1301,96,1,0.5425925925925926,True,False
1302,16,0,0.5422407407407408,False,True
1303,164,1,0.5418888888888889,True,False
1304,59,1,0.5415370370370372,True,False
1305,188,1,0.5411851851851852,True,False
1306,60,1,0.5408333333333333,True,False
1307,175,0,0.5404814814814816,False,True
1308,92,1,0.5401296296296296,True,False
1309,67,1,0.5397777777777778,True,False
1310,60,1,0.539425925925926,True,False
1311,218,1,0.539074074074074,True,False
1312,214,1,0.5387222222222222,True,False
1313,39,0,0.5383703703703704,False,True
1314,25,0,0.5380185185185186,False,True
1315,118,0,0.5376666666666667,False,True
1316,71,1,0.5373148148148148,True,False
1317,82,1,0.536962962962963,True,False
1318,22,0,0.5366111111111111,False,True
1319,92,0,0.5362592592592592,False,True
1320,102,1,0.5359074074074075,True,False
1321,50,1,0.5355555555555556,True,False
1322,85,1,0.5352037037037036,True,False
1323,210,1,0.5348518518518519,True,False
1324,50,0,0.5345,False,True
1325,31,0,0.5341481481481483,False,True
1326,79,1,0.5337962962962963,True,False
1327,42,1,0.5334444444444444,True,False
1328,13,0,0.5330925925925927,False,True
1329,55,0,0.5327407407407407,False,True
1330,27,1,0.5323888888888889,True,False
1331,88,1,0.5320370370370371,True,False
1332,18,0,0.5316851851851851,False,True
1333,16,0,0.5313333333333333,False,True
1334,95,0,0.5309814814814815,False,True
1335,75,1,0.5306296296296297,True,False
1336,27,0,0.5302777777777778,False,True
1337,25,0,0.5299259259259259,False,True
1338,64,1,0.5295740740740741,True,False
1339,42,1,0.5292222222222223,True,False
1340,149,0,0.5288703703703703,False,True
1341,155,1,0.5285185185185186,True,False
1342,117,0,0.5281666666666667,False,True
1343,91,0,0.5278148148148147,False,True
1344,116,1,0.527462962962963,True,False
1345,23,0,0.5271111111111111,False,True
1346,42,1,0.5267592592592593,True,False
1347,65,1,0.5264074074074074,True,False
1348,95,1,0.5260555555555556,True,False
1349,39,1,0.5257037037037038,True,False
1350,15,0,0.5253518518518518,False,True
1351,71,0,0.525,False,True
1352,34,0,0.5246481481481482,False,True
1353,30,0,0.5242962962962964,False,True
1354,125,0,0.5239444444444445,False,True
1355,153,0,0.5235925925925926,False,True
1356,49,1,0.5232407407407407,True,False
1357,41,1,0.522888888888889,True,False
1358,40,1,0.522537037037037,True,False
1359,51,1,0.5221851851851853,True,False
1360,24,1,0.5218333333333334,True,False
1361,186,1,0.5214814814814815,True,False
1362,46,1,0.5211296296296296,True,False
1363,53,1,0.5207777777777778,True,False
1364,81,1,0.520425925925926,True,False
1365,129,1,0.5200740740740741,True,False
1366,53,1,0.5197222222222222,True,False
1367,101,1,0.5193703703703705,True,False
1368,37,1,0.5190185185185185,True,False
1369,268,0,0.5186666666666666,False,True
1370,115,1,0.5183148148148149,True,False
1371,218,1,0.517962962962963,True,False
1372,46,1,0.5176111111111111,True,False
1373,70,0,0.5172592592592593,False,True
1374,38,1,0.5169074074074075,True,False
1375,109,1,0.5165555555555557,True,False
1376,31,1,0.5162037037037037,True,False
1377,13,0,0.5158518518518518,False,True
1378,65,1,0.5155000000000001,True,False
1379,117,1,0.5151481481481481,True,False
1380,13,0,0.5147962962962964,False,True
1381,36,0,0.5144444444444445,False,True
1382,17,0,0.5140925925925925,False,True
1383,144,1,0.5137407407407407,True,False
1384,98,1,0.5133888888888889,True,False
1385,64,0,0.5130370370370371,False,True
1386,98,1,0.5126851851851852,True,False
1387,156,1,0.5123333333333333,True,False
1388,130,0,0.5119814814814816,False,True
1389,70,1,0.5116296296296297,True,False
1390,45,1,0.5112777777777777,True,False
1391,37,0,0.510925925925926,False,True
1392,162,1,0.5105740740740741,True,False
1393,75,1,0.5102222222222222,True,False
1394,29,1,0.5098703703703704,True,False
1395,69,1,0.5095185185185186,True,False
1396,20,0,0.5091666666666667,False,True
1397,25,0,0.5088148148148148,False,True
1398,191,1,0.5084629629629629,True,False
1399,12,0,0.5081111111111112,False,True
1400,201,1,0.5077592592592592,True,False
1401,52,1,0.5074074074074075,True,False
1402,87,1,0.5070555555555556,True,False
1403,35,0,0.5067037037037037,False,True
1404,240,1,0.5063518518518518,True,False
1405,15,0,0.506,False,True
1406,33,1,0.5056481481481482,True,False
1407,45,1,0.5052962962962964,True,False
1408,83,1,0.5049444444444444,True,False
1409,100,1,0.5045925925925927,True,False
1410,61,1,0.5042407407407408,True,False
1411,196,1,0.5038888888888888,True,False
1412,70,1,0.5035370370370371,True,False
1413,44,0,0.5031851851851852,False,True
1414,28,1,0.5028333333333334,True,False
1415,113,0,0.5024814814814815,False,True
1416,35,0,0.5021296296296297,False,True
1417,26,0,0.5017777777777778,False,True
1418,30,1,0.5014259259259259,True,False
1419,68,0,0.501074074074074,False,True
1420,32,0,0.5007222222222223,False,True
1421,61,0,0.5003703703703704,False,True
1422,37,1,0.5000185185185186,True,False
1423,39,1,0.4996666666666667,True,False
1424,49,0,0.49931481481481477,False,True
1425,19,0,0.49896296296296294,False,True
1426,39,1,0.4986111111111111,True,False
1427,71,1,0.4982592592592593,True,False
1428,41,1,0.49790740740740747,True,False
1429,183,0,0.49755555555555564,False,True
1430,38,1,0.4972037037037038,True,False
1431,45,1,0.4968518518518519,True,False
1432,117,1,0.49650000000000005,True,False
1433,34,1,0.4961481481481481,True,False
1434,57,1,0.4957962962962963,True,False
1435,57,1,0.49544444444444447,True,False
1436,62,1,0.49509259259259264,True,False
1437,39,0,0.4947407407407408,False,True
1438,53,1,0.4943888888888889,True,False
1439,107,1,0.49403703703703705,True,False
1440,110,0,0.4936851851851852,False,True
1441,71,1,0.4933333333333334,True,False
1442,49,1,0.4929814814814816,True,False
1443,38,0,0.49262962962962964,False,True
1444,33,0,0.4922777777777777,False,True
1445,95,1,0.4919259259259259,True,False
1446,46,1,0.49157407407407405,True,False
1447,39,1,0.4912222222222222,True,False
1448,169,1,0.4908703703703704,True,False
1449,78,1,0.4905185185185186,True,False
1450,107,1,0.49016666666666675,True,False
1451,28,0,0.4898148148148148,False,True
1452,60,1,0.489462962962963,True,False
1453,43,1,0.48911111111111116,True,False
1454,79,1,0.4887592592592592,True,False
1455,58,1,0.4884074074074074,True,False
1456,260,0,0.4880555555555556,False,True
1457,51,1,0.48770370370370375,True,False
1458,58,1,0.4873518518518518,True,False
1459,83,1,0.487,True,False
1460,53,1,0.48664814814814816,True,False
1461,48,1,0.48629629629629634,True,False
1462,68,0,0.4859444444444445,False,True
1463,34,0,0.4855925925925927,False,True
1464,53,1,0.48524074074074086,True,False
1465,22,0,0.4848888888888888,False,True
1466,31,0,0.484537037037037,False,True
1467,127,1,0.48418518518518516,True,False
1468,97,1,0.48383333333333334,True,False
1469,10,0,0.4834814814814815,False,True
1470,57,1,0.4831296296296297,True,False
1471,70,1,0.48277777777777786,True,False
1472,120,1,0.4824259259259259,True,False
1473,31,1,0.4820740740740741,True,False
1474,34,1,0.4817222222222223,True,False
1475,121,1,0.48137037037037045,True,False
1476,117,1,0.4810185185185185,True,False
1477,128,0,0.4806666666666667,False,True
1478,41,0,0.48031481481481486,False,True
1479,137,0,0.4799629629629629,False,True
1480,22,0,0.4796111111111111,False,True
1481,68,1,0.4792592592592593,True,False
1482,176,1,0.47890740740740745,True,False
1483,70,1,0.4785555555555556,True,False
1484,135,1,0.4782037037037038,True,False
1485,58,1,0.47785185185185197,True,False
1486,110,1,0.47750000000000004,True,False
1487,34,1,0.4771481481481481,True,False
1488,32,0,0.4767962962962963,False,True
1489,50,1,0.47644444444444445,True,False
1490,119,1,0.4760925925925926,True,False
1491,56,1,0.4757407407407408,True,False
1492,16,0,0.47538888888888897,False,True
1493,46,1,0.47503703703703704,True,False
1494,111,1,0.4746851851851852,True,False
1495,8,0,0.4743333333333334,False,True
1496,24,1,0.47398148148148156,True,False
1497,16,0,0.4736296296296296,False,True
1498,217,1,0.4732777777777778,True,False
1499,41,1,0.47292592592592597,True,False
1500,50,0,0.47257407407407404,False,True
1501,116,1,0.4722222222222222,True,False
1502,32,0,0.4718703703703704,False,True
1503,53,1,0.47151851851851856,True,False
1504,107,1,0.47116666666666673,True,False
1505,49,1,0.4708148148148149,True,False
1506,67,1,0.47046296296296297,True,False
1507,45,1,0.47011111111111115,True,False
1508,70,1,0.4697592592592592,True,False
1509,51,1,0.4694074074074074,True,False
1510,30,0,0.46905555555555556,False,True
1511,41,0,0.46870370370370373,False,True
1512,68,1,0.4683518518518519,True,False
1513,105,0,0.46799999999999997,False,True
1514,63,0,0.46764814814814815,False,True
1515,116,1,0.4672962962962963,True,False
1516,12,0,0.4669444444444445,False,True
1517,50,1,0.46659259259259267,True,False
1518,38,0,0.46624074074074084,False,True
1519,58,1,0.4658888888888889,True,False
1520,36,1,0.46553703703703697,True,False
1521,43,1,0.46518518518518515,True,False
1522,22,0,0.4648333333333333,False,True
1523,53,1,0.4644814814814815,True,False
1524,62,1,0.46412962962962967,True,False
1525,48,1,0.46377777777777784,True,False
1526,25,0,0.463425925925926,False,True
1527,127,0,0.4630740740740741,False,True
1528,10,0,0.46272222222222226,False,True
1529,52,0,0.46237037037037043,False,True
1530,68,1,0.4620185185185185,True,False
1531,19,0,0.46166666666666667,False,True
1532,34,0,0.46131481481481484,False,True
1533,27,0,0.460962962962963,False,True
1534,72,1,0.4606111111111111,True,False
1535,108,1,0.46025925925925926,True,False
1536,64,1,0.45990740740740743,True,False
1537,25,0,0.4595555555555556,False,True
1538,216,1,0.4592037037037038,True,False
1539,44,1,0.45885185185185196,True,False
1540,35,0,0.4585,False,True
1541,39,1,0.4581481481481481,True,False
1542,41,1,0.45779629629629626,True,False
1543,11,0,0.45744444444444443,False,True
1544,99,1,0.4570925925925926,True,False
1545,53,1,0.4567407407407408,True,False
1546,27,1,0.45638888888888896,True,False
1547,65,0,0.45603703703703713,False,True
1548,70,0,0.4556851851851852,False,True
1549,33,1,0.45533333333333337,True,False
1550,48,1,0.45498148148148154,True,False
1551,29,0,0.4546296296296296,False,True
1552,33,0,0.4542777777777778,False,True
1553,35,0,0.45392592592592595,False,True
1554,51,1,0.45357407407407413,True,False
1555,66,1,0.4532222222222222,True,False
1556,46,0,0.45287037037037037,False,True
1557,65,0,0.45251851851851854,False,True
1558,116,1,0.4521666666666667,True,False
1559,21,1,0.4518148148148149,True,False
1560,54,1,0.45146296296296307,True,False
1561,51,1,0.45111111111111124,True,False
1562,15,0,0.4507592592592592,False,True
1563,92,1,0.45040740740740737,True,False
1564,32,1,0.45005555555555554,True,False
1565,19,0,0.4497037037037037,False,True
1566,31,1,0.4493518518518519,True,False
1567,11,0,0.44900000000000007,False,True
1568,39,1,0.44864814814814813,True,False
1569,8,0,0.4482962962962963,False,True
1570,109,0,0.4479444444444445,False,True
1571,16,0,0.44759259259259265,False,True
1572,12,0,0.4472407407407408,False,True
1573,95,0,0.4468888888888889,False,True
1574,26,1,0.44653703703703707,True,False
1575,55,1,0.44618518518518513,True,False
1576,52,1,0.4458333333333333,True,False
1577,34,1,0.4454814814814815,True,False
1578,32,0,0.44512962962962965,False,True
1579,83,1,0.4447777777777778,True,False
1580,53,1,0.444425925925926,True,False
1581,108,1,0.4440740740740742,True,False
1582,96,1,0.44372222222222224,True,False
1583,86,1,0.4433703703703704,True,False
1584,20,1,0.4430185185185185,True,False
1585,91,1,0.44266666666666665,True,False
1586,27,0,0.4423148148148148,False,True
1587,39,1,0.441962962962963,True,False
1588,108,1,0.4416111111111112,True,False
1589,68,1,0.44125925925925924,True,False
1590,37,1,0.4409074074074074,True,False
1591,18,0,0.4405555555555556,False,True
1592,30,1,0.44020370370370376,True,False
1593,96,1,0.43985185185185194,True,False
1594,45,0,0.4395,False,True
1595,157,1,0.4391481481481482,True,False
1596,48,1,0.43879629629629624,True,False
1597,31,1,0.4384444444444444,True,False
1598,68,1,0.4380925925925926,True,False
1599,52,1,0.43774074074074076,True,False
1600,48,1,0.43738888888888894,True,False
1601,171,0,0.4370370370370371,False,True
1602,46,1,0.4366851851851853,True,False
1603,57,1,0.43633333333333335,True,False
1604,25,1,0.4359814814814815,True,False
1605,17,0,0.4356296296296296,False,True
1606,165,1,0.43527777777777776,True,False
1607,32,1,0.43492592592592594,True,False
1608,54,0,0.4345740740740741,False,True
1609,41,1,0.4342222222222223,True,False
1610,59,1,0.43387037037037035,True,False
1611,56,1,0.4335185185185185,True,False
1612,34,1,0.4331666666666667,True,False
1613,171,1,0.4328148148148149,True,False
1614,38,1,0.43246296296296305,True,False
1615,17,0,0.4321111111111112,False,True
1616,66,1,0.4317592592592593,True,False
1617,70,1,0.43140740740740735,True,False
1618,61,0,0.4310555555555555,False,True
1619,45,1,0.4307037037037037,True,False
1620,47,1,0.4303518518518519,True,False
1621,49,1,0.43000000000000005,True,False
1622,26,1,0.4296481481481482,True,False
1623,46,1,0.4292962962962964,True,False
1624,53,1,0.42894444444444446,True,False
1625,21,1,0.42859259259259264,True,False
1626,105,1,0.4282407407407408,True,False
1627,57,1,0.4278888888888889,True,False
1628,27,0,0.42753703703703705,False,True
1629,11,0,0.4271851851851852,False,True
1630,46,1,0.4268333333333333,True,False
1631,64,0,0.42648148148148146,False,True
1632,67,1,0.42612962962962964,True,False
1633,51,1,0.4257777777777778,True,False
1634,61,1,0.425425925925926,True,False
1635,35,1,0.42507407407407416,True,False
1636,41,1,0.42472222222222233,True,False
1637,12,0,0.4243703703703704,False,True
1638,15,0,0.42401851851851846,False,True
1639,38,0,0.42366666666666664,False,True
1640,44,1,0.4233148148148148,True,False
1641,8,0,0.422962962962963,False,True
1642,56,1,0.42261111111111116,True,False
1643,31,1,0.42225925925925933,True,False
1644,60,1,0.4219074074074074,True,False
1645,73,1,0.42155555555555557,True,False
1646,46,0,0.42120370370370375,False,True
1647,26,1,0.4208518518518519,True,False
1648,123,1,0.4205,True,False
1649,39,1,0.42014814814814816,True,False
1650,29,0,0.41979629629629633,False,True
1651,78,1,0.4194444444444444,True,False
1652,128,1,0.41909259259259257,True,False
1653,90,0,0.41874074074074075,False,True
1654,116,0,0.4183888888888889,False,True
1655,24,1,0.4180370370370371,True,False
1656,42,1,0.41768518518518527,True,False
1657,9,0,0.41733333333333344,False,True
1658,41,1,0.4169814814814815,True,False
1659,62,1,0.41662962962962957,True,False
1660,27,0,0.41627777777777775,False,True
1661,56,1,0.4159259259259259,True,False
1662,62,1,0.4155740740740741,True,False
1663,27,1,0.41522222222222227,True,False
1664,36,0,0.41487037037037044,False,True
1665,23,0,0.4145185185185185,False,True
1666,30,1,0.4141666666666667,True,False
1667,46,1,0.41381481481481486,True,False
1668,75,1,0.41346296296296303,True,False
1669,59,1,0.4131111111111112,True,False
1670,20,1,0.41275925925925927,True,False
1671,79,1,0.41240740740740744,True,False
1672,41,1,0.4120555555555555,True,False
1673,50,0,0.4117037037037037,False,True
1674,43,0,0.41135185185185186,False,True
1675,85,0,0.41100000000000003,False,True
1676,68,1,0.4106481481481482,True,False
1677,27,1,0.4102962962962964,True,False
1678,11,0,0.40994444444444456,False,True
1679,28,0,0.4095925925925926,False,True
1680,113,0,0.4092407407407408,False,True
1681,68,1,0.40888888888888886,True,False
1682,39,1,0.40853703703703703,True,False
1683,12,0,0.4081851851851852,False,True
1684,77,1,0.4078333333333334,True,False
1685,33,1,0.40748148148148156,True,False
1686,70,0,0.4071296296296296,False,True
1687,30,1,0.4067777777777778,True,False
1688,37,1,0.40642592592592597,True,False
1689,50,1,0.40607407407407414,True,False
1690,30,1,0.4057222222222223,True,False
1691,90,1,0.4053703703703705,True,False
1692,92,1,0.40501851851851844,True,False
1693,30,1,0.4046666666666666,True,False
1694,50,1,0.4043148148148148,True,False
1695,134,1,0.40396296296296297,True,False
1696,51,1,0.40361111111111114,True,False
1697,39,1,0.4032592592592593,True,False
1698,27,0,0.4029074074074075,False,True
1699,68,1,0.40255555555555556,True,False
1700,25,0,0.40220370370370373,False,True
1701,30,1,0.4018518518518519,True,False
1702,33,1,0.4015000000000001,True,False
1703,47,1,0.40114814814814814,True,False
1704,58,1,0.4007962962962963,True,False
1705,37,1,0.4004444444444445,True,False
1706,86,1,0.40009259259259256,True,False
1707,21,0,0.39974074074074073,False,True
1708,12,0,0.3993888888888889,False,True
1709,12,0,0.3990370370370371,False,True
1710,48,1,0.39868518518518525,True,False
1711,50,1,0.39833333333333343,True,False
1712,25,1,0.3979814814814816,True,False
1713,27,0,0.39762962962962967,False,True
1714,31,0,0.39727777777777773,False,True
1715,22,0,0.3969259259259259,False,True
1716,35,1,0.3965740740740741,True,False
1717,13,0,0.39622222222222225,False,True
1718,39,1,0.39587037037037043,True,False
1719,14,0,0.3955185185185186,False,True
1720,62,1,0.39516666666666667,True,False
1721,25,1,0.39481481481481484,True,False
1722,30,0,0.394462962962963,False,True
1723,46,1,0.3941111111111112,True,False
1724,81,0,0.39375925925925925,False,True
1725,34,1,0.39340740740740743,True,False
1726,38,1,0.3930555555555556,True,False
1727,59,0,0.39270370370370367,False,True
1728,59,1,0.39235185185185184,True,False
1729,50,1,0.392,True,False
1730,53,1,0.3916481481481482,True,False
1731,17,0,0.39129629629629636,False,True
1732,30,1,0.39094444444444454,True,False
1733,40,1,0.3905925925925927,True,False
1734,12,0,0.3902407407407408,False,True
1735,36,1,0.38988888888888884,True,False
1736,100,1,0.389537037037037,True,False
1737,36,1,0.3891851851851852,True,False
1738,15,0,0.38883333333333336,False,True
1739,64,1,0.38848148148148154,True,False
1740,10,0,0.3881296296296297,False,True
1741,41,1,0.3877777777777778,True,False
1742,42,1,0.38742592592592595,True,False
1743,132,1,0.3870740740740741,True,False
1744,34,1,0.3867222222222223,True,False
1745,24,1,0.3863703703703705,True,False
1746,25,0,0.38601851851851854,False,True
1747,43,1,0.3856666666666667,True,False
1748,39,1,0.3853148148148148,True,False
1749,61,1,0.38496296296296295,True,False
1750,134,1,0.3846111111111111,True,False
1751,56,1,0.3842592592592593,True,False
1752,55,1,0.3839074074074075,True,False
1753,62,1,0.38355555555555565,True,False
1754,22,0,0.3832037037037037,False,True
1755,30,1,0.3828518518518519,True,False
1756,64,1,0.38250000000000006,True,False
1757,31,1,0.3821481481481481,True,False
1758,29,1,0.3817962962962963,True,False
1759,29,1,0.3814444444444445,True,False
1760,32,1,0.38109259259259265,True,False
1761,25,1,0.3807407407407407,True,False
1762,111,0,0.3803888888888889,False,True
1763,26,1,0.38003703703703706,True,False
1764,35,1,0.37968518518518524,True,False
1765,27,0,0.3793333333333334,False,True
1766,50,1,0.3789814814814816,True,False
1767,72,1,0.37862962962962965,True,False
1768,138,1,0.3782777777777777,True,False
1769,44,1,0.3779259259259259,True,False
1770,55,1,0.37757407407407406,True,False
1771,28,1,0.37722222222222224,True,False
1772,51,1,0.3768703703703704,True,False
1773,51,0,0.3765185185185186,False,True
1774,67,1,0.37616666666666676,True,False
1775,100,1,0.3758148148148148,True,False
1776,80,1,0.375462962962963,True,False
1777,39,1,0.3751111111111112,True,False
1778,30,0,0.37475925925925924,False,True
1779,46,1,0.3744074074074074,True,False
1780,16,0,0.3740555555555556,False,True
1781,12,0,0.37370370370370376,False,True
1782,36,1,0.3733518518518518,True,False
1783,51,1,0.373,True,False
1784,30,1,0.3726481481481482,True,False
1785,29,1,0.37229629629629635,True,False
1786,26,0,0.3719444444444445,False,True
1787,188,1,0.3715925925925927,True,False
1788,11,0,0.37124074074074087,False,True
1789,32,0,0.3708888888888888,False,True
1790,21,0,0.370537037037037,False,True
1791,28,1,0.3701851851851852,True,False
1792,129,0,0.36983333333333335,False,True
1793,32,0,0.3694814814814815,False,True
1794,66,0,0.3691296296296297,False,True
1795,15,0,0.36877777777777787,False,True
1796,29,1,0.36842592592592593,True,False
1797,49,1,0.3680740740740741,True,False
1798,12,0,0.3677222222222223,False,True
1799,77,1,0.36737037037037046,True,False
1800,42,1,0.3670185185185185,True,False
1801,29,1,0.3666666666666667,True,False
1802,31,1,0.36631481481481487,True,False
1803,50,1,0.36596296296296293,True,False
1804,51,1,0.3656111111111111,True,False
1805,46,1,0.3652592592592593,True,False
1806,23,1,0.36490740740740746,True,False
1807,12,0,0.36455555555555563,False,True
1808,93,1,0.3642037037037038,True,False
1809,25,1,0.363851851851852,True,False
1810,37,1,0.36350000000000005,True,False
1811,51,1,0.3631481481481481,True,False
1812,24,0,0.3627962962962963,False,True
1813,34,0,0.36244444444444446,False,True
1814,22,1,0.36209259259259263,True,False
1815,10,0,0.3617407407407408,False,True
1816,34,1,0.36138888888888887,True,False
1817,49,1,0.36103703703703705,True,False
1818,81,1,0.3606851851851852,True,False
1819,50,1,0.3603333333333334,True,False
1820,33,1,0.35998148148148157,True,False
1821,66,1,0.35962962962962963,True,False
1822,48,1,0.3592777777777778,True,False
1823,40,1,0.35892592592592587,True,False
1824,54,1,0.35857407407407405,True,False
1825,28,1,0.3582222222222222,True,False
1826,21,0,0.3578703703703704,False,True
1827,32,1,0.35751851851851857,True,False
1828,114,1,0.35716666666666674,True,False
1829,128,0,0.3568148148148149,False,True
1830,48,1,0.356462962962963,True,False
1831,36,1,0.35611111111111116,True,False
1832,26,1,0.3557592592592592,True,False
1833,31,1,0.3554074074074074,True,False
1834,41,1,0.35505555555555557,True,False
1835,23,1,0.35470370370370374,True,False
1836,31,1,0.3543518518518519,True,False
1837,25,1,0.354,True,False
1838,40,1,0.35364814814814816,True,False
1839,13,0,0.35329629629629633,False,True
1840,79,1,0.3529444444444445,True,False
1841,64,1,0.3525925925925927,True,False
1842,29,1,0.35224074074074085,True,False
1843,36,1,0.3518888888888889,True,False
1844,31,1,0.351537037037037,True,False
1845,60,1,0.35118518518518516,True,False
1846,106,1,0.35083333333333333,True,False
1847,39,1,0.3504814814814815,True,False
1848,44,0,0.3501296296296297,False,True
1849,16,0,0.34977777777777785,False,True
1850,37,1,0.34942592592592603,True,False
1851,18,0,0.3490740740740741,False,True
1852,31,1,0.34872222222222227,True,False
1853,34,1,0.34837037037037044,True,False
1854,41,1,0.3480185185185185,True,False
1855,38,0,0.3476666666666667,False,True
1856,27,0,0.34731481481481485,False,True
1857,83,1,0.34696296296296303,True,False
1858,14,0,0.3466111111111111,False,True
1859,168,1,0.34625925925925927,True,False
1860,29,1,0.34590740740740744,True,False
1861,12,0,0.3455555555555556,False,True
1862,58,1,0.3452037037037038,True,False
1863,28,0,0.34485185185185196,False,True
1864,45,1,0.34450000000000003,True,False
1865,11,0,0.3441481481481481,False,True
1866,39,1,0.34379629629629627,True,False
1867,170,1,0.34344444444444444,True,False
1868,90,1,0.3430925925925926,True,False
1869,32,1,0.3427407407407408,True,False
1870,15,0,0.34238888888888896,False,True
1871,28,1,0.34203703703703714,True,False
1872,51,1,0.3416851851851852,True,False
1873,65,1,0.3413333333333334,True,False
1874,25,1,0.34098148148148155,True,False
1875,37,1,0.3406296296296296,True,False
1876,18,0,0.3402777777777778,False,True
1877,185,1,0.33992592592592596,True,False
1878,34,0,0.33957407407407403,False,True
1879,70,1,0.3392222222222222,True,False
1880,13,0,0.3388703703703704,False,True
1881,24,1,0.33851851851851855,True,False
1882,38,0,0.3381666666666667,False,True
1883,22,0,0.3378148148148149,False,True
1884,42,1,0.3374629629629631,True,False
1885,9,0,0.33711111111111114,False,True
1886,67,1,0.3367592592592592,True,False
1887,42,1,0.3364074074074074,True,False
1888,51,0,0.33605555555555555,False,True
1889,26,1,0.3357037037037037,True,False
1890,28,1,0.3353518518518519,True,False
1891,39,1,0.3350000000000001,True,False
1892,67,0,0.33464814814814814,False,True
1893,31,1,0.3342962962962963,True,False
1894,41,1,0.3339444444444445,True,False
1895,34,1,0.33359259259259266,True,False
1896,11,0,0.33324074074074084,False,True
1897,36,1,0.3328888888888889,True,False
1898,12,0,0.3325370370370371,False,True
1899,28,1,0.33218518518518514,True,False
1900,41,1,0.3318333333333333,True,False
1901,13,0,0.3314814814814815,False,True
1902,41,1,0.33112962962962966,True,False
1903,24,1,0.33077777777777784,True,False
1904,25,1,0.330425925925926,True,False
1905,32,1,0.3300740740740742,True,False
1906,33,1,0.32972222222222225,True,False
1907,10,0,0.3293703703703704,False,True
1908,27,1,0.3290185185185185,True,False
1909,19,0,0.32866666666666666,False,True
1910,28,1,0.32831481481481484,True,False
1911,16,0,0.327962962962963,False,True
1912,23,1,0.3276111111111112,True,False
1913,48,1,0.32725925925925925,True,False
1914,48,0,0.3269074074074074,False,True
1915,51,1,0.3265555555555556,True,False
1916,16,0,0.3262037037037038,False,True
1917,31,1,0.32585185185185195,True,False
1918,24,0,0.3255,False,True
1919,34,0,0.3251481481481482,False,True
1920,22,1,0.32479629629629625,True,False
1921,38,0,0.3244444444444444,False,True
1922,102,1,0.3240925925925926,True,False
1923,28,1,0.3237407407407408,True,False
1924,34,1,0.32338888888888895,True,False
1925,36,1,0.3230370370370371,True,False
1926,37,1,0.3226851851851853,True,False
1927,44,0,0.32233333333333336,False,True
1928,28,1,0.32198148148148154,True,False
1929,26,1,0.3216296296296296,True,False
1930,11,0,0.3212777777777778,False,True
1931,42,1,0.32092592592592595,True,False
1932,16,0,0.3205740740740741,False,True
1933,63,1,0.3202222222222223,True,False
1934,42,1,0.31987037037037036,True,False
1935,77,1,0.31951851851851854,True,False
1936,14,0,0.3191666666666667,False,True
1937,36,1,0.3188148148148149,True,False
1938,89,0,0.31846296296296306,False,True
1939,37,1,0.31811111111111123,True,False
1940,27,1,0.3177592592592592,True,False
1941,13,0,0.31740740740740736,False,True
1942,38,1,0.31705555555555553,True,False
1943,28,0,0.3167037037037037,False,True
1944,9,0,0.3163518518518519,False,True
1945,28,1,0.31600000000000006,True,False
1946,28,1,0.31564814814814823,True,False
1947,25,1,0.3152962962962963,True,False
1948,46,1,0.31494444444444447,True,False
1949,31,1,0.31459259259259265,True,False
1950,34,1,0.3142407407407408,True,False
1951,34,1,0.3138888888888889,True,False
1952,25,1,0.31353703703703706,True,False
1953,37,1,0.31318518518518523,True,False
1954,26,0,0.3128333333333333,False,True
1955,27,0,0.31248148148148147,False,True
1956,82,1,0.31212962962962965,True,False
1957,17,0,0.3117777777777778,False,True
1958,76,1,0.311425925925926,True,False
1959,7,0,0.31107407407407417,False,True
1960,146,0,0.31072222222222234,False,True
1961,25,0,0.3103703703703704,False,True
1962,98,1,0.31001851851851847,True,False
1963,34,1,0.30966666666666665,True,False
1964,56,1,0.3093148148148148,True,False
1965,40,1,0.308962962962963,True,False
1966,30,1,0.30861111111111117,True,False
1967,39,1,0.30825925925925934,True,False
1968,121,1,0.3079074074074074,True,False
1969,142,1,0.3075555555555556,True,False
1970,41,1,0.30720370370370376,True,False
1971,36,1,0.30685185185185193,True,False
1972,68,1,0.3065,True,False
1973,22,1,0.30614814814814817,True,False
1974,23,1,0.30579629629629634,True,False
1975,33,1,0.3054444444444444,True,False
1976,27,1,0.3050925925925926,True,False
1977,28,1,0.30474074074074076,True,False
1978,20,1,0.30438888888888893,True,False
1979,74,1,0.3040370370370371,True,False
1980,27,1,0.3036851851851853,True,False
1981,19,1,0.30333333333333345,True,False
1982,23,1,0.3029814814814815,True,False
1983,50,1,0.3026296296296296,True,False
1984,23,0,0.30227777777777776,False,True
1985,49,1,0.30192592592592593,True,False
1986,33,1,0.3015740740740741,True,False
1987,32,0,0.3012222222222223,False,True
1988,44,1,0.30087037037037045,True,False
1989,76,1,0.3005185185185185,True,False
1990,30,1,0.3001666666666667,True,False
1991,38,1,0.29981481481481487,True,False
1992,36,1,0.29946296296296304,True,False
1993,50,1,0.2991111111111112,True,False
1994,21,1,0.2987592592592593,True,False
1995,19,0,0.29840740740740745,False,True
1996,37,1,0.2980555555555555,True,False
1997,26,1,0.2977037037037037,True,False
1998,87,0,0.29735185185185187,False,True
1999,16,0,0.29700000000000004,False,True
2000,33,1,0.2966481481481482,True,False
2001,21,1,0.2962962962962964,True,False
2002,48,1,0.29594444444444445,True,False
2003,15,0,0.29559259259259263,False,True
2004,23,1,0.2952407407407408,True,False
2005,28,1,0.29488888888888887,True,False
2006,40,1,0.29453703703703704,True,False
2007,30,1,0.2941851851851852,True,False
2008,25,0,0.2938333333333334,False,True
2009,34,0,0.29348148148148145,False,True
2010,17,0,0.29312962962962963,False,True
2011,7,0,0.2927777777777778,False,True
2012,11,0,0.292425925925926,False,True
2013,32,1,0.29207407407407415,True,False
2014,37,1,0.2917222222222223,True,False
2015,28,1,0.2913703703703704,True,False
2016,61,1,0.29101851851851845,True,False
2017,11,0,0.29066666666666663,False,True
2018,45,0,0.2903148148148148,False,True
2019,27,1,0.289962962962963,True,False
2020,22,1,0.28961111111111115,True,False
2021,27,0,0.2892592592592593,False,True
2022,55,1,0.2889074074074075,True,False
2023,7,0,0.28855555555555557,False,True
2024,37,1,0.28820370370370374,True,False
2025,19,1,0.2878518518518519,True,False
2026,106,0,0.2875000000000001,False,True
2027,24,1,0.28714814814814815,True,False
2028,44,1,0.2867962962962963,True,False
2029,25,1,0.2864444444444445,True,False
2030,8,0,0.28609259259259257,False,True
2031,36,1,0.28574074074074074,True,False
2032,28,1,0.2853888888888889,True,False
2033,55,1,0.2850370370370371,True,False
2034,79,1,0.28468518518518526,True,False
2035,59,1,0.28433333333333344,True,False
2036,119,1,0.2839814814814816,True,False
2037,10,0,0.2836296296296297,False,True
2038,32,1,0.28327777777777774,True,False
2039,41,1,0.2829259259259259,True,False
2040,146,1,0.2825740740740741,True,False
2041,24,1,0.28222222222222226,True,False
2042,29,1,0.28187037037037044,True,False
2043,24,1,0.2815185185185186,True,False
2044,14,0,0.2811666666666667,False,True
2045,32,1,0.28081481481481485,True,False
2046,33,1,0.280462962962963,True,False
2047,26,1,0.2801111111111112,True,False
2048,27,1,0.27975925925925926,True,False
2049,36,1,0.27940740740740744,True,False
2050,27,0,0.2790555555555556,False,True
2051,28,1,0.2787037037037037,True,False
2052,34,1,0.27835185185185185,True,False
2053,10,0,0.278,False,True
2054,40,1,0.2776481481481482,True,False
2055,45,1,0.2772962962962964,True,False
2056,30,1,0.27694444444444455,True,False
2057,76,1,0.2765925925925926,True,False
2058,27,1,0.2762407407407408,True,False
2059,14,0,0.27588888888888885,False,True
2060,27,1,0.275537037037037,True,False
2061,182,1,0.2751851851851852,True,False
2062,23,1,0.2748333333333334,True,False
2063,24,0,0.27448148148148155,False,True
2064,32,1,0.2741296296296296,True,False
2065,103,0,0.2737777777777778,False,True
2066,56,1,0.27342592592592596,True,False
2067,46,1,0.27307407407407414,True,False
2068,12,0,0.2727222222222223,False,True
2069,41,1,0.2723703703703705,True,False
2070,13,0,0.27201851851851855,False,True
2071,42,1,0.2716666666666666,True,False
2072,33,1,0.2713148148148148,True,False
2073,20,1,0.27096296296296296,True,False
2074,20,1,0.27061111111111114,True,False
2075,26,1,0.2702592592592593,True,False
2076,56,1,0.2699074074074075,True,False
2077,28,1,0.26955555555555566,True,False
2078,30,1,0.2692037037037037,True,False
2079,26,1,0.2688518518518519,True,False
2080,22,1,0.26850000000000007,True,False
2081,28,0,0.26814814814814814,False,True
2082,57,1,0.2677962962962963,True,False
2083,72,0,0.2674444444444445,False,True
2084,55,1,0.26709259259259266,True,False
2085,57,1,0.2667407407407407,True,False
2086,156,1,0.2663888888888889,True,False
2087,31,1,0.26603703703703707,True,False
2088,68,1,0.26568518518518525,True,False
2089,24,1,0.2653333333333334,True,False
2090,40,1,0.2649814814814816,True,False
2091,26,1,0.26462962962962966,True,False
2092,17,0,0.2642777777777777,False,True
2093,35,1,0.2639259259259259,True,False
2094,112,1,0.26357407407407407,True,False
2095,29,1,0.26322222222222225,True,False
2096,27,1,0.2628703703703704,True,False
2097,44,1,0.2625185185185186,True,False
2098,39,1,0.26216666666666677,True,False
2099,67,1,0.26181481481481483,True,False
2100,9,0,0.261462962962963,False,True
2101,18,1,0.2611111111111112,True,False
2102,73,1,0.26075925925925925,True,False
2103,40,1,0.2604074074074074,True,False
2104,32,1,0.2600555555555556,True,False
2105,98,1,0.25970370370370377,True,False
2106,36,1,0.25935185185185183,True,False
2107,23,0,0.259,False,True
2108,25,1,0.2586481481481482,True,False
2109,34,1,0.25829629629629636,True,False
2110,18,0,0.25794444444444453,False,True
2111,59,1,0.2575925925925927,True,False
2112,16,0,0.2572407407407409,False,True
2113,28,1,0.25688888888888883,True,False
2114,46,1,0.256537037037037,True,False
2115,43,1,0.2561851851851852,True,False
2116,41,1,0.25583333333333336,True,False
2117,12,0,0.25548148148148153,False,True
2118,22,0,0.2551296296296297,False,True
2119,71,1,0.25477777777777777,True,False
2120,26,1,0.25442592592592594,True,False
2121,35,1,0.2540740740740741,True,False
2122,28,1,0.2537222222222223,True,False
2123,104,1,0.25337037037037047,True,False
2124,36,1,0.25301851851851853,True,False
2125,28,1,0.2526666666666667,True,False
2126,40,1,0.25231481481481477,True,False
2127,77,1,0.25196296296296294,True,False
2128,42,1,0.2516111111111111,True,False
2129,65,1,0.2512592592592593,True,False
2130,22,0,0.25090740740740747,False,True
2131,10,0,0.25055555555555564,False,True
2132,88,1,0.2502037037037038,True,False
2133,63,0,0.24985185185185188,False,True
2134,37,1,0.24950000000000006,True,False
2135,25,1,0.24914814814814812,True,False
2136,10,0,0.2487962962962963,False,True
2137,24,1,0.24844444444444447,True,False
2138,16,0,0.24809259259259264,False,True
2139,90,1,0.24774074074074082,True,False
2140,25,1,0.24738888888888888,True,False
2141,13,0,0.24703703703703705,False,True
2142,14,0,0.24668518518518523,False,True
2143,21,1,0.2463333333333334,True,False
2144,32,1,0.24598148148148158,True,False
2145,53,1,0.24562962962962964,True,False
2146,112,1,0.24527777777777782,True,False
2147,20,1,0.24492592592592588,True,False
2148,53,0,0.24457407407407405,False,True
2149,22,1,0.24422222222222223,True,False
2150,31,1,0.2438703703703704,True,False
2151,28,0,0.24351851851851858,False,True
2152,7,0,0.24316666666666675,False,True
2153,26,1,0.24281481481481493,True,False
2154,71,1,0.242462962962963,True,False
2155,46,1,0.24211111111111117,True,False
2156,43,1,0.24175925925925923,True,False
2157,35,1,0.2414074074074074,True,False
2158,40,0,0.24105555555555558,False,True
2159,38,1,0.24070370370370375,True,False
2160,25,1,0.24035185185185193,True,False
2161,31,1,0.24,True,False
2162,31,1,0.23964814814814817,True,False
2163,28,1,0.23929629629629634,True,False
2164,25,1,0.23894444444444451,True,False
2165,23,1,0.2385925925925927,True,False
2166,21,1,0.23824074074074086,True,False
2167,20,1,0.23788888888888893,True,False
2168,22,1,0.237537037037037,True,False
2169,21,1,0.23718518518518517,True,False
2170,22,1,0.23683333333333334,True,False
2171,13,0,0.23648148148148151,False,True
2172,22,1,0.2361296296296297,True,False
2173,60,1,0.23577777777777786,True,False
2174,33,1,0.23542592592592604,True,False
2175,50,1,0.2350740740740741,True,False
2176,43,1,0.23472222222222228,True,False
2177,30,1,0.23437037037037045,True,False
2178,28,1,0.23401851851851851,True,False
2179,25,1,0.2336666666666667,True,False
2180,19,0,0.23331481481481486,False,True
2181,64,1,0.23296296296296293,True,False
2182,32,1,0.2326111111111111,True,False
2183,22,0,0.23225925925925928,False,True
2184,47,1,0.23190740740740745,True,False
2185,19,0,0.23155555555555563,False,True
2186,23,1,0.2312037037037038,True,False
2187,52,1,0.23085185185185197,True,False
2188,39,1,0.23050000000000004,True,False
2189,23,1,0.2301481481481481,True,False
2190,35,1,0.22979629629629628,True,False
2191,27,1,0.22944444444444445,True,False
2192,23,1,0.22909259259259263,True,False
2193,11,0,0.2287407407407408,False,True
2194,9,0,0.22838888888888897,False,True
2195,52,1,0.22803703703703704,True,False
2196,42,1,0.2276851851851852,True,False
2197,21,1,0.2273333333333334,True,False
2198,13,0,0.22698148148148156,False,True
2199,34,1,0.22662962962962963,True,False
2200,22,1,0.2262777777777778,True,False
2201,25,1,0.22592592592592597,True,False
2202,38,1,0.22557407407407404,True,False
2203,43,1,0.2252222222222222,True,False
2204,9,0,0.2248703703703704,False,True
2205,39,1,0.22451851851851856,True,False
2206,28,1,0.22416666666666674,True,False
2207,34,1,0.2238148148148149,True,False
2208,26,1,0.22346296296296309,True,False
2209,15,0,0.22311111111111115,False,True
2210,36,1,0.2227592592592592,True,False
2211,42,1,0.2224074074074074,True,False
2212,41,1,0.22205555555555556,True,False
2213,11,0,0.22170370370370374,False,True
2214,29,0,0.2213518518518519,False,True
2215,21,1,0.22100000000000009,True,False
2216,36,1,0.22064814814814815,True,False
2217,70,1,0.22029629629629632,True,False
2218,8,0,0.2199444444444445,False,True
2219,29,1,0.21959259259259267,True,False
2220,34,1,0.21924074074074085,True,False
2221,20,1,0.2188888888888889,True,False
2222,28,1,0.21853703703703709,True,False
2223,41,1,0.21818518518518515,True,False
2224,128,1,0.21783333333333332,True,False
2225,24,1,0.2174814814814815,True,False
2226,29,1,0.21712962962962967,True,False
2227,35,0,0.21677777777777785,False,True
2228,13,0,0.21642592592592602,False,True
2229,31,1,0.2160740740740742,True,False
2230,18,1,0.21572222222222226,True,False
2231,23,1,0.21537037037037043,True,False
2232,105,1,0.2150185185185185,True,False
2233,34,1,0.21466666666666667,True,False
2234,50,1,0.21431481481481485,True,False
2235,24,1,0.21396296296296302,True,False
2236,44,1,0.2136111111111112,True,False
2237,22,1,0.21325925925925926,True,False
2238,28,1,0.21290740740740743,True,False
2239,33,1,0.2125555555555556,True,False
2240,25,1,0.21220370370370378,True,False
2241,99,1,0.21185185185185196,True,False
2242,21,1,0.21150000000000002,True,False
2243,13,0,0.21114814814814808,False,True
2244,36,1,0.21079629629629626,True,False
2245,36,1,0.21044444444444443,True,False
2246,39,1,0.2100925925925926,True,False
2247,15,0,0.20974074074074078,False,True
2248,37,1,0.20938888888888896,True,False
2249,23,1,0.20903703703703713,True,False
2250,22,1,0.2086851851851852,True,False
2251,45,1,0.20833333333333337,True,False
2252,28,1,0.20798148148148154,True,False
2253,57,1,0.2076296296296296,True,False
2254,25,1,0.20727777777777778,True,False
2255,18,1,0.20692592592592596,True,False
2256,20,1,0.20657407407407413,True,False
2257,13,0,0.2062222222222222,False,True
2258,25,1,0.20587037037037037,True,False
2259,31,1,0.20551851851851854,True,False
2260,21,1,0.20516666666666672,True,False
2261,35,1,0.2048148148148149,True,False
2262,19,1,0.20446296296296307,True,False
2263,31,0,0.20411111111111124,False,True
2264,24,1,0.2037592592592592,True,False
2265,14,0,0.20340740740740737,False,True
2266,23,1,0.20305555555555554,True,False
2267,26,1,0.20270370370370372,True,False
2268,54,0,0.2023518518518519,False,True
2269,14,0,0.20200000000000007,False,True
2270,40,1,0.20164814814814824,True,False
2271,22,0,0.2012962962962963,False,True
2272,37,1,0.20094444444444448,True,False
2273,64,0,0.20059259259259266,False,True
2274,27,1,0.20024074074074083,True,False
2275,19,1,0.1998888888888889,True,False
2276,36,1,0.19953703703703707,True,False
2277,33,1,0.19918518518518524,True,False
2278,39,1,0.1988333333333333,True,False
2279,53,1,0.19848148148148148,True,False
2280,25,1,0.19812962962962966,True,False
2281,40,1,0.19777777777777783,True,False
2282,36,1,0.197425925925926,True,False
2283,32,1,0.19707407407407418,True,False
2284,40,1,0.19672222222222235,True,False
2285,29,1,0.19637037037037042,True,False
2286,22,1,0.19601851851851848,True,False
2287,30,1,0.19566666666666666,True,False
2288,93,1,0.19531481481481483,True,False
2289,76,0,0.194962962962963,False,True
2290,21,0,0.19461111111111118,False,True
2291,114,1,0.19425925925925935,True,False
2292,11,0,0.19390740740740742,False,True
2293,37,1,0.1935555555555556,True,False
2294,21,1,0.19320370370370377,True,False
2295,20,1,0.19285185185185194,True,False
2296,22,1,0.1925,True,False
2297,75,1,0.19214814814814818,True,False
2298,16,0,0.19179629629629635,False,True
2299,34,1,0.19144444444444442,True,False
2300,29,1,0.1910925925925926,True,False
2301,25,0,0.19074074074074077,False,True
2302,25,1,0.19038888888888894,True,False
2303,30,1,0.19003703703703712,True,False
2304,23,1,0.1896851851851853,True,False
2305,33,1,0.18933333333333335,True,False
2306,53,1,0.18898148148148153,True,False
2307,85,1,0.1886296296296296,True,False
2308,18,1,0.18827777777777777,True,False
2309,45,1,0.18792592592592594,True,False
2310,152,0,0.18757407407407412,False,True
2311,33,1,0.1872222222222223,True,False
2312,28,1,0.18687037037037035,True,False
2313,18,1,0.18651851851851853,True,False
2314,32,1,0.1861666666666667,True,False
2315,22,1,0.18581481481481488,True,False
2316,27,1,0.18546296296296305,True,False
2317,63,1,0.18511111111111123,True,False
2318,26,1,0.1847592592592593,True,False
2319,64,1,0.18440740740740735,True,False
2320,43,1,0.18405555555555553,True,False
2321,52,1,0.1837037037037037,True,False
2322,21,1,0.18335185185185188,True,False
2323,22,1,0.18300000000000005,True,False
2324,23,1,0.18264814814814823,True,False
2325,108,1,0.1822962962962964,True,False
2326,16,0,0.18194444444444446,False,True
2327,28,1,0.18159259259259264,True,False
2328,23,1,0.1812407407407408,True,False
2329,19,1,0.18088888888888888,True,False
2330,64,1,0.18053703703703705,True,False
2331,25,1,0.18018518518518523,True,False
2332,58,1,0.1798333333333334,True,False
2333,29,1,0.17948148148148146,True,False
2334,33,1,0.17912962962962964,True,False
2335,19,1,0.1787777777777778,True,False
2336,36,1,0.178425925925926,True,False
2337,46,1,0.17807407407407416,True,False
2338,68,1,0.17772222222222234,True,False
2339,30,1,0.1773703703703704,True,False
2340,24,1,0.17701851851851846,True,False
2341,20,1,0.17666666666666664,True,False
2342,27,1,0.1763148148148148,True,False
2343,31,1,0.175962962962963,True,False
2344,23,1,0.17561111111111116,True,False
2345,62,0,0.17525925925925934,False,True
2346,23,1,0.1749074074074075,True,False
2347,25,1,0.17455555555555557,True,False
2348,31,1,0.17420370370370375,True,False
2349,19,1,0.17385185185185192,True,False
2350,32,1,0.1735,True,False
2351,23,1,0.17314814814814816,True,False
2352,25,1,0.17279629629629634,True,False
2353,23,1,0.1724444444444445,True,False
2354,20,1,0.17209259259259257,True,False
2355,25,0,0.17174074074074075,False,True
2356,32,1,0.17138888888888892,True,False
2357,48,1,0.1710370370370371,True,False
2358,110,1,0.17068518518518527,True,False
2359,40,1,0.17033333333333345,True,False
2360,60,1,0.16998148148148162,True,False
2361,21,1,0.16962962962962957,True,False
2362,28,1,0.16927777777777775,True,False
2363,32,0,0.16892592592592592,False,True
2364,33,1,0.1685740740740741,True,False
2365,54,1,0.16822222222222227,True,False
2366,19,1,0.16787037037037045,True,False
2367,36,1,0.1675185185185185,True,False
2368,69,1,0.16716666666666669,True,False
2369,26,1,0.16681481481481486,True,False
2370,22,1,0.16646296296296303,True,False
2371,24,1,0.1661111111111112,True,False
2372,23,1,0.16575925925925927,True,False
2373,68,1,0.16540740740740745,True,False
2374,30,1,0.1650555555555555,True,False
2375,57,1,0.16470370370370369,True,False
2376,29,1,0.16435185185185186,True,False
2377,23,1,0.16400000000000003,True,False
2378,26,1,0.1636481481481482,True,False
2379,31,1,0.16329629629629638,True,False
2380,78,1,0.16294444444444456,True,False
2381,24,1,0.16259259259259262,True,False
2382,34,1,0.1622407407407408,True,False
2383,31,1,0.16188888888888886,True,False
2384,23,1,0.16153703703703703,True,False
2385,52,1,0.1611851851851852,True,False
2386,27,1,0.16083333333333338,True,False
2387,14,0,0.16048148148148156,False,True
2388,32,0,0.16012962962962962,False,True
2389,20,1,0.1597777777777778,True,False
2390,256,1,0.15942592592592597,True,False
2391,63,1,0.15907407407407415,True,False
2392,19,1,0.15872222222222232,True,False
2393,87,1,0.1583703703703705,True,False
2394,24,1,0.15801851851851856,True,False
2395,25,0,0.15766666666666662,False,True
2396,18,1,0.1573148148148148,True,False
2397,30,0,0.15696296296296297,False,True
2398,40,1,0.15661111111111115,True,False
2399,28,1,0.15625925925925932,True,False
2400,32,1,0.1559074074074075,True,False
2401,60,1,0.15555555555555567,True,False
2402,23,1,0.15520370370370373,True,False
2403,78,1,0.1548518518518519,True,False
2404,42,1,0.15450000000000008,True,False
2405,25,1,0.15414814814814815,True,False
2406,7,0,0.15379629629629632,False,True
2407,19,1,0.1534444444444445,True,False
2408,20,0,0.15309259259259267,False,True
2409,55,1,0.15274074074074073,True,False
2410,11,0,0.1523888888888889,False,True
2411,15,0,0.15203703703703708,False,True
2412,49,1,0.15168518518518526,True,False
2413,55,0,0.15133333333333343,False,True
2414,72,1,0.1509814814814816,True,False
2415,36,1,0.15062962962962967,True,False
2416,22,1,0.15027777777777773,True,False
2417,22,1,0.1499259259259259,True,False
2418,35,1,0.14957407407407408,True,False
2419,50,1,0.14922222222222226,True,False
2420,30,1,0.14887037037037043,True,False
2421,26,1,0.1485185185185186,True,False
2422,9,0,0.14816666666666678,False,True
2423,23,1,0.14781481481481484,True,False
2424,31,1,0.14746296296296302,True,False
2425,10,0,0.1471111111111112,False,True
2426,24,1,0.14675925925925926,True,False
2427,37,1,0.14640740740740743,True,False
2428,14,0,0.1460555555555556,False,True
2429,28,1,0.14570370370370367,True,False
2430,26,1,0.14535185185185184,True,False
2431,32,1,0.14500000000000002,True,False
2432,21,1,0.1446481481481482,True,False
2433,27,1,0.14429629629629637,True,False
2434,35,1,0.14394444444444454,True,False
2435,23,0,0.14359259259259272,False,True
2436,30,1,0.14324074074074078,True,False
2437,18,1,0.14288888888888884,True,False
2438,26,1,0.14253703703703702,True,False
2439,43,0,0.1421851851851852,False,True
2440,82,1,0.14183333333333337,True,False
2441,20,1,0.14148148148148154,True,False
2442,50,1,0.14112962962962972,True,False
2443,109,1,0.14077777777777778,True,False
2444,64,1,0.14042592592592595,True,False
2445,26,1,0.14007407407407413,True,False
2446,38,1,0.1397222222222223,True,False
2447,36,1,0.13937037037037048,True,False
2448,30,1,0.13901851851851854,True,False
2449,30,1,0.13866666666666672,True,False
2450,11,0,0.13831481481481478,False,True
2451,25,1,0.13796296296296295,True,False
2452,12,0,0.13761111111111113,False,True
2453,35,1,0.1372592592592593,True,False
2454,30,1,0.13690740740740748,True,False
2455,22,1,0.13655555555555565,True,False
2456,26,1,0.13620370370370383,True,False
2457,47,1,0.1358518518518519,True,False
2458,76,1,0.13550000000000006,True,False
2459,50,1,0.13514814814814813,True,False
2460,10,0,0.1347962962962963,False,True
2461,85,1,0.13444444444444448,True,False
2462,58,1,0.13409259259259265,True,False
2463,20,1,0.13374074074074083,True,False
2464,22,1,0.1333888888888889,True,False
2465,77,1,0.13303703703703706,True,False
2466,31,1,0.13268518518518524,True,False
2467,47,1,0.1323333333333334,True,False
2468,25,1,0.1319814814814816,True,False
2469,41,1,0.13162962962962965,True,False
2470,49,1,0.13127777777777783,True,False
2471,30,1,0.1309259259259259,True,False
2472,63,1,0.13057407407407406,True,False
2473,25,1,0.13022222222222224,True,False
2474,28,1,0.1298703703703704,True,False
2475,24,1,0.1295185185185186,True,False
2476,28,1,0.12916666666666676,True,False
2477,30,1,0.12881481481481494,True,False
2478,41,1,0.128462962962963,True,False
2479,38,1,0.12811111111111118,True,False
2480,26,1,0.12775925925925924,True,False
2481,54,1,0.1274074074074074,True,False
2482,25,1,0.1270555555555556,True,False
2483,12,0,0.12670370370370376,False,True
2484,39,1,0.12635185185185194,True,False
2485,29,1,0.126,True,False
2486,33,1,0.12564814814814818,True,False
2487,29,1,0.12529629629629635,True,False
2488,22,1,0.12494444444444452,True,False
2489,14,0,0.1245925925925927,False,True
2490,22,1,0.12424074074074087,True,False
2491,21,0,0.12388888888888883,False,True
2492,22,1,0.123537037037037,True,False
2493,18,1,0.12318518518518518,True,False
2494,22,0,0.12283333333333335,False,True
2495,9,0,0.12248148148148152,False,True
2496,24,1,0.1221296296296297,True,False
2497,25,1,0.12177777777777787,True,False
2498,22,1,0.12142592592592594,True,False
2499,36,1,0.12107407407407411,True,False
2500,37,1,0.12072222222222229,True,False
2501,51,1,0.12037037037037046,True,False
2502,51,1,0.12001851851851852,True,False
2503,20,1,0.1196666666666667,True,False
2504,20,1,0.11931481481481487,True,False
2505,18,1,0.11896296296296294,True,False
2506,9,0,0.11861111111111111,False,True
2507,38,1,0.11825925925925929,True,False
2508,51,1,0.11790740740740746,True,False
2509,20,0,0.11755555555555564,False,True
2510,40,1,0.11720370370370381,True,False
2511,35,1,0.11685185185185198,True,False
2512,32,1,0.11650000000000005,True,False
2513,18,1,0.11614814814814811,True,False
2514,20,1,0.11579629629629629,True,False
2515,35,1,0.11544444444444446,True,False
2516,30,1,0.11509259259259264,True,False
2517,28,1,0.11474074074074081,True,False
2518,27,1,0.11438888888888898,True,False
2519,42,1,0.11403703703703705,True,False
2520,8,0,0.11368518518518522,False,True
2521,34,0,0.1133333333333334,False,True
2522,32,1,0.11298148148148157,True,False
2523,13,0,0.11262962962962964,False,True
2524,32,1,0.11227777777777781,True,False
2525,37,1,0.11192592592592598,True,False
2526,23,1,0.11157407407407405,True,False
2527,50,1,0.11122222222222222,True,False
2528,9,0,0.1108703703703704,False,True
2529,23,1,0.11051851851851857,True,False
2530,20,1,0.11016666666666675,True,False
2531,20,1,0.10981481481481492,True,False
2532,11,0,0.1094629629629631,False,True
2533,39,0,0.10911111111111116,False,True
2534,35,1,0.10875925925925922,True,False
2535,20,1,0.1084074074074074,True,False
2536,20,1,0.10805555555555557,True,False
2537,26,1,0.10770370370370375,True,False
2538,18,1,0.10735185185185192,True,False
2539,32,1,0.1070000000000001,True,False
2540,45,1,0.10664814814814816,True,False
2541,29,1,0.10629629629629633,True,False
2542,20,1,0.10594444444444451,True,False
2543,27,1,0.10559259259259268,True,False
2544,18,0,0.10524074074074086,False,True
2545,56,0,0.10488888888888892,False,True
2546,41,1,0.1045370370370371,True,False
2547,23,1,0.10418518518518516,True,False
2548,20,1,0.10383333333333333,True,False
2549,19,1,0.10348148148148151,True,False
2550,33,1,0.10312962962962968,True,False
2551,35,1,0.10277777777777786,True,False
2552,14,0,0.10242592592592603,False,True
2553,40,1,0.1020740740740741,True,False
2554,55,1,0.10172222222222227,True,False
2555,46,1,0.10137037037037044,True,False
2556,21,1,0.10101851851851851,True,False
2557,22,1,0.10066666666666668,True,False
2558,20,1,0.10031481481481486,True,False
2559,16,0,0.09996296296296303,False,True
2560,18,1,0.0996111111111111,True,False
2561,52,1,0.09925925925925927,True,False
2562,51,1,0.09890740740740744,True,False
2563,20,1,0.09855555555555562,True,False
2564,24,0,0.09820370370370379,False,True
2565,25,1,0.09785185185185197,True,False
2566,49,1,0.09750000000000003,True,False
2567,35,1,0.0971481481481481,True,False
2568,11,0,0.09679629629629627,False,True
2569,18,1,0.09644444444444444,True,False
2570,63,1,0.09609259259259262,True,False
2571,29,1,0.09574074074074079,True,False
2572,24,1,0.09538888888888897,True,False
2573,22,1,0.09503703703703714,True,False
2574,24,1,0.0946851851851852,True,False
2575,7,0,0.09433333333333338,False,True
2576,37,1,0.09398148148148155,True,False
2577,18,1,0.09362962962962962,True,False
2578,45,1,0.09327777777777779,True,False
2579,95,1,0.09292592592592597,True,False
2580,33,1,0.09257407407407414,True,False
2581,18,1,0.0922222222222222,True,False
2582,77,1,0.09187037037037038,True,False
2583,26,1,0.09151851851851855,True,False
2584,22,1,0.09116666666666673,True,False
2585,22,1,0.0908148148148149,True,False
2586,22,1,0.09046296296296308,True,False
2587,28,1,0.09011111111111125,True,False
2588,29,1,0.0897592592592592,True,False
2589,33,1,0.08940740740740738,True,False
2590,27,1,0.08905555555555555,True,False
2591,18,1,0.08870370370370373,True,False
2592,20,1,0.0883518518518519,True,False
2593,11,0,0.08800000000000008,False,True
2594,29,1,0.08764814814814825,True,False
2595,47,1,0.08729629629629632,True,False
2596,22,1,0.08694444444444449,True,False
2597,23,1,0.08659259259259267,True,False
2598,18,1,0.08624074074074084,True,False
2599,22,1,0.0858888888888889,True,False
2600,7,0,0.08553703703703708,False,True
2601,23,1,0.08518518518518525,True,False
2602,26,1,0.08483333333333332,True,False
2603,41,1,0.08448148148148149,True,False
2604,18,1,0.08412962962962967,True,False
2605,19,1,0.08377777777777784,True,False
2606,20,1,0.08342592592592601,True,False
2607,28,1,0.08307407407407419,True,False
2608,29,0,0.08272222222222236,False,True
2609,33,1,0.08237037037037043,True,False
2610,31,1,0.08201851851851849,True,False
2611,20,1,0.08166666666666667,True,False
2612,25,1,0.08131481481481484,True,False
2613,20,1,0.08096296296296301,True,False
2614,35,1,0.08061111111111119,True,False
2615,25,1,0.08025925925925925,True,False
2616,35,1,0.07990740740740743,True,False
2617,57,1,0.0795555555555556,True,False
2618,25,1,0.07920370370370378,True,False
2619,13,0,0.07885185185185195,False,True
2620,31,1,0.07850000000000001,True,False
2621,42,1,0.07814814814814819,True,False
2622,20,0,0.07779629629629625,False,True
2623,7,0,0.07744444444444443,False,True
2624,59,1,0.0770925925925926,True,False
2625,19,1,0.07674074074074078,True,False
2626,43,1,0.07638888888888895,True,False
2627,25,1,0.07603703703703713,True,False
2628,26,1,0.0756851851851853,True,False
2629,30,1,0.07533333333333336,True,False
2630,25,1,0.07498148148148154,True,False
2631,25,1,0.0746296296296296,True,False
2632,13,0,0.07427777777777778,False,True
2633,22,1,0.07392592592592595,True,False
2634,23,1,0.07357407407407413,True,False
2635,21,1,0.0732222222222223,True,False
2636,32,1,0.07287037037037036,True,False
2637,31,1,0.07251851851851854,True,False
2638,29,1,0.07216666666666671,True,False
2639,32,1,0.07181481481481489,True,False
2640,21,1,0.07146296296296306,True,False
2641,22,1,0.07111111111111124,True,False
2642,83,1,0.0707592592592593,True,False
2643,27,1,0.07040740740740736,True,False
2644,8,0,0.07005555555555554,False,True
2645,6,0,0.06970370370370371,False,True
2646,18,1,0.06935185185185189,True,False
2647,19,1,0.06900000000000006,True,False
2648,20,1,0.06864814814814824,True,False
2649,21,1,0.06829629629629641,True,False
2650,34,1,0.06794444444444447,True,False
2651,21,0,0.06759259259259265,False,True
2652,35,0,0.06724074074074082,False,True
2653,22,1,0.06688888888888889,True,False
2654,20,1,0.06653703703703706,True,False
2655,20,1,0.06618518518518524,True,False
2656,28,1,0.06583333333333341,True,False
2657,13,0,0.06548148148148147,False,True
2658,31,1,0.06512962962962965,True,False
2659,33,1,0.06477777777777782,True,False
2660,61,1,0.064425925925926,True,False
2661,26,1,0.06407407407407417,True,False
2662,24,1,0.06372222222222235,True,False
2663,18,1,0.06337037037037041,True,False
2664,20,1,0.06301851851851847,True,False
2665,20,1,0.06266666666666665,True,False
2666,13,0,0.06231481481481482,False,True
2667,20,1,0.061962962962963,True,False
2668,20,1,0.06161111111111117,True,False
2669,23,1,0.06125925925925935,True,False
2670,23,1,0.06090740740740752,True,False
2671,48,1,0.060555555555555585,True,False
2672,21,1,0.06020370370370376,True,False
2673,34,0,0.059851851851851934,False,True
2674,27,1,0.0595,True,False
2675,53,1,0.05914814814814817,True,False
2676,9,0,0.058796296296296346,False,True
2677,26,1,0.05844444444444441,True,False
2678,41,1,0.058092592592592585,True,False
2679,77,0,0.05774074074074076,False,True
2680,31,1,0.057388888888888934,True,False
2681,23,1,0.05703703703703711,True,False
2682,20,1,0.05668518518518528,True,False
2683,37,1,0.05633333333333346,True,False
2684,24,1,0.05598148148148152,True,False
2685,25,1,0.055629629629629584,True,False
2686,13,0,0.05527777777777776,False,True
2687,42,1,0.054925925925925934,True,False
2688,22,1,0.05457407407407411,True,False
2689,18,1,0.05422222222222228,True,False
2690,49,1,0.05387037037037046,True,False
2691,36,1,0.05351851851851852,True,False
2692,32,1,0.053166666666666695,True,False
2693,18,1,0.05281481481481487,True,False
2694,23,1,0.052462962962963045,True,False
2695,34,1,0.05211111111111122,True,False
2696,26,1,0.05175925925925928,True,False
2697,11,0,0.05140740740740746,False,True
2698,18,1,0.05105555555555552,True,False
2699,18,1,0.050703703703703695,True,False
2700,19,1,0.05035185185185187,True,False
2701,19,1,0.050000000000000044,True,False
2702,28,1,0.050000000000000044,True,False
2703,83,1,0.050000000000000044,True,False
2704,23,1,0.050000000000000044,True,False
2705,18,1,0.050000000000000044,True,False
2706,18,0,0.050000000000000044,False,True
2707,29,1,0.050000000000000044,True,False
2708,51,1,0.050000000000000044,True,False
2709,39,1,0.050000000000000044,True,False
2710,34,1,0.050000000000000044,True,False
2711,28,1,0.050000000000000044,True,False
2712,40,1,0.050000000000000044,True,False
2713,31,1,0.050000000000000044,True,False
2714,14,0,0.050000000000000044,False,True
2715,43,1,0.050000000000000044,True,False
2716,18,1,0.050000000000000044,True,False
2717,22,1,0.050000000000000044,True,False
2718,27,1,0.050000000000000044,True,False
2719,7,0,0.050000000000000044,False,True
2720,80,1,0.050000000000000044,True,False
2721,18,1,0.050000000000000044,True,False
2722,26,1,0.050000000000000044,True,False
2723,16,0,0.050000000000000044,False,True
2724,29,1,0.050000000000000044,True,False
2725,19,1,0.050000000000000044,True,False
2726,20,1,0.050000000000000044,True,False
2727,37,1,0.050000000000000044,True,False
2728,53,1,0.050000000000000044,True,False
2729,34,0,0.050000000000000044,False,True
2730,62,1,0.050000000000000044,True,False
2731,32,1,0.050000000000000044,True,False
2732,21,1,0.050000000000000044,True,False
2733,33,1,0.050000000000000044,True,False
2734,22,1,0.050000000000000044,True,False
2735,20,1,0.050000000000000044,True,False
2736,28,1,0.050000000000000044,True,False
2737,24,1,0.050000000000000044,True,False
2738,25,0,0.050000000000000044,False,True
2739,25,1,0.050000000000000044,True,False
2740,25,1,0.050000000000000044,True,False
2741,35,1,0.050000000000000044,True,False
2742,20,1,0.050000000000000044,True,False
2743,24,0,0.050000000000000044,False,True
2744,13,0,0.050000000000000044,False,True
2745,30,1,0.050000000000000044,True,False
2746,26,1,0.050000000000000044,True,False
2747,20,1,0.050000000000000044,True,False
2748,21,1,0.050000000000000044,True,False
2749,42,1,0.050000000000000044,True,False
2750,58,1,0.050000000000000044,True,False
2751,19,1,0.050000000000000044,True,False
2752,28,1,0.050000000000000044,True,False
2753,56,1,0.050000000000000044,True,False
2754,28,1,0.050000000000000044,True,False
2755,26,1,0.050000000000000044,True,False
2756,26,1,0.050000000000000044,True,False
2757,20,1,0.050000000000000044,True,False
2758,41,1,0.050000000000000044,True,False
2759,18,1,0.050000000000000044,True,False
2760,24,1,0.050000000000000044,True,False
2761,37,1,0.050000000000000044,True,False
2762,20,1,0.050000000000000044,True,False
2763,20,1,0.050000000000000044,True,False
2764,53,1,0.050000000000000044,True,False
2765,44,1,0.050000000000000044,True,False
2766,28,1,0.050000000000000044,True,False
2767,19,1,0.050000000000000044,True,False
2768,16,0,0.050000000000000044,False,True
2769,23,1,0.050000000000000044,True,False
2770,24,1,0.050000000000000044,True,False
2771,27,1,0.050000000000000044,True,False
2772,44,1,0.050000000000000044,True,False
2773,26,1,0.050000000000000044,True,False
2774,22,1,0.050000000000000044,True,False
2775,30,1,0.050000000000000044,True,False
2776,30,1,0.050000000000000044,True,False
2777,35,1,0.050000000000000044,True,False
2778,26,1,0.050000000000000044,True,False
2779,18,1,0.050000000000000044,True,False
2780,20,1,0.050000000000000044,True,False
2781,35,1,0.050000000000000044,True,False
2782,94,1,0.050000000000000044,True,False
2783,27,1,0.050000000000000044,True,False
2784,24,1,0.050000000000000044,True,False
2785,21,1,0.050000000000000044,True,False
2786,22,1,0.050000000000000044,True,False
2787,14,0,0.050000000000000044,False,True
2788,24,1,0.050000000000000044,True,False
2789,26,1,0.050000000000000044,True,False
2790,10,0,0.050000000000000044,False,True
2791,22,0,0.050000000000000044,False,True
2792,50,1,0.050000000000000044,True,False
2793,38,0,0.050000000000000044,False,True
2794,25,1,0.050000000000000044,True,False
2795,19,1,0.050000000000000044,True,False
2796,34,1,0.050000000000000044,True,False
2797,22,1,0.050000000000000044,True,False
2798,49,1,0.050000000000000044,True,False
2799,141,1,0.050000000000000044,True,False
2800,18,1,0.050000000000000044,True,False
2801,36,1,0.050000000000000044,True,False
2802,24,0,0.050000000000000044,False,True
2803,53,1,0.050000000000000044,True,False
2804,23,1,0.050000000000000044,True,False
2805,39,1,0.050000000000000044,True,False
2806,36,1,0.050000000000000044,True,False
2807,18,1,0.050000000000000044,True,False
2808,24,1,0.050000000000000044,True,False
2809,21,1,0.050000000000000044,True,False
2810,13,0,0.050000000000000044,False,True
2811,28,1,0.050000000000000044,True,False
2812,28,1,0.050000000000000044,True,False
2813,32,1,0.050000000000000044,True,False
2814,72,1,0.050000000000000044,True,False
2815,52,1,0.050000000000000044,True,False
2816,32,0,0.050000000000000044,False,True
2817,29,1,0.050000000000000044,True,False
2818,31,1,0.050000000000000044,True,False
2819,24,1,0.050000000000000044,True,False
2820,22,1,0.050000000000000044,True,False
2821,35,1,0.050000000000000044,True,False
2822,33,1,0.050000000000000044,True,False
2823,44,0,0.050000000000000044,False,True
2824,18,1,0.050000000000000044,True,False
2825,25,1,0.050000000000000044,True,False
2826,38,1,0.050000000000000044,True,False
2827,24,1,0.050000000000000044,True,False
2828,68,1,0.050000000000000044,True,False
2829,39,1,0.050000000000000044,True,False
2830,42,1,0.050000000000000044,True,False
2831,18,1,0.050000000000000044,True,False
2832,18,1,0.050000000000000044,True,False
2833,38,1,0.050000000000000044,True,False
2834,20,1,0.050000000000000044,True,False
2835,18,1,0.050000000000000044,True,False
2836,37,1,0.050000000000000044,True,False
2837,22,1,0.050000000000000044,True,False
2838,33,1,0.050000000000000044,True,False
2839,24,0,0.050000000000000044,False,True
2840,23,1,0.050000000000000044,True,False
2841,30,1,0.050000000000000044,True,False
2842,29,1,0.050000000000000044,True,False
2843,49,1,0.050000000000000044,True,False
2844,22,1,0.050000000000000044,True,False
2845,56,1,0.050000000000000044,True,False
2846,18,1,0.050000000000000044,True,False
2847,18,1,0.050000000000000044,True,False
2848,20,1,0.050000000000000044,True,False
2849,19,1,0.050000000000000044,True,False
2850,21,1,0.050000000000000044,True,False
2851,40,1,0.050000000000000044,True,False
2852,23,1,0.050000000000000044,True,False
2853,18,1,0.050000000000000044,True,False
2854,39,1,0.050000000000000044,True,False
2855,13,0,0.050000000000000044,False,True
2856,22,1,0.050000000000000044,True,False
2857,7,0,0.050000000000000044,False,True
2858,29,1,0.050000000000000044,True,False
2859,19,1,0.050000000000000044,True,False
2860,26,1,0.050000000000000044,True,False
2861,20,1,0.050000000000000044,True,False
2862,10,0,0.050000000000000044,False,True
2863,18,1,0.050000000000000044,True,False
2864,23,1,0.050000000000000044,True,False
2865,28,1,0.050000000000000044,True,False
2866,16,0,0.050000000000000044,False,True
2867,30,1,0.050000000000000044,True,False
2868,20,1,0.050000000000000044,True,False
2869,38,1,0.050000000000000044,True,False
2870,26,1,0.050000000000000044,True,False
2871,21,1,0.050000000000000044,True,False
2872,18,1,0.050000000000000044,True,False
2873,30,1,0.050000000000000044,True,False
2874,22,1,0.050000000000000044,True,False
2875,18,1,0.050000000000000044,True,False
2876,18,1,0.050000000000000044,True,False
2877,43,0,0.050000000000000044,False,True
2878,22,1,0.050000000000000044,True,False
2879,19,1,0.050000000000000044,True,False
2880,24,1,0.050000000000000044,True,False
2881,22,1,0.050000000000000044,True,False
2882,22,1,0.050000000000000044,True,False
2883,20,1,0.050000000000000044,True,False
2884,66,1,0.050000000000000044,True,False
2885,24,1,0.050000000000000044,True,False
2886,18,1,0.050000000000000044,True,False
2887,30,1,0.050000000000000044,True,False
2888,20,0,0.050000000000000044,False,True
2889,20,1,0.050000000000000044,True,False
2890,52,1,0.050000000000000044,True,False
2891,18,1,0.050000000000000044,True,False
2892,64,1,0.050000000000000044,True,False
2893,47,1,0.050000000000000044,True,False
2894,20,1,0.050000000000000044,True,False
2895,21,1,0.050000000000000044,True,False
2896,34,0,0.050000000000000044,False,True
2897,46,1,0.050000000000000044,True,False
2898,31,1,0.050000000000000044,True,False
2899,19,1,0.050000000000000044,True,False
2900,18,1,0.050000000000000044,True,False
2901,26,1,0.050000000000000044,True,False
2902,20,1,0.050000000000000044,True,False
2903,11,0,0.050000000000000044,False,True
2904,31,0,0.050000000000000044,False,True
2905,32,1,0.050000000000000044,True,False
2906,27,1,0.050000000000000044,True,False
2907,22,1,0.050000000000000044,True,False
2908,20,1,0.050000000000000044,True,False
2909,31,1,0.050000000000000044,True,False
2910,26,1,0.050000000000000044,True,False
2911,27,1,0.050000000000000044,True,False
2912,56,1,0.050000000000000044,True,False
2913,25,1,0.050000000000000044,True,False
2914,23,1,0.050000000000000044,True,False
2915,12,0,0.050000000000000044,False,True
2916,23,1,0.050000000000000044,True,False
2917,50,1,0.050000000000000044,True,False
2918,22,1,0.050000000000000044,True,False
2919,18,1,0.050000000000000044,True,False
2920,26,1,0.050000000000000044,True,False
2921,40,1,0.050000000000000044,True,False
2922,14,0,0.050000000000000044,False,True
2923,22,1,0.050000000000000044,True,False
2924,25,1,0.050000000000000044,True,False
2925,24,1,0.050000000000000044,True,False
2926,12,0,0.050000000000000044,False,True
2927,42,1,0.050000000000000044,True,False
2928,38,1,0.050000000000000044,True,False
2929,18,1,0.050000000000000044,True,False
2930,71,1,0.050000000000000044,True,False
2931,20,1,0.050000000000000044,True,False
2932,16,0,0.050000000000000044,False,True
2933,18,1,0.050000000000000044,True,False
2934,22,1,0.050000000000000044,True,False
2935,28,1,0.050000000000000044,True,False
2936,23,0,0.050000000000000044,False,True
2937,21,1,0.050000000000000044,True,False
2938,30,1,0.050000000000000044,True,False
2939,18,1,0.050000000000000044,True,False
2940,18,1,0.050000000000000044,True,False
2941,18,1,0.050000000000000044,True,False
2942,18,1,0.050000000000000044,True,False
2943,42,1,0.050000000000000044,True,False
2944,31,1,0.050000000000000044,True,False
2945,24,1,0.050000000000000044,True,False
2946,24,1,0.050000000000000044,True,False
2947,23,1,0.050000000000000044,True,False
2948,26,1,0.050000000000000044,True,False
2949,34,1,0.050000000000000044,True,False
2950,26,1,0.050000000000000044,True,False
2951,36,0,0.050000000000000044,False,True
2952,23,1,0.050000000000000044,True,False
2953,71,1,0.050000000000000044,True,False
2954,25,1,0.050000000000000044,True,False
2955,31,1,0.050000000000000044,True,False
2956,35,1,0.050000000000000044,True,False
2957,26,1,0.050000000000000044,True,False
2958,19,0,0.050000000000000044,False,True
2959,22,1,0.050000000000000044,True,False
2960,22,1,0.050000000000000044,True,False
2961,18,1,0.050000000000000044,True,False
2962,21,1,0.050000000000000044,True,False
2963,35,1,0.050000000000000044,True,False
2964,22,1,0.050000000000000044,True,False
2965,40,1,0.050000000000000044,True,False
2966,12,0,0.050000000000000044,False,True
2967,37,1,0.050000000000000044,True,False
2968,18,1,0.050000000000000044,True,False
2969,79,1,0.050000000000000044,True,False
2970,29,1,0.050000000000000044,True,False
2971,20,1,0.050000000000000044,True,False
2972,20,1,0.050000000000000044,True,False
2973,11,0,0.050000000000000044,False,True
2974,20,1,0.050000000000000044,True,False
2975,31,1,0.050000000000000044,True,False
2976,24,1,0.050000000000000044,True,False
2977,58,1,0.050000000000000044,True,False
2978,21,1,0.050000000000000044,True,False
2979,46,1,0.050000000000000044,True,False
2980,51,1,0.050000000000000044,True,False
2981,19,1,0.050000000000000044,True,False
2982,20,1,0.050000000000000044,True,False
2983,22,1,0.050000000000000044,True,False
2984,28,1,0.050000000000000044,True,False
2985,28,1,0.050000000000000044,True,False
2986,9,0,0.050000000000000044,False,True
2987,51,1,0.050000000000000044,True,False
2988,35,0,0.050000000000000044,False,True
2989,21,1,0.050000000000000044,True,False
2990,27,1,0.050000000000000044,True,False
2991,25,1,0.050000000000000044,True,False
2992,22,0,0.050000000000000044,False,True
2993,25,1,0.050000000000000044,True,False
2994,52,1,0.050000000000000044,True,False
2995,18,1,0.050000000000000044,True,False
2996,18,1,0.050000000000000044,True,False
2997,38,0,0.050000000000000044,False,True
2998,25,1,0.050000000000000044,True,False
2999,30,1,0.050000000000000044,True,False
3000,22,1,0.050000000000000044,True,False
