episode,steps,totalReward,epsilon,completed,died
1,49,-1.4800000000000002,1.0,False,True
2,39,-1.3800000000000001,0.9996481481481482,False,True
3,43,-1.4200000000000002,0.9992962962962963,False,True
4,28,-1.27,0.9989444444444444,False,True
5,15,-1.14,0.9985925925925926,False,True
6,371,-4.6999999999999655,0.9982407407407408,False,True
7,121,-2.200000000000001,0.9978888888888889,False,True
8,18,-1.17,0.997537037037037,False,True
9,400,-3.9999999999999587,0.9971851851851852,False,False
10,240,-3.389999999999993,0.9968333333333333,False,True
11,18,-1.17,0.9964814814814815,False,True
12,63,-1.6200000000000003,0.9961296296296296,False,True
13,81,-1.8000000000000005,0.9957777777777778,False,True
14,232,18.680000000000003,0.9954259259259259,True,False
15,184,-2.8300000000000014,0.9950740740740741,False,True
16,37,-1.36,0.9947222222222222,False,True
17,138,-2.370000000000001,0.9943703703703703,False,True
18,139,-2.380000000000001,0.9940185185185185,False,True
19,27,-1.26,0.9936666666666667,False,True
20,57,-1.5600000000000003,0.9933148148148148,False,True
21,21,-1.2,0.9929629629629629,False,True
22,132,-2.310000000000001,0.9926111111111111,False,True
23,50,-1.4900000000000002,0.9922592592592593,False,True
24,133,-2.320000000000001,0.9919074074074075,False,True
25,151,-2.500000000000001,0.9915555555555555,False,True
26,27,-1.26,0.9912037037037037,False,True
27,383,-4.819999999999963,0.9908518518518519,False,True
28,33,-1.32,0.9905,False,True
29,400,-3.9999999999999587,0.9901481481481481,False,False
30,61,-1.6000000000000003,0.9897962962962963,False,True
31,31,-1.3,0.9894444444444445,False,True
32,45,-1.4400000000000002,0.9890925925925926,False,True
33,69,-1.6800000000000004,0.9887407407407407,False,True
34,39,-1.3800000000000001,0.9883888888888889,False,True
35,36,-1.35,0.988037037037037,False,True
36,17,-1.16,0.9876851851851852,False,True
37,25,-1.24,0.9873333333333333,False,True
38,42,-1.4100000000000001,0.9869814814814815,False,True
39,90,-1.8900000000000006,0.9866296296296296,False,True
40,20,-1.19,0.9862777777777778,False,True
41,49,-1.4800000000000002,0.9859259259259259,False,True
42,21,-1.2,0.985574074074074,False,True
43,48,-1.4700000000000002,0.9852222222222222,False,True
44,185,-2.8400000000000016,0.9848703703703704,False,True
45,39,-1.3800000000000001,0.9845185185185186,False,True
46,53,-1.5200000000000002,0.9841666666666666,False,True
47,142,-2.410000000000001,0.9838148148148148,False,True
48,24,-1.23,0.983462962962963,False,True
49,99,-1.9800000000000006,0.9831111111111112,False,True
50,251,-3.4999999999999907,0.9827592592592592,False,True
51,18,-1.17,0.9824074074074074,False,True
52,180,-2.7900000000000014,0.9820555555555556,False,True
53,47,-1.4600000000000002,0.9817037037037037,False,True
54,209,-3.0799999999999996,0.9813518518518518,False,True
55,175,-2.740000000000001,0.981,False,True
56,50,-1.4900000000000002,0.9806481481481482,False,True
57,38,-1.37,0.9802962962962963,False,True
58,378,-4.769999999999964,0.9799444444444444,False,True
59,108,-2.0700000000000007,0.9795925925925926,False,True
60,56,-1.5500000000000003,0.9792407407407407,False,True
61,26,-1.25,0.9788888888888889,False,True
62,19,-1.18,0.978537037037037,False,True
63,31,-1.3,0.9781851851851852,False,True
64,19,-1.18,0.9778333333333333,False,True
65,22,-1.21,0.9774814814814815,False,True
66,295,-3.9399999999999813,0.9771296296296297,False,True
67,21,-1.2,0.9767777777777777,False,True
68,259,-3.579999999999989,0.9764259259259259,False,True
69,54,-1.5300000000000002,0.9760740740740741,False,True
70,117,-2.160000000000001,0.9757222222222223,False,True
71,19,-1.18,0.9753703703703703,False,True
72,44,-1.4300000000000002,0.9750185185185185,False,True
73,43,-1.4200000000000002,0.9746666666666667,False,True
74,20,-1.19,0.9743148148148149,False,True
75,16,-1.15,0.9739629629629629,False,True
76,66,-1.6500000000000004,0.9736111111111111,False,True
77,37,-1.36,0.9732592592592593,False,True
78,55,-1.5400000000000003,0.9729074074074074,False,True
79,43,-1.4200000000000002,0.9725555555555555,False,True
80,13,-1.1199999999999999,0.9722037037037037,False,True
81,27,-1.26,0.9718518518518519,False,True
82,46,-1.4500000000000002,0.9715,False,True
83,34,-1.33,0.9711481481481481,False,True
84,31,-1.3,0.9707962962962963,False,True
85,31,-1.3,0.9704444444444444,False,True
86,161,-2.6000000000000014,0.9700925925925926,False,True
87,33,-1.32,0.9697407407407408,False,True
88,25,-1.24,0.9693888888888889,False,True
89,43,-1.4200000000000002,0.969037037037037,False,True
90,36,-1.35,0.9686851851851852,False,True
91,274,-3.7299999999999858,0.9683333333333334,False,True
92,26,-1.25,0.9679814814814814,False,True
93,10,-1.09,0.9676296296296296,False,True
94,7,-1.06,0.9672777777777778,False,True
95,23,-1.22,0.966925925925926,False,True
96,21,-1.2,0.966574074074074,False,True
97,41,-1.4000000000000001,0.9662222222222222,False,True
98,163,-2.620000000000001,0.9658703703703704,False,True
99,56,-1.5500000000000003,0.9655185185185186,False,True
100,12,-1.1099999999999999,0.9651666666666666,False,True
101,23,-1.22,0.9648148148148148,False,True
102,49,-1.4800000000000002,0.964462962962963,False,True
103,400,-3.9999999999999587,0.9641111111111111,False,False
104,55,-1.5400000000000003,0.9637592592592592,False,True
105,37,-1.36,0.9634074074074074,False,True
106,23,-1.22,0.9630555555555556,False,True
107,66,-1.6500000000000004,0.9627037037037037,False,True
108,58,-1.5700000000000003,0.9623518518518519,False,True
109,105,-2.040000000000001,0.962,False,True
110,281,-3.7999999999999843,0.9616481481481481,False,True
111,15,-1.14,0.9612962962962963,False,True
112,19,-1.18,0.9609444444444445,False,True
113,16,-1.15,0.9605925925925926,False,True
114,9,-1.08,0.9602407407407407,False,True
115,293,-3.9199999999999817,0.9598888888888889,False,True
116,14,-1.13,0.9595370370370371,False,True
117,16,-1.15,0.9591851851851851,False,True
118,22,-1.21,0.9588333333333333,False,True
119,14,-1.13,0.9584814814814815,False,True
120,273,18.270000000000014,0.9581296296296297,True,False
121,15,-1.14,0.9577777777777777,False,True
122,64,-1.6300000000000003,0.9574259259259259,False,True
123,85,-1.8400000000000005,0.9570740740740741,False,True
124,80,-1.7900000000000005,0.9567222222222223,False,True
125,76,-1.7500000000000004,0.9563703703703703,False,True
126,18,-1.17,0.9560185185185185,False,True
127,57,-1.5600000000000003,0.9556666666666667,False,True
128,20,-1.19,0.9553148148148148,False,True
129,190,-2.8900000000000015,0.954962962962963,False,True
130,68,-1.6700000000000004,0.9546111111111111,False,True
131,20,-1.19,0.9542592592592593,False,True
132,84,-1.8300000000000005,0.9539074074074074,False,True
133,151,19.49,0.9535555555555556,True,False
134,81,-1.8000000000000005,0.9532037037037037,False,True
135,16,-1.15,0.9528518518518518,False,True
136,131,-2.3000000000000007,0.9525,False,True
137,35,-1.34,0.9521481481481482,False,True
138,117,-2.160000000000001,0.9517962962962963,False,True
139,33,-1.32,0.9514444444444444,False,True
140,97,-1.9600000000000006,0.9510925925925926,False,True
141,8,-1.07,0.9507407407407408,False,True
142,32,-1.31,0.9503888888888888,False,True
143,48,-1.4700000000000002,0.950037037037037,False,True
144,15,-1.14,0.9496851851851852,False,True
145,137,19.63,0.9493333333333334,True,False
146,56,-1.5500000000000003,0.9489814814814814,False,True
147,78,-1.7700000000000005,0.9486296296296296,False,True
148,10,-1.09,0.9482777777777778,False,True
149,40,-1.3900000000000001,0.947925925925926,False,True
150,15,-1.14,0.9475740740740741,False,True
151,45,-1.4400000000000002,0.9472222222222222,False,True
152,366,-4.649999999999967,0.9468703703703704,False,True
153,37,-1.36,0.9465185185185185,False,True
154,260,-3.5899999999999888,0.9461666666666667,False,True
155,25,-1.24,0.9458148148148148,False,True
156,203,-3.020000000000001,0.945462962962963,False,True
157,80,-1.7900000000000005,0.9451111111111111,False,True
158,56,-1.5500000000000003,0.9447592592592593,False,True
159,17,-1.16,0.9444074074074074,False,True
160,86,-1.8500000000000005,0.9440555555555555,False,True
161,189,-2.8800000000000017,0.9437037037037037,False,True
162,30,-1.29,0.9433518518518519,False,True
163,31,-1.3,0.9430000000000001,False,True
164,25,-1.24,0.9426481481481481,False,True
165,52,-1.5100000000000002,0.9422962962962963,False,True
166,7,-1.06,0.9419444444444445,False,True
167,23,-1.22,0.9415925925925925,False,True
168,8,-1.07,0.9412407407407407,False,True
169,54,-1.5300000000000002,0.9408888888888889,False,True
170,29,-1.28,0.9405370370370371,False,True
171,59,-1.5800000000000003,0.9401851851851852,False,True
172,17,-1.16,0.9398333333333333,False,True
173,40,-1.3900000000000001,0.9394814814814815,False,True
174,25,-1.24,0.9391296296296296,False,True
175,44,-1.4300000000000002,0.9387777777777778,False,True
176,46,-1.4500000000000002,0.9384259259259259,False,True
177,63,-1.6200000000000003,0.9380740740740741,False,True
178,94,-1.9300000000000006,0.9377222222222222,False,True
179,183,19.169999999999998,0.9373703703703704,True,False
180,34,-1.33,0.9370185185185185,False,True
181,19,-1.18,0.9366666666666666,False,True
182,71,-1.7000000000000004,0.9363148148148148,False,True
183,89,-1.8800000000000006,0.935962962962963,False,True
184,108,-2.0700000000000007,0.9356111111111111,False,True
185,99,-1.9800000000000006,0.9352592592592592,False,True
186,54,-1.5300000000000002,0.9349074074074074,False,True
187,16,-1.15,0.9345555555555556,False,True
188,96,-1.9500000000000006,0.9342037037037036,False,True
189,400,-3.9999999999999587,0.9338518518518518,False,False
190,72,-1.7100000000000004,0.9335,False,True
191,18,-1.17,0.9331481481481482,False,True
192,222,18.78,0.9327962962962963,True,False
193,36,-1.35,0.9324444444444444,False,True
194,25,-1.24,0.9320925925925926,False,True
195,23,-1.22,0.9317407407407408,False,True
196,48,-1.4700000000000002,0.9313888888888889,False,True
197,312,-4.109999999999978,0.931037037037037,False,True
198,212,-3.109999999999999,0.9306851851851852,False,True
199,12,-1.1099999999999999,0.9303333333333333,False,True
200,23,-1.22,0.9299814814814815,False,True
201,12,-1.1099999999999999,0.9296296296296296,False,True
202,17,-1.16,0.9292777777777778,False,True
203,391,-4.899999999999961,0.9289259259259259,False,True
204,12,-1.1099999999999999,0.9285740740740741,False,True
205,33,-1.32,0.9282222222222223,False,True
206,20,-1.19,0.9278703703703703,False,True
207,44,-1.4300000000000002,0.9275185185185185,False,True
208,267,-3.6599999999999873,0.9271666666666667,False,True
209,28,-1.27,0.9268148148148148,False,True
210,83,-1.8200000000000005,0.9264629629629629,False,True
211,27,-1.26,0.9261111111111111,False,True
212,20,-1.19,0.9257592592592593,False,True
213,400,-3.9999999999999587,0.9254074074074075,False,False
214,400,-3.9999999999999587,0.9250555555555555,False,False
215,121,-2.200000000000001,0.9247037037037037,False,True
216,14,-1.13,0.9243518518518519,False,True
217,254,18.460000000000008,0.924,True,False
218,136,-2.350000000000001,0.9236481481481481,False,True
219,10,-1.09,0.9232962962962963,False,True
220,16,-1.15,0.9229444444444445,False,True
221,17,-1.16,0.9225925925925926,False,True
222,48,-1.4700000000000002,0.9222407407407407,False,True
223,142,-2.410000000000001,0.9218888888888889,False,True
224,24,-1.23,0.921537037037037,False,True
225,23,-1.22,0.9211851851851852,False,True
226,32,-1.31,0.9208333333333334,False,True
227,17,-1.16,0.9204814814814815,False,True
228,24,-1.23,0.9201296296296296,False,True
229,98,-1.9700000000000006,0.9197777777777778,False,True
230,186,-2.8500000000000014,0.9194259259259259,False,True
231,206,-3.0500000000000003,0.919074074074074,False,True
232,26,-1.25,0.9187222222222222,False,True
233,35,-1.34,0.9183703703703704,False,True
234,23,-1.22,0.9180185185185186,False,True
235,48,-1.4700000000000002,0.9176666666666666,False,True
236,17,-1.16,0.9173148148148148,False,True
237,325,-4.239999999999975,0.916962962962963,False,True
238,13,-1.1199999999999999,0.9166111111111112,False,True
239,55,-1.5400000000000003,0.9162592592592593,False,True
240,190,19.099999999999998,0.9159074074074074,True,False
241,26,-1.25,0.9155555555555556,False,True
242,70,-1.6900000000000004,0.9152037037037037,False,True
243,42,-1.4100000000000001,0.9148518518518518,False,True
244,90,-1.8900000000000006,0.9145,False,True
245,23,-1.22,0.9141481481481482,False,True
246,27,-1.26,0.9137962962962963,False,True
247,23,-1.22,0.9134444444444445,False,True
248,120,-2.190000000000001,0.9130925925925926,False,True
249,8,-1.07,0.9127407407407407,False,True
250,332,17.680000000000025,0.9123888888888889,True,False
251,40,-1.3900000000000001,0.9120370370370371,False,True
252,14,-1.13,0.9116851851851852,False,True
253,144,19.56,0.9113333333333333,True,False
254,24,-1.23,0.9109814814814815,False,True
255,400,-3.9999999999999587,0.9106296296296297,False,False
256,131,-2.3000000000000007,0.9102777777777777,False,True
257,82,-1.8100000000000005,0.9099259259259259,False,True
258,21,-1.2,0.9095740740740741,False,True
259,14,-1.13,0.9092222222222223,False,True
260,190,19.099999999999998,0.9088703703703703,True,False
261,8,-1.07,0.9085185185185185,False,True
262,37,-1.36,0.9081666666666667,False,True
263,28,-1.27,0.9078148148148149,False,True
264,39,-1.3800000000000001,0.9074629629629629,False,True
265,44,-1.4300000000000002,0.9071111111111111,False,True
266,228,-3.2699999999999956,0.9067592592592593,False,True
267,34,-1.33,0.9064074074074074,False,True
268,30,-1.29,0.9060555555555556,False,True
269,18,-1.17,0.9057037037037037,False,True
270,294,18.060000000000016,0.9053518518518519,True,False
271,52,-1.5100000000000002,0.905,False,True
272,29,-1.28,0.9046481481481481,False,True
273,41,-1.4000000000000001,0.9042962962962963,False,True
274,16,-1.15,0.9039444444444444,False,True
275,113,-2.120000000000001,0.9035925925925926,False,True
276,15,-1.14,0.9032407407407408,False,True
277,115,19.849999999999998,0.9028888888888889,True,False
278,197,-2.9600000000000017,0.902537037037037,False,True
279,16,-1.15,0.9021851851851852,False,True
280,83,20.169999999999998,0.9018333333333334,True,False
281,38,-1.37,0.9014814814814816,False,True
282,108,-2.0700000000000007,0.9011296296296296,False,True
283,7,-1.06,0.9007777777777778,False,True
284,43,-1.4200000000000002,0.900425925925926,False,True
285,28,-1.27,0.900074074074074,False,True
286,141,-2.4000000000000012,0.8997222222222222,False,True
287,107,-2.0600000000000005,0.8993703703703704,False,True
288,110,-2.0900000000000007,0.8990185185185186,False,True
289,62,-1.6100000000000003,0.8986666666666667,False,True
290,255,-3.53999999999999,0.8983148148148148,False,True
291,247,-3.4599999999999915,0.897962962962963,False,True
292,101,19.99,0.8976111111111111,True,False
293,325,-4.239999999999975,0.8972592592592593,False,True
294,45,-1.4400000000000002,0.8969074074074074,False,True
295,239,18.610000000000007,0.8965555555555556,True,False
296,144,-2.430000000000001,0.8962037037037037,False,True
297,22,-1.21,0.8958518518518519,False,True
298,92,20.08,0.8955,True,False
299,400,-3.9999999999999587,0.8951481481481481,False,False
300,16,-1.15,0.8947962962962963,False,True
301,78,-1.7700000000000005,0.8944444444444445,False,True
302,190,-2.8900000000000015,0.8940925925925925,False,True
303,60,-1.5900000000000003,0.8937407407407407,False,True
304,239,18.610000000000007,0.8933888888888889,True,False
305,138,-2.370000000000001,0.8930370370370371,False,True
306,265,-3.6399999999999877,0.8926851851851851,False,True
307,110,19.9,0.8923333333333333,True,False
308,75,20.249999999999996,0.8919814814814815,True,False
309,158,19.419999999999998,0.8916296296296297,True,False
310,28,-1.27,0.8912777777777778,False,True
311,379,-4.779999999999964,0.8909259259259259,False,True
312,123,19.769999999999996,0.8905740740740741,True,False
313,33,-1.32,0.8902222222222222,False,True
314,197,-2.9600000000000017,0.8898703703703703,False,True
315,90,-1.8900000000000006,0.8895185185185185,False,True
316,175,-2.740000000000001,0.8891666666666667,False,True
317,46,-1.4500000000000002,0.8888148148148148,False,True
318,89,-1.8800000000000006,0.888462962962963,False,True
319,267,-3.6599999999999873,0.8881111111111111,False,True
320,95,-1.9400000000000006,0.8877592592592592,False,True
321,131,-2.3000000000000007,0.8874074074074074,False,True
322,120,-2.190000000000001,0.8870555555555556,False,True
323,74,-1.7300000000000004,0.8867037037037037,False,True
324,30,-1.29,0.8863518518518518,False,True
325,209,18.91,0.886,True,False
326,22,-1.21,0.8856481481481482,False,True
327,16,-1.15,0.8852962962962962,False,True
328,178,-2.7700000000000014,0.8849444444444444,False,True
329,17,-1.16,0.8845925925925926,False,True
330,67,20.33,0.8842407407407408,True,False
331,33,-1.32,0.883888888888889,False,True
332,160,-2.590000000000001,0.883537037037037,False,True
333,88,-1.8700000000000006,0.8831851851851852,False,True
334,72,-1.7100000000000004,0.8828333333333334,False,True
335,234,18.660000000000004,0.8824814814814815,True,False
336,38,-1.37,0.8821296296296296,False,True
337,134,19.659999999999997,0.8817777777777778,True,False
338,141,-2.4000000000000012,0.881425925925926,False,True
339,178,-2.7700000000000014,0.8810740740740741,False,True
340,166,-2.6500000000000012,0.8807222222222222,False,True
341,93,-1.9200000000000006,0.8803703703703704,False,True
342,43,-1.4200000000000002,0.8800185185185185,False,True
343,188,19.119999999999997,0.8796666666666667,True,False
344,178,-2.7700000000000014,0.8793148148148149,False,True
345,112,-2.1100000000000008,0.878962962962963,False,True
346,173,-2.7200000000000015,0.8786111111111111,False,True
347,49,-1.4800000000000002,0.8782592592592593,False,True
348,42,-1.4100000000000001,0.8779074074074074,False,True
349,187,19.129999999999995,0.8775555555555555,True,False
350,63,20.369999999999997,0.8772037037037037,True,False
351,28,-1.27,0.8768518518518519,False,True
352,218,18.82,0.8765000000000001,True,False
353,75,-1.7400000000000004,0.8761481481481481,False,True
354,137,-2.360000000000001,0.8757962962962963,False,True
355,39,-1.3800000000000001,0.8754444444444445,False,True
356,191,-2.9000000000000012,0.8750925925925926,False,True
357,28,-1.27,0.8747407407407407,False,True
358,8,-1.07,0.8743888888888889,False,True
359,22,-1.21,0.8740370370370371,False,True
360,107,19.929999999999996,0.8736851851851852,True,False
361,132,19.679999999999996,0.8733333333333333,True,False
362,67,-1.6600000000000004,0.8729814814814815,False,True
363,146,-2.450000000000001,0.8726296296296296,False,True
364,15,-1.14,0.8722777777777778,False,True
365,95,20.049999999999997,0.871925925925926,True,False
366,130,-2.290000000000001,0.8715740740740741,False,True
367,126,-2.250000000000001,0.8712222222222222,False,True
368,400,-3.9999999999999587,0.8708703703703704,False,False
369,98,-1.9700000000000006,0.8705185185185185,False,True
370,187,-2.860000000000001,0.8701666666666666,False,True
371,80,-1.7900000000000005,0.8698148148148148,False,True
372,82,20.18,0.869462962962963,True,False
373,75,-1.7400000000000004,0.8691111111111112,False,True
374,45,-1.4400000000000002,0.8687592592592592,False,True
375,185,19.15,0.8684074074074074,True,False
376,227,18.730000000000004,0.8680555555555556,True,False
377,92,20.08,0.8677037037037038,True,False
378,21,-1.2,0.8673518518518518,False,True
379,71,-1.7000000000000004,0.867,False,True
380,36,-1.35,0.8666481481481482,False,True
381,178,-2.7700000000000014,0.8662962962962963,False,True
382,65,-1.6400000000000003,0.8659444444444444,False,True
383,151,-2.500000000000001,0.8655925925925926,False,True
384,95,20.049999999999997,0.8652407407407408,True,False
385,41,-1.4000000000000001,0.8648888888888889,False,True
386,32,-1.31,0.864537037037037,False,True
387,26,-1.25,0.8641851851851852,False,True
388,46,-1.4500000000000002,0.8638333333333333,False,True
389,22,-1.21,0.8634814814814815,False,True
390,101,19.99,0.8631296296296296,True,False
391,17,-1.16,0.8627777777777779,False,True
392,19,-1.18,0.8624259259259259,False,True
393,29,-1.28,0.8620740740740741,False,True
394,17,-1.16,0.8617222222222223,False,True
395,247,-3.4599999999999915,0.8613703703703703,False,True
396,125,-2.240000000000001,0.8610185185185185,False,True
397,216,-3.149999999999998,0.8606666666666667,False,True
398,43,-1.4200000000000002,0.8603148148148148,False,True
399,400,-3.9999999999999587,0.859962962962963,False,False
400,36,-1.35,0.8596111111111111,False,True
401,31,-1.3,0.8592592592592593,False,True
402,149,-2.4800000000000013,0.8589074074074075,False,True
403,66,20.339999999999996,0.8585555555555555,True,False
404,400,-3.9999999999999587,0.8582037037037037,False,False
405,365,17.350000000000033,0.8578518518518519,True,False
406,400,-3.9999999999999587,0.8575,False,False
407,149,-2.4800000000000013,0.8571481481481482,False,True
408,111,-2.1000000000000005,0.8567962962962963,False,True
409,126,-2.250000000000001,0.8564444444444445,False,True
410,201,18.99,0.8560925925925926,True,False
411,80,-1.7900000000000005,0.8557407407407407,False,True
412,133,19.669999999999998,0.8553888888888889,True,False
413,76,-1.7500000000000004,0.855037037037037,False,True
414,46,20.54,0.8546851851851852,True,False
415,48,-1.4700000000000002,0.8543333333333334,False,True
416,14,-1.13,0.8539814814814815,False,True
417,214,-3.1299999999999986,0.8536296296296296,False,True
418,192,19.08,0.8532777777777778,True,False
419,122,-2.210000000000001,0.8529259259259259,False,True
420,163,-2.620000000000001,0.8525740740740742,False,True
421,128,19.72,0.8522222222222222,True,False
422,195,-2.9400000000000013,0.8518703703703704,False,True
423,332,17.680000000000025,0.8515185185185186,True,False
424,90,-1.8900000000000006,0.8511666666666666,False,True
425,47,-1.4600000000000002,0.8508148148148148,False,True
426,108,19.919999999999998,0.850462962962963,True,False
427,83,-1.8200000000000005,0.8501111111111112,False,True
428,79,20.209999999999997,0.8497592592592593,True,False
429,18,-1.17,0.8494074074074074,False,True
430,111,-2.1000000000000005,0.8490555555555556,False,True
431,191,19.089999999999996,0.8487037037037037,True,False
432,130,19.699999999999996,0.8483518518518518,True,False
433,19,-1.18,0.848,False,True
434,218,-3.1699999999999977,0.8476481481481482,False,True
435,187,19.129999999999995,0.8472962962962963,True,False
436,76,20.24,0.8469444444444445,True,False
437,107,19.929999999999996,0.8465925925925926,True,False
438,46,-1.4500000000000002,0.8462407407407407,False,True
439,149,19.509999999999998,0.8458888888888889,True,False
440,129,19.709999999999997,0.845537037037037,True,False
441,113,19.869999999999997,0.8451851851851852,True,False
442,96,20.04,0.8448333333333333,True,False
443,79,-1.7800000000000005,0.8444814814814815,False,True
444,21,-1.2,0.8441296296296297,False,True
445,72,-1.7100000000000004,0.8437777777777777,False,True
446,122,-2.210000000000001,0.8434259259259259,False,True
447,179,-2.780000000000001,0.8430740740740741,False,True
448,88,-1.8700000000000006,0.8427222222222222,False,True
449,211,18.89,0.8423703703703704,True,False
450,159,19.409999999999997,0.8420185185185185,True,False
451,125,-2.240000000000001,0.8416666666666667,False,True
452,125,19.749999999999996,0.8413148148148148,True,False
453,181,19.189999999999998,0.840962962962963,True,False
454,264,18.36000000000001,0.8406111111111111,True,False
455,94,-1.9300000000000006,0.8402592592592593,False,True
456,129,-2.280000000000001,0.8399074074074074,False,True
457,99,-1.9800000000000006,0.8395555555555556,False,True
458,127,19.729999999999997,0.8392037037037037,True,False
459,120,19.799999999999997,0.8388518518518518,True,False
460,205,18.95,0.8385,True,False
461,22,-1.21,0.8381481481481482,False,True
462,124,-2.230000000000001,0.8377962962962963,False,True
463,171,19.289999999999996,0.8374444444444444,True,False
464,250,18.500000000000007,0.8370925925925926,True,False
465,25,-1.24,0.8367407407407408,False,True
466,110,19.9,0.8363888888888888,True,False
467,15,-1.14,0.836037037037037,False,True
468,105,19.95,0.8356851851851852,True,False
469,190,-2.8900000000000015,0.8353333333333334,False,True
470,171,19.289999999999996,0.8349814814814815,True,False
471,7,-1.06,0.8346296296296296,False,True
472,141,19.589999999999996,0.8342777777777778,True,False
473,33,-1.32,0.833925925925926,False,True
474,140,-2.390000000000001,0.833574074074074,False,True
475,41,-1.4000000000000001,0.8332222222222222,False,True
476,205,18.95,0.8328703703703704,True,False
477,62,-1.6100000000000003,0.8325185185185185,False,True
478,55,-1.5400000000000003,0.8321666666666667,False,True
479,34,-1.33,0.8318148148148148,False,True
480,89,20.11,0.831462962962963,True,False
481,106,19.939999999999998,0.8311111111111111,True,False
482,159,19.409999999999997,0.8307592592592593,True,False
483,36,-1.35,0.8304074074074074,False,True
484,39,-1.3800000000000001,0.8300555555555555,False,True
485,223,-3.2199999999999966,0.8297037037037037,False,True
486,53,-1.5200000000000002,0.8293518518518519,False,True
487,127,-2.2600000000000007,0.829,False,True
488,19,-1.18,0.8286481481481481,False,True
489,24,-1.23,0.8282962962962963,False,True
490,54,-1.5300000000000002,0.8279444444444445,False,True
491,38,-1.37,0.8275925925925927,False,True
492,140,19.599999999999998,0.8272407407407407,True,False
493,54,-1.5300000000000002,0.8268888888888889,False,True
494,25,-1.24,0.8265370370370371,False,True
495,59,-1.5800000000000003,0.8261851851851851,False,True
496,271,18.290000000000013,0.8258333333333334,True,False
497,80,20.2,0.8254814814814815,True,False
498,214,-3.1299999999999986,0.8251296296296297,False,True
499,187,-2.860000000000001,0.8247777777777778,False,True
500,79,20.209999999999997,0.8244259259259259,True,False
501,140,19.599999999999998,0.8240740740740741,True,False
502,162,19.379999999999995,0.8237222222222222,True,False
503,113,-2.120000000000001,0.8233703703703703,False,True
504,98,20.019999999999996,0.8230185185185186,True,False
505,13,-1.1199999999999999,0.8226666666666667,False,True
506,24,-1.23,0.8223148148148148,False,True
507,46,20.54,0.821962962962963,True,False
508,230,18.700000000000003,0.8216111111111111,True,False
509,10,-1.09,0.8212592592592592,False,True
510,140,-2.390000000000001,0.8209074074074074,False,True
511,99,-1.9800000000000006,0.8205555555555556,False,True
512,15,-1.14,0.8202037037037038,False,True
513,191,19.089999999999996,0.8198518518518518,True,False
514,62,-1.6100000000000003,0.8195,False,True
515,125,19.749999999999996,0.8191481481481482,True,False
516,30,-1.29,0.8187962962962962,False,True
517,355,-4.539999999999969,0.8184444444444444,False,True
518,100,19.999999999999996,0.8180925925925926,True,False
519,282,-3.809999999999984,0.8177407407407408,False,True
520,162,19.379999999999995,0.8173888888888889,True,False
521,131,19.689999999999998,0.817037037037037,True,False
522,123,19.769999999999996,0.8166851851851852,True,False
523,11,-1.1,0.8163333333333334,False,True
524,209,-3.0799999999999996,0.8159814814814814,False,True
525,150,-2.490000000000001,0.8156296296296297,False,True
526,128,-2.270000000000001,0.8152777777777778,False,True
527,148,19.519999999999996,0.8149259259259259,True,False
528,209,18.91,0.8145740740740741,True,False
529,25,-1.24,0.8142222222222222,False,True
530,220,18.8,0.8138703703703704,True,False
531,104,19.959999999999997,0.8135185185185185,True,False
532,78,-1.7700000000000005,0.8131666666666667,False,True
533,186,19.139999999999997,0.8128148148148149,True,False
534,15,-1.14,0.8124629629629629,False,True
535,34,-1.33,0.8121111111111111,False,True
536,78,20.22,0.8117592592592593,True,False
537,125,19.749999999999996,0.8114074074074074,True,False
538,103,19.97,0.8110555555555555,True,False
539,49,20.509999999999998,0.8107037037037037,True,False
540,86,-1.8500000000000005,0.8103518518518519,False,True
541,128,19.72,0.81,True,False
542,281,18.190000000000015,0.8096481481481481,True,False
543,30,-1.29,0.8092962962962963,False,True
544,71,-1.7000000000000004,0.8089444444444445,False,True
545,17,-1.16,0.8085925925925926,False,True
546,95,-1.9400000000000006,0.8082407407407407,False,True
547,85,20.15,0.8078888888888889,True,False
548,107,19.929999999999996,0.807537037037037,True,False
549,87,20.13,0.8071851851851852,True,False
550,167,19.33,0.8068333333333333,True,False
551,91,20.089999999999996,0.8064814814814815,True,False
552,27,-1.26,0.8061296296296296,False,True
553,201,18.99,0.8057777777777778,True,False
554,115,-2.1400000000000006,0.805425925925926,False,True
555,141,19.589999999999996,0.805074074074074,True,False
556,30,-1.29,0.8047222222222222,False,True
557,130,19.699999999999996,0.8043703703703704,True,False
558,62,20.38,0.8040185185185186,True,False
559,397,17.03000000000004,0.8036666666666666,True,False
560,85,20.15,0.8033148148148148,True,False
561,54,-1.5300000000000002,0.802962962962963,False,True
562,64,20.36,0.8026111111111112,True,False
563,44,-1.4300000000000002,0.8022592592592592,False,True
564,32,-1.31,0.8019074074074074,False,True
565,130,-2.290000000000001,0.8015555555555556,False,True
566,20,-1.19,0.8012037037037038,False,True
567,96,20.04,0.8008518518518518,True,False
568,11,-1.1,0.8005,False,True
569,8,-1.07,0.8001481481481482,False,True
570,273,18.270000000000014,0.7997962962962963,True,False
571,96,20.04,0.7994444444444444,True,False
572,91,-1.9000000000000006,0.7990925925925926,False,True
573,49,20.509999999999998,0.7987407407407408,True,False
574,81,-1.8000000000000005,0.7983888888888889,False,True
575,123,19.769999999999996,0.7980370370370371,True,False
576,109,19.909999999999997,0.7976851851851852,True,False
577,130,-2.290000000000001,0.7973333333333333,False,True
578,12,-1.1099999999999999,0.7969814814814815,False,True
579,69,20.31,0.7966296296296296,True,False
580,95,20.049999999999997,0.7962777777777779,True,False
581,126,19.74,0.7959259259259259,True,False
582,213,18.87,0.7955740740740741,True,False
583,79,-1.7800000000000005,0.7952222222222223,False,True
584,63,-1.6200000000000003,0.7948703703703703,False,True
585,101,19.99,0.7945185185185185,True,False
586,70,20.299999999999997,0.7941666666666667,True,False
587,106,-2.0500000000000007,0.7938148148148149,False,True
588,57,-1.5600000000000003,0.793462962962963,False,True
589,73,-1.7200000000000004,0.7931111111111111,False,True
590,142,19.58,0.7927592592592593,True,False
591,78,20.22,0.7924074074074074,True,False
592,78,20.22,0.7920555555555555,True,False
593,86,-1.8500000000000005,0.7917037037037037,False,True
594,169,-2.6800000000000015,0.7913518518518519,False,True
595,63,20.369999999999997,0.791,True,False
596,65,20.349999999999998,0.7906481481481482,True,False
597,118,19.819999999999997,0.7902962962962963,True,False
598,159,19.409999999999997,0.7899444444444444,True,False
599,56,20.439999999999998,0.7895925925925926,True,False
600,110,19.9,0.7892407407407407,True,False
601,210,18.9,0.788888888888889,True,False
602,63,20.369999999999997,0.788537037037037,True,False
603,83,-1.8200000000000005,0.7881851851851852,False,True
604,169,-2.6800000000000015,0.7878333333333334,False,True
605,126,-2.250000000000001,0.7874814814814814,False,True
606,52,-1.5100000000000002,0.7871296296296296,False,True
607,25,-1.24,0.7867777777777778,False,True
608,63,-1.6200000000000003,0.7864259259259259,False,True
609,161,-2.6000000000000014,0.7860740740740741,False,True
610,132,19.679999999999996,0.7857222222222222,True,False
611,85,20.15,0.7853703703703704,True,False
612,38,-1.37,0.7850185185185186,False,True
613,50,20.499999999999996,0.7846666666666666,True,False
614,200,18.999999999999996,0.7843148148148148,True,False
615,18,-1.17,0.783962962962963,False,True
616,120,19.799999999999997,0.7836111111111111,True,False
617,165,-2.6400000000000015,0.7832592592592593,False,True
618,207,18.93,0.7829074074074074,True,False
619,37,-1.36,0.7825555555555556,False,True
620,15,-1.14,0.7822037037037037,False,True
621,37,20.63,0.7818518518518518,True,False
622,21,-1.2,0.7815,False,True
623,64,-1.6300000000000003,0.7811481481481481,False,True
624,132,19.679999999999996,0.7807962962962963,True,False
625,39,-1.3800000000000001,0.7804444444444445,False,True
626,39,-1.3800000000000001,0.7800925925925926,False,True
627,76,20.24,0.7797407407407407,True,False
628,43,-1.4200000000000002,0.7793888888888889,False,True
629,20,-1.19,0.779037037037037,False,True
630,50,20.499999999999996,0.7786851851851853,True,False
631,69,20.31,0.7783333333333333,True,False
632,17,-1.16,0.7779814814814815,False,True
633,35,-1.34,0.7776296296296297,False,True
634,84,20.159999999999997,0.7772777777777777,True,False
635,94,20.06,0.7769259259259259,True,False
636,105,19.95,0.7765740740740741,True,False
637,125,19.749999999999996,0.7762222222222223,True,False
638,191,-2.9000000000000012,0.7758703703703704,False,True
639,32,-1.31,0.7755185185185185,False,True
640,87,-1.8600000000000005,0.7751666666666667,False,True
641,12,-1.1099999999999999,0.7748148148148148,False,True
642,22,-1.21,0.774462962962963,False,True
643,100,-1.9900000000000007,0.7741111111111111,False,True
644,26,-1.25,0.7737592592592593,False,True
645,142,19.58,0.7734074074074074,True,False
646,110,19.9,0.7730555555555556,True,False
647,31,-1.3,0.7727037037037037,False,True
648,59,-1.5800000000000003,0.7723518518518518,False,True
649,77,20.229999999999997,0.772,True,False
650,32,-1.31,0.7716481481481482,False,True
651,16,-1.15,0.7712962962962964,False,True
652,106,19.939999999999998,0.7709444444444444,True,False
653,13,-1.1199999999999999,0.7705925925925926,False,True
654,13,-1.1199999999999999,0.7702407407407408,False,True
655,20,-1.19,0.7698888888888888,False,True
656,31,-1.3,0.769537037037037,False,True
657,77,20.229999999999997,0.7691851851851852,True,False
658,94,-1.9300000000000006,0.7688333333333334,False,True
659,41,-1.4000000000000001,0.7684814814814815,False,True
660,36,-1.35,0.7681296296296296,False,True
661,26,-1.25,0.7677777777777778,False,True
662,7,-1.06,0.767425925925926,False,True
663,183,19.169999999999998,0.7670740740740741,True,False
664,34,-1.33,0.7667222222222222,False,True
665,88,20.119999999999997,0.7663703703703704,True,False
666,39,-1.3800000000000001,0.7660185185185185,False,True
667,12,-1.1099999999999999,0.7656666666666667,False,True
668,28,-1.27,0.7653148148148148,False,True
669,47,-1.4600000000000002,0.764962962962963,False,True
670,10,-1.09,0.7646111111111111,False,True
671,13,-1.1199999999999999,0.7642592592592593,False,True
672,24,-1.23,0.7639074074074074,False,True
673,25,-1.24,0.7635555555555555,False,True
674,65,20.349999999999998,0.7632037037037037,True,False
675,21,-1.2,0.7628518518518519,False,True
676,40,-1.3900000000000001,0.7625,False,True
677,34,-1.33,0.7621481481481482,False,True
678,33,20.669999999999998,0.7617962962962963,True,False
679,14,-1.13,0.7614444444444445,False,True
680,17,-1.16,0.7610925925925927,False,True
681,28,-1.27,0.7607407407407407,False,True
682,35,20.65,0.7603888888888889,True,False
683,19,-1.18,0.7600370370370371,False,True
684,84,20.159999999999997,0.7596851851851852,True,False
685,15,-1.14,0.7593333333333333,False,True
686,26,-1.25,0.7589814814814815,False,True
687,28,-1.27,0.7586296296296297,False,True
688,36,-1.35,0.7582777777777778,False,True
689,28,-1.27,0.7579259259259259,False,True
690,27,-1.26,0.7575740740740741,False,True
691,15,-1.14,0.7572222222222222,False,True
692,18,-1.17,0.7568703703703703,False,True
693,21,-1.2,0.7565185185185186,False,True
694,127,19.729999999999997,0.7561666666666667,True,False
695,99,-1.9800000000000006,0.7558148148148148,False,True
696,56,-1.5500000000000003,0.755462962962963,False,True
697,59,-1.5800000000000003,0.7551111111111111,False,True
698,34,20.659999999999997,0.7547592592592594,True,False
699,12,-1.1099999999999999,0.7544074074074074,False,True
700,89,20.11,0.7540555555555556,True,False
701,24,-1.23,0.7537037037037038,False,True
702,42,-1.4100000000000001,0.7533518518518518,False,True
703,62,-1.6100000000000003,0.753,False,True
704,28,-1.27,0.7526481481481482,False,True
705,61,20.389999999999997,0.7522962962962964,True,False
706,61,-1.6000000000000003,0.7519444444444444,False,True
707,50,-1.4900000000000002,0.7515925925925926,False,True
708,21,-1.2,0.7512407407407408,False,True
709,19,-1.18,0.7508888888888889,False,True
710,32,-1.31,0.750537037037037,False,True
711,31,-1.3,0.7501851851851852,False,True
712,39,-1.3800000000000001,0.7498333333333334,False,True
713,51,-1.5000000000000002,0.7494814814814814,False,True
714,81,-1.8000000000000005,0.7491296296296297,False,True
715,28,-1.27,0.7487777777777778,False,True
716,65,20.349999999999998,0.7484259259259259,True,False
717,30,-1.29,0.7480740740740741,False,True
718,13,-1.1199999999999999,0.7477222222222222,False,True
719,40,-1.3900000000000001,0.7473703703703705,False,True
720,50,-1.4900000000000002,0.7470185185185185,False,True
721,101,19.99,0.7466666666666667,True,False
722,54,-1.5300000000000002,0.7463148148148149,False,True
723,49,-1.4800000000000002,0.7459629629629629,False,True
724,20,-1.19,0.7456111111111111,False,True
725,53,20.47,0.7452592592592593,True,False
726,80,20.2,0.7449074074074074,True,False
727,151,-2.500000000000001,0.7445555555555556,False,True
728,47,-1.4600000000000002,0.7442037037037037,False,True
729,27,-1.26,0.7438518518518519,False,True
730,97,20.029999999999998,0.7435,True,False
731,24,-1.23,0.7431481481481481,False,True
732,159,19.409999999999997,0.7427962962962964,True,False
733,35,-1.34,0.7424444444444445,False,True
734,40,-1.3900000000000001,0.7420925925925925,False,True
735,16,-1.15,0.7417407407407408,False,True
736,108,19.919999999999998,0.7413888888888889,True,False
737,73,20.27,0.741037037037037,True,False
738,102,19.979999999999997,0.7406851851851852,True,False
739,28,20.72,0.7403333333333333,True,False
740,39,20.61,0.7399814814814815,True,False
741,96,20.04,0.7396296296296296,True,False
742,21,-1.2,0.7392777777777778,False,True
743,36,-1.35,0.738925925925926,False,True
744,60,-1.5900000000000003,0.738574074074074,False,True
745,21,-1.2,0.7382222222222222,False,True
746,16,-1.15,0.7378703703703704,False,True
747,36,-1.35,0.7375185185185185,False,True
748,99,-1.9800000000000006,0.7371666666666667,False,True
749,16,-1.15,0.7368148148148148,False,True
750,35,20.65,0.736462962962963,True,False
751,135,-2.3400000000000007,0.7361111111111112,False,True
752,59,20.409999999999997,0.7357592592592592,True,False
753,36,-1.35,0.7354074074074075,False,True
754,38,20.619999999999997,0.7350555555555556,True,False
755,25,-1.24,0.7347037037037036,False,True
756,75,-1.7400000000000004,0.7343518518518519,False,True
757,16,-1.15,0.734,False,True
758,34,20.659999999999997,0.7336481481481482,True,False
759,26,20.74,0.7332962962962963,True,False
760,33,-1.32,0.7329444444444444,False,True
761,84,20.159999999999997,0.7325925925925926,True,False
762,69,20.31,0.7322407407407407,True,False
763,29,-1.28,0.7318888888888889,False,True
764,73,20.27,0.7315370370370371,True,False
765,79,20.209999999999997,0.7311851851851852,True,False
766,15,-1.14,0.7308333333333333,False,True
767,69,20.31,0.7304814814814815,True,False
768,28,20.72,0.7301296296296296,True,False
769,25,-1.24,0.7297777777777779,False,True
770,53,-1.5200000000000002,0.7294259259259259,False,True
771,27,-1.26,0.729074074074074,False,True
772,28,-1.27,0.7287222222222223,False,True
773,36,-1.35,0.7283703703703703,False,True
774,59,20.409999999999997,0.7280185185185186,True,False
775,35,-1.34,0.7276666666666667,False,True
776,35,-1.34,0.7273148148148147,False,True
777,13,-1.1199999999999999,0.726962962962963,False,True
778,73,-1.7200000000000004,0.7266111111111111,False,True
779,26,-1.25,0.7262592592592593,False,True
780,45,-1.4400000000000002,0.7259074074074074,False,True
781,39,20.61,0.7255555555555556,True,False
782,39,20.61,0.7252037037037037,True,False
783,60,-1.5900000000000003,0.7248518518518519,False,True
784,27,-1.26,0.7245,False,True
785,11,-1.1,0.7241481481481482,False,True
786,19,-1.18,0.7237962962962963,False,True
787,52,-1.5100000000000002,0.7234444444444444,False,True
788,35,20.65,0.7230925925925926,True,False
789,62,-1.6100000000000003,0.7227407407407407,False,True
790,37,-1.36,0.722388888888889,False,True
791,46,-1.4500000000000002,0.722037037037037,False,True
792,48,-1.4700000000000002,0.7216851851851852,False,True
793,52,-1.5100000000000002,0.7213333333333334,False,True
794,49,20.509999999999998,0.7209814814814814,True,False
795,27,-1.26,0.7206296296296296,False,True
796,33,-1.32,0.7202777777777778,False,True
797,45,20.549999999999997,0.719925925925926,True,False
798,36,-1.35,0.7195740740740741,False,True
799,70,-1.6900000000000004,0.7192222222222222,False,True
800,45,-1.4400000000000002,0.7188703703703704,False,True
801,53,20.47,0.7185185185185186,True,False
802,8,-1.07,0.7181666666666666,False,True
803,39,-1.3800000000000001,0.7178148148148148,False,True
804,33,-1.32,0.717462962962963,False,True
805,52,20.479999999999997,0.7171111111111111,True,False
806,40,-1.3900000000000001,0.7167592592592593,False,True
807,125,-2.240000000000001,0.7164074074074074,False,True
808,132,19.679999999999996,0.7160555555555557,True,False
809,20,-1.19,0.7157037037037037,False,True
810,59,-1.5800000000000003,0.7153518518518518,False,True
811,62,-1.6100000000000003,0.7150000000000001,False,True
812,26,-1.25,0.7146481481481481,False,True
813,40,-1.3900000000000001,0.7142962962962963,False,True
814,56,20.439999999999998,0.7139444444444445,True,False
815,28,-1.27,0.7135925925925926,False,True
816,12,-1.1099999999999999,0.7132407407407407,False,True
817,16,-1.15,0.7128888888888889,False,True
818,38,20.619999999999997,0.7125370370370371,True,False
819,27,-1.26,0.7121851851851853,False,True
820,45,-1.4400000000000002,0.7118333333333333,False,True
821,65,-1.6400000000000003,0.7114814814814815,False,True
822,17,-1.16,0.7111296296296297,False,True
823,25,-1.24,0.7107777777777777,False,True
824,14,-1.13,0.710425925925926,False,True
825,17,-1.16,0.7100740740740741,False,True
826,24,-1.23,0.7097222222222221,False,True
827,46,20.54,0.7093703703703704,True,False
828,39,20.61,0.7090185185185185,True,False
829,12,-1.1099999999999999,0.7086666666666668,False,True
830,32,-1.31,0.7083148148148148,False,True
831,8,-1.07,0.7079629629629629,False,True
832,22,-1.21,0.7076111111111112,False,True
833,32,-1.31,0.7072592592592593,False,True
834,14,-1.13,0.7069074074074074,False,True
835,16,-1.15,0.7065555555555556,False,True
836,42,-1.4100000000000001,0.7062037037037037,False,True
837,6,-1.05,0.7058518518518518,False,True
838,45,-1.4400000000000002,0.7055,False,True
839,19,-1.18,0.7051481481481482,False,True
840,29,-1.28,0.7047962962962964,False,True
841,55,20.45,0.7044444444444444,True,False
842,76,20.24,0.7040925925925926,True,False
843,16,-1.15,0.7037407407407408,False,True
844,29,-1.28,0.7033888888888888,False,True
845,62,-1.6100000000000003,0.7030370370370371,False,True
846,19,-1.18,0.7026851851851852,False,True
847,35,20.65,0.7023333333333333,True,False
848,48,20.52,0.7019814814814815,True,False
849,29,-1.28,0.7016296296296296,False,True
850,57,-1.5600000000000003,0.7012777777777778,False,True
851,58,20.419999999999998,0.700925925925926,True,False
852,26,20.74,0.700574074074074,True,False
853,41,20.59,0.7002222222222223,True,False
854,24,-1.23,0.6998703703703704,False,True
855,38,-1.37,0.6995185185185185,False,True
856,30,-1.29,0.6991666666666667,False,True
857,33,-1.32,0.6988148148148148,False,True
858,34,-1.33,0.698462962962963,False,True
859,33,-1.32,0.6981111111111111,False,True
860,16,-1.15,0.6977592592592593,False,True
861,76,-1.7500000000000004,0.6974074074074075,False,True
862,54,20.459999999999997,0.6970555555555555,True,False
863,37,-1.36,0.6967037037037037,False,True
864,13,-1.1199999999999999,0.6963518518518519,False,True
865,22,-1.21,0.696,False,True
866,51,-1.5000000000000002,0.6956481481481482,False,True
867,26,-1.25,0.6952962962962963,False,True
868,37,20.63,0.6949444444444444,True,False
869,36,20.639999999999997,0.6945925925925927,True,False
870,11,-1.1,0.6942407407407407,False,True
871,41,-1.4000000000000001,0.6938888888888889,False,True
872,41,-1.4000000000000001,0.6935370370370371,False,True
873,18,-1.17,0.6931851851851852,False,True
874,55,20.45,0.6928333333333334,True,False
875,41,20.59,0.6924814814814815,True,False
876,35,20.65,0.6921296296296297,True,False
877,35,-1.34,0.6917777777777778,False,True
878,8,-1.07,0.6914259259259259,False,True
879,13,-1.1199999999999999,0.6910740740740741,False,True
880,38,20.619999999999997,0.6907222222222222,True,False
881,42,-1.4100000000000001,0.6903703703703703,False,True
882,50,20.499999999999996,0.6900185185185186,True,False
883,40,-1.3900000000000001,0.6896666666666667,False,True
884,23,-1.22,0.6893148148148148,False,True
885,20,-1.19,0.688962962962963,False,True
886,32,-1.31,0.6886111111111111,False,True
887,15,-1.14,0.6882592592592593,False,True
888,21,20.79,0.6879074074074074,True,False
889,28,-1.27,0.6875555555555556,False,True
890,34,20.659999999999997,0.6872037037037038,True,False
891,32,-1.31,0.6868518518518518,False,True
892,36,20.639999999999997,0.6865,True,False
893,30,-1.29,0.6861481481481482,False,True
894,59,20.409999999999997,0.6857962962962963,True,False
895,64,20.36,0.6854444444444444,True,False
896,101,19.99,0.6850925925925926,True,False
897,48,-1.4700000000000002,0.6847407407407408,False,True
898,21,-1.2,0.6843888888888889,False,True
899,46,20.54,0.684037037037037,True,False
900,24,-1.23,0.6836851851851853,False,True
901,44,20.56,0.6833333333333333,True,False
902,40,20.599999999999998,0.6829814814814814,True,False
903,26,-1.25,0.6826296296296297,False,True
904,69,-1.6800000000000004,0.6822777777777778,False,True
905,39,-1.3800000000000001,0.681925925925926,False,True
906,56,-1.5500000000000003,0.6815740740740741,False,True
907,35,-1.34,0.6812222222222222,False,True
908,22,-1.21,0.6808703703703705,False,True
909,54,-1.5300000000000002,0.6805185185185185,False,True
910,31,-1.3,0.6801666666666667,False,True
911,42,-1.4100000000000001,0.6798148148148149,False,True
912,40,20.599999999999998,0.6794629629629629,True,False
913,78,20.22,0.6791111111111111,True,False
914,17,-1.16,0.6787592592592593,False,True
915,51,20.49,0.6784074074074075,True,False
916,19,-1.18,0.6780555555555556,False,True
917,26,-1.25,0.6777037037037037,False,True
918,23,-1.22,0.6773518518518519,False,True
919,42,-1.4100000000000001,0.677,False,True
920,51,-1.5000000000000002,0.6766481481481481,False,True
921,37,20.63,0.6762962962962964,True,False
922,21,-1.2,0.6759444444444445,False,True
923,30,-1.29,0.6755925925925925,False,True
924,11,-1.1,0.6752407407407408,False,True
925,42,20.58,0.6748888888888889,True,False
926,13,-1.1199999999999999,0.674537037037037,False,True
927,108,19.919999999999998,0.6741851851851852,True,False
928,78,20.22,0.6738333333333333,True,False
929,12,-1.1099999999999999,0.6734814814814816,False,True
930,47,20.529999999999998,0.6731296296296296,True,False
931,36,-1.35,0.6727777777777778,False,True
932,39,-1.3800000000000001,0.672425925925926,False,True
933,67,20.33,0.672074074074074,True,False
934,21,-1.2,0.6717222222222222,False,True
935,42,-1.4100000000000001,0.6713703703703704,False,True
936,30,-1.29,0.6710185185185186,False,True
937,48,20.52,0.6706666666666667,True,False
938,35,-1.34,0.6703148148148148,False,True
939,21,-1.2,0.669962962962963,False,True
940,48,20.52,0.6696111111111112,True,False
941,47,20.529999999999998,0.6692592592592592,True,False
942,58,-1.5700000000000003,0.6689074074074075,False,True
943,17,-1.16,0.6685555555555556,False,True
944,16,-1.15,0.6682037037037036,False,True
945,23,-1.22,0.6678518518518519,False,True
946,23,-1.22,0.6675,False,True
947,90,20.099999999999998,0.6671481481481482,True,False
948,79,-1.7800000000000005,0.6667962962962963,False,True
949,14,-1.13,0.6664444444444444,False,True
950,33,-1.32,0.6660925925925926,False,True
951,18,-1.17,0.6657407407407407,False,True
952,34,20.659999999999997,0.6653888888888889,True,False
953,14,-1.13,0.6650370370370371,False,True
954,61,20.389999999999997,0.6646851851851852,True,False
955,51,-1.5000000000000002,0.6643333333333333,False,True
956,97,20.029999999999998,0.6639814814814815,True,False
957,53,20.47,0.6636296296296296,True,False
958,69,20.31,0.6632777777777779,True,False
959,44,-1.4300000000000002,0.6629259259259259,False,True
960,84,20.159999999999997,0.6625740740740741,True,False
961,45,-1.4400000000000002,0.6622222222222223,False,True
962,56,20.439999999999998,0.6618703703703703,True,False
963,38,-1.37,0.6615185185185186,False,True
964,26,-1.25,0.6611666666666667,False,True
965,38,20.619999999999997,0.6608148148148147,True,False
966,25,-1.24,0.660462962962963,False,True
967,32,-1.31,0.6601111111111111,False,True
968,43,20.569999999999997,0.6597592592592593,True,False
969,30,-1.29,0.6594074074074074,False,True
970,12,-1.1099999999999999,0.6590555555555556,False,True
971,13,-1.1199999999999999,0.6587037037037037,False,True
972,42,20.58,0.6583518518518519,True,False
973,41,20.59,0.658,True,False
974,96,-1.9500000000000006,0.6576481481481482,False,True
975,38,20.619999999999997,0.6572962962962963,True,False
976,32,-1.31,0.6569444444444444,False,True
977,32,-1.31,0.6565925925925926,False,True
978,48,20.52,0.6562407407407407,True,False
979,34,-1.33,0.655888888888889,False,True
980,65,20.349999999999998,0.655537037037037,True,False
981,30,-1.29,0.6551851851851852,False,True
982,38,-1.37,0.6548333333333334,False,True
983,57,-1.5600000000000003,0.6544814814814814,False,True
984,46,20.54,0.6541296296296297,True,False
985,32,-1.31,0.6537777777777778,False,True
986,29,-1.28,0.653425925925926,False,True
987,37,-1.36,0.6530740740740741,False,True
988,130,19.699999999999996,0.6527222222222222,True,False
989,12,-1.1099999999999999,0.6523703703703704,False,True
990,96,20.04,0.6520185185185186,True,False
991,126,19.74,0.6516666666666667,True,False
992,47,20.529999999999998,0.6513148148148148,True,False
993,38,20.619999999999997,0.650962962962963,True,False
994,28,-1.27,0.6506111111111111,False,True
995,15,-1.14,0.6502592592592593,False,True
996,36,-1.35,0.6499074074074074,False,True
997,25,-1.24,0.6495555555555557,False,True
998,29,20.709999999999997,0.6492037037037037,True,False
999,114,19.86,0.6488518518518518,True,False
1000,23,-1.22,0.6485000000000001,False,True
1001,37,20.63,0.6481481481481481,True,False
1002,71,20.29,0.6477962962962963,True,False
1003,28,20.72,0.6474444444444445,True,False
1004,51,-1.5000000000000002,0.6470925925925926,False,True
1005,36,20.639999999999997,0.6467407407407407,True,False
1006,19,-1.18,0.6463888888888889,False,True
1007,59,20.409999999999997,0.6460370370370371,True,False
1008,26,-1.25,0.6456851851851853,False,True
1009,17,-1.16,0.6453333333333333,False,True
1010,34,-1.33,0.6449814814814815,False,True
1011,20,-1.19,0.6446296296296297,False,True
1012,48,20.52,0.6442777777777777,True,False
1013,69,20.31,0.643925925925926,True,False
1014,12,-1.1099999999999999,0.6435740740740741,False,True
1015,20,-1.19,0.6432222222222223,False,True
1016,78,-1.7700000000000005,0.6428703703703704,False,True
1017,15,-1.14,0.6425185185185185,False,True
1018,59,20.409999999999997,0.6421666666666668,True,False
1019,115,19.849999999999998,0.6418148148148148,True,False
1020,57,20.43,0.6414629629629629,True,False
1021,41,20.59,0.6411111111111112,True,False
1022,31,-1.3,0.6407592592592593,False,True
1023,79,20.209999999999997,0.6404074074074074,True,False
1024,22,-1.21,0.6400555555555556,False,True
1025,42,-1.4100000000000001,0.6397037037037037,False,True
1026,30,-1.29,0.6393518518518518,False,True
1027,57,20.43,0.639,True,False
1028,33,-1.32,0.6386481481481482,False,True
1029,34,-1.33,0.6382962962962964,False,True
1030,20,20.799999999999997,0.6379444444444444,True,False
1031,51,20.49,0.6375925925925926,True,False
1032,23,-1.22,0.6372407407407408,False,True
1033,78,20.22,0.6368888888888888,True,False
1034,70,20.299999999999997,0.6365370370370371,True,False
1035,30,-1.29,0.6361851851851852,False,True
1036,104,19.959999999999997,0.6358333333333333,True,False
1037,46,20.54,0.6354814814814815,True,False
1038,38,20.619999999999997,0.6351296296296296,True,False
1039,13,-1.1199999999999999,0.6347777777777779,False,True
1040,33,20.669999999999998,0.634425925925926,True,False
1041,26,-1.25,0.634074074074074,False,True
1042,9,-1.08,0.6337222222222223,False,True
1043,68,20.319999999999997,0.6333703703703704,True,False
1044,8,-1.07,0.6330185185185185,False,True
1045,99,-1.9800000000000006,0.6326666666666667,False,True
1046,39,20.61,0.6323148148148148,True,False
1047,55,20.45,0.631962962962963,True,False
1048,50,20.499999999999996,0.6316111111111111,True,False
1049,33,20.669999999999998,0.6312592592592593,True,False
1050,28,-1.27,0.6309074074074075,False,True
1051,63,20.369999999999997,0.6305555555555555,True,False
1052,46,-1.4500000000000002,0.6302037037037037,False,True
1053,45,20.549999999999997,0.6298518518518519,True,False
1054,76,20.24,0.6295,True,False
1055,40,-1.3900000000000001,0.6291481481481482,False,True
1056,48,-1.4700000000000002,0.6287962962962963,False,True
1057,39,20.61,0.6284444444444444,True,False
1058,60,20.4,0.6280925925925926,True,False
1059,15,-1.14,0.6277407407407407,False,True
1060,34,20.659999999999997,0.6273888888888889,True,False
1061,37,-1.36,0.6270370370370371,False,True
1062,109,19.909999999999997,0.6266851851851852,True,False
1063,34,-1.33,0.6263333333333334,False,True
1064,43,-1.4200000000000002,0.6259814814814815,False,True
1065,20,20.799999999999997,0.6256296296296296,True,False
1066,33,20.669999999999998,0.6252777777777778,True,False
1067,59,-1.5800000000000003,0.6249259259259259,False,True
1068,27,20.729999999999997,0.6245740740740741,True,False
1069,14,-1.13,0.6242222222222222,False,True
1070,23,-1.22,0.6238703703703704,False,True
1071,14,-1.13,0.6235185185185186,False,True
1072,49,20.509999999999998,0.6231666666666666,True,False
1073,41,20.59,0.6228148148148148,True,False
1074,19,-1.18,0.622462962962963,False,True
1075,21,-1.2,0.6221111111111111,False,True
1076,25,-1.24,0.6217592592592593,False,True
1077,39,20.61,0.6214074074074074,True,False
1078,39,20.61,0.6210555555555556,True,False
1079,17,-1.16,0.6207037037037038,False,True
1080,35,20.65,0.6203518518518518,True,False
1081,6,-1.05,0.62,False,True
1082,67,20.33,0.6196481481481482,True,False
1083,17,-1.16,0.6192962962962963,False,True
1084,36,-1.35,0.6189444444444445,False,True
1085,51,20.49,0.6185925925925926,True,False
1086,34,-1.33,0.6182407407407408,False,True
1087,30,-1.29,0.6178888888888889,False,True
1088,26,-1.25,0.617537037037037,False,True
1089,29,-1.28,0.6171851851851853,False,True
1090,35,20.65,0.6168333333333333,True,False
1091,15,-1.14,0.6164814814814814,False,True
1092,122,19.779999999999998,0.6161296296296297,True,False
1093,16,-1.15,0.6157777777777778,False,True
1094,47,-1.4600000000000002,0.615425925925926,False,True
1095,57,20.43,0.6150740740740741,True,False
1096,59,-1.5800000000000003,0.6147222222222222,False,True
1097,42,20.58,0.6143703703703705,True,False
1098,21,-1.2,0.6140185185185185,False,True
1099,44,20.56,0.6136666666666667,True,False
1100,42,-1.4100000000000001,0.6133148148148149,False,True
1101,36,-1.35,0.6129629629629629,False,True
1102,30,20.7,0.6126111111111111,True,False
1103,38,20.619999999999997,0.6122592592592593,True,False
1104,6,-1.05,0.6119074074074075,False,True
1105,30,-1.29,0.6115555555555556,False,True
1106,38,20.619999999999997,0.6112037037037037,True,False
1107,19,-1.18,0.6108518518518519,False,True
1108,60,20.4,0.6105,True,False
1109,31,20.689999999999998,0.6101481481481481,True,False
1110,14,-1.13,0.6097962962962964,False,True
1111,19,-1.18,0.6094444444444445,False,True
1112,43,-1.4200000000000002,0.6090925925925925,False,True
1113,14,-1.13,0.6087407407407408,False,True
1114,49,20.509999999999998,0.6083888888888889,True,False
1115,26,-1.25,0.6080370370370372,False,True
1116,45,-1.4400000000000002,0.6076851851851852,False,True
1117,58,20.419999999999998,0.6073333333333333,True,False
1118,26,-1.25,0.6069814814814816,False,True
1119,122,19.779999999999998,0.6066296296296296,True,False
1120,30,20.7,0.6062777777777778,True,False
1121,29,-1.28,0.605925925925926,False,True
1122,29,-1.28,0.605574074074074,False,True
1123,39,20.61,0.6052222222222222,True,False
1124,10,-1.09,0.6048703703703704,False,True
1125,22,-1.21,0.6045185185185186,False,True
1126,49,20.509999999999998,0.6041666666666667,True,False
1127,33,-1.32,0.6038148148148148,False,True
1128,35,20.65,0.603462962962963,True,False
1129,21,-1.2,0.6031111111111112,False,True
1130,33,20.669999999999998,0.6027592592592592,True,False
1131,32,20.68,0.6024074074074075,True,False
1132,19,-1.18,0.6020555555555556,False,True
1133,15,-1.14,0.6017037037037036,False,True
1134,35,-1.34,0.6013518518518519,False,True
1135,24,20.759999999999998,0.601,True,False
1136,28,20.72,0.6006481481481482,True,False
1137,13,-1.1199999999999999,0.6002962962962963,False,True
1138,63,-1.6200000000000003,0.5999444444444444,False,True
1139,31,20.689999999999998,0.5995925925925927,True,False
1140,15,-1.14,0.5992407407407407,False,True
1141,33,20.669999999999998,0.5988888888888889,True,False
1142,24,-1.23,0.5985370370370371,False,True
1143,31,-1.3,0.5981851851851852,False,True
1144,49,-1.4800000000000002,0.5978333333333333,False,True
1145,38,20.619999999999997,0.5974814814814815,True,False
1146,34,20.659999999999997,0.5971296296296297,True,False
1147,29,20.709999999999997,0.5967777777777779,True,False
1148,22,-1.21,0.5964259259259259,False,True
1149,18,-1.17,0.5960740740740741,False,True
1150,14,-1.13,0.5957222222222223,False,True
1151,5,-1.04,0.5953703703703703,False,True
1152,43,20.569999999999997,0.5950185185185186,True,False
1153,46,20.54,0.5946666666666667,True,False
1154,19,-1.18,0.5943148148148147,False,True
1155,25,-1.24,0.593962962962963,False,True
1156,20,-1.19,0.5936111111111111,False,True
1157,25,-1.24,0.5932592592592593,False,True
1158,42,20.58,0.5929074074074074,True,False
1159,36,20.639999999999997,0.5925555555555556,True,False
1160,43,20.569999999999997,0.5922037037037037,True,False
1161,21,-1.2,0.5918518518518519,False,True
1162,43,20.569999999999997,0.5915,True,False
1163,27,-1.26,0.5911481481481482,False,True
1164,22,-1.21,0.5907962962962963,False,True
1165,38,20.619999999999997,0.5904444444444444,True,False
1166,13,-1.1199999999999999,0.5900925925925926,False,True
1167,49,20.509999999999998,0.5897407407407407,True,False
1168,42,20.58,0.589388888888889,True,False
1169,21,-1.2,0.589037037037037,False,True
1170,20,-1.19,0.5886851851851852,False,True
1171,50,-1.4900000000000002,0.5883333333333334,False,True
1172,13,-1.1199999999999999,0.5879814814814814,False,True
1173,22,-1.21,0.5876296296296297,False,True
1174,49,20.509999999999998,0.5872777777777778,True,False
1175,48,20.52,0.586925925925926,True,False
1176,35,-1.34,0.5865740740740741,False,True
1177,28,20.72,0.5862222222222222,True,False
1178,64,20.36,0.5858703703703704,True,False
1179,33,20.669999999999998,0.5855185185185185,True,False
1180,103,19.97,0.5851666666666667,True,False
1181,36,20.639999999999997,0.5848148148148148,True,False
1182,38,20.619999999999997,0.584462962962963,True,False
1183,30,-1.29,0.5841111111111111,False,True
1184,42,-1.4100000000000001,0.5837592592592593,False,True
1185,57,20.43,0.5834074074074074,True,False
1186,21,20.79,0.5830555555555557,True,False
1187,28,-1.27,0.5827037037037037,False,True
1188,35,20.65,0.5823518518518518,True,False
1189,24,-1.23,0.5820000000000001,False,True
1190,34,20.659999999999997,0.5816481481481481,True,False
1191,40,20.599999999999998,0.5812962962962963,True,False
1192,12,-1.1099999999999999,0.5809444444444445,False,True
1193,10,-1.09,0.5805925925925925,False,True
1194,47,20.529999999999998,0.5802407407407408,True,False
1195,34,20.659999999999997,0.5798888888888889,True,False
1196,35,20.65,0.5795370370370371,True,False
1197,38,-1.37,0.5791851851851852,False,True
1198,29,20.709999999999997,0.5788333333333333,True,False
1199,50,-1.4900000000000002,0.5784814814814815,False,True
1200,106,19.939999999999998,0.5781296296296297,True,False
1201,34,-1.33,0.5777777777777778,False,True
1202,20,-1.19,0.577425925925926,False,True
1203,29,20.709999999999997,0.5770740740740741,True,False
1204,35,20.65,0.5767222222222222,True,False
1205,14,-1.13,0.5763703703703704,False,True
1206,22,-1.21,0.5760185185185185,False,True
1207,49,20.509999999999998,0.5756666666666668,True,False
1208,30,-1.29,0.5753148148148148,False,True
1209,26,20.74,0.5749629629629629,True,False
1210,33,-1.32,0.5746111111111112,False,True
1211,29,20.709999999999997,0.5742592592592592,True,False
1212,21,20.79,0.5739074074074074,True,False
1213,33,20.669999999999998,0.5735555555555556,True,False
1214,64,20.36,0.5732037037037037,True,False
1215,32,20.68,0.5728518518518518,True,False
1216,63,20.369999999999997,0.5725,True,False
1217,37,-1.36,0.5721481481481482,False,True
1218,24,20.759999999999998,0.5717962962962964,True,False
1219,55,20.45,0.5714444444444444,True,False
1220,20,-1.19,0.5710925925925926,False,True
1221,23,-1.22,0.5707407407407408,False,True
1222,33,-1.32,0.5703888888888888,False,True
1223,21,-1.2,0.5700370370370371,False,True
1224,40,20.599999999999998,0.5696851851851852,True,False
1225,29,-1.28,0.5693333333333334,False,True
1226,27,20.729999999999997,0.5689814814814815,True,False
1227,42,20.58,0.5686296296296296,True,False
1228,28,-1.27,0.5682777777777779,False,True
1229,30,-1.29,0.567925925925926,False,True
1230,11,-1.1,0.567574074074074,False,True
1231,30,-1.29,0.5672222222222223,False,True
1232,25,-1.24,0.5668703703703704,False,True
1233,25,-1.24,0.5665185185185185,False,True
1234,25,20.75,0.5661666666666667,True,False
1235,35,-1.34,0.5658148148148148,False,True
1236,27,20.729999999999997,0.565462962962963,True,False
1237,16,-1.15,0.5651111111111111,False,True
1238,33,20.669999999999998,0.5647592592592593,True,False
1239,34,20.659999999999997,0.5644074074074075,True,False
1240,21,-1.2,0.5640555555555555,False,True
1241,20,-1.19,0.5637037037037037,False,True
1242,38,20.619999999999997,0.5633518518518519,True,False
1243,44,20.56,0.563,True,False
1244,35,20.65,0.5626481481481482,True,False
1245,74,20.259999999999998,0.5622962962962963,True,False
1246,32,-1.31,0.5619444444444444,False,True
1247,36,20.639999999999997,0.5615925925925926,True,False
1248,13,-1.1199999999999999,0.5612407407407407,False,True
1249,39,20.61,0.560888888888889,True,False
1250,56,20.439999999999998,0.5605370370370371,True,False
1251,60,20.4,0.5601851851851852,True,False
1252,50,20.499999999999996,0.5598333333333334,True,False
1253,27,20.729999999999997,0.5594814814814815,True,False
1254,21,-1.2,0.5591296296296296,False,True
1255,13,-1.1199999999999999,0.5587777777777778,False,True
1256,37,-1.36,0.558425925925926,False,True
1257,25,-1.24,0.5580740740740741,False,True
1258,29,20.709999999999997,0.5577222222222222,True,False
1259,98,20.019999999999996,0.5573703703703704,True,False
1260,28,-1.27,0.5570185185185186,False,True
1261,12,-1.1099999999999999,0.5566666666666666,False,True
1262,25,20.75,0.5563148148148148,True,False
1263,13,-1.1199999999999999,0.555962962962963,False,True
1264,12,-1.1099999999999999,0.5556111111111111,False,True
1265,24,20.759999999999998,0.5552592592592593,True,False
1266,40,-1.3900000000000001,0.5549074074074074,False,True
1267,17,-1.16,0.5545555555555556,False,True
1268,11,-1.1,0.5542037037037038,False,True
1269,39,20.61,0.5538518518518518,True,False
1270,26,20.74,0.5535000000000001,True,False
1271,43,-1.4200000000000002,0.5531481481481482,False,True
1272,29,-1.28,0.5527962962962963,False,True
1273,23,-1.22,0.5524444444444445,False,True
1274,22,-1.21,0.5520925925925926,False,True
1275,37,20.63,0.5517407407407408,True,False
1276,17,-1.16,0.5513888888888889,False,True
1277,44,20.56,0.551037037037037,True,False
1278,25,20.75,0.5506851851851853,True,False
1279,14,-1.13,0.5503333333333333,False,True
1280,41,20.59,0.5499814814814815,True,False
1281,26,-1.25,0.5496296296296297,False,True
1282,23,-1.22,0.5492777777777778,False,True
1283,17,-1.16,0.548925925925926,False,True
1284,14,-1.13,0.5485740740740741,False,True
1285,19,-1.18,0.5482222222222222,False,True
1286,30,20.7,0.5478703703703705,True,False
1287,25,20.75,0.5475185185185185,True,False
1288,43,20.569999999999997,0.5471666666666667,True,False
1289,37,20.63,0.5468148148148149,True,False
1290,19,-1.18,0.5464629629629629,False,True
1291,42,20.58,0.5461111111111111,True,False
1292,44,20.56,0.5457592592592593,True,False
1293,21,-1.2,0.5454074074074075,False,True
1294,37,-1.36,0.5450555555555556,False,True
1295,47,20.529999999999998,0.5447037037037037,True,False
1296,22,20.779999999999998,0.5443518518518519,True,False
1297,22,-1.21,0.544,False,True
1298,21,-1.2,0.5436481481481481,False,True
1299,30,-1.29,0.5432962962962964,False,True
1300,33,20.669999999999998,0.5429444444444445,True,False
1301,39,20.61,0.5425925925925926,True,False
1302,24,-1.23,0.5422407407407408,False,True
1303,49,20.509999999999998,0.5418888888888889,True,False
1304,21,-1.2,0.5415370370370372,False,True
1305,33,-1.32,0.5411851851851852,False,True
1306,17,-1.16,0.5408333333333333,False,True
1307,64,20.36,0.5404814814814816,True,False
1308,20,-1.19,0.5401296296296296,False,True
1309,32,20.68,0.5397777777777778,True,False
1310,26,-1.25,0.539425925925926,False,True
1311,7,-1.06,0.539074074074074,False,True
1312,44,20.56,0.5387222222222222,True,False
1313,31,20.689999999999998,0.5383703703703704,True,False
1314,43,20.569999999999997,0.5380185185185186,True,False
1315,26,20.74,0.5376666666666667,True,False
1316,69,20.31,0.5373148148148148,True,False
1317,41,20.59,0.536962962962963,True,False
1318,18,-1.17,0.5366111111111111,False,True
1319,17,-1.16,0.5362592592592592,False,True
1320,34,-1.33,0.5359074074074075,False,True
1321,62,20.38,0.5355555555555556,True,False
1322,33,20.669999999999998,0.5352037037037036,True,False
1323,14,-1.13,0.5348518518518519,False,True
1324,19,20.81,0.5345,True,False
1325,28,-1.27,0.5341481481481483,False,True
1326,71,20.29,0.5337962962962963,True,False
1327,15,-1.14,0.5334444444444444,False,True
1328,18,-1.17,0.5330925925925927,False,True
1329,27,20.729999999999997,0.5327407407407407,True,False
1330,19,-1.18,0.5323888888888889,False,True
1331,35,20.65,0.5320370370370371,True,False
1332,14,-1.13,0.5316851851851851,False,True
1333,31,20.689999999999998,0.5313333333333333,True,False
1334,29,-1.28,0.5309814814814815,False,True
1335,57,20.43,0.5306296296296297,True,False
1336,19,-1.18,0.5302777777777778,False,True
1337,29,20.709999999999997,0.5299259259259259,True,False
1338,13,-1.1199999999999999,0.5295740740740741,False,True
1339,32,20.68,0.5292222222222223,True,False
1340,30,20.7,0.5288703703703703,True,False
1341,48,20.52,0.5285185185185186,True,False
1342,22,-1.21,0.5281666666666667,False,True
1343,87,20.13,0.5278148148148147,True,False
1344,35,20.65,0.527462962962963,True,False
1345,58,20.419999999999998,0.5271111111111111,True,False
1346,31,20.689999999999998,0.5267592592592593,True,False
1347,81,20.189999999999998,0.5264074074074074,True,False
1348,38,20.619999999999997,0.5260555555555556,True,False
1349,22,-1.21,0.5257037037037038,False,True
1350,24,20.759999999999998,0.5253518518518518,True,False
1351,42,20.58,0.525,True,False
1352,30,-1.29,0.5246481481481482,False,True
1353,19,20.81,0.5242962962962964,True,False
1354,30,20.7,0.5239444444444445,True,False
1355,32,20.68,0.5235925925925926,True,False
1356,30,-1.29,0.5232407407407407,False,True
1357,36,-1.35,0.522888888888889,False,True
1358,23,20.77,0.522537037037037,True,False
1359,15,-1.14,0.5221851851851853,False,True
1360,45,20.549999999999997,0.5218333333333334,True,False
1361,19,-1.18,0.5214814814814815,False,True
1362,27,-1.26,0.5211296296296296,False,True
1363,26,20.74,0.5207777777777778,True,False
1364,31,20.689999999999998,0.520425925925926,True,False
1365,39,20.61,0.5200740740740741,True,False
1366,16,-1.15,0.5197222222222222,False,True
1367,23,-1.22,0.5193703703703705,False,True
1368,23,20.77,0.5190185185185185,True,False
1369,41,20.59,0.5186666666666666,True,False
1370,13,-1.1199999999999999,0.5183148148148149,False,True
1371,19,-1.18,0.517962962962963,False,True
1372,23,-1.22,0.5176111111111111,False,True
1373,15,-1.14,0.5172592592592593,False,True
1374,33,20.669999999999998,0.5169074074074075,True,False
1375,42,20.58,0.5165555555555557,True,False
1376,22,-1.21,0.5162037037037037,False,True
1377,38,20.619999999999997,0.5158518518518518,True,False
1378,28,20.72,0.5155000000000001,True,False
1379,23,20.77,0.5151481481481481,True,False
1380,31,-1.3,0.5147962962962964,False,True
1381,17,-1.16,0.5144444444444445,False,True
1382,23,20.77,0.5140925925925925,True,False
1383,38,-1.37,0.5137407407407407,False,True
1384,35,20.65,0.5133888888888889,True,False
1385,48,20.52,0.5130370370370371,True,False
1386,21,-1.2,0.5126851851851852,False,True
1387,22,-1.21,0.5123333333333333,False,True
1388,42,20.58,0.5119814814814816,True,False
1389,23,-1.22,0.5116296296296297,False,True
1390,31,20.689999999999998,0.5112777777777777,True,False
1391,14,-1.13,0.510925925925926,False,True
1392,15,-1.14,0.5105740740740741,False,True
1393,25,20.75,0.5102222222222222,True,False
1394,38,20.619999999999997,0.5098703703703704,True,False
1395,22,-1.21,0.5095185185185186,False,True
1396,24,20.759999999999998,0.5091666666666667,True,False
1397,14,-1.13,0.5088148148148148,False,True
1398,23,-1.22,0.5084629629629629,False,True
1399,28,20.72,0.5081111111111112,True,False
1400,15,-1.14,0.5077592592592592,False,True
1401,36,-1.35,0.5074074074074075,False,True
1402,23,-1.22,0.5070555555555556,False,True
1403,37,-1.36,0.5067037037037037,False,True
1404,21,-1.2,0.5063518518518518,False,True
1405,33,-1.32,0.506,False,True
1406,41,20.59,0.5056481481481482,True,False
1407,9,-1.08,0.5052962962962964,False,True
1408,26,20.74,0.5049444444444444,True,False
1409,25,20.75,0.5045925925925927,True,False
1410,44,20.56,0.5042407407407408,True,False
1411,33,-1.32,0.5038888888888888,False,True
1412,14,-1.13,0.5035370370370371,False,True
1413,32,20.68,0.5031851851851852,True,False
1414,24,-1.23,0.5028333333333334,False,True
1415,31,20.689999999999998,0.5024814814814815,True,False
1416,43,20.569999999999997,0.5021296296296297,True,False
1417,17,-1.16,0.5017777777777778,False,True
1418,45,20.549999999999997,0.5014259259259259,True,False
1419,30,20.7,0.501074074074074,True,False
1420,14,-1.13,0.5007222222222223,False,True
1421,54,20.459999999999997,0.5003703703703704,True,False
1422,32,20.68,0.5000185185185186,True,False
1423,28,20.72,0.4996666666666667,True,False
1424,10,-1.09,0.49931481481481477,False,True
1425,31,20.689999999999998,0.49896296296296294,True,False
1426,17,-1.16,0.4986111111111111,False,True
1427,24,20.759999999999998,0.4982592592592593,True,False
1428,29,-1.28,0.49790740740740747,False,True
1429,16,-1.15,0.49755555555555564,False,True
1430,33,20.669999999999998,0.4972037037037038,True,False
1431,22,-1.21,0.4968518518518519,False,True
1432,39,20.61,0.49650000000000005,True,False
1433,24,-1.23,0.4961481481481481,False,True
1434,33,20.669999999999998,0.4957962962962963,True,False
1435,11,-1.1,0.49544444444444447,False,True
1436,33,20.669999999999998,0.49509259259259264,True,False
1437,17,-1.16,0.4947407407407408,False,True
1438,28,20.72,0.4943888888888889,True,False
1439,27,20.729999999999997,0.49403703703703705,True,False
1440,18,-1.17,0.4936851851851852,False,True
1441,56,20.439999999999998,0.4933333333333334,True,False
1442,22,-1.21,0.4929814814814816,False,True
1443,22,20.779999999999998,0.49262962962962964,True,False
1444,27,-1.26,0.4922777777777777,False,True
1445,26,-1.25,0.4919259259259259,False,True
1446,29,20.709999999999997,0.49157407407407405,True,False
1447,25,20.75,0.4912222222222222,True,False
1448,18,-1.17,0.4908703703703704,False,True
1449,25,20.75,0.4905185185185186,True,False
1450,31,20.689999999999998,0.49016666666666675,True,False
1451,29,20.709999999999997,0.4898148148148148,True,False
1452,34,20.659999999999997,0.489462962962963,True,False
1453,31,20.689999999999998,0.48911111111111116,True,False
1454,64,20.36,0.4887592592592592,True,False
1455,16,-1.15,0.4884074074074074,False,True
1456,24,20.759999999999998,0.4880555555555556,True,False
1457,18,-1.17,0.48770370370370375,False,True
1458,27,20.729999999999997,0.4873518518518518,True,False
1459,45,20.549999999999997,0.487,True,False
1460,35,-1.34,0.48664814814814816,False,True
1461,24,20.759999999999998,0.48629629629629634,True,False
1462,30,20.7,0.4859444444444445,True,False
1463,22,-1.21,0.4855925925925927,False,True
1464,29,-1.28,0.48524074074074086,False,True
1465,27,20.729999999999997,0.4848888888888888,True,False
1466,24,20.759999999999998,0.484537037037037,True,False
1467,28,-1.27,0.48418518518518516,False,True
1468,54,20.459999999999997,0.48383333333333334,True,False
1469,22,20.779999999999998,0.4834814814814815,True,False
1470,23,-1.22,0.4831296296296297,False,True
1471,43,20.569999999999997,0.48277777777777786,True,False
1472,45,20.549999999999997,0.4824259259259259,True,False
1473,30,20.7,0.4820740740740741,True,False
1474,30,20.7,0.4817222222222223,True,False
1475,14,-1.13,0.48137037037037045,False,True
1476,20,20.799999999999997,0.4810185185185185,True,False
1477,36,20.639999999999997,0.4806666666666667,True,False
1478,39,-1.3800000000000001,0.48031481481481486,False,True
1479,29,20.709999999999997,0.4799629629629629,True,False
1480,16,-1.15,0.4796111111111111,False,True
1481,37,20.63,0.4792592592592593,True,False
1482,19,20.81,0.47890740740740745,True,False
1483,15,-1.14,0.4785555555555556,False,True
1484,40,20.599999999999998,0.4782037037037038,True,False
1485,32,20.68,0.47785185185185197,True,False
1486,20,-1.19,0.47750000000000004,False,True
1487,28,-1.27,0.4771481481481481,False,True
1488,24,20.759999999999998,0.4767962962962963,True,False
1489,21,-1.2,0.47644444444444445,False,True
1490,37,20.63,0.4760925925925926,True,False
1491,38,20.619999999999997,0.4757407407407408,True,False
1492,14,-1.13,0.47538888888888897,False,True
1493,13,-1.1199999999999999,0.47503703703703704,False,True
1494,27,20.729999999999997,0.4746851851851852,True,False
1495,36,20.639999999999997,0.4743333333333334,True,False
1496,45,20.549999999999997,0.47398148148148156,True,False
1497,35,-1.34,0.4736296296296296,False,True
1498,37,20.63,0.4732777777777778,True,False
1499,27,-1.26,0.47292592592592597,False,True
1500,41,20.59,0.47257407407407404,True,False
1501,20,-1.19,0.4722222222222222,False,True
1502,19,-1.18,0.4718703703703704,False,True
1503,21,-1.2,0.47151851851851856,False,True
1504,34,20.659999999999997,0.47116666666666673,True,False
1505,38,-1.37,0.4708148148148149,False,True
1506,13,-1.1199999999999999,0.47046296296296297,False,True
1507,25,20.75,0.47011111111111115,True,False
1508,23,-1.22,0.4697592592592592,False,True
1509,13,-1.1199999999999999,0.4694074074074074,False,True
1510,43,-1.4200000000000002,0.46905555555555556,False,True
1511,34,20.659999999999997,0.46870370370370373,True,False
1512,24,20.759999999999998,0.4683518518518519,True,False
1513,19,-1.18,0.46799999999999997,False,True
1514,64,20.36,0.46764814814814815,True,False
1515,25,20.75,0.4672962962962963,True,False
1516,28,20.72,0.4669444444444445,True,False
1517,22,20.779999999999998,0.46659259259259267,True,False
1518,14,-1.13,0.46624074074074084,False,True
1519,38,-1.37,0.4658888888888889,False,True
1520,11,-1.1,0.46553703703703697,False,True
1521,40,20.599999999999998,0.46518518518518515,True,False
1522,18,-1.17,0.4648333333333333,False,True
1523,22,-1.21,0.4644814814814815,False,True
1524,36,20.639999999999997,0.46412962962962967,True,False
1525,15,-1.14,0.46377777777777784,False,True
1526,12,-1.1099999999999999,0.463425925925926,False,True
1527,18,-1.17,0.4630740740740741,False,True
1528,43,-1.4200000000000002,0.46272222222222226,False,True
1529,30,20.7,0.46237037037037043,True,False
1530,40,20.599999999999998,0.4620185185185185,True,False
1531,25,20.75,0.46166666666666667,True,False
1532,12,-1.1099999999999999,0.46131481481481484,False,True
1533,21,20.79,0.460962962962963,True,False
1534,22,-1.21,0.4606111111111111,False,True
1535,8,-1.07,0.46025925925925926,False,True
1536,24,20.759999999999998,0.45990740740740743,True,False
1537,40,20.599999999999998,0.4595555555555556,True,False
1538,32,20.68,0.4592037037037038,True,False
1539,27,20.729999999999997,0.45885185185185196,True,False
1540,25,20.75,0.4585,True,False
1541,37,20.63,0.4581481481481481,True,False
1542,54,20.459999999999997,0.45779629629629626,True,False
1543,26,-1.25,0.45744444444444443,False,True
1544,31,20.689999999999998,0.4570925925925926,True,False
1545,20,20.799999999999997,0.4567407407407408,True,False
1546,15,-1.14,0.45638888888888896,False,True
1547,18,-1.17,0.45603703703703713,False,True
1548,16,-1.15,0.4556851851851852,False,True
1549,28,20.72,0.45533333333333337,True,False
1550,32,20.68,0.45498148148148154,True,False
1551,22,20.779999999999998,0.4546296296296296,True,False
1552,27,20.729999999999997,0.4542777777777778,True,False
1553,19,-1.18,0.45392592592592595,False,True
1554,27,20.729999999999997,0.45357407407407413,True,False
1555,26,-1.25,0.4532222222222222,False,True
1556,49,20.509999999999998,0.45287037037037037,True,False
1557,38,20.619999999999997,0.45251851851851854,True,False
1558,25,20.75,0.4521666666666667,True,False
1559,37,20.63,0.4518148148148149,True,False
1560,23,20.77,0.45146296296296307,True,False
1561,31,20.689999999999998,0.45111111111111124,True,False
1562,16,-1.15,0.4507592592592592,False,True
1563,37,20.63,0.45040740740740737,True,False
1564,31,20.689999999999998,0.45005555555555554,True,False
1565,32,20.68,0.4497037037037037,True,False
1566,27,-1.26,0.4493518518518519,False,True
1567,22,-1.21,0.44900000000000007,False,True
1568,28,20.72,0.44864814814814813,True,False
1569,11,-1.1,0.4482962962962963,False,True
1570,28,20.72,0.4479444444444445,True,False
1571,10,-1.09,0.44759259259259265,False,True
1572,15,-1.14,0.4472407407407408,False,True
1573,16,-1.15,0.4468888888888889,False,True
1574,18,-1.17,0.44653703703703707,False,True
1575,31,20.689999999999998,0.44618518518518513,True,False
1576,41,20.59,0.4458333333333333,True,False
1577,25,20.75,0.4454814814814815,True,False
1578,45,20.549999999999997,0.44512962962962965,True,False
1579,38,20.619999999999997,0.4447777777777778,True,False
1580,34,20.659999999999997,0.444425925925926,True,False
1581,31,20.689999999999998,0.4440740740740742,True,False
1582,19,-1.18,0.44372222222222224,False,True
1583,30,20.7,0.4433703703703704,True,False
1584,13,-1.1199999999999999,0.4430185185185185,False,True
1585,29,-1.28,0.44266666666666665,False,True
1586,26,20.74,0.4423148148148148,True,False
1587,20,-1.19,0.441962962962963,False,True
1588,14,-1.13,0.4416111111111112,False,True
1589,24,20.759999999999998,0.44125925925925924,True,False
1590,22,20.779999999999998,0.4409074074074074,True,False
1591,26,20.74,0.4405555555555556,True,False
1592,17,-1.16,0.44020370370370376,False,True
1593,16,-1.15,0.43985185185185194,False,True
1594,20,20.799999999999997,0.4395,True,False
1595,35,20.65,0.4391481481481482,True,False
1596,25,20.75,0.43879629629629624,True,False
1597,24,-1.23,0.4384444444444444,False,True
1598,20,20.799999999999997,0.4380925925925926,True,False
1599,21,20.79,0.43774074074074076,True,False
1600,34,-1.33,0.43738888888888894,False,True
1601,38,20.619999999999997,0.4370370370370371,True,False
1602,29,20.709999999999997,0.4366851851851853,True,False
1603,25,20.75,0.43633333333333335,True,False
1604,32,20.68,0.4359814814814815,True,False
1605,24,-1.23,0.4356296296296296,False,True
1606,37,20.63,0.43527777777777776,True,False
1607,15,-1.14,0.43492592592592594,False,True
1608,26,20.74,0.4345740740740741,True,False
1609,15,-1.14,0.4342222222222223,False,True
1610,17,-1.16,0.43387037037037035,False,True
1611,24,20.759999999999998,0.4335185185185185,True,False
1612,34,20.659999999999997,0.4331666666666667,True,False
1613,10,-1.09,0.4328148148148149,False,True
1614,36,20.639999999999997,0.43246296296296305,True,False
1615,41,20.59,0.4321111111111112,True,False
1616,27,-1.26,0.4317592592592593,False,True
1617,12,-1.1099999999999999,0.43140740740740735,False,True
1618,28,20.72,0.4310555555555555,True,False
1619,29,20.709999999999997,0.4307037037037037,True,False
1620,35,20.65,0.4303518518518519,True,False
1621,10,-1.09,0.43000000000000005,False,True
1622,16,-1.15,0.4296481481481482,False,True
1623,18,-1.17,0.4292962962962964,False,True
1624,29,20.709999999999997,0.42894444444444446,True,False
1625,21,-1.2,0.42859259259259264,False,True
1626,15,-1.14,0.4282407407407408,False,True
1627,19,-1.18,0.4278888888888889,False,True
1628,21,20.79,0.42753703703703705,True,False
1629,12,-1.1099999999999999,0.4271851851851852,False,True
1630,22,-1.21,0.4268333333333333,False,True
1631,21,-1.2,0.42648148148148146,False,True
1632,33,20.669999999999998,0.42612962962962964,True,False
1633,32,-1.31,0.4257777777777778,False,True
1634,15,-1.14,0.425425925925926,False,True
1635,20,-1.19,0.42507407407407416,False,True
1636,24,-1.23,0.42472222222222233,False,True
1637,36,20.639999999999997,0.4243703703703704,True,False
1638,29,20.709999999999997,0.42401851851851846,True,False
1639,34,20.659999999999997,0.42366666666666664,True,False
1640,31,20.689999999999998,0.4233148148148148,True,False
1641,28,20.72,0.422962962962963,True,False
1642,10,-1.09,0.42261111111111116,False,True
1643,27,-1.26,0.42225925925925933,False,True
1644,18,-1.17,0.4219074074074074,False,True
1645,22,20.779999999999998,0.42155555555555557,True,False
1646,18,-1.17,0.42120370370370375,False,True
1647,36,20.639999999999997,0.4208518518518519,True,False
1648,24,20.759999999999998,0.4205,True,False
1649,11,-1.1,0.42014814814814816,False,True
1650,27,20.729999999999997,0.41979629629629633,True,False
1651,27,20.729999999999997,0.4194444444444444,True,False
1652,45,20.549999999999997,0.41909259259259257,True,False
1653,37,20.63,0.41874074074074075,True,False
1654,24,20.759999999999998,0.4183888888888889,True,False
1655,12,-1.1099999999999999,0.4180370370370371,False,True
1656,20,20.799999999999997,0.41768518518518527,True,False
1657,29,20.709999999999997,0.41733333333333344,True,False
1658,35,20.65,0.4169814814814815,True,False
1659,43,20.569999999999997,0.41662962962962957,True,False
1660,54,20.459999999999997,0.41627777777777775,True,False
1661,35,20.65,0.4159259259259259,True,False
1662,21,-1.2,0.4155740740740741,False,True
1663,29,20.709999999999997,0.41522222222222227,True,False
1664,12,-1.1099999999999999,0.41487037037037044,False,True
1665,22,20.779999999999998,0.4145185185185185,True,False
1666,35,20.65,0.4141666666666667,True,False
1667,27,20.729999999999997,0.41381481481481486,True,False
1668,13,-1.1199999999999999,0.41346296296296303,False,True
1669,12,-1.1099999999999999,0.4131111111111112,False,True
1670,27,20.729999999999997,0.41275925925925927,True,False
1671,13,-1.1199999999999999,0.41240740740740744,False,True
1672,17,20.83,0.4120555555555555,True,False
1673,16,-1.15,0.4117037037037037,False,True
1674,14,-1.13,0.41135185185185186,False,True
1675,37,-1.36,0.41100000000000003,False,True
1676,24,20.759999999999998,0.4106481481481482,True,False
1677,14,-1.13,0.4102962962962964,False,True
1678,21,20.79,0.40994444444444456,True,False
1679,33,20.669999999999998,0.4095925925925926,True,False
1680,15,-1.14,0.4092407407407408,False,True
1681,20,-1.19,0.40888888888888886,False,True
1682,18,20.819999999999997,0.40853703703703703,True,False
1683,41,20.59,0.4081851851851852,True,False
1684,23,20.77,0.4078333333333334,True,False
1685,18,-1.17,0.40748148148148156,False,True
1686,26,20.74,0.4071296296296296,True,False
1687,41,20.59,0.4067777777777778,True,False
1688,27,20.729999999999997,0.40642592592592597,True,False
1689,28,20.72,0.40607407407407414,True,False
1690,14,-1.13,0.4057222222222223,False,True
1691,33,20.669999999999998,0.4053703703703705,True,False
1692,13,-1.1199999999999999,0.40501851851851844,False,True
1693,31,20.689999999999998,0.4046666666666666,True,False
1694,33,20.669999999999998,0.4043148148148148,True,False
1695,29,20.709999999999997,0.40396296296296297,True,False
1696,27,20.729999999999997,0.40361111111111114,True,False
1697,38,20.619999999999997,0.4032592592592593,True,False
1698,21,20.79,0.4029074074074075,True,False
1699,27,20.729999999999997,0.40255555555555556,True,False
1700,43,20.569999999999997,0.40220370370370373,True,False
1701,20,20.799999999999997,0.4018518518518519,True,False
1702,26,20.74,0.4015000000000001,True,False
1703,32,20.68,0.40114814814814814,True,False
1704,25,-1.24,0.4007962962962963,False,True
1705,33,20.669999999999998,0.4004444444444445,True,False
1706,22,-1.21,0.40009259259259256,False,True
1707,27,20.729999999999997,0.39974074074074073,True,False
1708,31,20.689999999999998,0.3993888888888889,True,False
1709,43,20.569999999999997,0.3990370370370371,True,False
1710,21,-1.2,0.39868518518518525,False,True
1711,30,20.7,0.39833333333333343,True,False
1712,32,20.68,0.3979814814814816,True,False
1713,13,-1.1199999999999999,0.39762962962962967,False,True
1714,21,20.79,0.39727777777777773,True,False
1715,6,-1.05,0.3969259259259259,False,True
1716,23,20.77,0.3965740740740741,True,False
1717,30,20.7,0.39622222222222225,True,False
1718,24,20.759999999999998,0.39587037037037043,True,False
1719,19,-1.18,0.3955185185185186,False,True
1720,19,20.81,0.39516666666666667,True,False
1721,11,-1.1,0.39481481481481484,False,True
1722,14,-1.13,0.394462962962963,False,True
1723,15,-1.14,0.3941111111111112,False,True
1724,22,20.779999999999998,0.39375925925925925,True,False
1725,30,20.7,0.39340740740740743,True,False
1726,22,20.779999999999998,0.3930555555555556,True,False
1727,27,20.729999999999997,0.39270370370370367,True,False
1728,13,-1.1199999999999999,0.39235185185185184,False,True
1729,33,-1.32,0.392,False,True
1730,28,20.72,0.3916481481481482,True,False
1731,29,20.709999999999997,0.39129629629629636,True,False
1732,22,20.779999999999998,0.39094444444444454,True,False
1733,21,-1.2,0.3905925925925927,False,True
1734,29,20.709999999999997,0.3902407407407408,True,False
1735,23,20.77,0.38988888888888884,True,False
1736,28,20.72,0.389537037037037,True,False
1737,25,20.75,0.3891851851851852,True,False
1738,26,20.74,0.38883333333333336,True,False
1739,20,-1.19,0.38848148148148154,False,True
1740,24,20.759999999999998,0.3881296296296297,True,False
1741,21,-1.2,0.3877777777777778,False,True
1742,37,20.63,0.38742592592592595,True,False
1743,41,20.59,0.3870740740740741,True,False
1744,28,20.72,0.3867222222222223,True,False
1745,35,20.65,0.3863703703703705,True,False
1746,29,20.709999999999997,0.38601851851851854,True,False
1747,24,20.759999999999998,0.3856666666666667,True,False
1748,30,20.7,0.3853148148148148,True,False
1749,28,20.72,0.38496296296296295,True,False
1750,18,20.819999999999997,0.3846111111111111,True,False
1751,23,20.77,0.3842592592592593,True,False
1752,39,20.61,0.3839074074074075,True,False
1753,37,20.63,0.38355555555555565,True,False
1754,12,-1.1099999999999999,0.3832037037037037,False,True
1755,20,-1.19,0.3828518518518519,False,True
1756,22,20.779999999999998,0.38250000000000006,True,False
1757,17,-1.16,0.3821481481481481,False,True
1758,26,20.74,0.3817962962962963,True,False
1759,21,-1.2,0.3814444444444445,False,True
1760,17,20.83,0.38109259259259265,True,False
1761,26,20.74,0.3807407407407407,True,False
1762,24,20.759999999999998,0.3803888888888889,True,False
1763,22,20.779999999999998,0.38003703703703706,True,False
1764,29,20.709999999999997,0.37968518518518524,True,False
1765,29,20.709999999999997,0.3793333333333334,True,False
1766,24,-1.23,0.3789814814814816,False,True
1767,34,20.659999999999997,0.37862962962962965,True,False
1768,9,-1.08,0.3782777777777777,False,True
1769,32,20.68,0.3779259259259259,True,False
1770,38,20.619999999999997,0.37757407407407406,True,False
1771,33,20.669999999999998,0.37722222222222224,True,False
1772,18,20.819999999999997,0.3768703703703704,True,False
1773,19,20.81,0.3765185185185186,True,False
1774,21,20.79,0.37616666666666676,True,False
1775,16,-1.15,0.3758148148148148,False,True
1776,11,-1.1,0.375462962962963,False,True
1777,23,-1.22,0.3751111111111112,False,True
1778,29,20.709999999999997,0.37475925925925924,True,False
1779,17,-1.16,0.3744074074074074,False,True
1780,14,-1.13,0.3740555555555556,False,True
1781,19,-1.18,0.37370370370370376,False,True
1782,44,20.56,0.3733518518518518,True,False
1783,14,-1.13,0.373,False,True
1784,16,-1.15,0.3726481481481482,False,True
1785,17,20.83,0.37229629629629635,True,False
1786,8,-1.07,0.3719444444444445,False,True
1787,27,20.729999999999997,0.3715925925925927,True,False
1788,31,20.689999999999998,0.37124074074074087,True,False
1789,29,20.709999999999997,0.3708888888888888,True,False
1790,25,20.75,0.370537037037037,True,False
1791,36,20.639999999999997,0.3701851851851852,True,False
1792,28,20.72,0.36983333333333335,True,False
1793,20,20.799999999999997,0.3694814814814815,True,False
1794,14,-1.13,0.3691296296296297,False,True
1795,23,20.77,0.36877777777777787,True,False
1796,29,20.709999999999997,0.36842592592592593,True,False
1797,17,-1.16,0.3680740740740741,False,True
1798,24,-1.23,0.3677222222222223,False,True
1799,39,20.61,0.36737037037037046,True,False
1800,31,20.689999999999998,0.3670185185185185,True,False
1801,31,20.689999999999998,0.3666666666666667,True,False
1802,26,20.74,0.36631481481481487,True,False
1803,11,-1.1,0.36596296296296293,False,True
1804,29,20.709999999999997,0.3656111111111111,True,False
1805,26,-1.25,0.3652592592592593,False,True
1806,23,20.77,0.36490740740740746,True,False
1807,20,20.799999999999997,0.36455555555555563,True,False
1808,18,-1.17,0.3642037037037038,False,True
1809,41,20.59,0.363851851851852,True,False
1810,24,20.759999999999998,0.36350000000000005,True,False
1811,8,-1.07,0.3631481481481481,False,True
1812,10,-1.09,0.3627962962962963,False,True
1813,20,20.799999999999997,0.36244444444444446,True,False
1814,28,20.72,0.36209259259259263,True,False
1815,17,-1.16,0.3617407407407408,False,True
1816,21,20.79,0.36138888888888887,True,False
1817,22,20.779999999999998,0.36103703703703705,True,False
1818,24,20.759999999999998,0.3606851851851852,True,False
1819,20,20.799999999999997,0.3603333333333334,True,False
1820,20,20.799999999999997,0.35998148148148157,True,False
1821,41,20.59,0.35962962962962963,True,False
1822,20,20.799999999999997,0.3592777777777778,True,False
1823,25,-1.24,0.35892592592592587,False,True
1824,29,20.709999999999997,0.35857407407407405,True,False
1825,28,20.72,0.3582222222222222,True,False
1826,27,20.729999999999997,0.3578703703703704,True,False
1827,24,20.759999999999998,0.35751851851851857,True,False
1828,30,-1.29,0.35716666666666674,False,True
1829,36,20.639999999999997,0.3568148148148149,True,False
1830,25,20.75,0.356462962962963,True,False
1831,30,20.7,0.35611111111111116,True,False
1832,24,20.759999999999998,0.3557592592592592,True,False
1833,22,20.779999999999998,0.3554074074074074,True,False
1834,28,20.72,0.35505555555555557,True,False
1835,26,20.74,0.35470370370370374,True,False
1836,6,-1.05,0.3543518518518519,False,True
1837,19,20.81,0.354,True,False
1838,20,20.799999999999997,0.35364814814814816,True,False
1839,23,20.77,0.35329629629629633,True,False
1840,20,20.799999999999997,0.3529444444444445,True,False
1841,19,20.81,0.3525925925925927,True,False
1842,28,20.72,0.35224074074074085,True,False
1843,18,-1.17,0.3518888888888889,False,True
1844,20,20.799999999999997,0.351537037037037,True,False
1845,9,-1.08,0.35118518518518516,False,True
1846,25,20.75,0.35083333333333333,True,False
1847,28,20.72,0.3504814814814815,True,False
1848,21,20.79,0.3501296296296297,True,False
1849,29,20.709999999999997,0.34977777777777785,True,False
1850,25,20.75,0.34942592592592603,True,False
1851,19,20.81,0.3490740740740741,True,False
1852,46,20.54,0.34872222222222227,True,False
1853,28,20.72,0.34837037037037044,True,False
1854,34,20.659999999999997,0.3480185185185185,True,False
1855,42,20.58,0.3476666666666667,True,False
1856,10,-1.09,0.34731481481481485,False,True
1857,34,20.659999999999997,0.34696296296296303,True,False
1858,22,20.779999999999998,0.3466111111111111,True,False
1859,16,-1.15,0.34625925925925927,False,True
1860,26,20.74,0.34590740740740744,True,False
1861,25,20.75,0.3455555555555556,True,False
1862,18,20.819999999999997,0.3452037037037038,True,False
1863,22,20.779999999999998,0.34485185185185196,True,False
1864,31,20.689999999999998,0.34450000000000003,True,False
1865,7,-1.06,0.3441481481481481,False,True
1866,25,20.75,0.34379629629629627,True,False
1867,20,20.799999999999997,0.34344444444444444,True,False
1868,23,20.77,0.3430925925925926,True,False
1869,22,20.779999999999998,0.3427407407407408,True,False
1870,37,20.63,0.34238888888888896,True,False
1871,41,20.59,0.34203703703703714,True,False
1872,22,20.779999999999998,0.3416851851851852,True,False
1873,31,20.689999999999998,0.3413333333333334,True,False
1874,29,20.709999999999997,0.34098148148148155,True,False
1875,29,20.709999999999997,0.3406296296296296,True,False
1876,15,-1.14,0.3402777777777778,False,True
1877,14,-1.13,0.33992592592592596,False,True
1878,19,-1.18,0.33957407407407403,False,True
1879,18,20.819999999999997,0.3392222222222222,True,False
1880,20,20.799999999999997,0.3388703703703704,True,False
1881,23,20.77,0.33851851851851855,True,False
1882,7,-1.06,0.3381666666666667,False,True
1883,17,20.83,0.3378148148148149,True,False
1884,41,20.59,0.3374629629629631,True,False
1885,51,20.49,0.33711111111111114,True,False
1886,21,20.79,0.3367592592592592,True,False
1887,25,20.75,0.3364074074074074,True,False
1888,23,20.77,0.33605555555555555,True,False
1889,24,20.759999999999998,0.3357037037037037,True,False
1890,19,-1.18,0.3353518518518519,False,True
1891,24,20.759999999999998,0.3350000000000001,True,False
1892,23,20.77,0.33464814814814814,True,False
1893,26,20.74,0.3342962962962963,True,False
1894,22,20.779999999999998,0.3339444444444445,True,False
1895,15,-1.14,0.33359259259259266,False,True
1896,20,-1.19,0.33324074074074084,False,True
1897,26,20.74,0.3328888888888889,True,False
1898,26,20.74,0.3325370370370371,True,False
1899,30,20.7,0.33218518518518514,True,False
1900,23,20.77,0.3318333333333333,True,False
1901,27,20.729999999999997,0.3314814814814815,True,False
1902,33,20.669999999999998,0.33112962962962966,True,False
1903,27,20.729999999999997,0.33077777777777784,True,False
1904,19,-1.18,0.330425925925926,False,True
1905,22,20.779999999999998,0.3300740740740742,True,False
1906,20,20.799999999999997,0.32972222222222225,True,False
1907,29,20.709999999999997,0.3293703703703704,True,False
1908,29,20.709999999999997,0.3290185185185185,True,False
1909,19,20.81,0.32866666666666666,True,False
1910,34,-1.33,0.32831481481481484,False,True
1911,18,20.819999999999997,0.327962962962963,True,False
1912,13,-1.1199999999999999,0.3276111111111112,False,True
1913,11,-1.1,0.32725925925925925,False,True
1914,21,20.79,0.3269074074074074,True,False
1915,8,-1.07,0.3265555555555556,False,True
1916,33,20.669999999999998,0.3262037037037038,True,False
1917,10,-1.09,0.32585185185185195,False,True
1918,27,20.729999999999997,0.3255,True,False
1919,27,20.729999999999997,0.3251481481481482,True,False
1920,18,20.819999999999997,0.32479629629629625,True,False
1921,37,20.63,0.3244444444444444,True,False
1922,20,-1.19,0.3240925925925926,False,True
1923,26,20.74,0.3237407407407408,True,False
1924,28,20.72,0.32338888888888895,True,False
1925,25,20.75,0.3230370370370371,True,False
1926,27,20.729999999999997,0.3226851851851853,True,False
1927,19,20.81,0.32233333333333336,True,False
1928,21,20.79,0.32198148148148154,True,False
1929,16,-1.15,0.3216296296296296,False,True
1930,27,20.729999999999997,0.3212777777777778,True,False
1931,25,20.75,0.32092592592592595,True,False
1932,22,-1.21,0.3205740740740741,False,True
1933,24,20.759999999999998,0.3202222222222223,True,False
1934,29,20.709999999999997,0.31987037037037036,True,False
1935,19,20.81,0.31951851851851854,True,False
1936,25,20.75,0.3191666666666667,True,False
1937,47,20.529999999999998,0.3188148148148149,True,False
1938,17,20.83,0.31846296296296306,True,False
1939,26,-1.25,0.31811111111111123,False,True
1940,23,20.77,0.3177592592592592,True,False
1941,20,20.799999999999997,0.31740740740740736,True,False
1942,27,20.729999999999997,0.31705555555555553,True,False
1943,23,20.77,0.3167037037037037,True,False
1944,32,20.68,0.3163518518518519,True,False
1945,33,20.669999999999998,0.31600000000000006,True,False
1946,32,20.68,0.31564814814814823,True,False
1947,27,20.729999999999997,0.3152962962962963,True,False
1948,19,-1.18,0.31494444444444447,False,True
1949,15,-1.14,0.31459259259259265,False,True
1950,25,20.75,0.3142407407407408,True,False
1951,21,20.79,0.3138888888888889,True,False
1952,29,20.709999999999997,0.31353703703703706,True,False
1953,40,20.599999999999998,0.31318518518518523,True,False
1954,38,20.619999999999997,0.3128333333333333,True,False
1955,33,20.669999999999998,0.31248148148148147,True,False
1956,16,-1.15,0.31212962962962965,False,True
1957,26,20.74,0.3117777777777778,True,False
1958,15,-1.14,0.311425925925926,False,True
1959,26,20.74,0.31107407407407417,True,False
1960,25,20.75,0.31072222222222234,True,False
1961,38,20.619999999999997,0.3103703703703704,True,False
1962,29,20.709999999999997,0.31001851851851847,True,False
1963,18,20.819999999999997,0.30966666666666665,True,False
1964,17,-1.16,0.3093148148148148,False,True
1965,23,20.77,0.308962962962963,True,False
1966,17,20.83,0.30861111111111117,True,False
1967,26,20.74,0.30825925925925934,True,False
1968,19,20.81,0.3079074074074074,True,False
1969,31,20.689999999999998,0.3075555555555556,True,False
1970,30,20.7,0.30720370370370376,True,False
1971,18,20.819999999999997,0.30685185185185193,True,False
1972,30,20.7,0.3065,True,False
1973,26,20.74,0.30614814814814817,True,False
1974,22,20.779999999999998,0.30579629629629634,True,False
1975,23,20.77,0.3054444444444444,True,False
1976,11,-1.1,0.3050925925925926,False,True
1977,21,20.79,0.30474074074074076,True,False
1978,12,-1.1099999999999999,0.30438888888888893,False,True
1979,32,20.68,0.3040370370370371,True,False
1980,32,20.68,0.3036851851851853,True,False
1981,12,-1.1099999999999999,0.30333333333333345,False,True
1982,26,20.74,0.3029814814814815,True,False
1983,20,20.799999999999997,0.3026296296296296,True,False
1984,19,20.81,0.30227777777777776,True,False
1985,26,20.74,0.30192592592592593,True,False
1986,8,-1.07,0.3015740740740741,False,True
1987,25,20.75,0.3012222222222223,True,False
1988,19,20.81,0.30087037037037045,True,False
1989,13,-1.1199999999999999,0.3005185185185185,False,True
1990,19,20.81,0.3001666666666667,True,False
1991,16,-1.15,0.29981481481481487,False,True
1992,24,20.759999999999998,0.29946296296296304,True,False
1993,24,-1.23,0.2991111111111112,False,True
1994,13,-1.1199999999999999,0.2987592592592593,False,True
1995,26,20.74,0.29840740740740745,True,False
1996,11,-1.1,0.2980555555555555,False,True
1997,27,20.729999999999997,0.2977037037037037,True,False
1998,29,20.709999999999997,0.29735185185185187,True,False
1999,26,20.74,0.29700000000000004,True,False
2000,19,20.81,0.2966481481481482,True,False
2001,20,20.799999999999997,0.2962962962962964,True,False
2002,20,20.799999999999997,0.29594444444444445,True,False
2003,27,20.729999999999997,0.29559259259259263,True,False
2004,18,20.819999999999997,0.2952407407407408,True,False
2005,19,20.81,0.29488888888888887,True,False
2006,25,20.75,0.29453703703703704,True,False
2007,27,20.729999999999997,0.2941851851851852,True,False
2008,23,20.77,0.2938333333333334,True,False
2009,35,-1.34,0.29348148148148145,False,True
2010,20,20.799999999999997,0.29312962962962963,True,False
2011,20,20.799999999999997,0.2927777777777778,True,False
2012,27,20.729999999999997,0.292425925925926,True,False
2013,21,-1.2,0.29207407407407415,False,True
2014,13,-1.1199999999999999,0.2917222222222223,False,True
2015,20,20.799999999999997,0.2913703703703704,True,False
2016,14,-1.13,0.29101851851851845,False,True
2017,34,20.659999999999997,0.29066666666666663,True,False
2018,30,20.7,0.2903148148148148,True,False
2019,17,20.83,0.289962962962963,True,False
2020,21,20.79,0.28961111111111115,True,False
2021,29,20.709999999999997,0.2892592592592593,True,False
2022,20,20.799999999999997,0.2889074074074075,True,False
2023,14,-1.13,0.28855555555555557,False,True
2024,25,20.75,0.28820370370370374,True,False
2025,23,20.77,0.2878518518518519,True,False
2026,18,20.819999999999997,0.2875000000000001,True,False
2027,24,20.759999999999998,0.28714814814814815,True,False
2028,33,20.669999999999998,0.2867962962962963,True,False
2029,23,-1.22,0.2864444444444445,False,True
2030,19,20.81,0.28609259259259257,True,False
2031,17,20.83,0.28574074074074074,True,False
2032,19,20.81,0.2853888888888889,True,False
2033,28,20.72,0.2850370370370371,True,False
2034,8,-1.07,0.28468518518518526,False,True
2035,24,20.759999999999998,0.28433333333333344,True,False
2036,31,20.689999999999998,0.2839814814814816,True,False
2037,10,-1.09,0.2836296296296297,False,True
2038,19,20.81,0.28327777777777774,True,False
2039,17,20.83,0.2829259259259259,True,False
2040,29,20.709999999999997,0.2825740740740741,True,False
2041,20,20.799999999999997,0.28222222222222226,True,False
2042,19,20.81,0.28187037037037044,True,False
2043,19,20.81,0.2815185185185186,True,False
2044,23,20.77,0.2811666666666667,True,False
2045,19,20.81,0.28081481481481485,True,False
2046,23,20.77,0.280462962962963,True,False
2047,26,20.74,0.2801111111111112,True,False
2048,25,20.75,0.27975925925925926,True,False
2049,21,20.79,0.27940740740740744,True,False
2050,12,-1.1099999999999999,0.2790555555555556,False,True
2051,18,-1.17,0.2787037037037037,False,True
2052,19,20.81,0.27835185185185185,True,False
2053,23,20.77,0.278,True,False
2054,21,20.79,0.2776481481481482,True,False
2055,20,20.799999999999997,0.2772962962962964,True,False
2056,26,20.74,0.27694444444444455,True,False
2057,17,20.83,0.2765925925925926,True,False
2058,23,20.77,0.2762407407407408,True,False
2059,21,20.79,0.27588888888888885,True,False
2060,20,20.799999999999997,0.275537037037037,True,False
2061,22,20.779999999999998,0.2751851851851852,True,False
2062,24,20.759999999999998,0.2748333333333334,True,False
2063,13,-1.1199999999999999,0.27448148148148155,False,True
2064,22,20.779999999999998,0.2741296296296296,True,False
2065,18,-1.17,0.2737777777777778,False,True
2066,11,-1.1,0.27342592592592596,False,True
2067,16,-1.15,0.27307407407407414,False,True
2068,23,20.77,0.2727222222222223,True,False
2069,25,20.75,0.2723703703703705,True,False
2070,16,-1.15,0.27201851851851855,False,True
2071,23,20.77,0.2716666666666666,True,False
2072,19,20.81,0.2713148148148148,True,False
2073,31,20.689999999999998,0.27096296296296296,True,False
2074,22,20.779999999999998,0.27061111111111114,True,False
2075,26,20.74,0.2702592592592593,True,False
2076,20,20.799999999999997,0.2699074074074075,True,False
2077,31,20.689999999999998,0.26955555555555566,True,False
2078,19,20.81,0.2692037037037037,True,False
2079,20,20.799999999999997,0.2688518518518519,True,False
2080,27,20.729999999999997,0.26850000000000007,True,False
2081,25,20.75,0.26814814814814814,True,False
2082,39,20.61,0.2677962962962963,True,False
2083,21,20.79,0.2674444444444445,True,False
2084,20,20.799999999999997,0.26709259259259266,True,False
2085,10,-1.09,0.2667407407407407,False,True
2086,25,20.75,0.2663888888888889,True,False
2087,23,20.77,0.26603703703703707,True,False
2088,23,20.77,0.26568518518518525,True,False
2089,17,20.83,0.2653333333333334,True,False
2090,22,20.779999999999998,0.2649814814814816,True,False
2091,22,20.779999999999998,0.26462962962962966,True,False
2092,21,20.79,0.2642777777777777,True,False
2093,22,20.779999999999998,0.2639259259259259,True,False
2094,17,20.83,0.26357407407407407,True,False
2095,8,-1.07,0.26322222222222225,False,True
2096,22,20.779999999999998,0.2628703703703704,True,False
2097,24,20.759999999999998,0.2625185185185186,True,False
2098,21,20.79,0.26216666666666677,True,False
2099,17,20.83,0.26181481481481483,True,False
2100,16,-1.15,0.261462962962963,False,True
2101,14,-1.13,0.2611111111111112,False,True
2102,20,20.799999999999997,0.26075925925925925,True,False
2103,23,20.77,0.2604074074074074,True,False
2104,23,20.77,0.2600555555555556,True,False
2105,24,20.759999999999998,0.25970370370370377,True,False
2106,21,20.79,0.25935185185185183,True,False
2107,29,20.709999999999997,0.259,True,False
2108,26,20.74,0.2586481481481482,True,False
2109,18,-1.17,0.25829629629629636,False,True
2110,24,20.759999999999998,0.25794444444444453,True,False
2111,25,20.75,0.2575925925925927,True,False
2112,13,-1.1199999999999999,0.2572407407407409,False,True
2113,19,20.81,0.25688888888888883,True,False
2114,17,20.83,0.256537037037037,True,False
2115,25,20.75,0.2561851851851852,True,False
2116,21,-1.2,0.25583333333333336,False,True
2117,18,-1.17,0.25548148148148153,False,True
2118,10,-1.09,0.2551296296296297,False,True
2119,25,20.75,0.25477777777777777,True,False
2120,12,-1.1099999999999999,0.25442592592592594,False,True
2121,25,20.75,0.2540740740740741,True,False
2122,29,20.709999999999997,0.2537222222222223,True,False
2123,14,-1.13,0.25337037037037047,False,True
2124,25,20.75,0.25301851851851853,True,False
2125,27,20.729999999999997,0.2526666666666667,True,False
2126,21,20.79,0.25231481481481477,True,False
2127,30,20.7,0.25196296296296294,True,False
2128,19,20.81,0.2516111111111111,True,False
2129,19,20.81,0.2512592592592593,True,False
2130,25,20.75,0.25090740740740747,True,False
2131,24,20.759999999999998,0.25055555555555564,True,False
2132,20,20.799999999999997,0.2502037037037038,True,False
2133,18,-1.17,0.24985185185185188,False,True
2134,19,20.81,0.24950000000000006,True,False
2135,22,20.779999999999998,0.24914814814814812,True,False
2136,17,20.83,0.2487962962962963,True,False
2137,19,20.81,0.24844444444444447,True,False
2138,23,20.77,0.24809259259259264,True,False
2139,24,20.759999999999998,0.24774074074074082,True,False
2140,21,20.79,0.24738888888888888,True,False
2141,20,20.799999999999997,0.24703703703703705,True,False
2142,10,-1.09,0.24668518518518523,False,True
2143,14,-1.13,0.2463333333333334,False,True
2144,26,20.74,0.24598148148148158,True,False
2145,15,-1.14,0.24562962962962964,False,True
2146,23,20.77,0.24527777777777782,True,False
2147,31,20.689999999999998,0.24492592592592588,True,False
2148,21,20.79,0.24457407407407405,True,False
2149,8,-1.07,0.24422222222222223,False,True
2150,21,-1.2,0.2438703703703704,False,True
2151,18,-1.17,0.24351851851851858,False,True
2152,24,20.759999999999998,0.24316666666666675,True,False
2153,14,-1.13,0.24281481481481493,False,True
2154,18,20.819999999999997,0.242462962962963,True,False
2155,30,20.7,0.24211111111111117,True,False
2156,33,20.669999999999998,0.24175925925925923,True,False
2157,19,20.81,0.2414074074074074,True,False
2158,22,20.779999999999998,0.24105555555555558,True,False
2159,23,20.77,0.24070370370370375,True,False
2160,8,-1.07,0.24035185185185193,False,True
2161,27,20.729999999999997,0.24,True,False
2162,13,-1.1199999999999999,0.23964814814814817,False,True
2163,24,20.759999999999998,0.23929629629629634,True,False
2164,17,20.83,0.23894444444444451,True,False
2165,18,20.819999999999997,0.2385925925925927,True,False
2166,21,20.79,0.23824074074074086,True,False
2167,27,20.729999999999997,0.23788888888888893,True,False
2168,23,20.77,0.237537037037037,True,False
2169,20,20.799999999999997,0.23718518518518517,True,False
2170,22,20.779999999999998,0.23683333333333334,True,False
2171,23,20.77,0.23648148148148151,True,False
2172,18,20.819999999999997,0.2361296296296297,True,False
2173,22,20.779999999999998,0.23577777777777786,True,False
2174,23,20.77,0.23542592592592604,True,False
2175,25,20.75,0.2350740740740741,True,False
2176,21,20.79,0.23472222222222228,True,False
2177,22,20.779999999999998,0.23437037037037045,True,False
2178,15,-1.14,0.23401851851851851,False,True
2179,20,20.799999999999997,0.2336666666666667,True,False
2180,19,20.81,0.23331481481481486,True,False
2181,11,-1.1,0.23296296296296293,False,True
2182,20,20.799999999999997,0.2326111111111111,True,False
2183,23,20.77,0.23225925925925928,True,False
2184,20,20.799999999999997,0.23190740740740745,True,False
2185,24,20.759999999999998,0.23155555555555563,True,False
2186,23,20.77,0.2312037037037038,True,False
2187,17,20.83,0.23085185185185197,True,False
2188,25,20.75,0.23050000000000004,True,False
2189,22,20.779999999999998,0.2301481481481481,True,False
2190,21,20.79,0.22979629629629628,True,False
2191,17,20.83,0.22944444444444445,True,False
2192,26,20.74,0.22909259259259263,True,False
2193,22,20.779999999999998,0.2287407407407408,True,False
2194,27,20.729999999999997,0.22838888888888897,True,False
2195,23,20.77,0.22803703703703704,True,False
2196,23,20.77,0.2276851851851852,True,False
2197,19,20.81,0.2273333333333334,True,False
2198,26,20.74,0.22698148148148156,True,False
2199,19,20.81,0.22662962962962963,True,False
2200,20,-1.19,0.2262777777777778,False,True
2201,35,20.65,0.22592592592592597,True,False
2202,31,20.689999999999998,0.22557407407407404,True,False
2203,18,20.819999999999997,0.2252222222222222,True,False
2204,13,-1.1199999999999999,0.2248703703703704,False,True
2205,19,20.81,0.22451851851851856,True,False
2206,19,20.81,0.22416666666666674,True,False
2207,27,20.729999999999997,0.2238148148148149,True,False
2208,32,20.68,0.22346296296296309,True,False
2209,19,20.81,0.22311111111111115,True,False
2210,25,20.75,0.2227592592592592,True,False
2211,22,20.779999999999998,0.2224074074074074,True,False
2212,29,20.709999999999997,0.22205555555555556,True,False
2213,22,20.779999999999998,0.22170370370370374,True,False
2214,24,20.759999999999998,0.2213518518518519,True,False
2215,12,-1.1099999999999999,0.22100000000000009,False,True
2216,12,-1.1099999999999999,0.22064814814814815,False,True
2217,28,20.72,0.22029629629629632,True,False
2218,19,20.81,0.2199444444444445,True,False
2219,20,20.799999999999997,0.21959259259259267,True,False
2220,16,-1.15,0.21924074074074085,False,True
2221,19,20.81,0.2188888888888889,True,False
2222,22,20.779999999999998,0.21853703703703709,True,False
2223,20,20.799999999999997,0.21818518518518515,True,False
2224,19,20.81,0.21783333333333332,True,False
2225,19,20.81,0.2174814814814815,True,False
2226,22,20.779999999999998,0.21712962962962967,True,False
2227,20,20.799999999999997,0.21677777777777785,True,False
2228,26,20.74,0.21642592592592602,True,False
2229,20,20.799999999999997,0.2160740740740742,True,False
2230,24,20.759999999999998,0.21572222222222226,True,False
2231,14,-1.13,0.21537037037037043,False,True
2232,10,-1.09,0.2150185185185185,False,True
2233,17,20.83,0.21466666666666667,True,False
2234,13,-1.1199999999999999,0.21431481481481485,False,True
2235,20,20.799999999999997,0.21396296296296302,True,False
2236,8,-1.07,0.2136111111111112,False,True
2237,10,-1.09,0.21325925925925926,False,True
2238,17,20.83,0.21290740740740743,True,False
2239,13,-1.1199999999999999,0.2125555555555556,False,True
2240,17,20.83,0.21220370370370378,True,False
2241,30,20.7,0.21185185185185196,True,False
2242,17,-1.16,0.21150000000000002,False,True
2243,33,20.669999999999998,0.21114814814814808,True,False
2244,23,20.77,0.21079629629629626,True,False
2245,27,20.729999999999997,0.21044444444444443,True,False
2246,19,20.81,0.2100925925925926,True,False
2247,18,20.819999999999997,0.20974074074074078,True,False
2248,17,20.83,0.20938888888888896,True,False
2249,19,20.81,0.20903703703703713,True,False
2250,16,-1.15,0.2086851851851852,False,True
2251,30,20.7,0.20833333333333337,True,False
2252,19,20.81,0.20798148148148154,True,False
2253,15,-1.14,0.2076296296296296,False,True
2254,22,20.779999999999998,0.20727777777777778,True,False
2255,10,-1.09,0.20692592592592596,False,True
2256,20,20.799999999999997,0.20657407407407413,True,False
2257,23,20.77,0.2062222222222222,True,False
2258,19,20.81,0.20587037037037037,True,False
2259,19,20.81,0.20551851851851854,True,False
2260,14,-1.13,0.20516666666666672,False,True
2261,12,-1.1099999999999999,0.2048148148148149,False,True
2262,21,20.79,0.20446296296296307,True,False
2263,20,20.799999999999997,0.20411111111111124,True,False
2264,20,20.799999999999997,0.2037592592592592,True,False
2265,17,20.83,0.20340740740740737,True,False
2266,28,20.72,0.20305555555555554,True,False
2267,23,20.77,0.20270370370370372,True,False
2268,25,20.75,0.2023518518518519,True,False
2269,12,-1.1099999999999999,0.20200000000000007,False,True
2270,20,20.799999999999997,0.20164814814814824,True,False
2271,23,20.77,0.2012962962962963,True,False
2272,19,20.81,0.20094444444444448,True,False
2273,23,20.77,0.20059259259259266,True,False
2274,19,20.81,0.20024074074074083,True,False
2275,21,20.79,0.1998888888888889,True,False
2276,17,20.83,0.19953703703703707,True,False
2277,21,20.79,0.19918518518518524,True,False
2278,17,20.83,0.1988333333333333,True,False
2279,29,20.709999999999997,0.19848148148148148,True,False
2280,24,20.759999999999998,0.19812962962962966,True,False
2281,24,20.759999999999998,0.19777777777777783,True,False
2282,18,20.819999999999997,0.197425925925926,True,False
2283,23,20.77,0.19707407407407418,True,False
2284,9,-1.08,0.19672222222222235,False,True
2285,22,20.779999999999998,0.19637037037037042,True,False
2286,12,-1.1099999999999999,0.19601851851851848,False,True
2287,17,20.83,0.19566666666666666,True,False
2288,23,20.77,0.19531481481481483,True,False
2289,19,20.81,0.194962962962963,True,False
2290,20,20.799999999999997,0.19461111111111118,True,False
2291,24,20.759999999999998,0.19425925925925935,True,False
2292,13,-1.1199999999999999,0.19390740740740742,False,True
2293,23,20.77,0.1935555555555556,True,False
2294,11,-1.1,0.19320370370370377,False,True
2295,29,20.709999999999997,0.19285185185185194,True,False
2296,8,-1.07,0.1925,False,True
2297,20,20.799999999999997,0.19214814814814818,True,False
2298,18,20.819999999999997,0.19179629629629635,True,False
2299,26,20.74,0.19144444444444442,True,False
2300,21,20.79,0.1910925925925926,True,False
2301,26,20.74,0.19074074074074077,True,False
2302,8,-1.07,0.19038888888888894,False,True
2303,17,20.83,0.19003703703703712,True,False
2304,19,20.81,0.1896851851851853,True,False
2305,22,-1.21,0.18933333333333335,False,True
2306,18,20.819999999999997,0.18898148148148153,True,False
2307,22,20.779999999999998,0.1886296296296296,True,False
2308,21,20.79,0.18827777777777777,True,False
2309,19,20.81,0.18792592592592594,True,False
2310,19,20.81,0.18757407407407412,True,False
2311,25,20.75,0.1872222222222223,True,False
2312,21,20.79,0.18687037037037035,True,False
2313,18,20.819999999999997,0.18651851851851853,True,False
2314,21,20.79,0.1861666666666667,True,False
2315,22,20.779999999999998,0.18581481481481488,True,False
2316,17,20.83,0.18546296296296305,True,False
2317,21,20.79,0.18511111111111123,True,False
2318,20,20.799999999999997,0.1847592592592593,True,False
2319,17,20.83,0.18440740740740735,True,False
2320,31,20.689999999999998,0.18405555555555553,True,False
2321,21,20.79,0.1837037037037037,True,False
2322,18,20.819999999999997,0.18335185185185188,True,False
2323,17,20.83,0.18300000000000005,True,False
2324,23,20.77,0.18264814814814823,True,False
2325,10,-1.09,0.1822962962962964,False,True
2326,16,-1.15,0.18194444444444446,False,True
2327,12,-1.1099999999999999,0.18159259259259264,False,True
2328,22,20.779999999999998,0.1812407407407408,True,False
2329,21,20.79,0.18088888888888888,True,False
2330,19,20.81,0.18053703703703705,True,False
2331,27,20.729999999999997,0.18018518518518523,True,False
2332,20,20.799999999999997,0.1798333333333334,True,False
2333,24,20.759999999999998,0.17948148148148146,True,False
2334,19,20.81,0.17912962962962964,True,False
2335,19,20.81,0.1787777777777778,True,False
2336,17,20.83,0.178425925925926,True,False
2337,9,-1.08,0.17807407407407416,False,True
2338,13,-1.1199999999999999,0.17772222222222234,False,True
2339,17,20.83,0.1773703703703704,True,False
2340,26,20.74,0.17701851851851846,True,False
2341,25,20.75,0.17666666666666664,True,False
2342,19,20.81,0.1763148148148148,True,False
2343,22,20.779999999999998,0.175962962962963,True,False
2344,17,20.83,0.17561111111111116,True,False
2345,19,20.81,0.17525925925925934,True,False
2346,17,20.83,0.1749074074074075,True,False
2347,21,20.79,0.17455555555555557,True,False
2348,19,20.81,0.17420370370370375,True,False
2349,20,20.799999999999997,0.17385185185185192,True,False
2350,21,20.79,0.1735,True,False
2351,16,-1.15,0.17314814814814816,False,True
2352,13,-1.1199999999999999,0.17279629629629634,False,True
2353,22,20.779999999999998,0.1724444444444445,True,False
2354,19,20.81,0.17209259259259257,True,False
2355,19,20.81,0.17174074074074075,True,False
2356,14,-1.13,0.17138888888888892,False,True
2357,20,20.799999999999997,0.1710370370370371,True,False
2358,27,20.729999999999997,0.17068518518518527,True,False
2359,21,20.79,0.17033333333333345,True,False
2360,22,20.779999999999998,0.16998148148148162,True,False
2361,12,-1.1099999999999999,0.16962962962962957,False,True
2362,23,20.77,0.16927777777777775,True,False
2363,20,20.799999999999997,0.16892592592592592,True,False
2364,14,-1.13,0.1685740740740741,False,True
2365,23,20.77,0.16822222222222227,True,False
2366,17,20.83,0.16787037037037045,True,False
2367,17,20.83,0.1675185185185185,True,False
2368,26,20.74,0.16716666666666669,True,False
2369,20,20.799999999999997,0.16681481481481486,True,False
2370,12,-1.1099999999999999,0.16646296296296303,False,True
2371,25,20.75,0.1661111111111112,True,False
2372,17,20.83,0.16575925925925927,True,False
2373,24,20.759999999999998,0.16540740740740745,True,False
2374,19,20.81,0.1650555555555555,True,False
2375,18,20.819999999999997,0.16470370370370369,True,False
2376,18,20.819999999999997,0.16435185185185186,True,False
2377,19,20.81,0.16400000000000003,True,False
2378,15,-1.14,0.1636481481481482,False,True
2379,20,20.799999999999997,0.16329629629629638,True,False
2380,19,20.81,0.16294444444444456,True,False
2381,19,20.81,0.16259259259259262,True,False
2382,18,20.819999999999997,0.1622407407407408,True,False
2383,20,20.799999999999997,0.16188888888888886,True,False
2384,19,20.81,0.16153703703703703,True,False
2385,23,20.77,0.1611851851851852,True,False
2386,23,20.77,0.16083333333333338,True,False
2387,19,20.81,0.16048148148148156,True,False
2388,21,20.79,0.16012962962962962,True,False
2389,20,20.799999999999997,0.1597777777777778,True,False
2390,19,20.81,0.15942592592592597,True,False
2391,20,20.799999999999997,0.15907407407407415,True,False
2392,10,-1.09,0.15872222222222232,False,True
2393,23,20.77,0.1583703703703705,True,False
2394,17,20.83,0.15801851851851856,True,False
2395,17,20.83,0.15766666666666662,True,False
2396,19,20.81,0.1573148148148148,True,False
2397,20,20.799999999999997,0.15696296296296297,True,False
2398,18,20.819999999999997,0.15661111111111115,True,False
2399,18,20.819999999999997,0.15625925925925932,True,False
2400,19,20.81,0.1559074074074075,True,False
2401,19,20.81,0.15555555555555567,True,False
2402,18,20.819999999999997,0.15520370370370373,True,False
2403,22,20.779999999999998,0.1548518518518519,True,False
2404,23,20.77,0.15450000000000008,True,False
2405,18,20.819999999999997,0.15414814814814815,True,False
2406,19,20.81,0.15379629629629632,True,False
2407,19,-1.18,0.1534444444444445,False,True
2408,19,20.81,0.15309259259259267,True,False
2409,17,20.83,0.15274074074074073,True,False
2410,12,-1.1099999999999999,0.1523888888888889,False,True
2411,12,-1.1099999999999999,0.15203703703703708,False,True
2412,10,-1.09,0.15168518518518526,False,True
2413,19,20.81,0.15133333333333343,True,False
2414,20,20.799999999999997,0.1509814814814816,True,False
2415,20,20.799999999999997,0.15062962962962967,True,False
2416,10,-1.09,0.15027777777777773,False,True
2417,8,-1.07,0.1499259259259259,False,True
2418,23,20.77,0.14957407407407408,True,False
2419,12,-1.1099999999999999,0.14922222222222226,False,True
2420,22,20.779999999999998,0.14887037037037043,True,False
2421,17,20.83,0.1485185185185186,True,False
2422,12,-1.1099999999999999,0.14816666666666678,False,True
2423,20,20.799999999999997,0.14781481481481484,True,False
2424,13,-1.1199999999999999,0.14746296296296302,False,True
2425,17,20.83,0.1471111111111112,True,False
2426,22,20.779999999999998,0.14675925925925926,True,False
2427,18,20.819999999999997,0.14640740740740743,True,False
2428,19,20.81,0.1460555555555556,True,False
2429,20,20.799999999999997,0.14570370370370367,True,False
2430,22,20.779999999999998,0.14535185185185184,True,False
2431,12,-1.1099999999999999,0.14500000000000002,False,True
2432,17,20.83,0.1446481481481482,True,False
2433,24,20.759999999999998,0.14429629629629637,True,False
2434,18,20.819999999999997,0.14394444444444454,True,False
2435,19,20.81,0.14359259259259272,True,False
2436,17,20.83,0.14324074074074078,True,False
2437,17,20.83,0.14288888888888884,True,False
2438,22,20.779999999999998,0.14253703703703702,True,False
2439,19,20.81,0.1421851851851852,True,False
2440,19,20.81,0.14183333333333337,True,False
2441,17,20.83,0.14148148148148154,True,False
2442,24,20.759999999999998,0.14112962962962972,True,False
2443,22,20.779999999999998,0.14077777777777778,True,False
2444,22,20.779999999999998,0.14042592592592595,True,False
2445,17,20.83,0.14007407407407413,True,False
2446,21,20.79,0.1397222222222223,True,False
2447,28,20.72,0.13937037037037048,True,False
2448,21,20.79,0.13901851851851854,True,False
2449,20,20.799999999999997,0.13866666666666672,True,False
2450,19,20.81,0.13831481481481478,True,False
2451,20,20.799999999999997,0.13796296296296295,True,False
2452,17,20.83,0.13761111111111113,True,False
2453,17,20.83,0.1372592592592593,True,False
2454,26,20.74,0.13690740740740748,True,False
2455,17,20.83,0.13655555555555565,True,False
2456,17,20.83,0.13620370370370383,True,False
2457,17,20.83,0.1358518518518519,True,False
2458,17,20.83,0.13550000000000006,True,False
2459,19,20.81,0.13514814814814813,True,False
2460,21,20.79,0.1347962962962963,True,False
2461,19,20.81,0.13444444444444448,True,False
2462,25,20.75,0.13409259259259265,True,False
2463,17,20.83,0.13374074074074083,True,False
2464,18,20.819999999999997,0.1333888888888889,True,False
2465,17,20.83,0.13303703703703706,True,False
2466,19,20.81,0.13268518518518524,True,False
2467,20,20.799999999999997,0.1323333333333334,True,False
2468,23,20.77,0.1319814814814816,True,False
2469,17,20.83,0.13162962962962965,True,False
2470,18,20.819999999999997,0.13127777777777783,True,False
2471,18,20.819999999999997,0.1309259259259259,True,False
2472,18,20.819999999999997,0.13057407407407406,True,False
2473,17,20.83,0.13022222222222224,True,False
2474,23,20.77,0.1298703703703704,True,False
2475,14,-1.13,0.1295185185185186,False,True
2476,17,20.83,0.12916666666666676,True,False
2477,19,20.81,0.12881481481481494,True,False
2478,20,20.799999999999997,0.128462962962963,True,False
2479,17,20.83,0.12811111111111118,True,False
2480,10,-1.09,0.12775925925925924,False,True
2481,18,20.819999999999997,0.1274074074074074,True,False
2482,11,-1.1,0.1270555555555556,False,True
2483,20,20.799999999999997,0.12670370370370376,True,False
2484,25,20.75,0.12635185185185194,True,False
2485,17,20.83,0.126,True,False
2486,19,20.81,0.12564814814814818,True,False
2487,26,20.74,0.12529629629629635,True,False
2488,17,20.83,0.12494444444444452,True,False
2489,17,20.83,0.1245925925925927,True,False
2490,10,-1.09,0.12424074074074087,False,True
2491,19,20.81,0.12388888888888883,True,False
2492,26,20.74,0.123537037037037,True,False
2493,18,20.819999999999997,0.12318518518518518,True,False
2494,17,20.83,0.12283333333333335,True,False
2495,24,20.759999999999998,0.12248148148148152,True,False
2496,22,20.779999999999998,0.1221296296296297,True,False
2497,19,20.81,0.12177777777777787,True,False
2498,19,20.81,0.12142592592592594,True,False
2499,13,-1.1199999999999999,0.12107407407407411,False,True
2500,19,20.81,0.12072222222222229,True,False
2501,20,20.799999999999997,0.12037037037037046,True,False
2502,17,20.83,0.12001851851851852,True,False
2503,19,20.81,0.1196666666666667,True,False
2504,19,20.81,0.11931481481481487,True,False
2505,25,20.75,0.11896296296296294,True,False
2506,19,20.81,0.11861111111111111,True,False
2507,17,20.83,0.11825925925925929,True,False
2508,17,20.83,0.11790740740740746,True,False
2509,17,20.83,0.11755555555555564,True,False
2510,19,20.81,0.11720370370370381,True,False
2511,17,20.83,0.11685185185185198,True,False
2512,13,-1.1199999999999999,0.11650000000000005,False,True
2513,19,20.81,0.11614814814814811,True,False
2514,16,-1.15,0.11579629629629629,False,True
2515,18,20.819999999999997,0.11544444444444446,True,False
2516,18,20.819999999999997,0.11509259259259264,True,False
2517,17,20.83,0.11474074074074081,True,False
2518,17,20.83,0.11438888888888898,True,False
2519,17,20.83,0.11403703703703705,True,False
2520,17,20.83,0.11368518518518522,True,False
2521,21,20.79,0.1133333333333334,True,False
2522,19,20.81,0.11298148148148157,True,False
2523,14,-1.13,0.11262962962962964,False,True
2524,21,20.79,0.11227777777777781,True,False
2525,17,20.83,0.11192592592592598,True,False
2526,21,20.79,0.11157407407407405,True,False
2527,21,20.79,0.11122222222222222,True,False
2528,19,20.81,0.1108703703703704,True,False
2529,23,20.77,0.11051851851851857,True,False
2530,17,20.83,0.11016666666666675,True,False
2531,18,20.819999999999997,0.10981481481481492,True,False
2532,21,20.79,0.1094629629629631,True,False
2533,17,20.83,0.10911111111111116,True,False
2534,21,20.79,0.10875925925925922,True,False
2535,18,20.819999999999997,0.1084074074074074,True,False
2536,17,20.83,0.10805555555555557,True,False
2537,17,20.83,0.10770370370370375,True,False
2538,17,20.83,0.10735185185185192,True,False
2539,17,20.83,0.1070000000000001,True,False
2540,19,20.81,0.10664814814814816,True,False
2541,17,20.83,0.10629629629629633,True,False
2542,21,20.79,0.10594444444444451,True,False
2543,18,20.819999999999997,0.10559259259259268,True,False
2544,17,20.83,0.10524074074074086,True,False
2545,21,20.79,0.10488888888888892,True,False
2546,19,20.81,0.1045370370370371,True,False
2547,10,-1.09,0.10418518518518516,False,True
2548,19,20.81,0.10383333333333333,True,False
2549,18,20.819999999999997,0.10348148148148151,True,False
2550,17,20.83,0.10312962962962968,True,False
2551,21,20.79,0.10277777777777786,True,False
2552,14,-1.13,0.10242592592592603,False,True
2553,17,20.83,0.1020740740740741,True,False
2554,21,20.79,0.10172222222222227,True,False
2555,18,20.819999999999997,0.10137037037037044,True,False
2556,17,20.83,0.10101851851851851,True,False
2557,20,20.799999999999997,0.10066666666666668,True,False
2558,17,20.83,0.10031481481481486,True,False
2559,18,20.819999999999997,0.09996296296296303,True,False
2560,18,20.819999999999997,0.0996111111111111,True,False
2561,17,20.83,0.09925925925925927,True,False
2562,18,20.819999999999997,0.09890740740740744,True,False
2563,24,20.759999999999998,0.09855555555555562,True,False
2564,21,20.79,0.09820370370370379,True,False
2565,19,20.81,0.09785185185185197,True,False
2566,19,20.81,0.09750000000000003,True,False
2567,17,20.83,0.0971481481481481,True,False
2568,19,20.81,0.09679629629629627,True,False
2569,18,20.819999999999997,0.09644444444444444,True,False
2570,19,20.81,0.09609259259259262,True,False
2571,19,20.81,0.09574074074074079,True,False
2572,20,20.799999999999997,0.09538888888888897,True,False
2573,17,20.83,0.09503703703703714,True,False
2574,20,20.799999999999997,0.0946851851851852,True,False
2575,20,20.799999999999997,0.09433333333333338,True,False
2576,17,20.83,0.09398148148148155,True,False
2577,17,20.83,0.09362962962962962,True,False
2578,20,20.799999999999997,0.09327777777777779,True,False
2579,19,20.81,0.09292592592592597,True,False
2580,19,20.81,0.09257407407407414,True,False
2581,19,20.81,0.0922222222222222,True,False
2582,17,20.83,0.09187037037037038,True,False
2583,17,20.83,0.09151851851851855,True,False
2584,12,-1.1099999999999999,0.09116666666666673,False,True
2585,17,20.83,0.0908148148148149,True,False
2586,22,20.779999999999998,0.09046296296296308,True,False
2587,21,20.79,0.09011111111111125,True,False
2588,20,20.799999999999997,0.0897592592592592,True,False
2589,18,20.819999999999997,0.08940740740740738,True,False
2590,19,20.81,0.08905555555555555,True,False
2591,17,20.83,0.08870370370370373,True,False
2592,17,20.83,0.0883518518518519,True,False
2593,19,20.81,0.08800000000000008,True,False
2594,17,20.83,0.08764814814814825,True,False
2595,17,20.83,0.08729629629629632,True,False
2596,22,20.779999999999998,0.08694444444444449,True,False
2597,12,-1.1099999999999999,0.08659259259259267,False,True
2598,19,20.81,0.08624074074074084,True,False
2599,17,20.83,0.0858888888888889,True,False
2600,17,20.83,0.08553703703703708,True,False
2601,17,20.83,0.08518518518518525,True,False
2602,18,20.819999999999997,0.08483333333333332,True,False
2603,18,20.819999999999997,0.08448148148148149,True,False
2604,21,20.79,0.08412962962962967,True,False
2605,18,20.819999999999997,0.08377777777777784,True,False
2606,17,20.83,0.08342592592592601,True,False
2607,17,20.83,0.08307407407407419,True,False
2608,19,20.81,0.08272222222222236,True,False
2609,19,20.81,0.08237037037037043,True,False
2610,21,20.79,0.08201851851851849,True,False
2611,17,20.83,0.08166666666666667,True,False
2612,18,20.819999999999997,0.08131481481481484,True,False
2613,11,-1.1,0.08096296296296301,False,True
2614,17,20.83,0.08061111111111119,True,False
2615,17,20.83,0.08025925925925925,True,False
2616,17,20.83,0.07990740740740743,True,False
2617,20,20.799999999999997,0.0795555555555556,True,False
2618,20,20.799999999999997,0.07920370370370378,True,False
2619,19,20.81,0.07885185185185195,True,False
2620,18,20.819999999999997,0.07850000000000001,True,False
2621,17,20.83,0.07814814814814819,True,False
2622,21,20.79,0.07779629629629625,True,False
2623,18,20.819999999999997,0.07744444444444443,True,False
2624,19,20.81,0.0770925925925926,True,False
2625,19,20.81,0.07674074074074078,True,False
2626,20,20.799999999999997,0.07638888888888895,True,False
2627,19,20.81,0.07603703703703713,True,False
2628,17,20.83,0.0756851851851853,True,False
2629,21,20.79,0.07533333333333336,True,False
2630,17,20.83,0.07498148148148154,True,False
2631,19,20.81,0.0746296296296296,True,False
2632,18,20.819999999999997,0.07427777777777778,True,False
2633,17,20.83,0.07392592592592595,True,False
2634,17,20.83,0.07357407407407413,True,False
2635,20,20.799999999999997,0.0732222222222223,True,False
2636,21,20.79,0.07287037037037036,True,False
2637,17,20.83,0.07251851851851854,True,False
2638,18,20.819999999999997,0.07216666666666671,True,False
2639,10,-1.09,0.07181481481481489,False,True
2640,24,20.759999999999998,0.07146296296296306,True,False
2641,17,20.83,0.07111111111111124,True,False
2642,18,20.819999999999997,0.0707592592592593,True,False
2643,18,20.819999999999997,0.07040740740740736,True,False
2644,17,20.83,0.07005555555555554,True,False
2645,10,-1.09,0.06970370370370371,False,True
2646,22,20.779999999999998,0.06935185185185189,True,False
2647,19,20.81,0.06900000000000006,True,False
2648,17,20.83,0.06864814814814824,True,False
2649,17,20.83,0.06829629629629641,True,False
2650,17,20.83,0.06794444444444447,True,False
2651,19,20.81,0.06759259259259265,True,False
2652,17,20.83,0.06724074074074082,True,False
2653,17,20.83,0.06688888888888889,True,False
2654,20,20.799999999999997,0.06653703703703706,True,False
2655,17,20.83,0.06618518518518524,True,False
2656,19,20.81,0.06583333333333341,True,False
2657,19,20.81,0.06548148148148147,True,False
2658,19,20.81,0.06512962962962965,True,False
2659,18,20.819999999999997,0.06477777777777782,True,False
2660,19,20.81,0.064425925925926,True,False
2661,20,20.799999999999997,0.06407407407407417,True,False
2662,17,20.83,0.06372222222222235,True,False
2663,17,20.83,0.06337037037037041,True,False
2664,17,20.83,0.06301851851851847,True,False
2665,20,20.799999999999997,0.06266666666666665,True,False
2666,18,20.819999999999997,0.06231481481481482,True,False
2667,18,20.819999999999997,0.061962962962963,True,False
2668,18,20.819999999999997,0.06161111111111117,True,False
2669,17,20.83,0.06125925925925935,True,False
2670,17,20.83,0.06090740740740752,True,False
2671,17,20.83,0.060555555555555585,True,False
2672,19,20.81,0.06020370370370376,True,False
2673,17,20.83,0.059851851851851934,True,False
2674,17,20.83,0.0595,True,False
2675,21,20.79,0.05914814814814817,True,False
2676,19,20.81,0.058796296296296346,True,False
2677,17,20.83,0.05844444444444441,True,False
2678,22,20.779999999999998,0.058092592592592585,True,False
2679,19,20.81,0.05774074074074076,True,False
2680,18,20.819999999999997,0.057388888888888934,True,False
2681,19,20.81,0.05703703703703711,True,False
2682,17,20.83,0.05668518518518528,True,False
2683,21,20.79,0.05633333333333346,True,False
2684,19,20.81,0.05598148148148152,True,False
2685,19,20.81,0.055629629629629584,True,False
2686,17,20.83,0.05527777777777776,True,False
2687,17,20.83,0.054925925925925934,True,False
2688,17,20.83,0.05457407407407411,True,False
2689,17,20.83,0.05422222222222228,True,False
2690,17,20.83,0.05387037037037046,True,False
2691,19,20.81,0.05351851851851852,True,False
2692,19,20.81,0.053166666666666695,True,False
2693,17,20.83,0.05281481481481487,True,False
2694,17,20.83,0.052462962962963045,True,False
2695,19,20.81,0.05211111111111122,True,False
2696,17,20.83,0.05175925925925928,True,False
2697,17,20.83,0.05140740740740746,True,False
2698,17,20.83,0.05105555555555552,True,False
2699,17,20.83,0.050703703703703695,True,False
2700,23,20.77,0.05035185185185187,True,False
2701,19,20.81,0.050000000000000044,True,False
2702,17,20.83,0.050000000000000044,True,False
2703,12,-1.1099999999999999,0.050000000000000044,False,True
2704,18,20.819999999999997,0.050000000000000044,True,False
2705,17,20.83,0.050000000000000044,True,False
2706,18,20.819999999999997,0.050000000000000044,True,False
2707,20,20.799999999999997,0.050000000000000044,True,False
2708,19,20.81,0.050000000000000044,True,False
2709,17,20.83,0.050000000000000044,True,False
2710,18,20.819999999999997,0.050000000000000044,True,False
2711,17,20.83,0.050000000000000044,True,False
2712,17,20.83,0.050000000000000044,True,False
2713,17,20.83,0.050000000000000044,True,False
2714,17,20.83,0.050000000000000044,True,False
2715,19,20.81,0.050000000000000044,True,False
2716,17,20.83,0.050000000000000044,True,False
2717,17,20.83,0.050000000000000044,True,False
2718,17,20.83,0.050000000000000044,True,False
2719,17,20.83,0.050000000000000044,True,False
2720,19,20.81,0.050000000000000044,True,False
2721,17,20.83,0.050000000000000044,True,False
2722,17,20.83,0.050000000000000044,True,False
2723,17,20.83,0.050000000000000044,True,False
2724,23,20.77,0.050000000000000044,True,False
2725,17,20.83,0.050000000000000044,True,False
2726,17,20.83,0.050000000000000044,True,False
2727,19,20.81,0.050000000000000044,True,False
2728,19,20.81,0.050000000000000044,True,False
2729,17,20.83,0.050000000000000044,True,False
2730,10,-1.09,0.050000000000000044,False,True
2731,19,20.81,0.050000000000000044,True,False
2732,18,20.819999999999997,0.050000000000000044,True,False
2733,19,20.81,0.050000000000000044,True,False
2734,17,20.83,0.050000000000000044,True,False
2735,19,20.81,0.050000000000000044,True,False
2736,13,-1.1199999999999999,0.050000000000000044,False,True
2737,17,20.83,0.050000000000000044,True,False
2738,17,20.83,0.050000000000000044,True,False
2739,17,20.83,0.050000000000000044,True,False
2740,17,20.83,0.050000000000000044,True,False
2741,17,20.83,0.050000000000000044,True,False
2742,17,20.83,0.050000000000000044,True,False
2743,18,20.819999999999997,0.050000000000000044,True,False
2744,20,20.799999999999997,0.050000000000000044,True,False
2745,17,20.83,0.050000000000000044,True,False
2746,19,20.81,0.050000000000000044,True,False
2747,17,20.83,0.050000000000000044,True,False
2748,19,20.81,0.050000000000000044,True,False
2749,17,20.83,0.050000000000000044,True,False
2750,17,20.83,0.050000000000000044,True,False
2751,17,20.83,0.050000000000000044,True,False
2752,20,20.799999999999997,0.050000000000000044,True,False
2753,19,20.81,0.050000000000000044,True,False
2754,18,20.819999999999997,0.050000000000000044,True,False
2755,18,20.819999999999997,0.050000000000000044,True,False
2756,19,20.81,0.050000000000000044,True,False
2757,19,20.81,0.050000000000000044,True,False
2758,17,20.83,0.050000000000000044,True,False
2759,17,20.83,0.050000000000000044,True,False
2760,17,20.83,0.050000000000000044,True,False
2761,18,20.819999999999997,0.050000000000000044,True,False
2762,17,20.83,0.050000000000000044,True,False
2763,17,20.83,0.050000000000000044,True,False
2764,17,20.83,0.050000000000000044,True,False
2765,19,20.81,0.050000000000000044,True,False
2766,17,20.83,0.050000000000000044,True,False
2767,17,20.83,0.050000000000000044,True,False
2768,18,20.819999999999997,0.050000000000000044,True,False
2769,17,20.83,0.050000000000000044,True,False
2770,19,20.81,0.050000000000000044,True,False
2771,17,20.83,0.050000000000000044,True,False
2772,21,20.79,0.050000000000000044,True,False
2773,19,20.81,0.050000000000000044,True,False
2774,17,20.83,0.050000000000000044,True,False
2775,17,20.83,0.050000000000000044,True,False
2776,17,20.83,0.050000000000000044,True,False
2777,17,20.83,0.050000000000000044,True,False
2778,17,20.83,0.050000000000000044,True,False
2779,17,20.83,0.050000000000000044,True,False
2780,17,20.83,0.050000000000000044,True,False
2781,17,20.83,0.050000000000000044,True,False
2782,17,20.83,0.050000000000000044,True,False
2783,19,20.81,0.050000000000000044,True,False
2784,17,20.83,0.050000000000000044,True,False
2785,14,-1.13,0.050000000000000044,False,True
2786,12,-1.1099999999999999,0.050000000000000044,False,True
2787,17,20.83,0.050000000000000044,True,False
2788,17,20.83,0.050000000000000044,True,False
2789,17,20.83,0.050000000000000044,True,False
2790,19,20.81,0.050000000000000044,True,False
2791,17,20.83,0.050000000000000044,True,False
2792,17,20.83,0.050000000000000044,True,False
2793,17,20.83,0.050000000000000044,True,False
2794,17,20.83,0.050000000000000044,True,False
2795,19,20.81,0.050000000000000044,True,False
2796,17,20.83,0.050000000000000044,True,False
2797,10,-1.09,0.050000000000000044,False,True
2798,18,20.819999999999997,0.050000000000000044,True,False
2799,17,20.83,0.050000000000000044,True,False
2800,18,20.819999999999997,0.050000000000000044,True,False
2801,17,20.83,0.050000000000000044,True,False
2802,17,20.83,0.050000000000000044,True,False
2803,17,20.83,0.050000000000000044,True,False
2804,18,20.819999999999997,0.050000000000000044,True,False
2805,8,-1.07,0.050000000000000044,False,True
2806,17,20.83,0.050000000000000044,True,False
2807,20,20.799999999999997,0.050000000000000044,True,False
2808,17,20.83,0.050000000000000044,True,False
2809,17,20.83,0.050000000000000044,True,False
2810,17,20.83,0.050000000000000044,True,False
2811,17,20.83,0.050000000000000044,True,False
2812,17,20.83,0.050000000000000044,True,False
2813,19,20.81,0.050000000000000044,True,False
2814,18,20.819999999999997,0.050000000000000044,True,False
2815,21,20.79,0.050000000000000044,True,False
2816,18,20.819999999999997,0.050000000000000044,True,False
2817,19,20.81,0.050000000000000044,True,False
2818,17,20.83,0.050000000000000044,True,False
2819,19,20.81,0.050000000000000044,True,False
2820,17,20.83,0.050000000000000044,True,False
2821,17,20.83,0.050000000000000044,True,False
2822,17,20.83,0.050000000000000044,True,False
2823,17,20.83,0.050000000000000044,True,False
2824,17,20.83,0.050000000000000044,True,False
2825,18,20.819999999999997,0.050000000000000044,True,False
2826,18,20.819999999999997,0.050000000000000044,True,False
2827,20,20.799999999999997,0.050000000000000044,True,False
2828,19,20.81,0.050000000000000044,True,False
2829,18,20.819999999999997,0.050000000000000044,True,False
2830,17,20.83,0.050000000000000044,True,False
2831,17,20.83,0.050000000000000044,True,False
2832,17,20.83,0.050000000000000044,True,False
2833,17,20.83,0.050000000000000044,True,False
2834,17,20.83,0.050000000000000044,True,False
2835,17,20.83,0.050000000000000044,True,False
2836,21,20.79,0.050000000000000044,True,False
2837,17,20.83,0.050000000000000044,True,False
2838,17,20.83,0.050000000000000044,True,False
2839,19,20.81,0.050000000000000044,True,False
2840,17,20.83,0.050000000000000044,True,False
2841,17,20.83,0.050000000000000044,True,False
2842,17,20.83,0.050000000000000044,True,False
2843,17,20.83,0.050000000000000044,True,False
2844,17,20.83,0.050000000000000044,True,False
2845,19,20.81,0.050000000000000044,True,False
2846,17,20.83,0.050000000000000044,True,False
2847,17,20.83,0.050000000000000044,True,False
2848,21,20.79,0.050000000000000044,True,False
2849,19,20.81,0.050000000000000044,True,False
2850,19,20.81,0.050000000000000044,True,False
2851,19,20.81,0.050000000000000044,True,False
2852,17,20.83,0.050000000000000044,True,False
2853,18,20.819999999999997,0.050000000000000044,True,False
2854,19,20.81,0.050000000000000044,True,False
2855,19,20.81,0.050000000000000044,True,False
2856,17,20.83,0.050000000000000044,True,False
2857,17,20.83,0.050000000000000044,True,False
2858,17,20.83,0.050000000000000044,True,False
2859,18,20.819999999999997,0.050000000000000044,True,False
2860,19,20.81,0.050000000000000044,True,False
2861,17,20.83,0.050000000000000044,True,False
2862,17,20.83,0.050000000000000044,True,False
2863,19,20.81,0.050000000000000044,True,False
2864,17,20.83,0.050000000000000044,True,False
2865,17,20.83,0.050000000000000044,True,False
2866,17,20.83,0.050000000000000044,True,False
2867,18,20.819999999999997,0.050000000000000044,True,False
2868,17,20.83,0.050000000000000044,True,False
2869,17,20.83,0.050000000000000044,True,False
2870,17,20.83,0.050000000000000044,True,False
2871,23,20.77,0.050000000000000044,True,False
2872,19,20.81,0.050000000000000044,True,False
2873,17,20.83,0.050000000000000044,True,False
2874,17,20.83,0.050000000000000044,True,False
2875,19,20.81,0.050000000000000044,True,False
2876,17,20.83,0.050000000000000044,True,False
2877,18,20.819999999999997,0.050000000000000044,True,False
2878,18,20.819999999999997,0.050000000000000044,True,False
2879,10,-1.09,0.050000000000000044,False,True
2880,17,20.83,0.050000000000000044,True,False
2881,17,20.83,0.050000000000000044,True,False
2882,17,20.83,0.050000000000000044,True,False
2883,17,20.83,0.050000000000000044,True,False
2884,17,20.83,0.050000000000000044,True,False
2885,18,20.819999999999997,0.050000000000000044,True,False
2886,18,20.819999999999997,0.050000000000000044,True,False
2887,19,20.81,0.050000000000000044,True,False
2888,17,20.83,0.050000000000000044,True,False
2889,20,20.799999999999997,0.050000000000000044,True,False
2890,17,20.83,0.050000000000000044,True,False
2891,18,20.819999999999997,0.050000000000000044,True,False
2892,17,20.83,0.050000000000000044,True,False
2893,18,20.819999999999997,0.050000000000000044,True,False
2894,19,20.81,0.050000000000000044,True,False
2895,20,20.799999999999997,0.050000000000000044,True,False
2896,17,20.83,0.050000000000000044,True,False
2897,17,20.83,0.050000000000000044,True,False
2898,17,20.83,0.050000000000000044,True,False
2899,13,-1.1199999999999999,0.050000000000000044,False,True
2900,17,20.83,0.050000000000000044,True,False
2901,17,20.83,0.050000000000000044,True,False
2902,17,20.83,0.050000000000000044,True,False
2903,17,20.83,0.050000000000000044,True,False
2904,17,20.83,0.050000000000000044,True,False
2905,19,20.81,0.050000000000000044,True,False
2906,17,20.83,0.050000000000000044,True,False
2907,17,20.83,0.050000000000000044,True,False
2908,20,20.799999999999997,0.050000000000000044,True,False
2909,18,20.819999999999997,0.050000000000000044,True,False
2910,17,20.83,0.050000000000000044,True,False
2911,18,-1.17,0.050000000000000044,False,True
2912,19,20.81,0.050000000000000044,True,False
2913,17,20.83,0.050000000000000044,True,False
2914,17,20.83,0.050000000000000044,True,False
2915,17,20.83,0.050000000000000044,True,False
2916,19,20.81,0.050000000000000044,True,False
2917,17,20.83,0.050000000000000044,True,False
2918,17,20.83,0.050000000000000044,True,False
2919,19,20.81,0.050000000000000044,True,False
2920,17,20.83,0.050000000000000044,True,False
2921,20,20.799999999999997,0.050000000000000044,True,False
2922,19,20.81,0.050000000000000044,True,False
2923,19,20.81,0.050000000000000044,True,False
2924,17,20.83,0.050000000000000044,True,False
2925,19,20.81,0.050000000000000044,True,False
2926,18,20.819999999999997,0.050000000000000044,True,False
2927,21,20.79,0.050000000000000044,True,False
2928,17,20.83,0.050000000000000044,True,False
2929,17,20.83,0.050000000000000044,True,False
2930,19,20.81,0.050000000000000044,True,False
2931,20,20.799999999999997,0.050000000000000044,True,False
2932,19,20.81,0.050000000000000044,True,False
2933,19,20.81,0.050000000000000044,True,False
2934,17,20.83,0.050000000000000044,True,False
2935,17,20.83,0.050000000000000044,True,False
2936,17,20.83,0.050000000000000044,True,False
2937,17,20.83,0.050000000000000044,True,False
2938,17,20.83,0.050000000000000044,True,False
2939,21,20.79,0.050000000000000044,True,False
2940,17,20.83,0.050000000000000044,True,False
2941,19,20.81,0.050000000000000044,True,False
2942,17,20.83,0.050000000000000044,True,False
2943,17,20.83,0.050000000000000044,True,False
2944,17,20.83,0.050000000000000044,True,False
2945,17,20.83,0.050000000000000044,True,False
2946,17,20.83,0.050000000000000044,True,False
2947,17,20.83,0.050000000000000044,True,False
2948,17,20.83,0.050000000000000044,True,False
2949,21,20.79,0.050000000000000044,True,False
2950,10,-1.09,0.050000000000000044,False,True
2951,17,20.83,0.050000000000000044,True,False
2952,19,20.81,0.050000000000000044,True,False
2953,19,20.81,0.050000000000000044,True,False
2954,17,20.83,0.050000000000000044,True,False
2955,18,20.819999999999997,0.050000000000000044,True,False
2956,17,20.83,0.050000000000000044,True,False
2957,18,20.819999999999997,0.050000000000000044,True,False
2958,17,20.83,0.050000000000000044,True,False
2959,21,20.79,0.050000000000000044,True,False
2960,17,20.83,0.050000000000000044,True,False
2961,17,20.83,0.050000000000000044,True,False
2962,17,20.83,0.050000000000000044,True,False
2963,17,20.83,0.050000000000000044,True,False
2964,17,20.83,0.050000000000000044,True,False
2965,19,20.81,0.050000000000000044,True,False
2966,19,20.81,0.050000000000000044,True,False
2967,17,20.83,0.050000000000000044,True,False
2968,17,20.83,0.050000000000000044,True,False
2969,19,20.81,0.050000000000000044,True,False
2970,19,20.81,0.050000000000000044,True,False
2971,19,20.81,0.050000000000000044,True,False
2972,19,20.81,0.050000000000000044,True,False
2973,19,20.81,0.050000000000000044,True,False
2974,17,20.83,0.050000000000000044,True,False
2975,17,20.83,0.050000000000000044,True,False
2976,17,20.83,0.050000000000000044,True,False
2977,17,20.83,0.050000000000000044,True,False
2978,17,20.83,0.050000000000000044,True,False
2979,18,20.819999999999997,0.050000000000000044,True,False
2980,19,20.81,0.050000000000000044,True,False
2981,17,20.83,0.050000000000000044,True,False
2982,17,20.83,0.050000000000000044,True,False
2983,19,20.81,0.050000000000000044,True,False
2984,17,20.83,0.050000000000000044,True,False
2985,17,20.83,0.050000000000000044,True,False
2986,21,20.79,0.050000000000000044,True,False
2987,19,20.81,0.050000000000000044,True,False
2988,23,20.77,0.050000000000000044,True,False
2989,17,20.83,0.050000000000000044,True,False
2990,17,20.83,0.050000000000000044,True,False
2991,20,20.799999999999997,0.050000000000000044,True,False
2992,17,20.83,0.050000000000000044,True,False
2993,18,20.819999999999997,0.050000000000000044,True,False
2994,17,20.83,0.050000000000000044,True,False
2995,17,20.83,0.050000000000000044,True,False
2996,17,20.83,0.050000000000000044,True,False
2997,17,20.83,0.050000000000000044,True,False
2998,17,20.83,0.050000000000000044,True,False
2999,19,20.81,0.050000000000000044,True,False
3000,17,20.83,0.050000000000000044,True,False
