episode,steps,totalReward,epsilon,completed,died
1,400,-1.9999999999999993,1.0,False,False
2,400,-2.9999999999999623,0.9996481481481482,False,False
3,400,-2.999999999999959,0.9992962962962963,False,False
4,400,-2.999999999999981,0.9989444444444444,False,False
5,400,-1.0000000000000027,0.9985925925925926,False,False
6,400,-2.9999999999999805,0.9982407407407408,False,False
7,400,-2.999999999999981,0.9978888888888889,False,False
8,400,-2.000000000000003,0.997537037037037,False,False
9,400,-2.999999999999969,0.9971851851851852,False,False
10,400,-2.0000000000000027,0.9968333333333333,False,False
11,400,-2.0000000000000027,0.9964814814814815,False,False
12,400,-2.0000000000000027,0.9961296296296296,False,False
13,400,-2.9999999999999734,0.9957777777777778,False,False
14,400,-3.9999999999999587,0.9954259259259259,False,False
15,400,-3.9999999999999587,0.9950740740740741,False,False
16,400,-1.9999999999999913,0.9947222222222222,False,False
17,400,-3.9999999999999587,0.9943703703703703,False,False
18,400,-2.999999999999959,0.9940185185185185,False,False
19,400,-2.9999999999999805,0.9936666666666667,False,False
20,400,-1.999999999999998,0.9933148148148148,False,False
21,400,-2.9999999999999605,0.9929629629629629,False,False
22,400,-2.000000000000003,0.9926111111111111,False,False
23,400,-1.9999999999999734,0.9922592592592593,False,False
24,400,-2.000000000000003,0.9919074074074075,False,False
25,400,-1.999999999999984,0.9915555555555555,False,False
26,400,-3.9999999999999587,0.9912037037037037,False,False
27,400,-2.999999999999959,0.9908518518518519,False,False
28,400,-2.999999999999975,0.9905,False,False
29,400,-2.999999999999959,0.9901481481481481,False,False
30,400,-2.9999999999999805,0.9897962962962963,False,False
31,400,-2.99999999999998,0.9894444444444445,False,False
32,400,-2.999999999999981,0.9890925925925926,False,False
33,400,-2.999999999999981,0.9887407407407407,False,False
34,400,-3.9999999999999587,0.9883888888888889,False,False
35,400,-2.999999999999981,0.988037037037037,False,False
36,400,-2.9999999999999805,0.9876851851851852,False,False
37,400,-1.9999999999999911,0.9873333333333333,False,False
38,400,-2.999999999999981,0.9869814814814815,False,False
39,400,-3.9999999999999587,0.9866296296296296,False,False
40,400,-2.0000000000000027,0.9862777777777778,False,False
41,400,-3.9999999999999587,0.9859259259259259,False,False
42,400,-2.999999999999981,0.985574074074074,False,False
43,400,-2.999999999999981,0.9852222222222222,False,False
44,400,-2.9999999999999805,0.9848703703703704,False,False
45,400,-2.9999999999999805,0.9845185185185186,False,False
46,400,-2.999999999999981,0.9841666666666666,False,False
47,400,-1.9999999999999922,0.9838148148148148,False,False
48,400,-2.000000000000003,0.983462962962963,False,False
49,400,-2.999999999999981,0.9831111111111112,False,False
50,400,-3.9999999999999587,0.9827592592592592,False,False
51,400,-2.9999999999999805,0.9824074074074074,False,False
52,400,-2.000000000000003,0.9820555555555556,False,False
53,400,-2.999999999999981,0.9817037037037037,False,False
54,400,-2.999999999999981,0.9813518518518518,False,False
55,400,-2.999999999999959,0.981,False,False
56,400,-0.9999999999999849,0.9806481481481482,False,False
57,400,-2.999999999999981,0.9802962962962963,False,False
58,400,-2.0000000000000027,0.9799444444444444,False,False
59,400,-1.9999999999999687,0.9795925925925926,False,False
60,400,-3.9999999999999587,0.9792407407407407,False,False
61,400,-3.9999999999999587,0.9788888888888889,False,False
62,400,-2.999999999999981,0.978537037037037,False,False
63,400,-2.999999999999981,0.9781851851851852,False,False
64,400,-2.0000000000000027,0.9778333333333333,False,False
65,400,-2.0000000000000027,0.9774814814814815,False,False
66,400,-2.9999999999999805,0.9771296296296297,False,False
67,400,-2.999999999999981,0.9767777777777777,False,False
68,400,-2.999999999999981,0.9764259259259259,False,False
69,400,-2.0000000000000027,0.9760740740740741,False,False
70,400,-2.999999999999967,0.9757222222222223,False,False
71,400,-1.9999999999999918,0.9753703703703703,False,False
72,400,-3.9999999999999587,0.9750185185185185,False,False
73,400,-2.999999999999981,0.9746666666666667,False,False
74,400,-2.000000000000003,0.9743148148148149,False,False
75,400,-2.000000000000003,0.9739629629629629,False,False
76,400,-2.999999999999981,0.9736111111111111,False,False
77,400,-2.0000000000000013,0.9732592592592593,False,False
78,400,-2.999999999999981,0.9729074074074074,False,False
79,400,-1.9999999999999891,0.9725555555555555,False,False
80,400,-2.9999999999999805,0.9722037037037037,False,False
81,400,-3.9999999999999587,0.9718518518518519,False,False
82,400,-2.999999999999981,0.9715,False,False
83,400,-2.0000000000000027,0.9711481481481481,False,False
84,400,-2.999999999999959,0.9707962962962963,False,False
85,400,-2.0000000000000027,0.9704444444444444,False,False
86,400,-2.0000000000000027,0.9700925925925926,False,False
87,400,-2.0000000000000027,0.9697407407407408,False,False
88,400,-2.0000000000000027,0.9693888888888889,False,False
89,400,-2.999999999999981,0.969037037037037,False,False
90,400,-2.9999999999999805,0.9686851851851852,False,False
91,400,-2.0000000000000027,0.9683333333333334,False,False
92,400,-2.999999999999959,0.9679814814814814,False,False
93,400,-2.999999999999981,0.9676296296296296,False,False
94,400,-2.0000000000000027,0.9672777777777778,False,False
95,400,-2.999999999999981,0.966925925925926,False,False
96,400,-2.9999999999999805,0.966574074074074,False,False
97,400,-2.000000000000003,0.9662222222222222,False,False
98,400,-2.999999999999981,0.9658703703703704,False,False
99,400,-1.9999999999999607,0.9655185185185186,False,False
100,400,-2.999999999999981,0.9651666666666666,False,False
101,400,-3.9999999999999587,0.9648148148148148,False,False
102,400,-2.9999999999999747,0.964462962962963,False,False
103,400,-3.9999999999999587,0.9641111111111111,False,False
104,400,-2.000000000000003,0.9637592592592592,False,False
105,400,-2.9999999999999805,0.9634074074074074,False,False
106,400,-2.0000000000000027,0.9630555555555556,False,False
107,400,-3.9999999999999587,0.9627037037037037,False,False
108,400,-2.0000000000000027,0.9623518518518519,False,False
109,400,-2.0000000000000027,0.962,False,False
110,400,-2.9999999999999747,0.9616481481481481,False,False
111,400,-2.0000000000000027,0.9612962962962963,False,False
112,400,-2.9999999999999805,0.9609444444444445,False,False
113,400,-2.0000000000000027,0.9605925925925926,False,False
114,400,-2.0000000000000027,0.9602407407407407,False,False
115,400,-2.99999999999996,0.9598888888888889,False,False
116,400,-2.999999999999981,0.9595370370370371,False,False
117,400,-2.9999999999999805,0.9591851851851851,False,False
118,400,-2.999999999999981,0.9588333333333333,False,False
119,400,-2.0000000000000027,0.9584814814814815,False,False
120,400,-2.9999999999999805,0.9581296296296297,False,False
121,400,-2.0000000000000027,0.9577777777777777,False,False
122,400,-2.0000000000000027,0.9574259259259259,False,False
123,400,-2.999999999999981,0.9570740740740741,False,False
124,400,-1.9999999999999925,0.9567222222222223,False,False
125,400,-2.0000000000000027,0.9563703703703703,False,False
126,400,-3.9999999999999587,0.9560185185185185,False,False
127,400,-2.0000000000000027,0.9556666666666667,False,False
128,400,-3.9999999999999587,0.9553148148148148,False,False
129,400,-2.9999999999999805,0.954962962962963,False,False
130,400,-2.000000000000003,0.9546111111111111,False,False
131,400,-1.999999999999973,0.9542592592592593,False,False
132,400,-2.000000000000003,0.9539074074074074,False,False
133,400,-2.999999999999981,0.9535555555555556,False,False
134,400,-2.9999999999999805,0.9532037037037037,False,False
135,400,-2.999999999999968,0.9528518518518518,False,False
136,400,-2.999999999999981,0.9525,False,False
137,400,-1.9999999999999956,0.9521481481481482,False,False
138,400,-2.0000000000000027,0.9517962962962963,False,False
139,400,-2.9999999999999805,0.9514444444444444,False,False
140,400,-2.0000000000000027,0.9510925925925926,False,False
141,400,-1.9999999999999887,0.9507407407407408,False,False
142,400,-2.999999999999981,0.9503888888888888,False,False
143,400,-2.0,0.950037037037037,False,False
144,400,-2.999999999999959,0.9496851851851852,False,False
145,400,-2.9999999999999805,0.9493333333333334,False,False
146,400,-2.999999999999981,0.9489814814814814,False,False
147,400,-2.000000000000003,0.9486296296296296,False,False
148,400,-2.0000000000000027,0.9482777777777778,False,False
149,400,-2.999999999999959,0.947925925925926,False,False
150,400,-2.0000000000000027,0.9475740740740741,False,False
151,400,-3.9999999999999587,0.9472222222222222,False,False
152,400,-2.999999999999981,0.9468703703703704,False,False
153,400,-2.999999999999981,0.9465185185185185,False,False
154,400,-2.999999999999981,0.9461666666666667,False,False
155,400,-3.9999999999999587,0.9458148148148148,False,False
156,400,-1.999999999999996,0.945462962962963,False,False
157,400,-2.000000000000003,0.9451111111111111,False,False
158,400,-2.9999999999999805,0.9447592592592593,False,False
159,400,-2.0000000000000027,0.9444074074074074,False,False
160,400,-2.0000000000000027,0.9440555555555555,False,False
161,400,-2.0000000000000027,0.9437037037037037,False,False
162,400,-1.9999999999999878,0.9433518518518519,False,False
163,400,-2.0000000000000027,0.9430000000000001,False,False
164,400,-2.000000000000003,0.9426481481481481,False,False
165,400,-3.9999999999999587,0.9422962962962963,False,False
166,400,-2.000000000000003,0.9419444444444445,False,False
167,400,-3.9999999999999587,0.9415925925925925,False,False
168,400,-2.0000000000000027,0.9412407407407407,False,False
169,400,-2.9999999999999636,0.9408888888888889,False,False
170,400,-2.0000000000000027,0.9405370370370371,False,False
171,400,-2.0000000000000027,0.9401851851851852,False,False
172,400,-1.9999999999999634,0.9398333333333333,False,False
173,400,-1.9999999999999813,0.9394814814814815,False,False
174,400,-2.999999999999981,0.9391296296296296,False,False
175,400,-2.0000000000000027,0.9387777777777778,False,False
176,400,-1.9999999999999853,0.9384259259259259,False,False
177,400,-2.0000000000000027,0.9380740740740741,False,False
178,400,-2.999999999999981,0.9377222222222222,False,False
179,400,-2.9999999999999725,0.9373703703703704,False,False
180,400,-2.0000000000000027,0.9370185185185185,False,False
181,400,-2.0000000000000027,0.9366666666666666,False,False
182,400,-1.9999999999999885,0.9363148148148148,False,False
183,400,-2.999999999999981,0.935962962962963,False,False
184,400,-2.9999999999999805,0.9356111111111111,False,False
185,400,-1.9999999999999856,0.9352592592592592,False,False
186,400,-2.9999999999999805,0.9349074074074074,False,False
187,400,-2.0000000000000027,0.9345555555555556,False,False
188,400,-2.0000000000000027,0.9342037037037036,False,False
189,400,-2.0000000000000027,0.9338518518518518,False,False
190,400,-2.0000000000000027,0.9335,False,False
191,400,-2.0000000000000027,0.9331481481481482,False,False
192,400,-1.9999999999999998,0.9327962962962963,False,False
193,400,-2.999999999999959,0.9324444444444444,False,False
194,400,-2.000000000000003,0.9320925925925926,False,False
195,400,-2.999999999999963,0.9317407407407408,False,False
196,400,-2.999999999999959,0.9313888888888889,False,False
197,400,-2.0000000000000027,0.931037037037037,False,False
198,400,-2.0000000000000027,0.9306851851851852,False,False
199,400,-2.0000000000000027,0.9303333333333333,False,False
200,400,-2.0000000000000013,0.9299814814814815,False,False
201,400,-2.9999999999999805,0.9296296296296296,False,False
202,400,-2.9999999999999805,0.9292777777777778,False,False
203,400,-3.9999999999999587,0.9289259259259259,False,False
204,400,-2.999999999999959,0.9285740740740741,False,False
205,400,-2.0000000000000027,0.9282222222222223,False,False
206,400,-2.999999999999981,0.9278703703703703,False,False
207,400,-2.999999999999981,0.9275185185185185,False,False
208,400,-2.9999999999999805,0.9271666666666667,False,False
209,400,-2.000000000000003,0.9268148148148148,False,False
210,400,-1.9999999999999873,0.9264629629629629,False,False
211,400,-0.999999999999986,0.9261111111111111,False,False
212,400,-2.999999999999981,0.9257592592592593,False,False
213,400,-1.9999999999999847,0.9254074074074075,False,False
214,400,-2.9999999999999805,0.9250555555555555,False,False
215,400,-2.0000000000000027,0.9247037037037037,False,False
216,400,-2.000000000000003,0.9243518518518519,False,False
217,400,-2.0000000000000027,0.924,False,False
218,400,-2.999999999999981,0.9236481481481481,False,False
219,400,-3.9999999999999587,0.9232962962962963,False,False
220,400,-2.999999999999981,0.9229444444444445,False,False
221,400,-1.999999999999985,0.9225925925925926,False,False
222,400,-2.0000000000000027,0.9222407407407407,False,False
223,400,-2.0000000000000027,0.9218888888888889,False,False
224,400,-2.0000000000000027,0.921537037037037,False,False
225,400,-2.999999999999959,0.9211851851851852,False,False
226,400,-2.9999999999999782,0.9208333333333334,False,False
227,400,-1.9999999999999878,0.9204814814814815,False,False
228,400,-2.0000000000000027,0.9201296296296296,False,False
229,400,-1.999999999999997,0.9197777777777778,False,False
230,400,-2.0000000000000027,0.9194259259259259,False,False
231,400,-2.0000000000000027,0.919074074074074,False,False
232,400,-2.0000000000000027,0.9187222222222222,False,False
233,400,-2.999999999999981,0.9183703703703704,False,False
234,400,-2.000000000000003,0.9180185185185186,False,False
235,400,-2.000000000000003,0.9176666666666666,False,False
236,400,-2.999999999999981,0.9173148148148148,False,False
237,400,-1.999999999999991,0.916962962962963,False,False
238,248,1.5199999999999985,0.9166111111111112,True,False
239,400,-1.9999999999999976,0.9162592592592593,False,False
240,400,-2.0000000000000027,0.9159074074074074,False,False
241,400,-2.0000000000000027,0.9155555555555556,False,False
242,400,-1.9999999999999953,0.9152037037037037,False,False
243,400,-2.0000000000000027,0.9148518518518518,False,False
244,400,-2.0000000000000027,0.9145,False,False
245,400,-2.0000000000000027,0.9141481481481482,False,False
246,400,-2.9999999999999805,0.9137962962962963,False,False
247,400,-2.0000000000000018,0.9134444444444445,False,False
248,400,-2.000000000000003,0.9130925925925926,False,False
249,400,-2.000000000000003,0.9127407407407407,False,False
250,400,-2.0000000000000027,0.9123888888888889,False,False
251,400,-2.0000000000000027,0.9120370370370371,False,False
252,400,-2.9999999999999805,0.9116851851851852,False,False
253,372,0.27999999999999736,0.9113333333333333,True,False
254,400,-2.0000000000000027,0.9109814814814815,False,False
255,400,-1.000000000000002,0.9106296296296297,False,False
256,400,-2.0000000000000027,0.9102777777777777,False,False
257,400,-1.9999999999999911,0.9099259259259259,False,False
258,400,-1.0000000000000027,0.9095740740740741,False,False
259,400,-2.0000000000000027,0.9092222222222223,False,False
260,400,-2.0000000000000027,0.9088703703703703,False,False
261,400,-2.999999999999981,0.9085185185185185,False,False
262,400,-1.9999999999999907,0.9081666666666667,False,False
263,400,-2.9999999999999805,0.9078148148148149,False,False
264,400,-1.9999999999999805,0.9074629629629629,False,False
265,400,-2.999999999999981,0.9071111111111111,False,False
266,400,-2.0000000000000027,0.9067592592592593,False,False
267,400,-2.0000000000000027,0.9064074074074074,False,False
268,400,-2.999999999999981,0.9060555555555556,False,False
269,400,-2.999999999999959,0.9057037037037037,False,False
270,400,-2.0000000000000027,0.9053518518518519,False,False
271,400,-1.9999999999999825,0.905,False,False
272,400,-2.000000000000003,0.9046481481481481,False,False
273,400,-2.9999999999999805,0.9042962962962963,False,False
274,400,-2.0000000000000027,0.9039444444444444,False,False
275,400,-2.000000000000003,0.9035925925925926,False,False
276,400,-2.999999999999981,0.9032407407407408,False,False
277,389,0.10999999999999743,0.9028888888888889,True,False
278,400,-2.0000000000000027,0.902537037037037,False,False
279,400,-2.0000000000000027,0.9021851851851852,False,False
280,400,-2.0000000000000027,0.9018333333333334,False,False
281,400,-2.0000000000000027,0.9014814814814816,False,False
282,400,-2.0000000000000027,0.9011296296296296,False,False
283,400,-2.000000000000003,0.9007777777777778,False,False
284,400,-2.9999999999999805,0.900425925925926,False,False
285,400,-2.0000000000000027,0.900074074074074,False,False
286,400,-2.0000000000000027,0.8997222222222222,False,False
287,400,-2.0000000000000027,0.8993703703703704,False,False
288,400,-2.0000000000000027,0.8990185185185186,False,False
289,400,-1.9999999999999947,0.8986666666666667,False,False
290,400,-2.0000000000000027,0.8983148148148148,False,False
291,400,-2.999999999999981,0.897962962962963,False,False
292,400,-2.000000000000003,0.8976111111111111,False,False
293,400,-1.999999999999984,0.8972592592592593,False,False
294,339,0.6099999999999979,0.8969074074074074,True,False
295,400,-2.0000000000000027,0.8965555555555556,False,False
296,400,-2.9999999999999805,0.8962037037037037,False,False
297,400,-1.9999999999999862,0.8958518518518519,False,False
298,400,-2.0000000000000027,0.8955,False,False
299,400,-2.000000000000003,0.8951481481481481,False,False
300,400,-2.0000000000000027,0.8947962962962963,False,False
301,400,-2.0000000000000027,0.8944444444444445,False,False
302,400,-2.0000000000000027,0.8940925925925925,False,False
303,400,-2.0000000000000027,0.8937407407407407,False,False
304,400,-2.999999999999981,0.8933888888888889,False,False
305,400,-2.0000000000000027,0.8930370370370371,False,False
306,356,0.4399999999999975,0.8926851851851851,True,False
307,400,-2.000000000000003,0.8923333333333333,False,False
308,400,-2.0000000000000027,0.8919814814814815,False,False
309,361,0.3899999999999977,0.8916296296296297,True,False
310,400,-2.0000000000000027,0.8912777777777778,False,False
311,400,-2.000000000000003,0.8909259259259259,False,False
312,400,-2.0000000000000027,0.8905740740740741,False,False
313,400,-2.0000000000000027,0.8902222222222222,False,False
314,400,-2.0000000000000027,0.8898703703703703,False,False
315,400,-2.999999999999959,0.8895185185185185,False,False
316,400,-2.0000000000000027,0.8891666666666667,False,False
317,400,-1.9999999999999998,0.8888148148148148,False,False
318,400,-2.0000000000000018,0.888462962962963,False,False
319,400,-2.000000000000003,0.8881111111111111,False,False
320,277,1.2299999999999982,0.8877592592592592,True,False
321,400,-1.9999999999999867,0.8874074074074074,False,False
322,400,-1.9999999999999982,0.8870555555555556,False,False
323,400,-2.0000000000000027,0.8867037037037037,False,False
324,400,-2.0000000000000027,0.8863518518518518,False,False
325,400,-2.0000000000000027,0.886,False,False
326,400,-2.0000000000000027,0.8856481481481482,False,False
327,347,0.5299999999999976,0.8852962962962962,True,False
328,400,-2.0000000000000027,0.8849444444444444,False,False
329,400,-2.0000000000000027,0.8845925925925926,False,False
330,182,2.179999999999999,0.8842407407407408,True,False
331,400,-2.0000000000000027,0.883888888888889,False,False
332,400,-2.0000000000000027,0.883537037037037,False,False
333,400,-2.0000000000000027,0.8831851851851852,False,False
334,400,-2.999999999999981,0.8828333333333334,False,False
335,400,-2.0,0.8824814814814815,False,False
336,400,-2.000000000000003,0.8821296296296296,False,False
337,400,-2.0000000000000027,0.8817777777777778,False,False
338,400,-2.0000000000000027,0.881425925925926,False,False
339,400,-2.0000000000000027,0.8810740740740741,False,False
340,400,-2.9999999999999805,0.8807222222222222,False,False
341,400,-2.0000000000000027,0.8803703703703704,False,False
342,400,-2.000000000000003,0.8800185185185185,False,False
343,400,-2.0000000000000027,0.8796666666666667,False,False
344,400,-2.0000000000000027,0.8793148148148149,False,False
345,400,-2.0000000000000027,0.878962962962963,False,False
346,400,-2.0000000000000027,0.8786111111111111,False,False
347,400,-2.0000000000000027,0.8782592592592593,False,False
348,400,-2.0000000000000027,0.8779074074074074,False,False
349,400,-2.0000000000000027,0.8775555555555555,False,False
350,400,-2.000000000000003,0.8772037037037037,False,False
351,400,-2.9999999999999662,0.8768518518518519,False,False
352,400,-2.000000000000003,0.8765000000000001,False,False
353,400,-2.0000000000000027,0.8761481481481481,False,False
354,400,-2.0000000000000027,0.8757962962962963,False,False
355,400,-2.0000000000000027,0.8754444444444445,False,False
356,400,-2.0000000000000027,0.8750925925925926,False,False
357,400,-2.0000000000000027,0.8747407407407407,False,False
358,400,-1.999999999999988,0.8743888888888889,False,False
359,400,-2.000000000000003,0.8740370370370371,False,False
360,400,-2.0000000000000027,0.8736851851851852,False,False
361,400,-2.0000000000000027,0.8733333333333333,False,False
362,400,-2.0000000000000027,0.8729814814814815,False,False
363,400,-2.0000000000000027,0.8726296296296296,False,False
364,400,-2.0000000000000027,0.8722777777777778,False,False
365,400,-1.9999999999999694,0.871925925925926,False,False
366,333,0.6699999999999977,0.8715740740740741,True,False
367,400,-2.0000000000000027,0.8712222222222222,False,False
368,400,-2.0000000000000027,0.8708703703703704,False,False
369,245,1.5499999999999985,0.8705185185185185,True,False
370,400,-2.0000000000000027,0.8701666666666666,False,False
371,400,-2.0000000000000027,0.8698148148148148,False,False
372,400,-2.0000000000000027,0.869462962962963,False,False
373,400,-2.0000000000000027,0.8691111111111112,False,False
374,400,-2.0000000000000027,0.8687592592592592,False,False
375,400,-2.0000000000000027,0.8684074074074074,False,False
376,353,0.46999999999999775,0.8680555555555556,True,False
377,400,-2.0000000000000027,0.8677037037037038,False,False
378,400,-2.0000000000000027,0.8673518518518518,False,False
379,400,-2.0000000000000027,0.867,False,False
380,400,-2.000000000000003,0.8666481481481482,False,False
381,400,-2.0000000000000027,0.8662962962962963,False,False
382,400,-2.0000000000000027,0.8659444444444444,False,False
383,323,0.7699999999999978,0.8655925925925926,True,False
384,263,1.3699999999999983,0.8652407407407408,True,False
385,400,-1.9999999999999984,0.8648888888888889,False,False
386,283,1.1699999999999982,0.864537037037037,True,False
387,400,-2.0000000000000027,0.8641851851851852,False,False
388,400,-2.0000000000000027,0.8638333333333333,False,False
389,259,1.4099999999999984,0.8634814814814815,True,False
390,400,-2.0000000000000027,0.8631296296296296,False,False
391,400,-2.000000000000003,0.8627777777777779,False,False
392,400,-2.0000000000000027,0.8624259259259259,False,False
393,400,-2.0000000000000027,0.8620740740740741,False,False
394,400,-2.0000000000000027,0.8617222222222223,False,False
395,400,-2.0000000000000027,0.8613703703703703,False,False
396,400,-2.0000000000000027,0.8610185185185185,False,False
397,400,-2.0000000000000027,0.8606666666666667,False,False
398,365,0.3499999999999974,0.8603148148148148,True,False
399,400,-2.0000000000000027,0.859962962962963,False,False
400,400,-2.0000000000000027,0.8596111111111111,False,False
401,380,0.1999999999999973,0.8592592592592593,True,False
402,305,0.949999999999998,0.8589074074074075,True,False
403,400,-2.0000000000000027,0.8585555555555555,False,False
404,400,-1.9999999999999911,0.8582037037037037,False,False
405,400,-2.0000000000000027,0.8578518518518519,False,False
406,343,0.5699999999999976,0.8575,True,False
407,400,-2.000000000000003,0.8571481481481482,False,False
408,400,-2.0000000000000027,0.8567962962962963,False,False
409,330,0.699999999999998,0.8564444444444445,True,False
410,400,-2.0000000000000027,0.8560925925925926,False,False
411,400,-2.999999999999981,0.8557407407407407,False,False
412,400,-2.0000000000000027,0.8553888888888889,False,False
413,295,1.049999999999998,0.855037037037037,True,False
414,400,-2.000000000000003,0.8546851851851852,False,False
415,400,-2.0000000000000027,0.8543333333333334,False,False
416,400,-2.0000000000000027,0.8539814814814815,False,False
417,400,-2.0000000000000027,0.8536296296296296,False,False
418,400,-2.0000000000000027,0.8532777777777778,False,False
419,400,-2.0000000000000018,0.8529259259259259,False,False
420,305,0.9499999999999982,0.8525740740740742,True,False
421,400,-2.000000000000003,0.8522222222222222,False,False
422,400,-2.0000000000000027,0.8518703703703704,False,False
423,366,0.33999999999999764,0.8515185185185186,True,False
424,395,0.04999999999999738,0.8511666666666666,True,False
425,321,0.7899999999999974,0.8508148148148148,True,False
426,400,-2.0000000000000027,0.850462962962963,False,False
427,394,0.05999999999999739,0.8501111111111112,True,False
428,400,-2.0000000000000027,0.8497592592592593,False,False
429,354,0.4599999999999975,0.8494074074074074,True,False
430,400,-2.0000000000000027,0.8490555555555556,False,False
431,400,-2.0000000000000027,0.8487037037037037,False,False
432,400,-2.0000000000000027,0.8483518518518518,False,False
433,400,-2.0000000000000027,0.848,False,False
434,252,1.4799999999999982,0.8476481481481482,True,False
435,378,0.21999999999999753,0.8472962962962963,True,False
436,362,0.37999999999999745,0.8469444444444445,True,False
437,371,0.28999999999999737,0.8465925925925926,True,False
438,400,-2.0000000000000027,0.8462407407407407,False,False
439,400,-2.0000000000000027,0.8458888888888889,False,False
440,291,1.089999999999998,0.845537037037037,True,False
441,400,-2.0000000000000027,0.8451851851851852,False,False
442,400,-2.0000000000000027,0.8448333333333333,False,False
443,400,-2.000000000000003,0.8444814814814815,False,False
444,397,0.029999999999997362,0.8441296296296297,True,False
445,400,-2.0000000000000027,0.8437777777777777,False,False
446,400,-2.0000000000000027,0.8434259259259259,False,False
447,400,-2.0000000000000027,0.8430740740740741,False,False
448,400,-2.0000000000000027,0.8427222222222222,False,False
449,312,0.8799999999999979,0.8423703703703704,True,False
450,400,-2.0000000000000027,0.8420185185185185,False,False
451,346,0.5399999999999978,0.8416666666666667,True,False
452,400,-2.0000000000000027,0.8413148148148148,False,False
453,400,-2.0000000000000027,0.840962962962963,False,False
454,391,0.08999999999999742,0.8406111111111111,True,False
455,400,-2.0000000000000027,0.8402592592592593,False,False
456,400,-2.000000000000003,0.8399074074074074,False,False
457,304,0.959999999999998,0.8395555555555556,True,False
458,400,-2.0000000000000027,0.8392037037037037,False,False
459,400,-2.0000000000000027,0.8388518518518518,False,False
460,386,0.13999999999999746,0.8385,True,False
461,367,0.32999999999999763,0.8381481481481482,True,False
462,335,0.6499999999999977,0.8377962962962963,True,False
463,351,0.48999999999999777,0.8374444444444444,True,False
464,400,-2.000000000000003,0.8370925925925926,False,False
465,267,1.3299999999999983,0.8367407407407408,True,False
466,347,0.5299999999999976,0.8363888888888888,True,False
467,163,2.3699999999999988,0.836037037037037,True,False
468,319,0.809999999999998,0.8356851851851852,True,False
469,295,1.049999999999998,0.8353333333333334,True,False
470,400,-2.0000000000000027,0.8349814814814815,False,False
471,400,-2.0000000000000027,0.8346296296296296,False,False
472,217,1.8299999999999985,0.8342777777777778,True,False
473,400,-2.0000000000000027,0.833925925925926,False,False
474,399,0.009999999999997122,0.833574074074074,True,False
475,216,1.8399999999999983,0.8332222222222222,True,False
476,400,-2.0000000000000027,0.8328703703703704,False,False
477,358,0.4200000000000004,0.8325185185185185,True,False
478,400,-2.0000000000000027,0.8321666666666667,False,False
479,400,-2.0000000000000027,0.8318148148148148,False,False
480,284,1.1599999999999984,0.831462962962963,True,False
481,384,0.15999999999999748,0.8311111111111111,True,False
482,322,0.7799999999999978,0.8307592592592593,True,False
483,370,0.2999999999999976,0.8304074074074074,True,False
484,400,-2.0000000000000027,0.8300555555555555,False,False
485,337,0.6299999999999979,0.8297037037037037,True,False
486,313,0.8699999999999981,0.8293518518518519,True,False
487,400,-2.0000000000000027,0.829,False,False
488,371,0.2899999999999976,0.8286481481481481,True,False
489,400,-2.0000000000000027,0.8282962962962963,False,False
490,243,1.5699999999999983,0.8279444444444445,True,False
491,273,1.2699999999999982,0.8275925925925927,True,False
492,400,-2.0000000000000027,0.8272407407407407,False,False
493,164,2.3599999999999985,0.8268888888888889,True,False
494,400,-2.0000000000000027,0.8265370370370371,False,False
495,341,0.5899999999999979,0.8261851851851851,True,False
496,400,-2.0000000000000027,0.8258333333333334,False,False
497,372,0.27999999999999736,0.8254814814814815,True,False
498,400,-2.000000000000003,0.8251296296296297,False,False
499,340,0.5999999999999976,0.8247777777777778,True,False
500,400,-2.0000000000000027,0.8244259259259259,False,False
501,265,1.3499999999999983,0.8240740740740741,True,False
502,173,2.2699999999999987,0.8237222222222222,True,False
503,400,-2.0000000000000027,0.8233703703703703,False,False
504,400,-2.0000000000000027,0.8230185185185186,False,False
505,169,2.3099999999999987,0.8226666666666667,True,False
506,334,0.6599999999999977,0.8223148148148148,True,False
507,281,1.1899999999999982,0.821962962962963,True,False
508,400,-2.000000000000003,0.8216111111111111,False,False
509,400,-2.0000000000000027,0.8212592592592592,False,False
510,400,-2.0000000000000027,0.8209074074074074,False,False
511,331,0.689999999999998,0.8205555555555556,True,False
512,261,1.3899999999999983,0.8202037037037038,True,False
513,302,0.9799999999999982,0.8198518518518518,True,False
514,390,0.09999999999999698,0.8195,True,False
515,324,0.7599999999999978,0.8191481481481482,True,False
516,371,0.28999999999999737,0.8187962962962962,True,False
517,367,0.3299999999999974,0.8184444444444444,True,False
518,390,0.0999999999999972,0.8180925925925926,True,False
519,265,1.3499999999999983,0.8177407407407408,True,False
520,334,0.6599999999999979,0.8173888888888889,True,False
521,241,1.5899999999999985,0.817037037037037,True,False
522,354,0.45999999999999774,0.8166851851851852,True,False
523,321,0.789999999999998,0.8163333333333334,True,False
524,400,-2.0000000000000027,0.8159814814814814,False,False
525,217,1.8299999999999987,0.8156296296296297,True,False
526,400,-2.000000000000003,0.8152777777777778,False,False
527,400,-2.0000000000000027,0.8149259259259259,False,False
528,199,2.0099999999999985,0.8145740740740741,True,False
529,297,1.029999999999998,0.8142222222222222,True,False
530,226,1.7399999999999984,0.8138703703703704,True,False
531,256,1.4399999999999982,0.8135185185185185,True,False
532,392,0.07999999999999674,0.8131666666666667,True,False
533,400,-1.9999999999999845,0.8128148148148149,False,False
534,184,2.1599999999999984,0.8124629629629629,True,False
535,392,0.0799999999999974,0.8121111111111111,True,False
536,344,0.5599999999999978,0.8117592592592593,True,False
537,233,1.6699999999999984,0.8114074074074074,True,False
538,279,1.2099999999999982,0.8110555555555555,True,False
539,341,0.5899999999999976,0.8107037037037037,True,False
540,331,0.689999999999998,0.8103518518518519,True,False
541,283,1.1699999999999982,0.81,True,False
542,372,0.27999999999999714,0.8096481481481481,True,False
543,357,0.4299999999999975,0.8092962962962963,True,False
544,400,-2.0000000000000027,0.8089444444444445,False,False
545,338,0.6199999999999979,0.8085925925925926,True,False
546,400,-2.0000000000000027,0.8082407407407407,False,False
547,400,-2.0000000000000027,0.8078888888888889,False,False
548,391,0.08999999999999742,0.807537037037037,True,False
549,367,0.3299999999999972,0.8071851851851852,True,False
550,319,0.809999999999998,0.8068333333333333,True,False
551,400,-2.0000000000000027,0.8064814814814815,False,False
552,242,1.5799999999999983,0.8061296296296296,True,False
553,281,1.1899999999999982,0.8057777777777778,True,False
554,370,0.2999999999999974,0.805425925925926,True,False
555,289,1.1099999999999977,0.805074074074074,True,False
556,400,-2.0000000000000027,0.8047222222222222,False,False
557,400,-2.0000000000000027,0.8043703703703704,False,False
558,230,1.6999999999999984,0.8040185185185186,True,False
559,326,0.739999999999998,0.8036666666666666,True,False
560,365,0.3499999999999974,0.8033148148148148,True,False
561,285,1.1499999999999984,0.802962962962963,True,False
562,222,1.7799999999999985,0.8026111111111112,True,False
563,315,0.8499999999999979,0.8022592592592592,True,False
564,289,1.109999999999998,0.8019074074074074,True,False
565,282,1.1799999999999984,0.8015555555555556,True,False
566,337,0.6299999999999975,0.8012037037037038,True,False
567,227,1.7299999999999984,0.8008518518518518,True,False
568,400,-2.000000000000003,0.8005,False,False
569,270,1.2999999999999985,0.8001481481481482,True,False
570,250,1.4999999999999984,0.7997962962962963,True,False
571,400,-2.0000000000000027,0.7994444444444444,False,False
572,400,-2.0000000000000027,0.7990925925925926,False,False
573,347,0.5299999999999976,0.7987407407407408,True,False
574,243,1.569999999999998,0.7983888888888889,True,False
575,365,0.3499999999999974,0.7980370370370371,True,False
576,274,1.259999999999998,0.7976851851851852,True,False
577,400,-2.000000000000003,0.7973333333333333,False,False
578,234,1.6599999999999984,0.7969814814814815,True,False
579,400,-2.0000000000000027,0.7966296296296296,False,False
580,400,-2.0000000000000027,0.7962777777777779,False,False
581,249,1.5099999999999982,0.7959259259259259,True,False
582,260,1.3999999999999981,0.7955740740740741,True,False
583,312,0.8799999999999979,0.7952222222222223,True,False
584,224,1.7599999999999985,0.7948703703703703,True,False
585,257,1.4299999999999984,0.7945185185185185,True,False
586,258,1.4199999999999982,0.7941666666666667,True,False
587,400,-2.0000000000000027,0.7938148148148149,False,False
588,400,-2.0000000000000027,0.793462962962963,False,False
589,358,0.4199999999999975,0.7931111111111111,True,False
590,341,0.5899999999999979,0.7927592592592593,True,False
591,348,0.5199999999999976,0.7924074074074074,True,False
592,400,-2.0000000000000027,0.7920555555555555,False,False
593,352,0.47999999999999776,0.7917037037037037,True,False
594,175,2.2499999999999987,0.7913518518518519,True,False
595,304,0.959999999999998,0.791,True,False
596,210,1.8999999999999988,0.7906481481481482,True,False
597,371,0.28999999999999737,0.7902962962962963,True,False
598,228,1.7199999999999984,0.7899444444444444,True,False
599,226,1.7399999999999987,0.7895925925925926,True,False
600,275,1.2499999999999982,0.7892407407407407,True,False
601,400,-2.0000000000000027,0.788888888888889,False,False
602,343,0.5699999999999978,0.788537037037037,True,False
603,255,1.4499999999999984,0.7881851851851852,True,False
604,324,0.759999999999998,0.7878333333333334,True,False
605,293,1.069999999999998,0.7874814814814814,True,False
606,285,1.1499999999999981,0.7871296296296296,True,False
607,274,1.2599999999999985,0.7867777777777778,True,False
608,257,1.4299999999999984,0.7864259259259259,True,False
609,314,0.8599999999999979,0.7860740740740741,True,False
610,247,1.5299999999999983,0.7857222222222222,True,False
611,330,0.6999999999999977,0.7853703703703704,True,False
612,307,0.9299999999999982,0.7850185185185186,True,False
613,271,1.2899999999999983,0.7846666666666666,True,False
614,272,1.279999999999998,0.7843148148148148,True,False
615,213,1.8699999999999986,0.783962962962963,True,False
616,400,-2.0000000000000027,0.7836111111111111,False,False
617,318,0.8199999999999981,0.7832592592592593,True,False
618,216,1.8399999999999985,0.7829074074074074,True,False
619,275,1.2499999999999982,0.7825555555555556,True,False
620,206,1.9399999999999986,0.7822037037037037,True,False
621,350,0.4999999999999978,0.7818518518518518,True,False
622,359,0.4099999999999975,0.7815,True,False
623,266,1.339999999999998,0.7811481481481481,True,False
624,273,1.2699999999999982,0.7807962962962963,True,False
625,173,2.2699999999999987,0.7804444444444445,True,False
626,327,0.729999999999998,0.7800925925925926,True,False
627,322,0.779999999999998,0.7797407407407407,True,False
628,234,1.6599999999999984,0.7793888888888889,True,False
629,300,0.9999999999999981,0.779037037037037,True,False
630,230,1.6999999999999984,0.7786851851851853,True,False
631,216,1.8399999999999987,0.7783333333333333,True,False
632,292,1.0799999999999983,0.7779814814814815,True,False
633,391,0.0899999999999972,0.7776296296296297,True,False
634,164,2.3599999999999985,0.7772777777777777,True,False
635,263,1.3699999999999983,0.7769259259259259,True,False
636,179,2.2099999999999986,0.7765740740740741,True,False
637,250,1.4999999999999982,0.7762222222222223,True,False
638,236,1.6399999999999981,0.7758703703703704,True,False
639,290,1.0999999999999983,0.7755185185185185,True,False
640,196,2.0399999999999987,0.7751666666666667,True,False
641,300,0.9999999999999981,0.7748148148148148,True,False
642,156,2.4399999999999986,0.774462962962963,True,False
643,269,1.3099999999999978,0.7741111111111111,True,False
644,253,1.4699999999999984,0.7737592592592593,True,False
645,213,1.8699999999999986,0.7734074074074074,True,False
646,196,2.0399999999999987,0.7730555555555556,True,False
647,163,2.3699999999999988,0.7727037037037037,True,False
648,312,0.8799999999999981,0.7723518518518518,True,False
649,237,1.6299999999999983,0.772,True,False
650,217,1.8299999999999985,0.7716481481481482,True,False
651,334,0.6599999999999977,0.7712962962962964,True,False
652,274,1.2599999999999985,0.7709444444444444,True,False
653,338,0.6199999999999974,0.7705925925925926,True,False
654,281,1.1899999999999982,0.7702407407407408,True,False
655,242,1.5799999999999983,0.7698888888888888,True,False
656,318,0.8199999999999981,0.769537037037037,True,False
657,222,1.7799999999999985,0.7691851851851852,True,False
658,190,2.0999999999999988,0.7688333333333334,True,False
659,308,0.9199999999999982,0.7684814814814815,True,False
660,281,1.1899999999999982,0.7681296296296296,True,False
661,237,1.6299999999999986,0.7677777777777778,True,False
662,351,0.48999999999999777,0.767425925925926,True,False
663,245,1.5499999999999983,0.7670740740740741,True,False
664,212,1.8799999999999986,0.7667222222222222,True,False
665,322,0.779999999999998,0.7663703703703704,True,False
666,330,0.6999999999999977,0.7660185185185185,True,False
667,189,2.1099999999999985,0.7656666666666667,True,False
668,165,2.3499999999999988,0.7653148148148148,True,False
669,162,2.379999999999999,0.764962962962963,True,False
670,400,-2.0000000000000027,0.7646111111111111,False,False
671,249,1.5099999999999982,0.7642592592592593,True,False
672,225,1.7499999999999984,0.7639074074074074,True,False
673,199,2.0099999999999985,0.7635555555555555,True,False
674,188,2.1199999999999983,0.7632037037037037,True,False
675,278,1.2199999999999984,0.7628518518518519,True,False
676,210,1.8999999999999988,0.7625,True,False
677,276,1.239999999999998,0.7621481481481482,True,False
678,386,0.13999999999999724,0.7617962962962963,True,False
679,275,1.2499999999999982,0.7614444444444445,True,False
680,163,2.3699999999999983,0.7610925925925927,True,False
681,245,1.5499999999999985,0.7607407407407407,True,False
682,208,1.9199999999999988,0.7603888888888889,True,False
683,235,1.6499999999999984,0.7600370370370371,True,False
684,213,1.8699999999999988,0.7596851851851852,True,False
685,196,2.0399999999999987,0.7593333333333333,True,False
686,206,1.9399999999999986,0.7589814814814815,True,False
687,210,1.8999999999999986,0.7586296296296297,True,False
688,224,1.7599999999999985,0.7582777777777778,True,False
689,393,0.06999999999999718,0.7579259259259259,True,False
690,185,2.1499999999999986,0.7575740740740741,True,False
691,275,1.2499999999999982,0.7572222222222222,True,False
692,181,2.1899999999999986,0.7568703703703703,True,False
693,263,1.3699999999999983,0.7565185185185186,True,False
694,251,1.4899999999999984,0.7561666666666667,True,False
695,185,2.1499999999999986,0.7558148148148148,True,False
696,214,1.8599999999999983,0.755462962962963,True,False
697,250,1.4999999999999982,0.7551111111111111,True,False
698,278,1.2199999999999982,0.7547592592592594,True,False
699,333,0.6699999999999977,0.7544074074074074,True,False
700,267,1.3299999999999983,0.7540555555555556,True,False
701,136,2.639999999999999,0.7537037037037038,True,False
702,305,0.9499999999999982,0.7533518518518518,True,False
703,265,1.3499999999999983,0.753,True,False
704,292,1.0799999999999983,0.7526481481481482,True,False
705,202,1.9799999999999986,0.7522962962962964,True,False
706,255,1.4499999999999984,0.7519444444444444,True,False
707,261,1.389999999999998,0.7515925925925926,True,False
708,186,2.1399999999999983,0.7512407407407408,True,False
709,261,1.3899999999999983,0.7508888888888889,True,False
710,203,1.9699999999999986,0.750537037037037,True,False
711,226,1.7399999999999984,0.7501851851851852,True,False
712,231,1.6899999999999984,0.7498333333333334,True,False
713,159,2.409999999999999,0.7494814814814814,True,False
714,229,1.7099999999999984,0.7491296296296297,True,False
715,182,2.179999999999999,0.7487777777777778,True,False
716,332,0.6799999999999975,0.7484259259259259,True,False
717,267,1.3299999999999983,0.7480740740740741,True,False
718,233,1.6699999999999984,0.7477222222222222,True,False
719,228,1.7199999999999984,0.7473703703703705,True,False
720,184,2.1599999999999984,0.7470185185185185,True,False
721,138,2.619999999999999,0.7466666666666667,True,False
722,301,0.9899999999999982,0.7463148148148149,True,False
723,216,1.8399999999999985,0.7459629629629629,True,False
724,193,2.0699999999999985,0.7456111111111111,True,False
725,226,1.7399999999999984,0.7452592592592593,True,False
726,380,0.1999999999999975,0.7449074074074074,True,False
727,238,1.6199999999999986,0.7445555555555556,True,False
728,155,2.449999999999999,0.7442037037037037,True,False
729,212,1.8799999999999986,0.7438518518518519,True,False
730,175,2.2499999999999987,0.7435,True,False
731,225,1.7499999999999984,0.7431481481481481,True,False
732,186,2.139999999999999,0.7427962962962964,True,False
733,219,1.8099999999999983,0.7424444444444445,True,False
734,207,1.9299999999999986,0.7420925925925925,True,False
735,295,1.049999999999998,0.7417407407407408,True,False
736,212,1.8799999999999986,0.7413888888888889,True,False
737,156,2.4399999999999986,0.741037037037037,True,False
738,223,1.769999999999999,0.7406851851851852,True,False
739,195,2.0499999999999985,0.7403333333333333,True,False
740,263,1.3699999999999983,0.7399814814814815,True,False
741,286,1.1399999999999983,0.7396296296296296,True,False
742,157,2.429999999999999,0.7392777777777778,True,False
743,245,1.5499999999999983,0.738925925925926,True,False
744,240,1.599999999999998,0.738574074074074,True,False
745,219,1.8099999999999985,0.7382222222222222,True,False
746,177,2.2299999999999986,0.7378703703703704,True,False
747,229,1.7099999999999986,0.7375185185185185,True,False
748,165,2.3499999999999988,0.7371666666666667,True,False
749,256,1.4399999999999986,0.7368148148148148,True,False
750,217,1.8299999999999987,0.736462962962963,True,False
751,239,1.6099999999999983,0.7361111111111112,True,False
752,260,1.3999999999999986,0.7357592592592592,True,False
753,174,2.259999999999999,0.7354074074074075,True,False
754,319,0.8099999999999978,0.7350555555555556,True,False
755,375,0.24999999999999756,0.7347037037037036,True,False
756,204,1.9599999999999986,0.7343518518518519,True,False
757,246,1.5399999999999985,0.734,True,False
758,165,2.3499999999999988,0.7336481481481482,True,False
759,241,1.5899999999999983,0.7332962962962963,True,False
760,162,2.379999999999999,0.7329444444444444,True,False
761,134,2.6599999999999993,0.7325925925925926,True,False
762,229,1.7099999999999984,0.7322407407407407,True,False
763,181,2.1899999999999986,0.7318888888888889,True,False
764,152,2.4799999999999986,0.7315370370370371,True,False
765,276,1.239999999999998,0.7311851851851852,True,False
766,210,1.8999999999999986,0.7308333333333333,True,False
767,254,1.4599999999999982,0.7304814814814815,True,False
768,179,2.2099999999999986,0.7301296296296296,True,False
769,303,0.969999999999998,0.7297777777777779,True,False
770,282,1.179999999999998,0.7294259259259259,True,False
771,200,1.9999999999999987,0.729074074074074,True,False
772,277,1.2299999999999982,0.7287222222222223,True,False
773,225,1.7499999999999984,0.7283703703703703,True,False
774,205,1.9499999999999986,0.7280185185185186,True,False
775,247,1.5299999999999985,0.7276666666666667,True,False
776,180,2.1999999999999984,0.7273148148148147,True,False
777,203,1.9699999999999986,0.726962962962963,True,False
778,228,1.7199999999999984,0.7266111111111111,True,False
779,170,2.299999999999999,0.7262592592592593,True,False
780,281,1.1899999999999984,0.7259074074074074,True,False
781,228,1.7199999999999984,0.7255555555555556,True,False
782,214,1.8599999999999985,0.7252037037037037,True,False
783,211,1.8899999999999986,0.7248518518518519,True,False
784,274,1.2599999999999985,0.7245,True,False
785,264,1.359999999999998,0.7241481481481482,True,False
786,226,1.7399999999999982,0.7237962962962963,True,False
787,205,1.9499999999999986,0.7234444444444444,True,False
788,152,2.4799999999999986,0.7230925925925926,True,False
789,185,2.1499999999999986,0.7227407407407407,True,False
790,356,0.4399999999999977,0.722388888888889,True,False
791,219,1.8099999999999985,0.722037037037037,True,False
792,245,1.5499999999999983,0.7216851851851852,True,False
793,237,1.6299999999999983,0.7213333333333334,True,False
794,236,1.6399999999999986,0.7209814814814814,True,False
795,207,1.9299999999999986,0.7206296296296296,True,False
796,170,2.299999999999999,0.7202777777777778,True,False
797,290,1.0999999999999983,0.719925925925926,True,False
798,216,1.8399999999999985,0.7195740740740741,True,False
799,319,0.8099999999999978,0.7192222222222222,True,False
800,272,1.279999999999998,0.7188703703703704,True,False
801,273,1.2699999999999982,0.7185185185185186,True,False
802,323,0.7699999999999976,0.7181666666666666,True,False
803,194,2.0599999999999987,0.7178148148148148,True,False
804,182,2.179999999999999,0.717462962962963,True,False
805,234,1.6599999999999981,0.7171111111111111,True,False
806,234,1.6599999999999986,0.7167592592592593,True,False
807,261,1.3899999999999983,0.7164074074074074,True,False
808,156,2.4399999999999986,0.7160555555555557,True,False
809,233,1.6699999999999986,0.7157037037037037,True,False
810,175,2.2499999999999987,0.7153518518518518,True,False
811,165,2.3499999999999988,0.7150000000000001,True,False
812,173,2.2699999999999987,0.7146481481481481,True,False
813,154,2.4599999999999986,0.7142962962962963,True,False
814,199,2.0099999999999985,0.7139444444444445,True,False
815,184,2.1599999999999984,0.7135925925925926,True,False
816,185,2.1499999999999986,0.7132407407407407,True,False
817,190,2.0999999999999988,0.7128888888888889,True,False
818,193,2.0699999999999985,0.7125370370370371,True,False
819,246,1.5399999999999985,0.7121851851851853,True,False
820,276,1.239999999999998,0.7118333333333333,True,False
821,220,1.7999999999999985,0.7114814814814815,True,False
822,146,2.539999999999999,0.7111296296296297,True,False
823,236,1.6399999999999986,0.7107777777777777,True,False
824,328,0.7199999999999978,0.710425925925926,True,False
825,244,1.5599999999999983,0.7100740740740741,True,False
826,155,2.449999999999999,0.7097222222222221,True,False
827,258,1.4199999999999982,0.7093703703703704,True,False
828,237,1.6299999999999983,0.7090185185185185,True,False
829,242,1.5799999999999983,0.7086666666666668,True,False
830,185,2.1499999999999986,0.7083148148148148,True,False
831,246,1.5399999999999983,0.7079629629629629,True,False
832,204,1.9599999999999986,0.7076111111111112,True,False
833,261,1.3899999999999983,0.7072592592592593,True,False
834,170,2.299999999999999,0.7069074074074074,True,False
835,276,1.2399999999999982,0.7065555555555556,True,False
836,171,2.2899999999999987,0.7062037037037037,True,False
837,222,1.7799999999999985,0.7058518518518518,True,False
838,185,2.1499999999999986,0.7055,True,False
839,145,2.549999999999999,0.7051481481481482,True,False
840,239,1.6099999999999985,0.7047962962962964,True,False
841,192,2.0799999999999987,0.7044444444444444,True,False
842,213,1.8699999999999986,0.7040925925925926,True,False
843,158,2.419999999999999,0.7037407407407408,True,False
844,229,1.7099999999999984,0.7033888888888888,True,False
845,184,2.1599999999999984,0.7030370370370371,True,False
846,168,2.3199999999999985,0.7026851851851852,True,False
847,154,2.459999999999999,0.7023333333333333,True,False
848,235,1.6499999999999984,0.7019814814814815,True,False
849,148,2.5199999999999987,0.7016296296296296,True,False
850,223,1.7699999999999987,0.7012777777777778,True,False
851,163,2.3699999999999988,0.700925925925926,True,False
852,162,2.3799999999999986,0.700574074074074,True,False
853,123,2.7699999999999987,0.7002222222222223,True,False
854,217,1.8299999999999987,0.6998703703703704,True,False
855,184,2.1599999999999984,0.6995185185185185,True,False
856,112,2.879999999999999,0.6991666666666667,True,False
857,169,2.3099999999999987,0.6988148148148148,True,False
858,231,1.6899999999999986,0.698462962962963,True,False
859,211,1.8899999999999986,0.6981111111111111,True,False
860,261,1.3899999999999983,0.6977592592592593,True,False
861,218,1.8199999999999987,0.6974074074074075,True,False
862,134,2.6599999999999993,0.6970555555555555,True,False
863,155,2.449999999999999,0.6967037037037037,True,False
864,169,2.3099999999999987,0.6963518518518519,True,False
865,192,2.0799999999999987,0.696,True,False
866,128,2.719999999999999,0.6956481481481482,True,False
867,161,2.389999999999999,0.6952962962962963,True,False
868,187,2.129999999999998,0.6949444444444444,True,False
869,173,2.2699999999999987,0.6945925925925927,True,False
870,131,2.689999999999999,0.6942407407407407,True,False
871,168,2.3199999999999985,0.6938888888888889,True,False
872,196,2.0399999999999983,0.6935370370370371,True,False
873,154,2.459999999999999,0.6931851851851852,True,False
874,110,2.899999999999999,0.6928333333333334,True,False
875,200,1.9999999999999987,0.6924814814814815,True,False
876,264,1.359999999999998,0.6921296296296297,True,False
877,179,2.2099999999999986,0.6917777777777778,True,False
878,217,1.8299999999999987,0.6914259259259259,True,False
879,128,2.719999999999999,0.6910740740740741,True,False
880,189,2.1099999999999985,0.6907222222222222,True,False
881,184,2.1599999999999984,0.6903703703703703,True,False
882,223,1.7699999999999987,0.6900185185185186,True,False
883,158,2.419999999999999,0.6896666666666667,True,False
884,199,2.0099999999999985,0.6893148148148148,True,False
885,165,2.3499999999999988,0.688962962962963,True,False
886,176,2.2399999999999984,0.6886111111111111,True,False
887,155,2.449999999999999,0.6882592592592593,True,False
888,145,2.549999999999999,0.6879074074074074,True,False
889,183,2.1699999999999986,0.6875555555555556,True,False
890,157,2.429999999999999,0.6872037037037038,True,False
891,221,1.7899999999999985,0.6868518518518518,True,False
892,202,1.9799999999999984,0.6865,True,False
893,203,1.9699999999999986,0.6861481481481482,True,False
894,131,2.689999999999999,0.6857962962962963,True,False
895,162,2.379999999999999,0.6854444444444444,True,False
896,195,2.0499999999999985,0.6850925925925926,True,False
897,184,2.1599999999999984,0.6847407407407408,True,False
898,134,2.6599999999999993,0.6843888888888889,True,False
899,133,2.669999999999999,0.684037037037037,True,False
900,151,2.489999999999999,0.6836851851851853,True,False
901,149,2.509999999999999,0.6833333333333333,True,False
902,134,2.6599999999999993,0.6829814814814814,True,False
903,163,2.3699999999999988,0.6826296296296297,True,False
904,196,2.0399999999999987,0.6822777777777778,True,False
905,219,1.8099999999999987,0.681925925925926,True,False
906,170,2.299999999999999,0.6815740740740741,True,False
907,168,2.3199999999999985,0.6812222222222222,True,False
908,176,2.2399999999999984,0.6808703703703705,True,False
909,197,2.0299999999999985,0.6805185185185185,True,False
910,246,1.5399999999999983,0.6801666666666667,True,False
911,219,1.8099999999999985,0.6798148148148149,True,False
912,263,1.3699999999999983,0.6794629629629629,True,False
913,157,2.429999999999999,0.6791111111111111,True,False
914,136,2.639999999999999,0.6787592592592593,True,False
915,227,1.7299999999999984,0.6784074074074075,True,False
916,167,2.3299999999999987,0.6780555555555556,True,False
917,179,2.209999999999998,0.6777037037037037,True,False
918,191,2.0899999999999985,0.6773518518518519,True,False
919,190,2.0999999999999988,0.677,True,False
920,169,2.3099999999999987,0.6766481481481481,True,False
921,163,2.3699999999999988,0.6762962962962964,True,False
922,142,2.579999999999999,0.6759444444444445,True,False
923,173,2.2699999999999987,0.6755925925925925,True,False
924,220,1.7999999999999987,0.6752407407407408,True,False
925,131,2.689999999999999,0.6748888888888889,True,False
926,161,2.389999999999999,0.674537037037037,True,False
927,143,2.569999999999999,0.6741851851851852,True,False
928,260,1.3999999999999981,0.6738333333333333,True,False
929,97,3.0299999999999994,0.6734814814814816,True,False
930,160,2.3999999999999986,0.6731296296296296,True,False
931,203,1.9699999999999989,0.6727777777777778,True,False
932,162,2.379999999999999,0.672425925925926,True,False
933,200,1.9999999999999987,0.672074074074074,True,False
934,249,1.5099999999999982,0.6717222222222222,True,False
935,212,1.8799999999999986,0.6713703703703704,True,False
936,156,2.4399999999999986,0.6710185185185186,True,False
937,181,2.1899999999999986,0.6706666666666667,True,False
938,142,2.579999999999999,0.6703148148148148,True,False
939,160,2.3999999999999986,0.669962962962963,True,False
940,269,1.3099999999999983,0.6696111111111112,True,False
941,215,1.8499999999999983,0.6692592592592592,True,False
942,311,0.8899999999999981,0.6689074074074075,True,False
943,183,2.1699999999999986,0.6685555555555556,True,False
944,241,1.5899999999999985,0.6682037037037036,True,False
945,155,2.449999999999999,0.6678518518518519,True,False
946,144,2.5599999999999987,0.6675,True,False
947,216,1.8399999999999985,0.6671481481481482,True,False
948,268,1.319999999999998,0.6667962962962963,True,False
949,209,1.9099999999999986,0.6664444444444444,True,False
950,183,2.1699999999999986,0.6660925925925926,True,False
951,198,2.0199999999999987,0.6657407407407407,True,False
952,229,1.7099999999999984,0.6653888888888889,True,False
953,216,1.8399999999999985,0.6650370370370371,True,False
954,157,2.429999999999999,0.6646851851851852,True,False
955,150,2.499999999999999,0.6643333333333333,True,False
956,208,1.9199999999999986,0.6639814814814815,True,False
957,163,2.3699999999999988,0.6636296296296296,True,False
958,140,2.5999999999999988,0.6632777777777779,True,False
959,196,2.0399999999999987,0.6629259259259259,True,False
960,153,2.469999999999999,0.6625740740740741,True,False
961,111,2.889999999999999,0.6622222222222223,True,False
962,185,2.1499999999999986,0.6618703703703703,True,False
963,172,2.2799999999999985,0.6615185185185186,True,False
964,156,2.4399999999999986,0.6611666666666667,True,False
965,166,2.339999999999999,0.6608148148148147,True,False
966,138,2.619999999999999,0.660462962962963,True,False
967,202,1.9799999999999989,0.6601111111111111,True,False
968,186,2.1399999999999983,0.6597592592592593,True,False
969,129,2.709999999999999,0.6594074074074074,True,False
970,273,1.2699999999999982,0.6590555555555556,True,False
971,141,2.589999999999999,0.6587037037037037,True,False
972,187,2.1299999999999986,0.6583518518518519,True,False
973,153,2.469999999999999,0.658,True,False
974,158,2.419999999999999,0.6576481481481482,True,False
975,190,2.0999999999999988,0.6572962962962963,True,False
976,151,2.4899999999999984,0.6569444444444444,True,False
977,180,2.1999999999999984,0.6565925925925926,True,False
978,146,2.5399999999999987,0.6562407407407407,True,False
979,166,2.339999999999999,0.655888888888889,True,False
980,170,2.299999999999999,0.655537037037037,True,False
981,96,3.039999999999999,0.6551851851851852,True,False
982,124,2.759999999999999,0.6548333333333334,True,False
983,171,2.2899999999999987,0.6544814814814814,True,False
984,184,2.1599999999999984,0.6541296296296297,True,False
985,162,2.379999999999999,0.6537777777777778,True,False
986,237,1.6299999999999983,0.653425925925926,True,False
987,180,2.1999999999999984,0.6530740740740741,True,False
988,182,2.179999999999999,0.6527222222222222,True,False
989,105,2.9499999999999993,0.6523703703703704,True,False
990,132,2.679999999999999,0.6520185185185186,True,False
991,199,2.009999999999999,0.6516666666666667,True,False
992,183,2.1699999999999986,0.6513148148148148,True,False
993,117,2.829999999999999,0.650962962962963,True,False
994,156,2.4399999999999986,0.6506111111111111,True,False
995,156,2.4399999999999986,0.6502592592592593,True,False
996,163,2.3699999999999983,0.6499074074074074,True,False
997,214,1.8599999999999988,0.6495555555555557,True,False
998,101,2.9899999999999993,0.6492037037037037,True,False
999,145,2.549999999999999,0.6488518518518518,True,False
1000,162,2.379999999999999,0.6485000000000001,True,False
1001,154,2.459999999999999,0.6481481481481481,True,False
1002,91,3.0899999999999994,0.6477962962962963,True,False
1003,130,2.699999999999999,0.6474444444444445,True,False
1004,156,2.4399999999999986,0.6470925925925926,True,False
1005,170,2.299999999999999,0.6467407407407407,True,False
1006,209,1.9099999999999986,0.6463888888888889,True,False
1007,120,2.799999999999999,0.6460370370370371,True,False
1008,200,1.9999999999999987,0.6456851851851853,True,False
1009,147,2.529999999999999,0.6453333333333333,True,False
1010,112,2.879999999999999,0.6449814814814815,True,False
1011,173,2.2699999999999987,0.6446296296296297,True,False
1012,156,2.4399999999999986,0.6442777777777777,True,False
1013,103,2.969999999999999,0.643925925925926,True,False
1014,228,1.7199999999999986,0.6435740740740741,True,False
1015,129,2.709999999999999,0.6432222222222223,True,False
1016,127,2.7299999999999986,0.6428703703703704,True,False
1017,229,1.7099999999999986,0.6425185185185185,True,False
1018,166,2.339999999999999,0.6421666666666668,True,False
1019,197,2.0299999999999985,0.6418148148148148,True,False
1020,180,2.1999999999999984,0.6414629629629629,True,False
1021,149,2.509999999999999,0.6411111111111112,True,False
1022,127,2.7299999999999986,0.6407592592592593,True,False
1023,185,2.1499999999999986,0.6404074074074074,True,False
1024,181,2.1899999999999986,0.6400555555555556,True,False
1025,153,2.469999999999999,0.6397037037037037,True,False
1026,222,1.7799999999999987,0.6393518518518518,True,False
1027,211,1.8899999999999983,0.639,True,False
1028,136,2.639999999999999,0.6386481481481482,True,False
1029,158,2.419999999999999,0.6382962962962964,True,False
1030,210,1.8999999999999986,0.6379444444444444,True,False
1031,118,2.819999999999999,0.6375925925925926,True,False
1032,121,2.789999999999999,0.6372407407407408,True,False
1033,133,2.669999999999999,0.6368888888888888,True,False
1034,121,2.789999999999999,0.6365370370370371,True,False
1035,163,2.3699999999999988,0.6361851851851852,True,False
1036,174,2.259999999999999,0.6358333333333333,True,False
1037,128,2.719999999999999,0.6354814814814815,True,False
1038,131,2.689999999999999,0.6351296296296296,True,False
1039,127,2.7299999999999986,0.6347777777777779,True,False
1040,131,2.689999999999999,0.634425925925926,True,False
1041,148,2.5199999999999987,0.634074074074074,True,False
1042,188,2.1199999999999983,0.6337222222222223,True,False
1043,141,2.589999999999999,0.6333703703703704,True,False
1044,124,2.759999999999999,0.6330185185185185,True,False
1045,147,2.529999999999999,0.6326666666666667,True,False
1046,136,2.639999999999999,0.6323148148148148,True,False
1047,129,2.709999999999999,0.631962962962963,True,False
1048,154,2.4599999999999986,0.6316111111111111,True,False
1049,161,2.389999999999999,0.6312592592592593,True,False
1050,166,2.339999999999999,0.6309074074074075,True,False
1051,165,2.3499999999999988,0.6305555555555555,True,False
1052,124,2.759999999999999,0.6302037037037037,True,False
1053,126,2.7399999999999993,0.6298518518518519,True,False
1054,132,2.679999999999999,0.6295,True,False
1055,124,2.759999999999999,0.6291481481481482,True,False
1056,141,2.589999999999999,0.6287962962962963,True,False
1057,173,2.2699999999999987,0.6284444444444444,True,False
1058,150,2.499999999999999,0.6280925925925926,True,False
1059,122,2.7799999999999994,0.6277407407407407,True,False
1060,121,2.789999999999999,0.6273888888888889,True,False
1061,170,2.299999999999999,0.6270370370370371,True,False
1062,212,1.8799999999999983,0.6266851851851852,True,False
1063,102,2.979999999999999,0.6263333333333334,True,False
1064,148,2.5199999999999987,0.6259814814814815,True,False
1065,188,2.1199999999999983,0.6256296296296296,True,False
1066,224,1.7599999999999985,0.6252777777777778,True,False
1067,100,2.999999999999999,0.6249259259259259,True,False
1068,137,2.629999999999999,0.6245740740740741,True,False
1069,131,2.6899999999999986,0.6242222222222222,True,False
1070,178,2.219999999999999,0.6238703703703704,True,False
1071,208,1.9199999999999986,0.6235185185185186,True,False
1072,125,2.749999999999999,0.6231666666666666,True,False
1073,140,2.5999999999999988,0.6228148148148148,True,False
1074,131,2.689999999999999,0.622462962962963,True,False
1075,154,2.4599999999999986,0.6221111111111111,True,False
1076,123,2.769999999999999,0.6217592592592593,True,False
1077,174,2.259999999999999,0.6214074074074074,True,False
1078,117,2.829999999999999,0.6210555555555556,True,False
1079,153,2.469999999999999,0.6207037037037038,True,False
1080,141,2.589999999999999,0.6203518518518518,True,False
1081,131,2.6899999999999986,0.62,True,False
1082,122,2.7799999999999994,0.6196481481481482,True,False
1083,174,2.2599999999999985,0.6192962962962963,True,False
1084,178,2.2199999999999984,0.6189444444444445,True,False
1085,168,2.3199999999999985,0.6185925925925926,True,False
1086,102,2.979999999999999,0.6182407407407408,True,False
1087,161,2.389999999999999,0.6178888888888889,True,False
1088,139,2.609999999999999,0.617537037037037,True,False
1089,123,2.769999999999999,0.6171851851851853,True,False
1090,144,2.5599999999999987,0.6168333333333333,True,False
1091,114,2.859999999999999,0.6164814814814814,True,False
1092,133,2.669999999999999,0.6161296296296297,True,False
1093,141,2.589999999999999,0.6157777777777778,True,False
1094,143,2.569999999999999,0.615425925925926,True,False
1095,148,2.5199999999999987,0.6150740740740741,True,False
1096,148,2.5199999999999987,0.6147222222222222,True,False
1097,108,2.919999999999999,0.6143703703703705,True,False
1098,168,2.3199999999999985,0.6140185185185185,True,False
1099,125,2.749999999999999,0.6136666666666667,True,False
1100,124,2.759999999999999,0.6133148148148149,True,False
1101,111,2.8899999999999992,0.6129629629629629,True,False
1102,222,1.7799999999999985,0.6126111111111111,True,False
1103,106,2.939999999999999,0.6122592592592593,True,False
1104,182,2.1799999999999984,0.6119074074074075,True,False
1105,133,2.669999999999999,0.6115555555555556,True,False
1106,119,2.809999999999999,0.6112037037037037,True,False
1107,199,2.009999999999999,0.6108518518518519,True,False
1108,116,2.839999999999999,0.6105,True,False
1109,154,2.459999999999999,0.6101481481481481,True,False
1110,113,2.869999999999999,0.6097962962962964,True,False
1111,150,2.499999999999999,0.6094444444444445,True,False
1112,147,2.529999999999999,0.6090925925925925,True,False
1113,88,3.119999999999999,0.6087407407407408,True,False
1114,178,2.219999999999999,0.6083888888888889,True,False
1115,151,2.4899999999999984,0.6080370370370372,True,False
1116,157,2.429999999999999,0.6076851851851852,True,False
1117,110,2.899999999999999,0.6073333333333333,True,False
1118,159,2.409999999999999,0.6069814814814816,True,False
1119,105,2.9499999999999993,0.6066296296296296,True,False
1120,168,2.3199999999999985,0.6062777777777778,True,False
1121,122,2.7799999999999994,0.605925925925926,True,False
1122,126,2.7399999999999993,0.605574074074074,True,False
1123,131,2.6899999999999986,0.6052222222222222,True,False
1124,116,2.839999999999999,0.6048703703703704,True,False
1125,137,2.629999999999999,0.6045185185185186,True,False
1126,157,2.429999999999999,0.6041666666666667,True,False
1127,101,2.9899999999999993,0.6038148148148148,True,False
1128,161,2.389999999999999,0.603462962962963,True,False
1129,127,2.729999999999999,0.6031111111111112,True,False
1130,134,2.6599999999999993,0.6027592592592592,True,False
1131,189,2.1099999999999985,0.6024074074074075,True,False
1132,100,2.999999999999999,0.6020555555555556,True,False
1133,139,2.6099999999999985,0.6017037037037036,True,False
1134,118,2.8199999999999994,0.6013518518518519,True,False
1135,133,2.669999999999999,0.601,True,False
1136,157,2.429999999999999,0.6006481481481482,True,False
1137,145,2.549999999999999,0.6002962962962963,True,False
1138,117,2.829999999999999,0.5999444444444444,True,False
1139,81,3.1899999999999995,0.5995925925925927,True,False
1140,135,2.649999999999999,0.5992407407407407,True,False
1141,173,2.2699999999999987,0.5988888888888889,True,False
1142,132,2.679999999999999,0.5985370370370371,True,False
1143,119,2.809999999999999,0.5981851851851852,True,False
1144,126,2.7399999999999993,0.5978333333333333,True,False
1145,133,2.669999999999999,0.5974814814814815,True,False
1146,162,2.379999999999999,0.5971296296296297,True,False
1147,136,2.639999999999999,0.5967777777777779,True,False
1148,115,2.849999999999999,0.5964259259259259,True,False
1149,142,2.579999999999999,0.5960740740740741,True,False
1150,142,2.579999999999999,0.5957222222222223,True,False
1151,129,2.709999999999999,0.5953703703703703,True,False
1152,115,2.8499999999999988,0.5950185185185186,True,False
1153,136,2.639999999999999,0.5946666666666667,True,False
1154,128,2.719999999999999,0.5943148148148147,True,False
1155,103,2.9699999999999993,0.593962962962963,True,False
1156,131,2.6899999999999986,0.5936111111111111,True,False
1157,113,2.869999999999999,0.5932592592592593,True,False
1158,121,2.789999999999999,0.5929074074074074,True,False
1159,131,2.689999999999999,0.5925555555555556,True,False
1160,161,2.389999999999999,0.5922037037037037,True,False
1161,122,2.7799999999999994,0.5918518518518519,True,False
1162,154,2.459999999999999,0.5915,True,False
1163,120,2.799999999999999,0.5911481481481482,True,False
1164,145,2.549999999999999,0.5907962962962963,True,False
1165,115,2.849999999999999,0.5904444444444444,True,False
1166,107,2.9299999999999993,0.5900925925925926,True,False
1167,118,2.819999999999999,0.5897407407407407,True,False
1168,100,2.999999999999999,0.589388888888889,True,False
1169,140,2.5999999999999988,0.589037037037037,True,False
1170,141,2.589999999999999,0.5886851851851852,True,False
1171,98,3.019999999999999,0.5883333333333334,True,False
1172,129,2.709999999999999,0.5879814814814814,True,False
1173,158,2.419999999999999,0.5876296296296297,True,False
1174,164,2.3599999999999985,0.5872777777777778,True,False
1175,178,2.219999999999999,0.586925925925926,True,False
1176,126,2.739999999999999,0.5865740740740741,True,False
1177,133,2.669999999999999,0.5862222222222222,True,False
1178,141,2.589999999999999,0.5858703703703704,True,False
1179,118,2.8199999999999994,0.5855185185185185,True,False
1180,183,2.1699999999999986,0.5851666666666667,True,False
1181,115,2.8499999999999988,0.5848148148148148,True,False
1182,140,2.5999999999999988,0.584462962962963,True,False
1183,152,2.4799999999999986,0.5841111111111111,True,False
1184,153,2.469999999999999,0.5837592592592593,True,False
1185,167,2.3299999999999987,0.5834074074074074,True,False
1186,115,2.849999999999999,0.5830555555555557,True,False
1187,116,2.839999999999999,0.5827037037037037,True,False
1188,116,2.839999999999999,0.5823518518518518,True,False
1189,141,2.589999999999999,0.5820000000000001,True,False
1190,143,2.569999999999999,0.5816481481481481,True,False
1191,156,2.4399999999999986,0.5812962962962963,True,False
1192,90,3.099999999999999,0.5809444444444445,True,False
1193,183,2.169999999999998,0.5805925925925925,True,False
1194,189,2.1099999999999985,0.5802407407407408,True,False
1195,140,2.5999999999999988,0.5798888888888889,True,False
1196,158,2.4199999999999986,0.5795370370370371,True,False
1197,129,2.709999999999999,0.5791851851851852,True,False
1198,127,2.7299999999999986,0.5788333333333333,True,False
1199,128,2.719999999999999,0.5784814814814815,True,False
1200,115,2.849999999999999,0.5781296296296297,True,False
1201,138,2.619999999999999,0.5777777777777778,True,False
1202,115,2.849999999999999,0.577425925925926,True,False
1203,105,2.9499999999999993,0.5770740740740741,True,False
1204,161,2.389999999999999,0.5767222222222222,True,False
1205,112,2.879999999999999,0.5763703703703704,True,False
1206,147,2.529999999999999,0.5760185185185185,True,False
1207,123,2.7699999999999987,0.5756666666666668,True,False
1208,118,2.8199999999999994,0.5753148148148148,True,False
1209,141,2.589999999999999,0.5749629629629629,True,False
1210,140,2.5999999999999988,0.5746111111111112,True,False
1211,135,2.649999999999999,0.5742592592592592,True,False
1212,115,2.8499999999999988,0.5739074074074074,True,False
1213,171,2.2899999999999987,0.5735555555555556,True,False
1214,90,3.099999999999999,0.5732037037037037,True,False
1215,153,2.469999999999999,0.5728518518518518,True,False
1216,147,2.5299999999999985,0.5725,True,False
1217,157,2.429999999999999,0.5721481481481482,True,False
1218,132,2.679999999999999,0.5717962962962964,True,False
1219,145,2.549999999999999,0.5714444444444444,True,False
1220,110,2.8999999999999995,0.5710925925925926,True,False
1221,114,2.8599999999999994,0.5707407407407408,True,False
1222,183,2.1699999999999986,0.5703888888888888,True,False
1223,130,2.6999999999999993,0.5700370370370371,True,False
1224,126,2.7399999999999993,0.5696851851851852,True,False
1225,146,2.5399999999999987,0.5693333333333334,True,False
1226,110,2.8999999999999995,0.5689814814814815,True,False
1227,120,2.799999999999999,0.5686296296296296,True,False
1228,127,2.729999999999999,0.5682777777777779,True,False
1229,118,2.8199999999999994,0.567925925925926,True,False
1230,102,2.9799999999999995,0.567574074074074,True,False
1231,137,2.629999999999999,0.5672222222222223,True,False
1232,130,2.6999999999999993,0.5668703703703704,True,False
1233,77,3.2299999999999995,0.5665185185185185,True,False
1234,134,2.6599999999999993,0.5661666666666667,True,False
1235,126,2.7399999999999993,0.5658148148148148,True,False
1236,131,2.689999999999999,0.565462962962963,True,False
1237,91,3.0899999999999994,0.5651111111111111,True,False
1238,175,2.2499999999999987,0.5647592592592593,True,False
1239,164,2.3599999999999985,0.5644074074074075,True,False
1240,91,3.089999999999999,0.5640555555555555,True,False
1241,161,2.389999999999999,0.5637037037037037,True,False
1242,93,3.0699999999999994,0.5633518518518519,True,False
1243,83,3.1699999999999995,0.563,True,False
1244,137,2.629999999999999,0.5626481481481482,True,False
1245,158,2.419999999999999,0.5622962962962963,True,False
1246,107,2.9299999999999993,0.5619444444444444,True,False
1247,109,2.9099999999999993,0.5615925925925926,True,False
1248,160,2.3999999999999986,0.5612407407407407,True,False
1249,94,3.0599999999999996,0.560888888888889,True,False
1250,82,3.1799999999999993,0.5605370370370371,True,False
1251,121,2.789999999999999,0.5601851851851852,True,False
1252,112,2.879999999999999,0.5598333333333334,True,False
1253,114,2.859999999999999,0.5594814814814815,True,False
1254,149,2.509999999999999,0.5591296296296296,True,False
1255,144,2.5599999999999987,0.5587777777777778,True,False
1256,129,2.709999999999999,0.558425925925926,True,False
1257,119,2.8099999999999987,0.5580740740740741,True,False
1258,166,2.339999999999999,0.5577222222222222,True,False
1259,76,3.2399999999999993,0.5573703703703704,True,False
1260,90,3.0999999999999996,0.5570185185185186,True,False
1261,118,2.8199999999999994,0.5566666666666666,True,False
1262,140,2.5999999999999988,0.5563148148148148,True,False
1263,129,2.709999999999999,0.555962962962963,True,False
1264,105,2.9499999999999993,0.5556111111111111,True,False
1265,79,3.2099999999999995,0.5552592592592593,True,False
1266,143,2.569999999999999,0.5549074074074074,True,False
1267,188,2.1199999999999983,0.5545555555555556,True,False
1268,123,2.769999999999999,0.5542037037037038,True,False
1269,119,2.809999999999999,0.5538518518518518,True,False
1270,108,2.919999999999999,0.5535000000000001,True,False
1271,122,2.7799999999999994,0.5531481481481482,True,False
1272,106,2.939999999999999,0.5527962962962963,True,False
1273,90,3.099999999999999,0.5524444444444445,True,False
1274,134,2.6599999999999993,0.5520925925925926,True,False
1275,149,2.509999999999999,0.5517407407407408,True,False
1276,115,2.8499999999999988,0.5513888888888889,True,False
1277,128,2.719999999999999,0.551037037037037,True,False
1278,102,2.9799999999999995,0.5506851851851853,True,False
1279,102,2.979999999999999,0.5503333333333333,True,False
1280,117,2.829999999999999,0.5499814814814815,True,False
1281,110,2.8999999999999995,0.5496296296296297,True,False
1282,144,2.5599999999999987,0.5492777777777778,True,False
1283,137,2.629999999999999,0.548925925925926,True,False
1284,164,2.3599999999999985,0.5485740740740741,True,False
1285,171,2.2899999999999987,0.5482222222222222,True,False
1286,154,2.4599999999999986,0.5478703703703705,True,False
1287,115,2.849999999999999,0.5475185185185185,True,False
1288,130,2.699999999999999,0.5471666666666667,True,False
1289,98,3.019999999999999,0.5468148148148149,True,False
1290,129,2.709999999999999,0.5464629629629629,True,False
1291,85,3.1499999999999995,0.5461111111111111,True,False
1292,124,2.759999999999999,0.5457592592592593,True,False
1293,114,2.859999999999999,0.5454074074074075,True,False
1294,95,3.0499999999999994,0.5450555555555556,True,False
1295,158,2.419999999999999,0.5447037037037037,True,False
1296,103,2.9699999999999993,0.5443518518518519,True,False
1297,117,2.829999999999999,0.544,True,False
1298,142,2.579999999999999,0.5436481481481481,True,False
1299,115,2.849999999999999,0.5432962962962964,True,False
1300,106,2.9399999999999995,0.5429444444444445,True,False
1301,120,2.799999999999999,0.5425925925925926,True,False
1302,145,2.549999999999999,0.5422407407407408,True,False
1303,150,2.499999999999999,0.5418888888888889,True,False
1304,129,2.709999999999999,0.5415370370370372,True,False
1305,170,2.299999999999999,0.5411851851851852,True,False
1306,111,2.889999999999999,0.5408333333333333,True,False
1307,107,2.929999999999999,0.5404814814814816,True,False
1308,97,3.0299999999999994,0.5401296296296296,True,False
1309,91,3.089999999999999,0.5397777777777778,True,False
1310,137,2.629999999999999,0.539425925925926,True,False
1311,104,2.959999999999999,0.539074074074074,True,False
1312,71,3.2899999999999996,0.5387222222222222,True,False
1313,97,3.0299999999999994,0.5383703703703704,True,False
1314,124,2.759999999999999,0.5380185185185186,True,False
1315,110,2.8999999999999995,0.5376666666666667,True,False
1316,101,2.9899999999999993,0.5373148148148148,True,False
1317,140,2.5999999999999988,0.536962962962963,True,False
1318,101,2.9899999999999993,0.5366111111111111,True,False
1319,128,2.719999999999999,0.5362592592592592,True,False
1320,117,2.829999999999999,0.5359074074074075,True,False
1321,118,2.819999999999999,0.5355555555555556,True,False
1322,85,3.1499999999999995,0.5352037037037036,True,False
1323,116,2.839999999999999,0.5348518518518519,True,False
1324,104,2.959999999999999,0.5345,True,False
1325,101,2.9899999999999993,0.5341481481481483,True,False
1326,102,2.9799999999999995,0.5337962962962963,True,False
1327,139,2.609999999999999,0.5334444444444444,True,False
1328,177,2.2299999999999986,0.5330925925925927,True,False
1329,118,2.819999999999999,0.5327407407407407,True,False
1330,119,2.809999999999999,0.5323888888888889,True,False
1331,104,2.959999999999999,0.5320370370370371,True,False
1332,100,2.999999999999999,0.5316851851851851,True,False
1333,111,2.889999999999999,0.5313333333333333,True,False
1334,118,2.8199999999999994,0.5309814814814815,True,False
1335,155,2.449999999999999,0.5306296296296297,True,False
1336,120,2.799999999999999,0.5302777777777778,True,False
1337,95,3.0499999999999994,0.5299259259259259,True,False
1338,123,2.7699999999999987,0.5295740740740741,True,False
1339,128,2.719999999999999,0.5292222222222223,True,False
1340,103,2.9699999999999993,0.5288703703703703,True,False
1341,96,3.039999999999999,0.5285185185185186,True,False
1342,108,2.919999999999999,0.5281666666666667,True,False
1343,125,2.749999999999999,0.5278148148148147,True,False
1344,118,2.8199999999999994,0.527462962962963,True,False
1345,95,3.049999999999999,0.5271111111111111,True,False
1346,130,2.6999999999999993,0.5267592592592593,True,False
1347,113,2.869999999999999,0.5264074074074074,True,False
1348,133,2.669999999999999,0.5260555555555556,True,False
1349,79,3.2099999999999995,0.5257037037037038,True,False
1350,101,2.9899999999999993,0.5253518518518518,True,False
1351,118,2.819999999999999,0.525,True,False
1352,128,2.719999999999999,0.5246481481481482,True,False
1353,93,3.0699999999999994,0.5242962962962964,True,False
1354,102,2.9799999999999995,0.5239444444444445,True,False
1355,150,2.499999999999999,0.5235925925925926,True,False
1356,100,2.999999999999999,0.5232407407407407,True,False
1357,79,3.2099999999999995,0.522888888888889,True,False
1358,118,2.8199999999999994,0.522537037037037,True,False
1359,122,2.779999999999999,0.5221851851851853,True,False
1360,84,3.1599999999999993,0.5218333333333334,True,False
1361,133,2.669999999999999,0.5214814814814815,True,False
1362,134,2.6599999999999993,0.5211296296296296,True,False
1363,73,3.2699999999999996,0.5207777777777778,True,False
1364,125,2.749999999999999,0.520425925925926,True,False
1365,122,2.7799999999999994,0.5200740740740741,True,False
1366,107,2.929999999999999,0.5197222222222222,True,False
1367,97,3.0299999999999994,0.5193703703703705,True,False
1368,131,2.6899999999999986,0.5190185185185185,True,False
1369,106,2.939999999999999,0.5186666666666666,True,False
1370,112,2.879999999999999,0.5183148148148149,True,False
1371,113,2.869999999999999,0.517962962962963,True,False
1372,114,2.859999999999999,0.5176111111111111,True,False
1373,82,3.1799999999999993,0.5172592592592593,True,False
1374,112,2.879999999999999,0.5169074074074075,True,False
1375,117,2.829999999999999,0.5165555555555557,True,False
1376,88,3.119999999999999,0.5162037037037037,True,False
1377,116,2.839999999999999,0.5158518518518518,True,False
1378,83,3.169999999999999,0.5155000000000001,True,False
1379,105,2.9499999999999993,0.5151481481481481,True,False
1380,140,2.5999999999999988,0.5147962962962964,True,False
1381,147,2.529999999999999,0.5144444444444445,True,False
1382,99,3.0099999999999993,0.5140925925925925,True,False
1383,90,3.0999999999999996,0.5137407407407407,True,False
1384,97,3.0299999999999994,0.5133888888888889,True,False
1385,91,3.0899999999999994,0.5130370370370371,True,False
1386,110,2.8999999999999995,0.5126851851851852,True,False
1387,111,2.889999999999999,0.5123333333333333,True,False
1388,115,2.849999999999999,0.5119814814814816,True,False
1389,100,2.999999999999999,0.5116296296296297,True,False
1390,114,2.8599999999999994,0.5112777777777777,True,False
1391,132,2.679999999999999,0.510925925925926,True,False
1392,134,2.6599999999999993,0.5105740740740741,True,False
1393,118,2.8199999999999994,0.5102222222222222,True,False
1394,139,2.609999999999999,0.5098703703703704,True,False
1395,124,2.759999999999999,0.5095185185185186,True,False
1396,90,3.099999999999999,0.5091666666666667,True,False
1397,88,3.119999999999999,0.5088148148148148,True,False
1398,115,2.8499999999999988,0.5084629629629629,True,False
1399,91,3.0899999999999994,0.5081111111111112,True,False
1400,106,2.939999999999999,0.5077592592592592,True,False
1401,107,2.929999999999999,0.5074074074074075,True,False
1402,127,2.729999999999999,0.5070555555555556,True,False
1403,138,2.619999999999999,0.5067037037037037,True,False
1404,99,3.009999999999999,0.5063518518518518,True,False
1405,120,2.799999999999999,0.506,True,False
1406,92,3.079999999999999,0.5056481481481482,True,False
1407,108,2.919999999999999,0.5052962962962964,True,False
1408,106,2.9399999999999995,0.5049444444444444,True,False
1409,98,3.0199999999999996,0.5045925925925927,True,False
1410,118,2.8199999999999994,0.5042407407407408,True,False
1411,129,2.709999999999999,0.5038888888888888,True,False
1412,97,3.0299999999999994,0.5035370370370371,True,False
1413,85,3.1499999999999995,0.5031851851851852,True,False
1414,106,2.939999999999999,0.5028333333333334,True,False
1415,114,2.8599999999999994,0.5024814814814815,True,False
1416,104,2.959999999999999,0.5021296296296297,True,False
1417,82,3.1799999999999993,0.5017777777777778,True,False
1418,141,2.589999999999999,0.5014259259259259,True,False
1419,118,2.8199999999999994,0.501074074074074,True,False
1420,118,2.8199999999999994,0.5007222222222223,True,False
1421,97,3.0299999999999994,0.5003703703703704,True,False
1422,112,2.879999999999999,0.5000185185185186,True,False
1423,111,2.8899999999999992,0.4996666666666667,True,False
1424,138,2.619999999999999,0.49931481481481477,True,False
1425,94,3.0599999999999996,0.49896296296296294,True,False
1426,134,2.659999999999999,0.4986111111111111,True,False
1427,90,3.0999999999999996,0.4982592592592593,True,False
1428,103,2.969999999999999,0.49790740740740747,True,False
1429,125,2.749999999999999,0.49755555555555564,True,False
1430,85,3.1499999999999995,0.4972037037037038,True,False
1431,95,3.049999999999999,0.4968518518518519,True,False
1432,119,2.809999999999999,0.49650000000000005,True,False
1433,117,2.829999999999999,0.4961481481481481,True,False
1434,126,2.739999999999999,0.4957962962962963,True,False
1435,106,2.9399999999999995,0.49544444444444447,True,False
1436,124,2.759999999999999,0.49509259259259264,True,False
1437,129,2.709999999999999,0.4947407407407408,True,False
1438,141,2.589999999999999,0.4943888888888889,True,False
1439,98,3.0199999999999996,0.49403703703703705,True,False
1440,67,3.3299999999999996,0.4936851851851852,True,False
1441,108,2.919999999999999,0.4933333333333334,True,False
1442,114,2.859999999999999,0.4929814814814816,True,False
1443,114,2.8599999999999994,0.49262962962962964,True,False
1444,95,3.049999999999999,0.4922777777777777,True,False
1445,107,2.9299999999999993,0.4919259259259259,True,False
1446,101,2.9899999999999993,0.49157407407407405,True,False
1447,108,2.919999999999999,0.4912222222222222,True,False
1448,101,2.9899999999999993,0.4908703703703704,True,False
1449,96,3.039999999999999,0.4905185185185186,True,False
1450,100,2.999999999999999,0.49016666666666675,True,False
1451,111,2.8899999999999992,0.4898148148148148,True,False
1452,105,2.9499999999999993,0.489462962962963,True,False
1453,106,2.939999999999999,0.48911111111111116,True,False
1454,91,3.0899999999999994,0.4887592592592592,True,False
1455,111,2.8899999999999992,0.4884074074074074,True,False
1456,107,2.929999999999999,0.4880555555555556,True,False
1457,115,2.8499999999999988,0.48770370370370375,True,False
1458,97,3.0299999999999994,0.4873518518518518,True,False
1459,116,2.839999999999999,0.487,True,False
1460,96,3.039999999999999,0.48664814814814816,True,False
1461,96,3.039999999999999,0.48629629629629634,True,False
1462,96,3.039999999999999,0.4859444444444445,True,False
1463,98,3.0199999999999996,0.4855925925925927,True,False
1464,116,2.839999999999999,0.48524074074074086,True,False
1465,103,2.9699999999999993,0.4848888888888888,True,False
1466,95,3.049999999999999,0.484537037037037,True,False
1467,109,2.9099999999999993,0.48418518518518516,True,False
1468,108,2.919999999999999,0.48383333333333334,True,False
1469,107,2.929999999999999,0.4834814814814815,True,False
1470,114,2.8599999999999994,0.4831296296296297,True,False
1471,113,2.869999999999999,0.48277777777777786,True,False
1472,83,3.169999999999999,0.4824259259259259,True,False
1473,77,3.2299999999999995,0.4820740740740741,True,False
1474,83,3.1699999999999995,0.4817222222222223,True,False
1475,131,2.6899999999999986,0.48137037037037045,True,False
1476,104,2.959999999999999,0.4810185185185185,True,False
1477,88,3.119999999999999,0.4806666666666667,True,False
1478,111,2.889999999999999,0.48031481481481486,True,False
1479,100,2.999999999999999,0.4799629629629629,True,False
1480,87,3.129999999999999,0.4796111111111111,True,False
1481,152,2.4799999999999986,0.4792592592592593,True,False
1482,90,3.099999999999999,0.47890740740740745,True,False
1483,141,2.589999999999999,0.4785555555555556,True,False
1484,91,3.0899999999999994,0.4782037037037038,True,False
1485,100,2.999999999999999,0.47785185185185197,True,False
1486,87,3.1299999999999994,0.47750000000000004,True,False
1487,121,2.789999999999999,0.4771481481481481,True,False
1488,144,2.5599999999999987,0.4767962962962963,True,False
1489,90,3.0999999999999996,0.47644444444444445,True,False
1490,110,2.899999999999999,0.4760925925925926,True,False
1491,100,2.999999999999999,0.4757407407407408,True,False
1492,123,2.769999999999999,0.47538888888888897,True,False
1493,69,3.3099999999999996,0.47503703703703704,True,False
1494,109,2.9099999999999993,0.4746851851851852,True,False
1495,112,2.879999999999999,0.4743333333333334,True,False
1496,120,2.799999999999999,0.47398148148148156,True,False
1497,108,2.919999999999999,0.4736296296296296,True,False
1498,116,2.839999999999999,0.4732777777777778,True,False
1499,102,2.979999999999999,0.47292592592592597,True,False
1500,97,3.0299999999999994,0.47257407407407404,True,False
1501,92,3.079999999999999,0.4722222222222222,True,False
1502,82,3.1799999999999997,0.4718703703703704,True,False
1503,87,3.129999999999999,0.47151851851851856,True,False
1504,81,3.1899999999999995,0.47116666666666673,True,False
1505,114,2.8599999999999994,0.4708148148148149,True,False
1506,104,2.959999999999999,0.47046296296296297,True,False
1507,95,3.0499999999999994,0.47011111111111115,True,False
1508,97,3.0299999999999994,0.4697592592592592,True,False
1509,106,2.9399999999999995,0.4694074074074074,True,False
1510,129,2.709999999999999,0.46905555555555556,True,False
1511,69,3.3099999999999996,0.46870370370370373,True,False
1512,87,3.129999999999999,0.4683518518518519,True,False
1513,108,2.919999999999999,0.46799999999999997,True,False
1514,87,3.129999999999999,0.46764814814814815,True,False
1515,82,3.1799999999999993,0.4672962962962963,True,False
1516,90,3.0999999999999996,0.4669444444444445,True,False
1517,80,3.1999999999999993,0.46659259259259267,True,False
1518,96,3.039999999999999,0.46624074074074084,True,False
1519,92,3.079999999999999,0.4658888888888889,True,False
1520,106,2.9399999999999995,0.46553703703703697,True,False
1521,85,3.1499999999999995,0.46518518518518515,True,False
1522,116,2.839999999999999,0.4648333333333333,True,False
1523,114,2.859999999999999,0.4644814814814815,True,False
1524,84,3.1599999999999993,0.46412962962962967,True,False
1525,93,3.0699999999999994,0.46377777777777784,True,False
1526,88,3.119999999999999,0.463425925925926,True,False
1527,87,3.129999999999999,0.4630740740740741,True,False
1528,106,2.9399999999999995,0.46272222222222226,True,False
1529,112,2.879999999999999,0.46237037037037043,True,False
1530,89,3.1099999999999994,0.4620185185185185,True,False
1531,122,2.7799999999999994,0.46166666666666667,True,False
1532,109,2.9099999999999993,0.46131481481481484,True,False
1533,94,3.0599999999999996,0.460962962962963,True,False
1534,69,3.3099999999999996,0.4606111111111111,True,False
1535,83,3.169999999999999,0.46025925925925926,True,False
1536,122,2.7799999999999994,0.45990740740740743,True,False
1537,93,3.0699999999999994,0.4595555555555556,True,False
1538,94,3.0599999999999996,0.4592037037037038,True,False
1539,99,3.0099999999999993,0.45885185185185196,True,False
1540,113,2.869999999999999,0.4585,True,False
1541,101,2.9899999999999993,0.4581481481481481,True,False
1542,96,3.039999999999999,0.45779629629629626,True,False
1543,120,2.799999999999999,0.45744444444444443,True,False
1544,94,3.0599999999999996,0.4570925925925926,True,False
1545,101,2.9899999999999993,0.4567407407407408,True,False
1546,94,3.059999999999999,0.45638888888888896,True,False
1547,109,2.9099999999999993,0.45603703703703713,True,False
1548,95,3.049999999999999,0.4556851851851852,True,False
1549,92,3.079999999999999,0.45533333333333337,True,False
1550,99,3.009999999999999,0.45498148148148154,True,False
1551,116,2.839999999999999,0.4546296296296296,True,False
1552,90,3.099999999999999,0.4542777777777778,True,False
1553,105,2.9499999999999993,0.45392592592592595,True,False
1554,101,2.9899999999999993,0.45357407407407413,True,False
1555,91,3.089999999999999,0.4532222222222222,True,False
1556,85,3.1499999999999995,0.45287037037037037,True,False
1557,69,3.3099999999999996,0.45251851851851854,True,False
1558,91,3.0899999999999994,0.4521666666666667,True,False
1559,94,3.0599999999999996,0.4518148148148149,True,False
1560,85,3.1499999999999995,0.45146296296296307,True,False
1561,87,3.1299999999999994,0.45111111111111124,True,False
1562,77,3.2299999999999995,0.4507592592592592,True,False
1563,100,2.999999999999999,0.45040740740740737,True,False
1564,121,2.789999999999999,0.45005555555555554,True,False
1565,92,3.079999999999999,0.4497037037037037,True,False
1566,82,3.1799999999999993,0.4493518518518519,True,False
1567,89,3.1099999999999994,0.44900000000000007,True,False
1568,89,3.1099999999999994,0.44864814814814813,True,False
1569,67,3.3299999999999996,0.4482962962962963,True,False
1570,116,2.839999999999999,0.4479444444444445,True,False
1571,95,3.0499999999999994,0.44759259259259265,True,False
1572,87,3.1299999999999994,0.4472407407407408,True,False
1573,102,2.979999999999999,0.4468888888888889,True,False
1574,105,2.9499999999999993,0.44653703703703707,True,False
1575,107,2.9299999999999993,0.44618518518518513,True,False
1576,103,2.9699999999999993,0.4458333333333333,True,False
1577,90,3.0999999999999996,0.4454814814814815,True,False
1578,120,2.799999999999999,0.44512962962962965,True,False
1579,103,2.969999999999999,0.4447777777777778,True,False
1580,97,3.0299999999999994,0.444425925925926,True,False
1581,84,3.1599999999999993,0.4440740740740742,True,False
1582,117,2.829999999999999,0.44372222222222224,True,False
1583,84,3.1599999999999993,0.4433703703703704,True,False
1584,99,3.0099999999999993,0.4430185185185185,True,False
1585,95,3.049999999999999,0.44266666666666665,True,False
1586,68,3.3199999999999994,0.4423148148148148,True,False
1587,74,3.2599999999999993,0.441962962962963,True,False
1588,108,2.919999999999999,0.4416111111111112,True,False
1589,81,3.1899999999999995,0.44125925925925924,True,False
1590,97,3.0299999999999994,0.4409074074074074,True,False
1591,86,3.1399999999999997,0.4405555555555556,True,False
1592,89,3.1099999999999994,0.44020370370370376,True,False
1593,76,3.2399999999999993,0.43985185185185194,True,False
1594,110,2.8999999999999995,0.4395,True,False
1595,122,2.7799999999999994,0.4391481481481482,True,False
1596,87,3.1299999999999994,0.43879629629629624,True,False
1597,83,3.169999999999999,0.4384444444444444,True,False
1598,97,3.0299999999999994,0.4380925925925926,True,False
1599,91,3.0899999999999994,0.43774074074074076,True,False
1600,76,3.2399999999999993,0.43738888888888894,True,False
1601,122,2.779999999999999,0.4370370370370371,True,False
1602,131,2.689999999999999,0.4366851851851853,True,False
1603,112,2.879999999999999,0.43633333333333335,True,False
1604,97,3.0299999999999994,0.4359814814814815,True,False
1605,105,2.9499999999999993,0.4356296296296296,True,False
1606,83,3.1699999999999995,0.43527777777777776,True,False
1607,101,2.9899999999999993,0.43492592592592594,True,False
1608,97,3.0299999999999994,0.4345740740740741,True,False
1609,73,3.2699999999999996,0.4342222222222223,True,False
1610,107,2.9299999999999993,0.43387037037037035,True,False
1611,73,3.2699999999999996,0.4335185185185185,True,False
1612,110,2.8999999999999995,0.4331666666666667,True,False
1613,106,2.939999999999999,0.4328148148148149,True,False
1614,72,3.2799999999999994,0.43246296296296305,True,False
1615,91,3.089999999999999,0.4321111111111112,True,False
1616,90,3.0999999999999996,0.4317592592592593,True,False
1617,78,3.2199999999999998,0.43140740740740735,True,False
1618,93,3.0699999999999994,0.4310555555555555,True,False
1619,86,3.1399999999999997,0.4307037037037037,True,False
1620,97,3.0299999999999994,0.4303518518518519,True,False
1621,88,3.119999999999999,0.43000000000000005,True,False
1622,90,3.0999999999999996,0.4296481481481482,True,False
1623,81,3.1899999999999995,0.4292962962962964,True,False
1624,103,2.969999999999999,0.42894444444444446,True,False
1625,74,3.26,0.42859259259259264,True,False
1626,87,3.1299999999999994,0.4282407407407408,True,False
1627,96,3.039999999999999,0.4278888888888889,True,False
1628,89,3.1099999999999994,0.42753703703703705,True,False
1629,65,3.3499999999999996,0.4271851851851852,True,False
1630,81,3.1899999999999995,0.4268333333333333,True,False
1631,81,3.1899999999999995,0.42648148148148146,True,False
1632,105,2.9499999999999993,0.42612962962962964,True,False
1633,74,3.2599999999999993,0.4257777777777778,True,False
1634,102,2.9799999999999995,0.425425925925926,True,False
1635,128,2.719999999999999,0.42507407407407416,True,False
1636,101,2.9899999999999993,0.42472222222222233,True,False
1637,96,3.039999999999999,0.4243703703703704,True,False
1638,92,3.079999999999999,0.42401851851851846,True,False
1639,86,3.1399999999999997,0.42366666666666664,True,False
1640,84,3.1599999999999993,0.4233148148148148,True,False
1641,91,3.0899999999999994,0.422962962962963,True,False
1642,91,3.089999999999999,0.42261111111111116,True,False
1643,118,2.819999999999999,0.42225925925925933,True,False
1644,100,2.999999999999999,0.4219074074074074,True,False
1645,64,3.3599999999999994,0.42155555555555557,True,False
1646,80,3.1999999999999993,0.42120370370370375,True,False
1647,80,3.1999999999999993,0.4208518518518519,True,False
1648,79,3.2099999999999995,0.4205,True,False
1649,110,2.8999999999999995,0.42014814814814816,True,False
1650,103,2.969999999999999,0.41979629629629633,True,False
1651,112,2.879999999999999,0.4194444444444444,True,False
1652,74,3.2599999999999993,0.41909259259259257,True,False
1653,93,3.0699999999999994,0.41874074074074075,True,False
1654,83,3.1699999999999995,0.4183888888888889,True,False
1655,127,2.7299999999999986,0.4180370370370371,True,False
1656,87,3.129999999999999,0.41768518518518527,True,False
1657,86,3.1399999999999997,0.41733333333333344,True,False
1658,100,2.999999999999999,0.4169814814814815,True,False
1659,100,2.999999999999999,0.41662962962962957,True,False
1660,86,3.1399999999999997,0.41627777777777775,True,False
1661,98,3.019999999999999,0.4159259259259259,True,False
1662,92,3.079999999999999,0.4155740740740741,True,False
1663,69,3.3099999999999996,0.41522222222222227,True,False
1664,93,3.0699999999999994,0.41487037037037044,True,False
1665,100,2.999999999999999,0.4145185185185185,True,False
1666,84,3.1599999999999993,0.4141666666666667,True,False
1667,95,3.049999999999999,0.41381481481481486,True,False
1668,85,3.1499999999999995,0.41346296296296303,True,False
1669,89,3.1099999999999994,0.4131111111111112,True,False
1670,98,3.0199999999999996,0.41275925925925927,True,False
1671,73,3.2699999999999996,0.41240740740740744,True,False
1672,72,3.2799999999999994,0.4120555555555555,True,False
1673,144,2.5599999999999987,0.4117037037037037,True,False
1674,86,3.1399999999999997,0.41135185185185186,True,False
1675,90,3.099999999999999,0.41100000000000003,True,False
1676,93,3.0699999999999994,0.4106481481481482,True,False
1677,90,3.099999999999999,0.4102962962962964,True,False
1678,82,3.1799999999999997,0.40994444444444456,True,False
1679,78,3.2199999999999993,0.4095925925925926,True,False
1680,102,2.979999999999999,0.4092407407407408,True,False
1681,87,3.129999999999999,0.40888888888888886,True,False
1682,88,3.119999999999999,0.40853703703703703,True,False
1683,88,3.119999999999999,0.4081851851851852,True,False
1684,80,3.1999999999999993,0.4078333333333334,True,False
1685,96,3.039999999999999,0.40748148148148156,True,False
1686,93,3.0699999999999994,0.4071296296296296,True,False
1687,81,3.1899999999999995,0.4067777777777778,True,False
1688,84,3.1599999999999993,0.40642592592592597,True,False
1689,68,3.3199999999999994,0.40607407407407414,True,False
1690,80,3.1999999999999993,0.4057222222222223,True,False
1691,110,2.899999999999999,0.4053703703703705,True,False
1692,89,3.1099999999999994,0.40501851851851844,True,False
1693,67,3.329999999999999,0.4046666666666666,True,False
1694,89,3.1099999999999994,0.4043148148148148,True,False
1695,83,3.1699999999999995,0.40396296296296297,True,False
1696,82,3.1799999999999993,0.40361111111111114,True,False
1697,77,3.2299999999999995,0.4032592592592593,True,False
1698,104,2.959999999999999,0.4029074074074075,True,False
1699,80,3.1999999999999993,0.40255555555555556,True,False
1700,88,3.119999999999999,0.40220370370370373,True,False
1701,73,3.2699999999999996,0.4018518518518519,True,False
1702,127,2.7299999999999986,0.4015000000000001,True,False
1703,75,3.249999999999999,0.40114814814814814,True,False
1704,84,3.1599999999999993,0.4007962962962963,True,False
1705,78,3.2199999999999998,0.4004444444444445,True,False
1706,98,3.019999999999999,0.40009259259259256,True,False
1707,83,3.1699999999999995,0.39974074074074073,True,False
1708,83,3.169999999999999,0.3993888888888889,True,False
1709,83,3.1699999999999995,0.3990370370370371,True,False
1710,83,3.169999999999999,0.39868518518518525,True,False
1711,79,3.209999999999999,0.39833333333333343,True,False
1712,84,3.1599999999999993,0.3979814814814816,True,False
1713,77,3.2299999999999995,0.39762962962962967,True,False
1714,88,3.119999999999999,0.39727777777777773,True,False
1715,85,3.1499999999999995,0.3969259259259259,True,False
1716,72,3.2799999999999994,0.3965740740740741,True,False
1717,84,3.1599999999999993,0.39622222222222225,True,False
1718,69,3.3099999999999996,0.39587037037037043,True,False
1719,78,3.2199999999999993,0.3955185185185186,True,False
1720,111,2.8899999999999992,0.39516666666666667,True,False
1721,88,3.119999999999999,0.39481481481481484,True,False
1722,75,3.2499999999999996,0.394462962962963,True,False
1723,70,3.3,0.3941111111111112,True,False
1724,86,3.1399999999999992,0.39375925925925925,True,False
1725,87,3.1299999999999994,0.39340740740740743,True,False
1726,76,3.2399999999999993,0.3930555555555556,True,False
1727,97,3.0299999999999994,0.39270370370370367,True,False
1728,92,3.079999999999999,0.39235185185185184,True,False
1729,85,3.1499999999999995,0.392,True,False
1730,100,2.999999999999999,0.3916481481481482,True,False
1731,100,2.999999999999999,0.39129629629629636,True,False
1732,82,3.1799999999999997,0.39094444444444454,True,False
1733,98,3.019999999999999,0.3905925925925927,True,False
1734,96,3.039999999999999,0.3902407407407408,True,False
1735,79,3.209999999999999,0.38988888888888884,True,False
1736,98,3.019999999999999,0.389537037037037,True,False
1737,84,3.1599999999999993,0.3891851851851852,True,False
1738,58,3.42,0.38883333333333336,True,False
1739,79,3.2099999999999995,0.38848148148148154,True,False
1740,80,3.1999999999999993,0.3881296296296297,True,False
1741,89,3.1099999999999994,0.3877777777777778,True,False
1742,73,3.2699999999999996,0.38742592592592595,True,False
1743,112,2.879999999999999,0.3870740740740741,True,False
1744,91,3.089999999999999,0.3867222222222223,True,False
1745,63,3.369999999999999,0.3863703703703705,True,False
1746,89,3.1099999999999994,0.38601851851851854,True,False
1747,89,3.1099999999999994,0.3856666666666667,True,False
1748,89,3.1099999999999994,0.3853148148148148,True,False
1749,82,3.1799999999999993,0.38496296296296295,True,False
1750,79,3.2099999999999995,0.3846111111111111,True,False
1751,93,3.0699999999999994,0.3842592592592593,True,False
1752,84,3.1599999999999993,0.3839074074074075,True,False
1753,94,3.059999999999999,0.38355555555555565,True,False
1754,71,3.2899999999999996,0.3832037037037037,True,False
1755,88,3.119999999999999,0.3828518518518519,True,False
1756,72,3.2799999999999994,0.38250000000000006,True,False
1757,89,3.1099999999999994,0.3821481481481481,True,False
1758,88,3.119999999999999,0.3817962962962963,True,False
1759,93,3.0699999999999994,0.3814444444444445,True,False
1760,86,3.1399999999999992,0.38109259259259265,True,False
1761,80,3.1999999999999993,0.3807407407407407,True,False
1762,66,3.34,0.3803888888888889,True,False
1763,103,2.9699999999999993,0.38003703703703706,True,False
1764,79,3.209999999999999,0.37968518518518524,True,False
1765,88,3.119999999999999,0.3793333333333334,True,False
1766,89,3.1099999999999994,0.3789814814814816,True,False
1767,77,3.2299999999999995,0.37862962962962965,True,False
1768,79,3.209999999999999,0.3782777777777777,True,False
1769,97,3.0299999999999994,0.3779259259259259,True,False
1770,73,3.2699999999999996,0.37757407407407406,True,False
1771,73,3.2699999999999996,0.37722222222222224,True,False
1772,82,3.1799999999999997,0.3768703703703704,True,False
1773,85,3.1499999999999995,0.3765185185185186,True,False
1774,87,3.1299999999999994,0.37616666666666676,True,False
1775,77,3.2299999999999995,0.3758148148148148,True,False
1776,84,3.1599999999999993,0.375462962962963,True,False
1777,91,3.089999999999999,0.3751111111111112,True,False
1778,87,3.1299999999999994,0.37475925925925924,True,False
1779,73,3.2699999999999996,0.3744074074074074,True,False
1780,82,3.1799999999999997,0.3740555555555556,True,False
1781,81,3.1899999999999995,0.37370370370370376,True,False
1782,87,3.1299999999999994,0.3733518518518518,True,False
1783,79,3.2099999999999995,0.373,True,False
1784,77,3.2299999999999995,0.3726481481481482,True,False
1785,81,3.1899999999999995,0.37229629629629635,True,False
1786,92,3.079999999999999,0.3719444444444445,True,False
1787,90,3.0999999999999996,0.3715925925925927,True,False
1788,71,3.2899999999999996,0.37124074074074087,True,False
1789,82,3.1799999999999993,0.3708888888888888,True,False
1790,78,3.2199999999999993,0.370537037037037,True,False
1791,57,3.4299999999999997,0.3701851851851852,True,False
1792,90,3.0999999999999996,0.36983333333333335,True,False
1793,70,3.3,0.3694814814814815,True,False
1794,64,3.3599999999999994,0.3691296296296297,True,False
1795,112,2.879999999999999,0.36877777777777787,True,False
1796,68,3.3199999999999994,0.36842592592592593,True,False
1797,77,3.2299999999999995,0.3680740740740741,True,False
1798,82,3.1799999999999993,0.3677222222222223,True,False
1799,79,3.2099999999999995,0.36737037037037046,True,False
1800,79,3.209999999999999,0.3670185185185185,True,False
1801,79,3.209999999999999,0.3666666666666667,True,False
1802,104,2.959999999999999,0.36631481481481487,True,False
1803,79,3.2099999999999995,0.36596296296296293,True,False
1804,80,3.1999999999999993,0.3656111111111111,True,False
1805,82,3.1799999999999993,0.3652592592592593,True,False
1806,76,3.2399999999999993,0.36490740740740746,True,False
1807,92,3.079999999999999,0.36455555555555563,True,False
1808,85,3.1499999999999995,0.3642037037037038,True,False
1809,85,3.1499999999999995,0.363851851851852,True,False
1810,84,3.1599999999999993,0.36350000000000005,True,False
1811,93,3.0699999999999994,0.3631481481481481,True,False
1812,80,3.1999999999999993,0.3627962962962963,True,False
1813,63,3.369999999999999,0.36244444444444446,True,False
1814,97,3.0299999999999994,0.36209259259259263,True,False
1815,84,3.1599999999999993,0.3617407407407408,True,False
1816,78,3.2199999999999993,0.36138888888888887,True,False
1817,80,3.1999999999999993,0.36103703703703705,True,False
1818,99,3.009999999999999,0.3606851851851852,True,False
1819,80,3.1999999999999993,0.3603333333333334,True,False
1820,75,3.249999999999999,0.35998148148148157,True,False
1821,81,3.1899999999999995,0.35962962962962963,True,False
1822,87,3.1299999999999994,0.3592777777777778,True,False
1823,78,3.2199999999999998,0.35892592592592587,True,False
1824,81,3.1899999999999995,0.35857407407407405,True,False
1825,81,3.1899999999999995,0.3582222222222222,True,False
1826,70,3.2999999999999994,0.3578703703703704,True,False
1827,78,3.2199999999999998,0.35751851851851857,True,False
1828,72,3.2799999999999994,0.35716666666666674,True,False
1829,82,3.1799999999999993,0.3568148148148149,True,False
1830,93,3.0699999999999994,0.356462962962963,True,False
1831,106,2.939999999999999,0.35611111111111116,True,False
1832,65,3.3499999999999996,0.3557592592592592,True,False
1833,88,3.119999999999999,0.3554074074074074,True,False
1834,87,3.129999999999999,0.35505555555555557,True,False
1835,75,3.249999999999999,0.35470370370370374,True,False
1836,84,3.1599999999999993,0.3543518518518519,True,False
1837,93,3.0699999999999994,0.354,True,False
1838,68,3.3199999999999994,0.35364814814814816,True,False
1839,70,3.3,0.35329629629629633,True,False
1840,94,3.0599999999999996,0.3529444444444445,True,False
1841,89,3.1099999999999994,0.3525925925925927,True,False
1842,89,3.1099999999999994,0.35224074074074085,True,False
1843,81,3.1899999999999995,0.3518888888888889,True,False
1844,88,3.119999999999999,0.351537037037037,True,False
1845,74,3.26,0.35118518518518516,True,False
1846,82,3.1799999999999993,0.35083333333333333,True,False
1847,90,3.0999999999999996,0.3504814814814815,True,False
1848,78,3.2199999999999998,0.3501296296296297,True,False
1849,73,3.2699999999999996,0.34977777777777785,True,False
1850,97,3.0299999999999994,0.34942592592592603,True,False
1851,81,3.1899999999999995,0.3490740740740741,True,False
1852,67,3.3299999999999996,0.34872222222222227,True,False
1853,70,3.2999999999999994,0.34837037037037044,True,False
1854,76,3.2399999999999993,0.3480185185185185,True,False
1855,68,3.3199999999999994,0.3476666666666667,True,False
1856,71,3.289999999999999,0.34731481481481485,True,False
1857,84,3.1599999999999993,0.34696296296296303,True,False
1858,76,3.2399999999999993,0.3466111111111111,True,False
1859,61,3.3899999999999997,0.34625925925925927,True,False
1860,71,3.2899999999999996,0.34590740740740744,True,False
1861,76,3.2399999999999993,0.3455555555555556,True,False
1862,74,3.26,0.3452037037037038,True,False
1863,73,3.2699999999999996,0.34485185185185196,True,False
1864,73,3.2699999999999996,0.34450000000000003,True,False
1865,74,3.2599999999999993,0.3441481481481481,True,False
1866,69,3.3099999999999996,0.34379629629629627,True,False
1867,73,3.2699999999999996,0.34344444444444444,True,False
1868,82,3.1799999999999997,0.3430925925925926,True,False
1869,80,3.1999999999999993,0.3427407407407408,True,False
1870,62,3.38,0.34238888888888896,True,False
1871,74,3.2599999999999993,0.34203703703703714,True,False
1872,87,3.1299999999999994,0.3416851851851852,True,False
1873,100,2.999999999999999,0.3413333333333334,True,False
1874,72,3.2799999999999994,0.34098148148148155,True,False
1875,74,3.2599999999999993,0.3406296296296296,True,False
1876,82,3.1799999999999997,0.3402777777777778,True,False
1877,69,3.3099999999999996,0.33992592592592596,True,False
1878,70,3.2999999999999994,0.33957407407407403,True,False
1879,76,3.2399999999999993,0.3392222222222222,True,False
1880,85,3.1499999999999995,0.3388703703703704,True,False
1881,75,3.249999999999999,0.33851851851851855,True,False
1882,67,3.329999999999999,0.3381666666666667,True,False
1883,69,3.3099999999999996,0.3378148148148149,True,False
1884,79,3.209999999999999,0.3374629629629631,True,False
1885,69,3.3099999999999996,0.33711111111111114,True,False
1886,78,3.2199999999999993,0.3367592592592592,True,False
1887,84,3.1599999999999993,0.3364074074074074,True,False
1888,89,3.1099999999999994,0.33605555555555555,True,False
1889,70,3.3,0.3357037037037037,True,False
1890,78,3.2199999999999998,0.3353518518518519,True,False
1891,91,3.0899999999999994,0.3350000000000001,True,False
1892,87,3.1299999999999994,0.33464814814814814,True,False
1893,59,3.4099999999999997,0.3342962962962963,True,False
1894,63,3.369999999999999,0.3339444444444445,True,False
1895,90,3.0999999999999996,0.33359259259259266,True,False
1896,76,3.2399999999999993,0.33324074074074084,True,False
1897,71,3.2899999999999996,0.3328888888888889,True,False
1898,79,3.209999999999999,0.3325370370370371,True,False
1899,58,3.4199999999999995,0.33218518518518514,True,False
1900,82,3.1799999999999993,0.3318333333333333,True,False
1901,69,3.3099999999999996,0.3314814814814815,True,False
1902,81,3.1899999999999995,0.33112962962962966,True,False
1903,78,3.2199999999999993,0.33077777777777784,True,False
1904,75,3.2499999999999996,0.330425925925926,True,False
1905,75,3.249999999999999,0.3300740740740742,True,False
1906,65,3.3499999999999996,0.32972222222222225,True,False
1907,72,3.2799999999999994,0.3293703703703704,True,False
1908,78,3.2199999999999993,0.3290185185185185,True,False
1909,84,3.1599999999999993,0.32866666666666666,True,False
1910,68,3.3199999999999994,0.32831481481481484,True,False
1911,52,3.4799999999999995,0.327962962962963,True,False
1912,84,3.1599999999999993,0.3276111111111112,True,False
1913,76,3.2399999999999993,0.32725925925925925,True,False
1914,71,3.2899999999999996,0.3269074074074074,True,False
1915,78,3.2199999999999998,0.3265555555555556,True,False
1916,66,3.34,0.3262037037037038,True,False
1917,95,3.0499999999999994,0.32585185185185195,True,False
1918,95,3.0499999999999994,0.3255,True,False
1919,73,3.2699999999999996,0.3251481481481482,True,False
1920,59,3.4099999999999997,0.32479629629629625,True,False
1921,64,3.3599999999999994,0.3244444444444444,True,False
1922,99,3.009999999999999,0.3240925925925926,True,False
1923,74,3.2599999999999993,0.3237407407407408,True,False
1924,76,3.2399999999999993,0.32338888888888895,True,False
1925,74,3.26,0.3230370370370371,True,False
1926,55,3.4499999999999993,0.3226851851851853,True,False
1927,67,3.3299999999999996,0.32233333333333336,True,False
1928,70,3.2999999999999994,0.32198148148148154,True,False
1929,62,3.3799999999999994,0.3216296296296296,True,False
1930,86,3.1399999999999997,0.3212777777777778,True,False
1931,79,3.2099999999999995,0.32092592592592595,True,False
1932,64,3.3599999999999994,0.3205740740740741,True,False
1933,62,3.3799999999999994,0.3202222222222223,True,False
1934,70,3.2999999999999994,0.31987037037037036,True,False
1935,79,3.2099999999999995,0.31951851851851854,True,False
1936,63,3.3699999999999997,0.3191666666666667,True,False
1937,63,3.369999999999999,0.3188148148148149,True,False
1938,85,3.1499999999999995,0.31846296296296306,True,False
1939,73,3.2699999999999996,0.31811111111111123,True,False
1940,61,3.3899999999999997,0.3177592592592592,True,False
1941,69,3.3099999999999996,0.31740740740740736,True,False
1942,79,3.2099999999999995,0.31705555555555553,True,False
1943,76,3.2399999999999993,0.3167037037037037,True,False
1944,83,3.169999999999999,0.3163518518518519,True,False
1945,68,3.3199999999999994,0.31600000000000006,True,False
1946,73,3.2699999999999996,0.31564814814814823,True,False
1947,69,3.3099999999999996,0.3152962962962963,True,False
1948,70,3.2999999999999994,0.31494444444444447,True,False
1949,74,3.2599999999999993,0.31459259259259265,True,False
1950,67,3.3299999999999996,0.3142407407407408,True,False
1951,68,3.3199999999999994,0.3138888888888889,True,False
1952,67,3.3299999999999996,0.31353703703703706,True,False
1953,67,3.329999999999999,0.31318518518518523,True,False
1954,70,3.2999999999999994,0.3128333333333333,True,False
1955,69,3.3099999999999996,0.31248148148148147,True,False
1956,74,3.2599999999999993,0.31212962962962965,True,False
1957,81,3.1899999999999995,0.3117777777777778,True,False
1958,79,3.209999999999999,0.311425925925926,True,False
1959,68,3.3199999999999994,0.31107407407407417,True,False
1960,59,3.4099999999999993,0.31072222222222234,True,False
1961,78,3.2199999999999998,0.3103703703703704,True,False
1962,67,3.3299999999999996,0.31001851851851847,True,False
1963,69,3.3099999999999996,0.30966666666666665,True,False
1964,72,3.2799999999999994,0.3093148148148148,True,False
1965,59,3.4099999999999993,0.308962962962963,True,False
1966,77,3.2299999999999995,0.30861111111111117,True,False
1967,61,3.3899999999999997,0.30825925925925934,True,False
1968,63,3.3699999999999997,0.3079074074074074,True,False
1969,60,3.3999999999999995,0.3075555555555556,True,False
1970,84,3.1599999999999993,0.30720370370370376,True,False
1971,70,3.3,0.30685185185185193,True,False
1972,68,3.3199999999999994,0.3065,True,False
1973,70,3.2999999999999994,0.30614814814814817,True,False
1974,69,3.3099999999999996,0.30579629629629634,True,False
1975,69,3.3099999999999996,0.3054444444444444,True,False
1976,80,3.1999999999999993,0.3050925925925926,True,False
1977,63,3.3699999999999997,0.30474074074074076,True,False
1978,78,3.2199999999999993,0.30438888888888893,True,False
1979,72,3.2799999999999994,0.3040370370370371,True,False
1980,70,3.3,0.3036851851851853,True,False
1981,90,3.099999999999999,0.30333333333333345,True,False
1982,70,3.3,0.3029814814814815,True,False
1983,72,3.2799999999999994,0.3026296296296296,True,False
1984,65,3.3499999999999996,0.30227777777777776,True,False
1985,67,3.3299999999999996,0.30192592592592593,True,False
1986,78,3.2199999999999998,0.3015740740740741,True,False
1987,70,3.3,0.3012222222222223,True,False
1988,76,3.2399999999999993,0.30087037037037045,True,False
1989,68,3.3199999999999994,0.3005185185185185,True,False
1990,77,3.2299999999999995,0.3001666666666667,True,False
1991,65,3.3499999999999996,0.29981481481481487,True,False
1992,91,3.0899999999999994,0.29946296296296304,True,False
1993,85,3.1499999999999995,0.2991111111111112,True,False
1994,62,3.3799999999999994,0.2987592592592593,True,False
1995,78,3.2199999999999998,0.29840740740740745,True,False
1996,72,3.2799999999999994,0.2980555555555555,True,False
1997,69,3.3099999999999996,0.2977037037037037,True,False
1998,71,3.289999999999999,0.29735185185185187,True,False
1999,77,3.2299999999999995,0.29700000000000004,True,False
2000,71,3.289999999999999,0.2966481481481482,True,False
2001,57,3.4299999999999997,0.2962962962962964,True,False
2002,61,3.3899999999999997,0.29594444444444445,True,False
2003,71,3.2899999999999996,0.29559259259259263,True,False
2004,73,3.2699999999999996,0.2952407407407408,True,False
2005,70,3.2999999999999994,0.29488888888888887,True,False
2006,77,3.2299999999999995,0.29453703703703704,True,False
2007,67,3.329999999999999,0.2941851851851852,True,False
2008,76,3.2399999999999993,0.2938333333333334,True,False
2009,76,3.2399999999999993,0.29348148148148145,True,False
2010,72,3.2799999999999994,0.29312962962962963,True,False
2011,79,3.2099999999999995,0.2927777777777778,True,False
2012,71,3.2899999999999996,0.292425925925926,True,False
2013,75,3.249999999999999,0.29207407407407415,True,False
2014,69,3.3099999999999996,0.2917222222222223,True,False
2015,73,3.2699999999999996,0.2913703703703704,True,False
2016,62,3.3799999999999994,0.29101851851851845,True,False
2017,67,3.329999999999999,0.29066666666666663,True,False
2018,78,3.2199999999999998,0.2903148148148148,True,False
2019,72,3.2799999999999994,0.289962962962963,True,False
2020,67,3.329999999999999,0.28961111111111115,True,False
2021,69,3.3099999999999996,0.2892592592592593,True,False
2022,87,3.129999999999999,0.2889074074074075,True,False
2023,75,3.249999999999999,0.28855555555555557,True,False
2024,65,3.3499999999999996,0.28820370370370374,True,False
2025,80,3.1999999999999993,0.2878518518518519,True,False
2026,74,3.2599999999999993,0.2875000000000001,True,False
2027,72,3.2799999999999994,0.28714814814814815,True,False
2028,82,3.1799999999999997,0.2867962962962963,True,False
2029,80,3.1999999999999993,0.2864444444444445,True,False
2030,68,3.3199999999999994,0.28609259259259257,True,False
2031,76,3.2399999999999993,0.28574074074074074,True,False
2032,64,3.3599999999999994,0.2853888888888889,True,False
2033,78,3.2199999999999993,0.2850370370370371,True,False
2034,75,3.2499999999999996,0.28468518518518526,True,False
2035,67,3.329999999999999,0.28433333333333344,True,False
2036,78,3.2199999999999993,0.2839814814814816,True,False
2037,88,3.119999999999999,0.2836296296296297,True,False
2038,71,3.2899999999999996,0.28327777777777774,True,False
2039,76,3.2399999999999993,0.2829259259259259,True,False
2040,86,3.1399999999999997,0.2825740740740741,True,False
2041,61,3.3899999999999997,0.28222222222222226,True,False
2042,75,3.249999999999999,0.28187037037037044,True,False
2043,63,3.3699999999999997,0.2815185185185186,True,False
2044,72,3.2799999999999994,0.2811666666666667,True,False
2045,69,3.3099999999999996,0.28081481481481485,True,False
2046,69,3.3099999999999996,0.280462962962963,True,False
2047,72,3.2799999999999994,0.2801111111111112,True,False
2048,67,3.3299999999999996,0.27975925925925926,True,False
2049,67,3.329999999999999,0.27940740740740744,True,False
2050,57,3.4299999999999997,0.2790555555555556,True,False
2051,68,3.3199999999999994,0.2787037037037037,True,False
2052,63,3.369999999999999,0.27835185185185185,True,False
2053,60,3.3999999999999995,0.278,True,False
2054,65,3.3499999999999996,0.2776481481481482,True,False
2055,77,3.2299999999999995,0.2772962962962964,True,False
2056,68,3.3199999999999994,0.27694444444444455,True,False
2057,64,3.3599999999999994,0.2765925925925926,True,False
2058,63,3.369999999999999,0.2762407407407408,True,False
2059,66,3.34,0.27588888888888885,True,False
2060,78,3.2199999999999993,0.275537037037037,True,False
2061,60,3.3999999999999995,0.2751851851851852,True,False
2062,58,3.4199999999999995,0.2748333333333334,True,False
2063,75,3.2499999999999996,0.27448148148148155,True,False
2064,87,3.1299999999999994,0.2741296296296296,True,False
2065,78,3.2199999999999993,0.2737777777777778,True,False
2066,70,3.3,0.27342592592592596,True,False
2067,68,3.3199999999999994,0.27307407407407414,True,False
2068,66,3.3399999999999994,0.2727222222222223,True,False
2069,58,3.42,0.2723703703703705,True,False
2070,69,3.3099999999999996,0.27201851851851855,True,False
2071,64,3.3599999999999994,0.2716666666666666,True,False
2072,92,3.079999999999999,0.2713148148148148,True,False
2073,71,3.289999999999999,0.27096296296296296,True,False
2074,68,3.3199999999999994,0.27061111111111114,True,False
2075,58,3.4199999999999995,0.2702592592592593,True,False
2076,75,3.2499999999999996,0.2699074074074075,True,False
2077,70,3.2999999999999994,0.26955555555555566,True,False
2078,62,3.38,0.2692037037037037,True,False
2079,65,3.3499999999999996,0.2688518518518519,True,False
2080,74,3.26,0.26850000000000007,True,False
2081,70,3.3,0.26814814814814814,True,False
2082,64,3.3599999999999994,0.2677962962962963,True,False
2083,71,3.289999999999999,0.2674444444444445,True,False
2084,67,3.329999999999999,0.26709259259259266,True,False
2085,64,3.3599999999999994,0.2667407407407407,True,False
2086,77,3.2299999999999995,0.2663888888888889,True,False
2087,52,3.4799999999999995,0.26603703703703707,True,False
2088,77,3.2299999999999995,0.26568518518518525,True,False
2089,74,3.26,0.2653333333333334,True,False
2090,57,3.4299999999999997,0.2649814814814816,True,False
2091,62,3.3799999999999994,0.26462962962962966,True,False
2092,70,3.2999999999999994,0.2642777777777777,True,False
2093,61,3.3899999999999997,0.2639259259259259,True,False
2094,65,3.3499999999999996,0.26357407407407407,True,False
2095,69,3.3099999999999996,0.26322222222222225,True,False
2096,69,3.3099999999999996,0.2628703703703704,True,False
2097,67,3.3299999999999996,0.2625185185185186,True,False
2098,67,3.3299999999999996,0.26216666666666677,True,False
2099,69,3.3099999999999996,0.26181481481481483,True,False
2100,73,3.2699999999999996,0.261462962962963,True,False
2101,69,3.3099999999999996,0.2611111111111112,True,False
2102,57,3.4299999999999997,0.26075925925925925,True,False
2103,76,3.2399999999999993,0.2604074074074074,True,False
2104,71,3.289999999999999,0.2600555555555556,True,False
2105,72,3.2799999999999994,0.25970370370370377,True,False
2106,62,3.38,0.25935185185185183,True,False
2107,66,3.34,0.259,True,False
2108,65,3.3499999999999996,0.2586481481481482,True,False
2109,53,3.4699999999999998,0.25829629629629636,True,False
2110,71,3.289999999999999,0.25794444444444453,True,False
2111,69,3.3099999999999996,0.2575925925925927,True,False
2112,65,3.3499999999999996,0.2572407407407409,True,False
2113,59,3.4099999999999997,0.25688888888888883,True,False
2114,69,3.3099999999999996,0.256537037037037,True,False
2115,72,3.2799999999999994,0.2561851851851852,True,False
2116,65,3.3499999999999996,0.25583333333333336,True,False
2117,65,3.3499999999999996,0.25548148148148153,True,False
2118,65,3.3499999999999996,0.2551296296296297,True,False
2119,65,3.3499999999999996,0.25477777777777777,True,False
2120,66,3.34,0.25442592592592594,True,False
2121,74,3.2599999999999993,0.2540740740740741,True,False
2122,79,3.2099999999999995,0.2537222222222223,True,False
2123,61,3.3899999999999997,0.25337037037037047,True,False
2124,54,3.4599999999999995,0.25301851851851853,True,False
2125,63,3.3699999999999997,0.2526666666666667,True,False
2126,69,3.3099999999999996,0.25231481481481477,True,False
2127,65,3.3499999999999996,0.25196296296296294,True,False
2128,71,3.2899999999999996,0.2516111111111111,True,False
2129,61,3.3899999999999997,0.2512592592592593,True,False
2130,73,3.2699999999999996,0.25090740740740747,True,False
2131,60,3.3999999999999995,0.25055555555555564,True,False
2132,72,3.2799999999999994,0.2502037037037038,True,False
2133,66,3.34,0.24985185185185188,True,False
2134,69,3.3099999999999996,0.24950000000000006,True,False
2135,75,3.249999999999999,0.24914814814814812,True,False
2136,73,3.2699999999999996,0.2487962962962963,True,False
2137,66,3.3399999999999994,0.24844444444444447,True,False
2138,65,3.3499999999999996,0.24809259259259264,True,False
2139,78,3.2199999999999993,0.24774074074074082,True,False
2140,60,3.3999999999999995,0.24738888888888888,True,False
2141,63,3.3699999999999997,0.24703703703703705,True,False
2142,68,3.3199999999999994,0.24668518518518523,True,False
2143,64,3.3599999999999994,0.2463333333333334,True,False
2144,75,3.249999999999999,0.24598148148148158,True,False
2145,64,3.3599999999999994,0.24562962962962964,True,False
2146,63,3.3699999999999997,0.24527777777777782,True,False
2147,62,3.3799999999999994,0.24492592592592588,True,False
2148,74,3.2599999999999993,0.24457407407407405,True,False
2149,70,3.2999999999999994,0.24422222222222223,True,False
2150,60,3.3999999999999995,0.2438703703703704,True,False
2151,68,3.3199999999999994,0.24351851851851858,True,False
2152,62,3.3799999999999994,0.24316666666666675,True,False
2153,78,3.2199999999999998,0.24281481481481493,True,False
2154,61,3.3899999999999997,0.242462962962963,True,False
2155,61,3.3899999999999997,0.24211111111111117,True,False
2156,65,3.3499999999999996,0.24175925925925923,True,False
2157,59,3.4099999999999997,0.2414074074074074,True,False
2158,77,3.2299999999999995,0.24105555555555558,True,False
2159,61,3.3899999999999997,0.24070370370370375,True,False
2160,74,3.2599999999999993,0.24035185185185193,True,False
2161,63,3.3699999999999997,0.24,True,False
2162,61,3.3899999999999997,0.23964814814814817,True,False
2163,71,3.2899999999999996,0.23929629629629634,True,False
2164,64,3.3599999999999994,0.23894444444444451,True,False
2165,63,3.369999999999999,0.2385925925925927,True,False
2166,71,3.289999999999999,0.23824074074074086,True,False
2167,59,3.4099999999999997,0.23788888888888893,True,False
2168,63,3.369999999999999,0.237537037037037,True,False
2169,68,3.3199999999999994,0.23718518518518517,True,False
2170,70,3.3,0.23683333333333334,True,False
2171,71,3.289999999999999,0.23648148148148151,True,False
2172,62,3.38,0.2361296296296297,True,False
2173,62,3.38,0.23577777777777786,True,False
2174,73,3.2699999999999996,0.23542592592592604,True,False
2175,60,3.3999999999999995,0.2350740740740741,True,False
2176,63,3.369999999999999,0.23472222222222228,True,False
2177,72,3.2799999999999994,0.23437037037037045,True,False
2178,76,3.2399999999999993,0.23401851851851851,True,False
2179,61,3.3899999999999997,0.2336666666666667,True,False
2180,62,3.3799999999999994,0.23331481481481486,True,False
2181,55,3.4499999999999993,0.23296296296296293,True,False
2182,70,3.2999999999999994,0.2326111111111111,True,False
2183,61,3.3899999999999997,0.23225925925925928,True,False
2184,63,3.369999999999999,0.23190740740740745,True,False
2185,62,3.38,0.23155555555555563,True,False
2186,61,3.3899999999999997,0.2312037037037038,True,False
2187,64,3.3599999999999994,0.23085185185185197,True,False
2188,61,3.3899999999999997,0.23050000000000004,True,False
2189,75,3.2499999999999996,0.2301481481481481,True,False
2190,71,3.289999999999999,0.22979629629629628,True,False
2191,69,3.3099999999999996,0.22944444444444445,True,False
2192,70,3.2999999999999994,0.22909259259259263,True,False
2193,59,3.4099999999999993,0.2287407407407408,True,False
2194,66,3.3399999999999994,0.22838888888888897,True,False
2195,57,3.4299999999999997,0.22803703703703704,True,False
2196,64,3.3599999999999994,0.2276851851851852,True,False
2197,67,3.3299999999999996,0.2273333333333334,True,False
2198,65,3.3499999999999996,0.22698148148148156,True,False
2199,75,3.2499999999999996,0.22662962962962963,True,False
2200,69,3.3099999999999996,0.2262777777777778,True,False
2201,58,3.42,0.22592592592592597,True,False
2202,63,3.369999999999999,0.22557407407407404,True,False
2203,57,3.4299999999999997,0.2252222222222222,True,False
2204,61,3.3899999999999997,0.2248703703703704,True,False
2205,64,3.3599999999999994,0.22451851851851856,True,False
2206,72,3.2799999999999994,0.22416666666666674,True,False
2207,67,3.3299999999999996,0.2238148148148149,True,False
2208,71,3.2899999999999996,0.22346296296296309,True,False
2209,66,3.34,0.22311111111111115,True,False
2210,62,3.38,0.2227592592592592,True,False
2211,78,3.2199999999999998,0.2224074074074074,True,False
2212,53,3.4699999999999998,0.22205555555555556,True,False
2213,62,3.38,0.22170370370370374,True,False
2214,56,3.4399999999999995,0.2213518518518519,True,False
2215,60,3.3999999999999995,0.22100000000000009,True,False
2216,76,3.2399999999999993,0.22064814814814815,True,False
2217,71,3.2899999999999996,0.22029629629629632,True,False
2218,58,3.42,0.2199444444444445,True,False
2219,65,3.3499999999999996,0.21959259259259267,True,False
2220,67,3.329999999999999,0.21924074074074085,True,False
2221,62,3.3799999999999994,0.2188888888888889,True,False
2222,51,3.4899999999999993,0.21853703703703709,True,False
2223,64,3.3599999999999994,0.21818518518518515,True,False
2224,61,3.3899999999999997,0.21783333333333332,True,False
2225,56,3.4399999999999995,0.2174814814814815,True,False
2226,64,3.3599999999999994,0.21712962962962967,True,False
2227,59,3.4099999999999993,0.21677777777777785,True,False
2228,64,3.3599999999999994,0.21642592592592602,True,False
2229,57,3.4299999999999997,0.2160740740740742,True,False
2230,58,3.42,0.21572222222222226,True,False
2231,64,3.3599999999999994,0.21537037037037043,True,False
2232,62,3.3799999999999994,0.2150185185185185,True,False
2233,60,3.3999999999999995,0.21466666666666667,True,False
2234,56,3.4399999999999995,0.21431481481481485,True,False
2235,68,3.3199999999999994,0.21396296296296302,True,False
2236,62,3.3799999999999994,0.2136111111111112,True,False
2237,63,3.369999999999999,0.21325925925925926,True,False
2238,69,3.3099999999999996,0.21290740740740743,True,False
2239,62,3.38,0.2125555555555556,True,False
2240,69,3.3099999999999996,0.21220370370370378,True,False
2241,60,3.3999999999999995,0.21185185185185196,True,False
2242,60,3.3999999999999995,0.21150000000000002,True,False
2243,55,3.4499999999999993,0.21114814814814808,True,False
2244,71,3.289999999999999,0.21079629629629626,True,False
2245,58,3.42,0.21044444444444443,True,False
2246,66,3.34,0.2100925925925926,True,False
2247,59,3.4099999999999993,0.20974074074074078,True,False
2248,70,3.2999999999999994,0.20938888888888896,True,False
2249,61,3.3899999999999997,0.20903703703703713,True,False
2250,73,3.2699999999999996,0.2086851851851852,True,False
2251,59,3.4099999999999997,0.20833333333333337,True,False
2252,63,3.369999999999999,0.20798148148148154,True,False
2253,58,3.42,0.2076296296296296,True,False
2254,65,3.3499999999999996,0.20727777777777778,True,False
2255,59,3.4099999999999993,0.20692592592592596,True,False
2256,60,3.3999999999999995,0.20657407407407413,True,False
2257,52,3.4799999999999995,0.2062222222222222,True,False
2258,55,3.4499999999999993,0.20587037037037037,True,False
2259,60,3.3999999999999995,0.20551851851851854,True,False
2260,62,3.38,0.20516666666666672,True,False
2261,80,3.1999999999999993,0.2048148148148149,True,False
2262,68,3.3199999999999994,0.20446296296296307,True,False
2263,68,3.3199999999999994,0.20411111111111124,True,False
2264,71,3.2899999999999996,0.2037592592592592,True,False
2265,66,3.34,0.20340740740740737,True,False
2266,64,3.3599999999999994,0.20305555555555554,True,False
2267,60,3.3999999999999995,0.20270370370370372,True,False
2268,67,3.329999999999999,0.2023518518518519,True,False
2269,80,3.1999999999999993,0.20200000000000007,True,False
2270,57,3.4299999999999997,0.20164814814814824,True,False
2271,51,3.4899999999999998,0.2012962962962963,True,False
2272,61,3.3899999999999997,0.20094444444444448,True,False
2273,70,3.3,0.20059259259259266,True,False
2274,70,3.3,0.20024074074074083,True,False
2275,56,3.4399999999999995,0.1998888888888889,True,False
2276,60,3.3999999999999995,0.19953703703703707,True,False
2277,62,3.38,0.19918518518518524,True,False
2278,59,3.4099999999999997,0.1988333333333333,True,False
2279,55,3.4499999999999997,0.19848148148148148,True,False
2280,62,3.3799999999999994,0.19812962962962966,True,False
2281,66,3.3399999999999994,0.19777777777777783,True,False
2282,70,3.3,0.197425925925926,True,False
2283,57,3.4299999999999997,0.19707407407407418,True,False
2284,57,3.4299999999999997,0.19672222222222235,True,False
2285,55,3.4499999999999997,0.19637037037037042,True,False
2286,62,3.38,0.19601851851851848,True,False
2287,59,3.4099999999999997,0.19566666666666666,True,False
2288,54,3.46,0.19531481481481483,True,False
2289,56,3.4399999999999995,0.194962962962963,True,False
2290,58,3.42,0.19461111111111118,True,False
2291,57,3.4299999999999997,0.19425925925925935,True,False
2292,57,3.4299999999999997,0.19390740740740742,True,False
2293,62,3.3799999999999994,0.1935555555555556,True,False
2294,61,3.3899999999999997,0.19320370370370377,True,False
2295,60,3.3999999999999995,0.19285185185185194,True,False
2296,68,3.3199999999999994,0.1925,True,False
2297,56,3.4399999999999995,0.19214814814814818,True,False
2298,57,3.4299999999999997,0.19179629629629635,True,False
2299,62,3.3799999999999994,0.19144444444444442,True,False
2300,57,3.4299999999999997,0.1910925925925926,True,False
2301,64,3.3599999999999994,0.19074074074074077,True,False
2302,54,3.46,0.19038888888888894,True,False
2303,63,3.369999999999999,0.19003703703703712,True,False
2304,57,3.4299999999999997,0.1896851851851853,True,False
2305,61,3.3899999999999997,0.18933333333333335,True,False
2306,76,3.2399999999999993,0.18898148148148153,True,False
2307,56,3.4399999999999995,0.1886296296296296,True,False
2308,64,3.3599999999999994,0.18827777777777777,True,False
2309,57,3.4299999999999997,0.18792592592592594,True,False
2310,62,3.3799999999999994,0.18757407407407412,True,False
2311,56,3.4399999999999995,0.1872222222222223,True,False
2312,59,3.4099999999999997,0.18687037037037035,True,False
2313,60,3.3999999999999995,0.18651851851851853,True,False
2314,62,3.38,0.1861666666666667,True,False
2315,63,3.3699999999999997,0.18581481481481488,True,False
2316,61,3.3899999999999997,0.18546296296296305,True,False
2317,62,3.3799999999999994,0.18511111111111123,True,False
2318,54,3.46,0.1847592592592593,True,False
2319,58,3.42,0.18440740740740735,True,False
2320,68,3.3199999999999994,0.18405555555555553,True,False
2321,62,3.38,0.1837037037037037,True,False
2322,58,3.4199999999999995,0.18335185185185188,True,False
2323,50,3.5,0.18300000000000005,True,False
2324,56,3.4399999999999995,0.18264814814814823,True,False
2325,58,3.42,0.1822962962962964,True,False
2326,59,3.4099999999999997,0.18194444444444446,True,False
2327,64,3.3599999999999994,0.18159259259259264,True,False
2328,52,3.4799999999999995,0.1812407407407408,True,False
2329,70,3.3,0.18088888888888888,True,False
2330,61,3.3899999999999997,0.18053703703703705,True,False
2331,54,3.46,0.18018518518518523,True,False
2332,57,3.4299999999999997,0.1798333333333334,True,False
2333,51,3.4899999999999998,0.17948148148148146,True,False
2334,59,3.4099999999999997,0.17912962962962964,True,False
2335,59,3.4099999999999997,0.1787777777777778,True,False
2336,56,3.4399999999999995,0.178425925925926,True,False
2337,54,3.46,0.17807407407407416,True,False
2338,65,3.3499999999999996,0.17772222222222234,True,False
2339,55,3.4499999999999993,0.1773703703703704,True,False
2340,56,3.4399999999999995,0.17701851851851846,True,False
2341,58,3.42,0.17666666666666664,True,False
2342,60,3.3999999999999995,0.1763148148148148,True,False
2343,53,3.4699999999999998,0.175962962962963,True,False
2344,58,3.4199999999999995,0.17561111111111116,True,False
2345,58,3.4199999999999995,0.17525925925925934,True,False
2346,59,3.4099999999999993,0.1749074074074075,True,False
2347,63,3.369999999999999,0.17455555555555557,True,False
2348,70,3.2999999999999994,0.17420370370370375,True,False
2349,58,3.4199999999999995,0.17385185185185192,True,False
2350,68,3.3199999999999994,0.1735,True,False
2351,61,3.3899999999999997,0.17314814814814816,True,False
2352,61,3.3899999999999997,0.17279629629629634,True,False
2353,50,3.5,0.1724444444444445,True,False
2354,64,3.3599999999999994,0.17209259259259257,True,False
2355,63,3.3699999999999997,0.17174074074074075,True,False
2356,59,3.4099999999999993,0.17138888888888892,True,False
2357,57,3.4299999999999997,0.1710370370370371,True,False
2358,57,3.4299999999999997,0.17068518518518527,True,False
2359,64,3.3599999999999994,0.17033333333333345,True,False
2360,59,3.4099999999999997,0.16998148148148162,True,False
2361,53,3.4699999999999998,0.16962962962962957,True,False
2362,50,3.5,0.16927777777777775,True,False
2363,54,3.46,0.16892592592592592,True,False
2364,56,3.4399999999999995,0.1685740740740741,True,False
2365,59,3.4099999999999997,0.16822222222222227,True,False
2366,64,3.3599999999999994,0.16787037037037045,True,False
2367,60,3.3999999999999995,0.1675185185185185,True,False
2368,57,3.4299999999999997,0.16716666666666669,True,False
2369,64,3.3599999999999994,0.16681481481481486,True,False
2370,57,3.4299999999999997,0.16646296296296303,True,False
2371,57,3.4299999999999997,0.1661111111111112,True,False
2372,54,3.4599999999999995,0.16575925925925927,True,False
2373,59,3.4099999999999997,0.16540740740740745,True,False
2374,58,3.42,0.1650555555555555,True,False
2375,62,3.3799999999999994,0.16470370370370369,True,False
2376,58,3.4199999999999995,0.16435185185185186,True,False
2377,56,3.4399999999999995,0.16400000000000003,True,False
2378,56,3.4399999999999995,0.1636481481481482,True,False
2379,65,3.3499999999999996,0.16329629629629638,True,False
2380,56,3.4399999999999995,0.16294444444444456,True,False
2381,49,3.51,0.16259259259259262,True,False
2382,51,3.4899999999999998,0.1622407407407408,True,False
2383,64,3.3599999999999994,0.16188888888888886,True,False
2384,62,3.38,0.16153703703703703,True,False
2385,66,3.3399999999999994,0.1611851851851852,True,False
2386,58,3.4199999999999995,0.16083333333333338,True,False
2387,59,3.4099999999999997,0.16048148148148156,True,False
2388,69,3.3099999999999996,0.16012962962962962,True,False
2389,60,3.3999999999999995,0.1597777777777778,True,False
2390,65,3.3499999999999996,0.15942592592592597,True,False
2391,54,3.46,0.15907407407407415,True,False
2392,61,3.3899999999999997,0.15872222222222232,True,False
2393,66,3.34,0.1583703703703705,True,False
2394,57,3.4299999999999997,0.15801851851851856,True,False
2395,69,3.3099999999999996,0.15766666666666662,True,False
2396,51,3.4899999999999998,0.1573148148148148,True,False
2397,59,3.4099999999999993,0.15696296296296297,True,False
2398,60,3.3999999999999995,0.15661111111111115,True,False
2399,60,3.3999999999999995,0.15625925925925932,True,False
2400,56,3.4399999999999995,0.1559074074074075,True,False
2401,54,3.46,0.15555555555555567,True,False
2402,58,3.42,0.15520370370370373,True,False
2403,52,3.4799999999999995,0.1548518518518519,True,False
2404,50,3.4999999999999996,0.15450000000000008,True,False
2405,64,3.3599999999999994,0.15414814814814815,True,False
2406,61,3.3899999999999997,0.15379629629629632,True,False
2407,60,3.3999999999999995,0.1534444444444445,True,False
2408,58,3.42,0.15309259259259267,True,False
2409,67,3.3299999999999996,0.15274074074074073,True,False
2410,56,3.4399999999999995,0.1523888888888889,True,False
2411,55,3.4499999999999993,0.15203703703703708,True,False
2412,58,3.42,0.15168518518518526,True,False
2413,62,3.38,0.15133333333333343,True,False
2414,57,3.4299999999999997,0.1509814814814816,True,False
2415,63,3.3699999999999997,0.15062962962962967,True,False
2416,56,3.4399999999999995,0.15027777777777773,True,False
2417,58,3.4199999999999995,0.1499259259259259,True,False
2418,62,3.38,0.14957407407407408,True,False
2419,64,3.3599999999999994,0.14922222222222226,True,False
2420,60,3.3999999999999995,0.14887037037037043,True,False
2421,54,3.4599999999999995,0.1485185185185186,True,False
2422,78,3.2199999999999993,0.14816666666666678,True,False
2423,62,3.38,0.14781481481481484,True,False
2424,50,3.5,0.14746296296296302,True,False
2425,57,3.4299999999999997,0.1471111111111112,True,False
2426,51,3.4899999999999998,0.14675925925925926,True,False
2427,52,3.4799999999999995,0.14640740740740743,True,False
2428,55,3.4499999999999993,0.1460555555555556,True,False
2429,61,3.3899999999999997,0.14570370370370367,True,False
2430,54,3.4599999999999995,0.14535185185185184,True,False
2431,64,3.3599999999999994,0.14500000000000002,True,False
2432,53,3.4699999999999998,0.1446481481481482,True,False
2433,54,3.46,0.14429629629629637,True,False
2434,62,3.3799999999999994,0.14394444444444454,True,False
2435,55,3.4499999999999997,0.14359259259259272,True,False
2436,62,3.38,0.14324074074074078,True,False
2437,64,3.3599999999999994,0.14288888888888884,True,False
2438,58,3.4199999999999995,0.14253703703703702,True,False
2439,67,3.329999999999999,0.1421851851851852,True,False
2440,65,3.3499999999999996,0.14183333333333337,True,False
2441,51,3.4899999999999993,0.14148148148148154,True,False
2442,74,3.2599999999999993,0.14112962962962972,True,False
2443,55,3.4499999999999993,0.14077777777777778,True,False
2444,59,3.4099999999999997,0.14042592592592595,True,False
2445,54,3.4599999999999995,0.14007407407407413,True,False
2446,60,3.3999999999999995,0.1397222222222223,True,False
2447,64,3.3599999999999994,0.13937037037037048,True,False
2448,53,3.4699999999999998,0.13901851851851854,True,False
2449,55,3.4499999999999993,0.13866666666666672,True,False
2450,54,3.4599999999999995,0.13831481481481478,True,False
2451,64,3.3599999999999994,0.13796296296296295,True,False
2452,52,3.4799999999999995,0.13761111111111113,True,False
2453,53,3.4699999999999998,0.1372592592592593,True,False
2454,51,3.4899999999999993,0.13690740740740748,True,False
2455,55,3.4499999999999993,0.13655555555555565,True,False
2456,61,3.3899999999999997,0.13620370370370383,True,False
2457,62,3.38,0.1358518518518519,True,False
2458,52,3.4799999999999995,0.13550000000000006,True,False
2459,56,3.4399999999999995,0.13514814814814813,True,False
2460,58,3.42,0.1347962962962963,True,False
2461,58,3.42,0.13444444444444448,True,False
2462,54,3.4599999999999995,0.13409259259259265,True,False
2463,55,3.4499999999999993,0.13374074074074083,True,False
2464,68,3.3199999999999994,0.1333888888888889,True,False
2465,54,3.46,0.13303703703703706,True,False
2466,54,3.46,0.13268518518518524,True,False
2467,54,3.46,0.1323333333333334,True,False
2468,56,3.4399999999999995,0.1319814814814816,True,False
2469,58,3.42,0.13162962962962965,True,False
2470,56,3.4399999999999995,0.13127777777777783,True,False
2471,52,3.4799999999999995,0.1309259259259259,True,False
2472,58,3.4199999999999995,0.13057407407407406,True,False
2473,54,3.4599999999999995,0.13022222222222224,True,False
2474,53,3.4699999999999998,0.1298703703703704,True,False
2475,54,3.46,0.1295185185185186,True,False
2476,64,3.3599999999999994,0.12916666666666676,True,False
2477,60,3.3999999999999995,0.12881481481481494,True,False
2478,51,3.4899999999999998,0.128462962962963,True,False
2479,51,3.4899999999999998,0.12811111111111118,True,False
2480,50,3.5,0.12775925925925924,True,False
2481,53,3.4699999999999998,0.1274074074074074,True,False
2482,62,3.38,0.1270555555555556,True,False
2483,56,3.4399999999999995,0.12670370370370376,True,False
2484,56,3.4399999999999995,0.12635185185185194,True,False
2485,67,3.3299999999999996,0.126,True,False
2486,61,3.3899999999999997,0.12564814814814818,True,False
2487,53,3.4699999999999998,0.12529629629629635,True,False
2488,53,3.4699999999999998,0.12494444444444452,True,False
2489,65,3.3499999999999996,0.1245925925925927,True,False
2490,66,3.34,0.12424074074074087,True,False
2491,55,3.4499999999999993,0.12388888888888883,True,False
2492,60,3.3999999999999995,0.123537037037037,True,False
2493,60,3.3999999999999995,0.12318518518518518,True,False
2494,58,3.42,0.12283333333333335,True,False
2495,57,3.4299999999999997,0.12248148148148152,True,False
2496,57,3.4299999999999997,0.1221296296296297,True,False
2497,54,3.46,0.12177777777777787,True,False
2498,51,3.4899999999999998,0.12142592592592594,True,False
2499,65,3.3499999999999996,0.12107407407407411,True,False
2500,59,3.4099999999999997,0.12072222222222229,True,False
2501,54,3.46,0.12037037037037046,True,False
2502,56,3.4399999999999995,0.12001851851851852,True,False
2503,57,3.4299999999999997,0.1196666666666667,True,False
2504,62,3.38,0.11931481481481487,True,False
2505,57,3.4299999999999997,0.11896296296296294,True,False
2506,56,3.4399999999999995,0.11861111111111111,True,False
2507,53,3.4699999999999998,0.11825925925925929,True,False
2508,59,3.4099999999999993,0.11790740740740746,True,False
2509,51,3.4899999999999998,0.11755555555555564,True,False
2510,55,3.4499999999999997,0.11720370370370381,True,False
2511,54,3.46,0.11685185185185198,True,False
2512,58,3.42,0.11650000000000005,True,False
2513,59,3.4099999999999997,0.11614814814814811,True,False
2514,58,3.4199999999999995,0.11579629629629629,True,False
2515,59,3.4099999999999993,0.11544444444444446,True,False
2516,66,3.34,0.11509259259259264,True,False
2517,53,3.4699999999999998,0.11474074074074081,True,False
2518,49,3.51,0.11438888888888898,True,False
2519,57,3.4299999999999997,0.11403703703703705,True,False
2520,58,3.4199999999999995,0.11368518518518522,True,False
2521,51,3.4899999999999998,0.1133333333333334,True,False
2522,52,3.4799999999999995,0.11298148148148157,True,False
2523,51,3.4899999999999998,0.11262962962962964,True,False
2524,52,3.4799999999999995,0.11227777777777781,True,False
2525,58,3.42,0.11192592592592598,True,False
2526,51,3.4899999999999998,0.11157407407407405,True,False
2527,55,3.4499999999999997,0.11122222222222222,True,False
2528,62,3.3799999999999994,0.1108703703703704,True,False
2529,54,3.4599999999999995,0.11051851851851857,True,False
2530,53,3.4699999999999998,0.11016666666666675,True,False
2531,55,3.4499999999999993,0.10981481481481492,True,False
2532,52,3.4799999999999995,0.1094629629629631,True,False
2533,50,3.4999999999999996,0.10911111111111116,True,False
2534,55,3.4499999999999997,0.10875925925925922,True,False
2535,51,3.4899999999999998,0.1084074074074074,True,False
2536,53,3.4699999999999998,0.10805555555555557,True,False
2537,58,3.4199999999999995,0.10770370370370375,True,False
2538,46,3.5399999999999996,0.10735185185185192,True,False
2539,57,3.4299999999999997,0.1070000000000001,True,False
2540,53,3.4699999999999998,0.10664814814814816,True,False
2541,54,3.46,0.10629629629629633,True,False
2542,52,3.4799999999999995,0.10594444444444451,True,False
2543,63,3.3699999999999997,0.10559259259259268,True,False
2544,53,3.4699999999999998,0.10524074074074086,True,False
2545,56,3.4399999999999995,0.10488888888888892,True,False
2546,54,3.46,0.1045370370370371,True,False
2547,60,3.3999999999999995,0.10418518518518516,True,False
2548,59,3.4099999999999997,0.10383333333333333,True,False
2549,52,3.4799999999999995,0.10348148148148151,True,False
2550,55,3.4499999999999997,0.10312962962962968,True,False
2551,57,3.4299999999999997,0.10277777777777786,True,False
2552,52,3.4799999999999995,0.10242592592592603,True,False
2553,60,3.3999999999999995,0.1020740740740741,True,False
2554,55,3.4499999999999997,0.10172222222222227,True,False
2555,54,3.46,0.10137037037037044,True,False
2556,53,3.4699999999999998,0.10101851851851851,True,False
2557,53,3.4699999999999998,0.10066666666666668,True,False
2558,55,3.4499999999999997,0.10031481481481486,True,False
2559,57,3.4299999999999997,0.09996296296296303,True,False
2560,57,3.4299999999999997,0.0996111111111111,True,False
2561,58,3.42,0.09925925925925927,True,False
2562,55,3.4499999999999997,0.09890740740740744,True,False
2563,50,3.5,0.09855555555555562,True,False
2564,56,3.4399999999999995,0.09820370370370379,True,False
2565,52,3.4799999999999995,0.09785185185185197,True,False
2566,56,3.4399999999999995,0.09750000000000003,True,False
2567,55,3.4499999999999993,0.0971481481481481,True,False
2568,72,3.2799999999999994,0.09679629629629627,True,False
2569,53,3.4699999999999998,0.09644444444444444,True,False
2570,58,3.42,0.09609259259259262,True,False
2571,54,3.4599999999999995,0.09574074074074079,True,False
2572,53,3.4699999999999998,0.09538888888888897,True,False
2573,51,3.4899999999999998,0.09503703703703714,True,False
2574,55,3.4499999999999997,0.0946851851851852,True,False
2575,64,3.3599999999999994,0.09433333333333338,True,False
2576,60,3.3999999999999995,0.09398148148148155,True,False
2577,60,3.3999999999999995,0.09362962962962962,True,False
2578,50,3.5,0.09327777777777779,True,False
2579,56,3.4399999999999995,0.09292592592592597,True,False
2580,59,3.4099999999999997,0.09257407407407414,True,False
2581,51,3.4899999999999998,0.0922222222222222,True,False
2582,52,3.4799999999999995,0.09187037037037038,True,False
2583,52,3.4799999999999995,0.09151851851851855,True,False
2584,53,3.4699999999999998,0.09116666666666673,True,False
2585,52,3.4799999999999995,0.0908148148148149,True,False
2586,49,3.51,0.09046296296296308,True,False
2587,49,3.51,0.09011111111111125,True,False
2588,59,3.4099999999999997,0.0897592592592592,True,False
2589,55,3.4499999999999997,0.08940740740740738,True,False
2590,63,3.369999999999999,0.08905555555555555,True,False
2591,53,3.4699999999999998,0.08870370370370373,True,False
2592,55,3.4499999999999997,0.0883518518518519,True,False
2593,52,3.4799999999999995,0.08800000000000008,True,False
2594,53,3.4699999999999998,0.08764814814814825,True,False
2595,53,3.4699999999999998,0.08729629629629632,True,False
2596,55,3.4499999999999997,0.08694444444444449,True,False
2597,52,3.4799999999999995,0.08659259259259267,True,False
2598,50,3.5,0.08624074074074084,True,False
2599,57,3.4299999999999997,0.0858888888888889,True,False
2600,61,3.3899999999999997,0.08553703703703708,True,False
2601,52,3.4799999999999995,0.08518518518518525,True,False
2602,58,3.42,0.08483333333333332,True,False
2603,50,3.4999999999999996,0.08448148148148149,True,False
2604,56,3.4399999999999995,0.08412962962962967,True,False
2605,51,3.4899999999999998,0.08377777777777784,True,False
2606,51,3.4899999999999998,0.08342592592592601,True,False
2607,53,3.4699999999999998,0.08307407407407419,True,False
2608,52,3.4799999999999995,0.08272222222222236,True,False
2609,57,3.4299999999999997,0.08237037037037043,True,False
2610,54,3.4599999999999995,0.08201851851851849,True,False
2611,51,3.4899999999999998,0.08166666666666667,True,False
2612,55,3.4499999999999997,0.08131481481481484,True,False
2613,53,3.4699999999999998,0.08096296296296301,True,False
2614,56,3.4399999999999995,0.08061111111111119,True,False
2615,54,3.46,0.08025925925925925,True,False
2616,60,3.3999999999999995,0.07990740740740743,True,False
2617,56,3.4399999999999995,0.0795555555555556,True,False
2618,52,3.4799999999999995,0.07920370370370378,True,False
2619,57,3.4299999999999997,0.07885185185185195,True,False
2620,50,3.5,0.07850000000000001,True,False
2621,50,3.5,0.07814814814814819,True,False
2622,56,3.4399999999999995,0.07779629629629625,True,False
2623,57,3.4299999999999997,0.07744444444444443,True,False
2624,55,3.4499999999999997,0.0770925925925926,True,False
2625,55,3.4499999999999993,0.07674074074074078,True,False
2626,51,3.4899999999999998,0.07638888888888895,True,False
2627,60,3.3999999999999995,0.07603703703703713,True,False
2628,54,3.46,0.0756851851851853,True,False
2629,54,3.46,0.07533333333333336,True,False
2630,52,3.4799999999999995,0.07498148148148154,True,False
2631,52,3.4799999999999995,0.0746296296296296,True,False
2632,54,3.46,0.07427777777777778,True,False
2633,52,3.4799999999999995,0.07392592592592595,True,False
2634,53,3.4699999999999998,0.07357407407407413,True,False
2635,51,3.4899999999999993,0.0732222222222223,True,False
2636,53,3.4699999999999998,0.07287037037037036,True,False
2637,54,3.46,0.07251851851851854,True,False
2638,57,3.4299999999999997,0.07216666666666671,True,False
2639,56,3.4399999999999995,0.07181481481481489,True,False
2640,50,3.5,0.07146296296296306,True,False
2641,53,3.4699999999999998,0.07111111111111124,True,False
2642,51,3.4899999999999998,0.0707592592592593,True,False
2643,49,3.51,0.07040740740740736,True,False
2644,54,3.46,0.07005555555555554,True,False
2645,50,3.5,0.06970370370370371,True,False
2646,53,3.4699999999999998,0.06935185185185189,True,False
2647,49,3.51,0.06900000000000006,True,False
2648,50,3.4999999999999996,0.06864814814814824,True,False
2649,50,3.4999999999999996,0.06829629629629641,True,False
2650,51,3.4899999999999998,0.06794444444444447,True,False
2651,52,3.4799999999999995,0.06759259259259265,True,False
2652,55,3.4499999999999993,0.06724074074074082,True,False
2653,49,3.51,0.06688888888888889,True,False
2654,51,3.4899999999999998,0.06653703703703706,True,False
2655,51,3.4899999999999998,0.06618518518518524,True,False
2656,57,3.4299999999999997,0.06583333333333341,True,False
2657,56,3.4399999999999995,0.06548148148148147,True,False
2658,51,3.4899999999999998,0.06512962962962965,True,False
2659,53,3.4699999999999998,0.06477777777777782,True,False
2660,55,3.4499999999999993,0.064425925925926,True,False
2661,52,3.4799999999999995,0.06407407407407417,True,False
2662,49,3.51,0.06372222222222235,True,False
2663,54,3.46,0.06337037037037041,True,False
2664,52,3.4799999999999995,0.06301851851851847,True,False
2665,52,3.4799999999999995,0.06266666666666665,True,False
2666,55,3.4499999999999997,0.06231481481481482,True,False
2667,55,3.4499999999999997,0.061962962962963,True,False
2668,56,3.4399999999999995,0.06161111111111117,True,False
2669,52,3.4799999999999995,0.06125925925925935,True,False
2670,49,3.51,0.06090740740740752,True,False
2671,49,3.51,0.060555555555555585,True,False
2672,51,3.4899999999999998,0.06020370370370376,True,False
2673,51,3.4899999999999998,0.059851851851851934,True,False
2674,53,3.4699999999999998,0.0595,True,False
2675,59,3.4099999999999997,0.05914814814814817,True,False
2676,55,3.4499999999999997,0.058796296296296346,True,False
2677,53,3.4699999999999998,0.05844444444444441,True,False
2678,50,3.5,0.058092592592592585,True,False
2679,55,3.4499999999999997,0.05774074074074076,True,False
2680,53,3.4699999999999998,0.057388888888888934,True,False
2681,54,3.4599999999999995,0.05703703703703711,True,False
2682,52,3.4799999999999995,0.05668518518518528,True,False
2683,58,3.42,0.05633333333333346,True,False
2684,53,3.4699999999999998,0.05598148148148152,True,False
2685,49,3.51,0.055629629629629584,True,False
2686,50,3.4999999999999996,0.05527777777777776,True,False
2687,50,3.4999999999999996,0.054925925925925934,True,False
2688,51,3.4899999999999998,0.05457407407407411,True,False
2689,49,3.51,0.05422222222222228,True,False
2690,49,3.51,0.05387037037037046,True,False
2691,51,3.4899999999999998,0.05351851851851852,True,False
2692,53,3.4699999999999998,0.053166666666666695,True,False
2693,51,3.4899999999999998,0.05281481481481487,True,False
2694,49,3.51,0.052462962962963045,True,False
2695,50,3.5,0.05211111111111122,True,False
2696,50,3.5,0.05175925925925928,True,False
2697,52,3.4799999999999995,0.05140740740740746,True,False
2698,51,3.4899999999999993,0.05105555555555552,True,False
2699,58,3.42,0.050703703703703695,True,False
2700,54,3.4599999999999995,0.05035185185185187,True,False
2701,49,3.51,0.050000000000000044,True,False
2702,50,3.4999999999999996,0.050000000000000044,True,False
2703,54,3.46,0.050000000000000044,True,False
2704,51,3.4899999999999998,0.050000000000000044,True,False
2705,54,3.46,0.050000000000000044,True,False
2706,52,3.4799999999999995,0.050000000000000044,True,False
2707,52,3.4799999999999995,0.050000000000000044,True,False
2708,53,3.4699999999999998,0.050000000000000044,True,False
2709,50,3.5,0.050000000000000044,True,False
2710,49,3.51,0.050000000000000044,True,False
2711,53,3.4699999999999998,0.050000000000000044,True,False
2712,51,3.4899999999999998,0.050000000000000044,True,False
2713,53,3.4699999999999998,0.050000000000000044,True,False
2714,53,3.4699999999999998,0.050000000000000044,True,False
2715,49,3.51,0.050000000000000044,True,False
2716,51,3.4899999999999998,0.050000000000000044,True,False
2717,53,3.4699999999999998,0.050000000000000044,True,False
2718,51,3.4899999999999998,0.050000000000000044,True,False
2719,50,3.5,0.050000000000000044,True,False
2720,53,3.4699999999999998,0.050000000000000044,True,False
2721,58,3.42,0.050000000000000044,True,False
2722,52,3.4799999999999995,0.050000000000000044,True,False
2723,50,3.4999999999999996,0.050000000000000044,True,False
2724,50,3.4999999999999996,0.050000000000000044,True,False
2725,55,3.4499999999999997,0.050000000000000044,True,False
2726,50,3.5,0.050000000000000044,True,False
2727,53,3.4699999999999998,0.050000000000000044,True,False
2728,52,3.4799999999999995,0.050000000000000044,True,False
2729,52,3.4799999999999995,0.050000000000000044,True,False
2730,49,3.51,0.050000000000000044,True,False
2731,51,3.4899999999999998,0.050000000000000044,True,False
2732,51,3.4899999999999998,0.050000000000000044,True,False
2733,53,3.4699999999999998,0.050000000000000044,True,False
2734,49,3.51,0.050000000000000044,True,False
2735,51,3.4899999999999998,0.050000000000000044,True,False
2736,52,3.4799999999999995,0.050000000000000044,True,False
2737,54,3.4599999999999995,0.050000000000000044,True,False
2738,52,3.4799999999999995,0.050000000000000044,True,False
2739,51,3.4899999999999998,0.050000000000000044,True,False
2740,53,3.4699999999999998,0.050000000000000044,True,False
2741,49,3.51,0.050000000000000044,True,False
2742,51,3.4899999999999998,0.050000000000000044,True,False
2743,49,3.51,0.050000000000000044,True,False
2744,49,3.51,0.050000000000000044,True,False
2745,51,3.4899999999999998,0.050000000000000044,True,False
2746,55,3.4499999999999997,0.050000000000000044,True,False
2747,50,3.5,0.050000000000000044,True,False
2748,54,3.46,0.050000000000000044,True,False
2749,53,3.4699999999999998,0.050000000000000044,True,False
2750,51,3.4899999999999998,0.050000000000000044,True,False
2751,49,3.51,0.050000000000000044,True,False
2752,44,3.5599999999999996,0.050000000000000044,True,False
2753,51,3.4899999999999998,0.050000000000000044,True,False
2754,50,3.5,0.050000000000000044,True,False
2755,52,3.4799999999999995,0.050000000000000044,True,False
2756,51,3.4899999999999998,0.050000000000000044,True,False
2757,51,3.4899999999999998,0.050000000000000044,True,False
2758,51,3.4899999999999998,0.050000000000000044,True,False
2759,51,3.4899999999999998,0.050000000000000044,True,False
2760,50,3.5,0.050000000000000044,True,False
2761,52,3.4799999999999995,0.050000000000000044,True,False
2762,49,3.51,0.050000000000000044,True,False
2763,52,3.4799999999999995,0.050000000000000044,True,False
2764,49,3.51,0.050000000000000044,True,False
2765,52,3.4799999999999995,0.050000000000000044,True,False
2766,51,3.4899999999999998,0.050000000000000044,True,False
2767,52,3.4799999999999995,0.050000000000000044,True,False
2768,50,3.4999999999999996,0.050000000000000044,True,False
2769,50,3.5,0.050000000000000044,True,False
2770,51,3.4899999999999993,0.050000000000000044,True,False
2771,51,3.4899999999999998,0.050000000000000044,True,False
2772,51,3.4899999999999998,0.050000000000000044,True,False
2773,53,3.4699999999999998,0.050000000000000044,True,False
2774,54,3.46,0.050000000000000044,True,False
2775,51,3.4899999999999998,0.050000000000000044,True,False
2776,55,3.4499999999999997,0.050000000000000044,True,False
2777,55,3.4499999999999993,0.050000000000000044,True,False
2778,53,3.4699999999999998,0.050000000000000044,True,False
2779,49,3.51,0.050000000000000044,True,False
2780,49,3.51,0.050000000000000044,True,False
2781,51,3.4899999999999998,0.050000000000000044,True,False
2782,53,3.4699999999999998,0.050000000000000044,True,False
2783,51,3.4899999999999998,0.050000000000000044,True,False
2784,53,3.4699999999999998,0.050000000000000044,True,False
2785,51,3.4899999999999998,0.050000000000000044,True,False
2786,51,3.4899999999999998,0.050000000000000044,True,False
2787,53,3.4699999999999998,0.050000000000000044,True,False
2788,49,3.51,0.050000000000000044,True,False
2789,51,3.4899999999999998,0.050000000000000044,True,False
2790,50,3.5,0.050000000000000044,True,False
2791,50,3.5,0.050000000000000044,True,False
2792,52,3.4799999999999995,0.050000000000000044,True,False
2793,51,3.4899999999999998,0.050000000000000044,True,False
2794,57,3.4299999999999997,0.050000000000000044,True,False
2795,50,3.4999999999999996,0.050000000000000044,True,False
2796,51,3.4899999999999998,0.050000000000000044,True,False
2797,49,3.51,0.050000000000000044,True,False
2798,57,3.4299999999999997,0.050000000000000044,True,False
2799,55,3.4499999999999993,0.050000000000000044,True,False
2800,50,3.5,0.050000000000000044,True,False
2801,54,3.46,0.050000000000000044,True,False
2802,53,3.4699999999999998,0.050000000000000044,True,False
2803,54,3.46,0.050000000000000044,True,False
2804,56,3.4399999999999995,0.050000000000000044,True,False
2805,49,3.51,0.050000000000000044,True,False
2806,55,3.4499999999999997,0.050000000000000044,True,False
2807,51,3.4899999999999998,0.050000000000000044,True,False
2808,53,3.4699999999999998,0.050000000000000044,True,False
2809,49,3.51,0.050000000000000044,True,False
2810,52,3.4799999999999995,0.050000000000000044,True,False
2811,52,3.4799999999999995,0.050000000000000044,True,False
2812,50,3.5,0.050000000000000044,True,False
2813,50,3.5,0.050000000000000044,True,False
2814,49,3.51,0.050000000000000044,True,False
2815,50,3.5,0.050000000000000044,True,False
2816,51,3.4899999999999993,0.050000000000000044,True,False
2817,49,3.51,0.050000000000000044,True,False
2818,56,3.4399999999999995,0.050000000000000044,True,False
2819,49,3.51,0.050000000000000044,True,False
2820,53,3.4699999999999998,0.050000000000000044,True,False
2821,55,3.4499999999999997,0.050000000000000044,True,False
2822,49,3.51,0.050000000000000044,True,False
2823,55,3.4499999999999997,0.050000000000000044,True,False
2824,52,3.4799999999999995,0.050000000000000044,True,False
2825,49,3.51,0.050000000000000044,True,False
2826,49,3.51,0.050000000000000044,True,False
2827,52,3.4799999999999995,0.050000000000000044,True,False
2828,53,3.4699999999999998,0.050000000000000044,True,False
2829,49,3.51,0.050000000000000044,True,False
2830,50,3.4999999999999996,0.050000000000000044,True,False
2831,55,3.4499999999999997,0.050000000000000044,True,False
2832,52,3.4799999999999995,0.050000000000000044,True,False
2833,52,3.4799999999999995,0.050000000000000044,True,False
2834,49,3.51,0.050000000000000044,True,False
2835,50,3.5,0.050000000000000044,True,False
2836,49,3.51,0.050000000000000044,True,False
2837,49,3.51,0.050000000000000044,True,False
2838,50,3.5,0.050000000000000044,True,False
2839,52,3.4799999999999995,0.050000000000000044,True,False
2840,52,3.4799999999999995,0.050000000000000044,True,False
2841,49,3.51,0.050000000000000044,True,False
2842,50,3.5,0.050000000000000044,True,False
2843,59,3.4099999999999993,0.050000000000000044,True,False
2844,51,3.4899999999999998,0.050000000000000044,True,False
2845,55,3.4499999999999993,0.050000000000000044,True,False
2846,50,3.5,0.050000000000000044,True,False
2847,49,3.51,0.050000000000000044,True,False
2848,51,3.4899999999999998,0.050000000000000044,True,False
2849,52,3.4799999999999995,0.050000000000000044,True,False
2850,53,3.4699999999999998,0.050000000000000044,True,False
2851,60,3.3999999999999995,0.050000000000000044,True,False
2852,55,3.4499999999999997,0.050000000000000044,True,False
2853,43,3.57,0.050000000000000044,True,False
2854,49,3.51,0.050000000000000044,True,False
2855,52,3.4799999999999995,0.050000000000000044,True,False
2856,54,3.46,0.050000000000000044,True,False
2857,51,3.4899999999999998,0.050000000000000044,True,False
2858,51,3.4899999999999998,0.050000000000000044,True,False
2859,51,3.4899999999999998,0.050000000000000044,True,False
2860,55,3.4499999999999997,0.050000000000000044,True,False
2861,53,3.4699999999999998,0.050000000000000044,True,False
2862,54,3.4599999999999995,0.050000000000000044,True,False
2863,55,3.4499999999999993,0.050000000000000044,True,False
2864,58,3.42,0.050000000000000044,True,False
2865,50,3.4999999999999996,0.050000000000000044,True,False
2866,58,3.42,0.050000000000000044,True,False
2867,54,3.46,0.050000000000000044,True,False
2868,51,3.4899999999999998,0.050000000000000044,True,False
2869,49,3.51,0.050000000000000044,True,False
2870,55,3.4499999999999997,0.050000000000000044,True,False
2871,53,3.4699999999999998,0.050000000000000044,True,False
2872,51,3.4899999999999998,0.050000000000000044,True,False
2873,51,3.4899999999999998,0.050000000000000044,True,False
2874,57,3.4299999999999997,0.050000000000000044,True,False
2875,50,3.4999999999999996,0.050000000000000044,True,False
2876,49,3.51,0.050000000000000044,True,False
2877,50,3.5,0.050000000000000044,True,False
2878,51,3.4899999999999998,0.050000000000000044,True,False
2879,53,3.4699999999999998,0.050000000000000044,True,False
2880,49,3.51,0.050000000000000044,True,False
2881,50,3.5,0.050000000000000044,True,False
2882,53,3.4699999999999998,0.050000000000000044,True,False
2883,56,3.4399999999999995,0.050000000000000044,True,False
2884,51,3.4899999999999998,0.050000000000000044,True,False
2885,52,3.4799999999999995,0.050000000000000044,True,False
2886,50,3.5,0.050000000000000044,True,False
2887,49,3.51,0.050000000000000044,True,False
2888,54,3.46,0.050000000000000044,True,False
2889,49,3.51,0.050000000000000044,True,False
2890,49,3.51,0.050000000000000044,True,False
2891,57,3.4299999999999997,0.050000000000000044,True,False
2892,52,3.4799999999999995,0.050000000000000044,True,False
2893,51,3.4899999999999998,0.050000000000000044,True,False
2894,54,3.46,0.050000000000000044,True,False
2895,53,3.4699999999999998,0.050000000000000044,True,False
2896,52,3.4799999999999995,0.050000000000000044,True,False
2897,54,3.46,0.050000000000000044,True,False
2898,53,3.4699999999999998,0.050000000000000044,True,False
2899,49,3.51,0.050000000000000044,True,False
2900,55,3.4499999999999993,0.050000000000000044,True,False
2901,50,3.5,0.050000000000000044,True,False
2902,51,3.4899999999999998,0.050000000000000044,True,False
2903,51,3.4899999999999998,0.050000000000000044,True,False
2904,55,3.4499999999999997,0.050000000000000044,True,False
2905,51,3.4899999999999998,0.050000000000000044,True,False
2906,49,3.51,0.050000000000000044,True,False
2907,56,3.4399999999999995,0.050000000000000044,True,False
2908,53,3.4699999999999998,0.050000000000000044,True,False
2909,57,3.4299999999999997,0.050000000000000044,True,False
2910,49,3.51,0.050000000000000044,True,False
2911,51,3.4899999999999998,0.050000000000000044,True,False
2912,56,3.4399999999999995,0.050000000000000044,True,False
2913,55,3.4499999999999993,0.050000000000000044,True,False
2914,58,3.42,0.050000000000000044,True,False
2915,52,3.4799999999999995,0.050000000000000044,True,False
2916,56,3.4399999999999995,0.050000000000000044,True,False
2917,55,3.4499999999999997,0.050000000000000044,True,False
2918,53,3.4699999999999998,0.050000000000000044,True,False
2919,53,3.4699999999999998,0.050000000000000044,True,False
2920,51,3.4899999999999993,0.050000000000000044,True,False
2921,57,3.4299999999999997,0.050000000000000044,True,False
2922,57,3.4299999999999997,0.050000000000000044,True,False
2923,54,3.46,0.050000000000000044,True,False
2924,49,3.51,0.050000000000000044,True,False
2925,50,3.5,0.050000000000000044,True,False
2926,53,3.4699999999999998,0.050000000000000044,True,False
2927,51,3.4899999999999998,0.050000000000000044,True,False
2928,52,3.4799999999999995,0.050000000000000044,True,False
2929,53,3.4699999999999998,0.050000000000000044,True,False
2930,53,3.4699999999999998,0.050000000000000044,True,False
2931,50,3.4999999999999996,0.050000000000000044,True,False
2932,58,3.4199999999999995,0.050000000000000044,True,False
2933,55,3.4499999999999997,0.050000000000000044,True,False
2934,56,3.4399999999999995,0.050000000000000044,True,False
2935,54,3.46,0.050000000000000044,True,False
2936,55,3.4499999999999993,0.050000000000000044,True,False
2937,50,3.5,0.050000000000000044,True,False
2938,58,3.4199999999999995,0.050000000000000044,True,False
2939,50,3.5,0.050000000000000044,True,False
2940,51,3.4899999999999998,0.050000000000000044,True,False
2941,50,3.4999999999999996,0.050000000000000044,True,False
2942,54,3.46,0.050000000000000044,True,False
2943,51,3.4899999999999998,0.050000000000000044,True,False
2944,57,3.4299999999999997,0.050000000000000044,True,False
2945,50,3.5,0.050000000000000044,True,False
2946,53,3.4699999999999998,0.050000000000000044,True,False
2947,51,3.4899999999999998,0.050000000000000044,True,False
2948,51,3.4899999999999998,0.050000000000000044,True,False
2949,52,3.4799999999999995,0.050000000000000044,True,False
2950,50,3.5,0.050000000000000044,True,False
2951,52,3.4799999999999995,0.050000000000000044,True,False
2952,49,3.51,0.050000000000000044,True,False
2953,55,3.4499999999999997,0.050000000000000044,True,False
2954,55,3.4499999999999997,0.050000000000000044,True,False
2955,53,3.4699999999999998,0.050000000000000044,True,False
2956,54,3.4599999999999995,0.050000000000000044,True,False
2957,51,3.4899999999999998,0.050000000000000044,True,False
2958,49,3.51,0.050000000000000044,True,False
2959,51,3.4899999999999998,0.050000000000000044,True,False
2960,51,3.4899999999999998,0.050000000000000044,True,False
2961,51,3.4899999999999998,0.050000000000000044,True,False
2962,52,3.4799999999999995,0.050000000000000044,True,False
2963,52,3.4799999999999995,0.050000000000000044,True,False
2964,53,3.4699999999999998,0.050000000000000044,True,False
2965,54,3.4599999999999995,0.050000000000000044,True,False
2966,53,3.4699999999999998,0.050000000000000044,True,False
2967,55,3.4499999999999993,0.050000000000000044,True,False
2968,49,3.51,0.050000000000000044,True,False
2969,53,3.4699999999999998,0.050000000000000044,True,False
2970,49,3.51,0.050000000000000044,True,False
2971,50,3.4999999999999996,0.050000000000000044,True,False
2972,52,3.4799999999999995,0.050000000000000044,True,False
2973,49,3.51,0.050000000000000044,True,False
2974,53,3.4699999999999998,0.050000000000000044,True,False
2975,53,3.4699999999999998,0.050000000000000044,True,False
2976,53,3.4699999999999998,0.050000000000000044,True,False
2977,56,3.4399999999999995,0.050000000000000044,True,False
2978,51,3.4899999999999998,0.050000000000000044,True,False
2979,54,3.4599999999999995,0.050000000000000044,True,False
2980,49,3.51,0.050000000000000044,True,False
2981,52,3.4799999999999995,0.050000000000000044,True,False
2982,53,3.4699999999999998,0.050000000000000044,True,False
2983,54,3.4599999999999995,0.050000000000000044,True,False
2984,49,3.51,0.050000000000000044,True,False
2985,54,3.46,0.050000000000000044,True,False
2986,52,3.4799999999999995,0.050000000000000044,True,False
2987,53,3.4699999999999998,0.050000000000000044,True,False
2988,51,3.4899999999999993,0.050000000000000044,True,False
2989,55,3.4499999999999997,0.050000000000000044,True,False
2990,45,3.55,0.050000000000000044,True,False
2991,49,3.51,0.050000000000000044,True,False
2992,50,3.4999999999999996,0.050000000000000044,True,False
2993,53,3.4699999999999998,0.050000000000000044,True,False
2994,52,3.4799999999999995,0.050000000000000044,True,False
2995,51,3.4899999999999998,0.050000000000000044,True,False
2996,52,3.4799999999999995,0.050000000000000044,True,False
2997,53,3.4699999999999998,0.050000000000000044,True,False
2998,54,3.46,0.050000000000000044,True,False
2999,50,3.5,0.050000000000000044,True,False
3000,51,3.4899999999999998,0.050000000000000044,True,False
