episode,steps,totalReward,epsilon,completed,died
1,57,0,1.0,False,True
2,48,0,0.9996481481481482,False,True
3,169,0,0.9992962962962963,False,True
4,7,0,0.9989444444444444,False,True
5,79,0,0.9985925925925926,False,True
6,281,0,0.9982407407407408,False,True
7,45,0,0.9978888888888889,False,True
8,238,0,0.997537037037037,False,True
9,105,0,0.9971851851851852,False,True
10,83,0,0.9968333333333333,False,True
11,33,0,0.9964814814814815,False,True
12,97,0,0.9961296296296296,False,True
13,20,0,0.9957777777777778,False,True
14,134,0,0.9954259259259259,False,True
15,225,1,0.9950740740740741,True,False
16,24,0,0.9947222222222222,False,True
17,87,0,0.9943703703703703,False,True
18,242,1,0.9940185185185185,True,False
19,121,0,0.9936666666666667,False,True
20,380,0,0.9933148148148148,False,True
21,32,0,0.9929629629629629,False,True
22,67,0,0.9926111111111111,False,True
23,400,0,0.9922592592592593,False,False
24,10,0,0.9919074074074075,False,True
25,34,0,0.9915555555555555,False,True
26,32,0,0.9912037037037037,False,True
27,68,0,0.9908518518518519,False,True
28,17,0,0.9905,False,True
29,39,0,0.9901481481481481,False,True
30,19,0,0.9897962962962963,False,True
31,156,0,0.9894444444444445,False,True
32,20,0,0.9890925925925926,False,True
33,62,0,0.9887407407407407,False,True
34,58,0,0.9883888888888889,False,True
35,135,0,0.988037037037037,False,True
36,264,0,0.9876851851851852,False,True
37,35,0,0.9873333333333333,False,True
38,22,0,0.9869814814814815,False,True
39,41,0,0.9866296296296296,False,True
40,99,0,0.9862777777777778,False,True
41,39,0,0.9859259259259259,False,True
42,241,0,0.985574074074074,False,True
43,140,0,0.9852222222222222,False,True
44,259,0,0.9848703703703704,False,True
45,400,0,0.9845185185185186,False,False
46,40,0,0.9841666666666666,False,True
47,94,0,0.9838148148148148,False,True
48,137,1,0.983462962962963,True,False
49,23,0,0.9831111111111112,False,True
50,102,0,0.9827592592592592,False,True
51,37,0,0.9824074074074074,False,True
52,375,0,0.9820555555555556,False,True
53,106,0,0.9817037037037037,False,True
54,26,0,0.9813518518518518,False,True
55,400,0,0.981,False,False
56,203,0,0.9806481481481482,False,True
57,258,0,0.9802962962962963,False,True
58,309,0,0.9799444444444444,False,True
59,90,0,0.9795925925925926,False,True
60,186,0,0.9792407407407407,False,True
61,311,0,0.9788888888888889,False,True
62,239,0,0.978537037037037,False,True
63,42,0,0.9781851851851852,False,True
64,330,0,0.9778333333333333,False,True
65,366,0,0.9774814814814815,False,True
66,400,0,0.9771296296296297,False,False
67,400,0,0.9767777777777777,False,False
68,185,1,0.9764259259259259,True,False
69,183,1,0.9760740740740741,True,False
70,25,0,0.9757222222222223,False,True
71,80,1,0.9753703703703703,True,False
72,19,0,0.9750185185185185,False,True
73,400,0,0.9746666666666667,False,False
74,127,0,0.9743148148148149,False,True
75,18,0,0.9739629629629629,False,True
76,338,0,0.9736111111111111,False,True
77,392,0,0.9732592592592593,False,True
78,133,1,0.9729074074074074,True,False
79,160,0,0.9725555555555555,False,True
80,214,0,0.9722037037037037,False,True
81,65,0,0.9718518518518519,False,True
82,137,0,0.9715,False,True
83,156,0,0.9711481481481481,False,True
84,149,0,0.9707962962962963,False,True
85,146,0,0.9704444444444444,False,True
86,71,0,0.9700925925925926,False,True
87,196,0,0.9697407407407408,False,True
88,116,0,0.9693888888888889,False,True
89,11,0,0.969037037037037,False,True
90,400,0,0.9686851851851852,False,False
91,189,0,0.9683333333333334,False,True
92,78,0,0.9679814814814814,False,True
93,123,0,0.9676296296296296,False,True
94,201,1,0.9672777777777778,True,False
95,287,1,0.966925925925926,True,False
96,60,0,0.966574074074074,False,True
97,267,0,0.9662222222222222,False,True
98,203,0,0.9658703703703704,False,True
99,400,0,0.9655185185185186,False,False
100,400,0,0.9651666666666666,False,False
101,196,1,0.9648148148148148,True,False
102,12,0,0.964462962962963,False,True
103,36,0,0.9641111111111111,False,True
104,64,0,0.9637592592592592,False,True
105,38,0,0.9634074074074074,False,True
106,105,0,0.9630555555555556,False,True
107,315,1,0.9627037037037037,True,False
108,87,0,0.9623518518518519,False,True
109,89,0,0.962,False,True
110,77,0,0.9616481481481481,False,True
111,304,0,0.9612962962962963,False,True
112,234,1,0.9609444444444445,True,False
113,146,0,0.9605925925925926,False,True
114,173,0,0.9602407407407407,False,True
115,86,0,0.9598888888888889,False,True
116,400,0,0.9595370370370371,False,False
117,83,0,0.9591851851851851,False,True
118,248,0,0.9588333333333333,False,True
119,20,0,0.9584814814814815,False,True
120,400,0,0.9581296296296297,False,False
121,159,0,0.9577777777777777,False,True
122,398,0,0.9574259259259259,False,True
123,371,0,0.9570740740740741,False,True
124,400,0,0.9567222222222223,False,False
125,65,0,0.9563703703703703,False,True
126,336,0,0.9560185185185185,False,True
127,21,0,0.9556666666666667,False,True
128,25,0,0.9553148148148148,False,True
129,73,0,0.954962962962963,False,True
130,18,0,0.9546111111111111,False,True
131,232,1,0.9542592592592593,True,False
132,400,0,0.9539074074074074,False,False
133,99,0,0.9535555555555556,False,True
134,89,0,0.9532037037037037,False,True
135,227,0,0.9528518518518518,False,True
136,112,0,0.9525,False,True
137,107,0,0.9521481481481482,False,True
138,41,0,0.9517962962962963,False,True
139,196,0,0.9514444444444444,False,True
140,154,0,0.9510925925925926,False,True
141,61,0,0.9507407407407408,False,True
142,284,1,0.9503888888888888,True,False
143,256,1,0.950037037037037,True,False
144,279,0,0.9496851851851852,False,True
145,204,0,0.9493333333333334,False,True
146,148,0,0.9489814814814814,False,True
147,241,1,0.9486296296296296,True,False
148,126,1,0.9482777777777778,True,False
149,28,0,0.947925925925926,False,True
150,192,0,0.9475740740740741,False,True
151,175,0,0.9472222222222222,False,True
152,21,0,0.9468703703703704,False,True
153,259,0,0.9465185185185185,False,True
154,400,0,0.9461666666666667,False,False
155,21,0,0.9458148148148148,False,True
156,400,0,0.945462962962963,False,False
157,160,0,0.9451111111111111,False,True
158,78,0,0.9447592592592593,False,True
159,175,0,0.9444074074074074,False,True
160,114,1,0.9440555555555555,True,False
161,29,0,0.9437037037037037,False,True
162,101,0,0.9433518518518519,False,True
163,51,0,0.9430000000000001,False,True
164,366,0,0.9426481481481481,False,True
165,400,0,0.9422962962962963,False,False
166,38,0,0.9419444444444445,False,True
167,173,0,0.9415925925925925,False,True
168,158,0,0.9412407407407407,False,True
169,25,0,0.9408888888888889,False,True
170,400,0,0.9405370370370371,False,False
171,16,0,0.9401851851851852,False,True
172,68,0,0.9398333333333333,False,True
173,34,0,0.9394814814814815,False,True
174,16,0,0.9391296296296296,False,True
175,23,0,0.9387777777777778,False,True
176,17,0,0.9384259259259259,False,True
177,44,0,0.9380740740740741,False,True
178,14,0,0.9377222222222222,False,True
179,400,0,0.9373703703703704,False,False
180,325,0,0.9370185185185185,False,True
181,190,0,0.9366666666666666,False,True
182,40,0,0.9363148148148148,False,True
183,103,0,0.935962962962963,False,True
184,40,0,0.9356111111111111,False,True
185,33,0,0.9352592592592592,False,True
186,80,0,0.9349074074074074,False,True
187,48,0,0.9345555555555556,False,True
188,196,0,0.9342037037037036,False,True
189,304,0,0.9338518518518518,False,True
190,200,0,0.9335,False,True
191,63,0,0.9331481481481482,False,True
192,56,0,0.9327962962962963,False,True
193,15,0,0.9324444444444444,False,True
194,38,0,0.9320925925925926,False,True
195,110,0,0.9317407407407408,False,True
196,34,0,0.9313888888888889,False,True
197,400,0,0.931037037037037,False,False
198,395,0,0.9306851851851852,False,True
199,115,0,0.9303333333333333,False,True
200,58,0,0.9299814814814815,False,True
201,104,0,0.9296296296296296,False,True
202,400,0,0.9292777777777778,False,False
203,52,0,0.9289259259259259,False,True
204,338,0,0.9285740740740741,False,True
205,387,0,0.9282222222222223,False,True
206,151,0,0.9278703703703703,False,True
207,143,1,0.9275185185185185,True,False
208,116,1,0.9271666666666667,True,False
209,182,0,0.9268148148148148,False,True
210,127,1,0.9264629629629629,True,False
211,279,0,0.9261111111111111,False,True
212,107,1,0.9257592592592593,True,False
213,25,0,0.9254074074074075,False,True
214,73,1,0.9250555555555555,True,False
215,127,0,0.9247037037037037,False,True
216,112,0,0.9243518518518519,False,True
217,226,0,0.924,False,True
218,400,0,0.9236481481481481,False,False
219,106,0,0.9232962962962963,False,True
220,94,1,0.9229444444444445,True,False
221,56,0,0.9225925925925926,False,True
222,400,0,0.9222407407407407,False,False
223,21,0,0.9218888888888889,False,True
224,329,0,0.921537037037037,False,True
225,9,0,0.9211851851851852,False,True
226,116,0,0.9208333333333334,False,True
227,97,0,0.9204814814814815,False,True
228,81,0,0.9201296296296296,False,True
229,56,0,0.9197777777777778,False,True
230,35,0,0.9194259259259259,False,True
231,35,0,0.919074074074074,False,True
232,32,0,0.9187222222222222,False,True
233,112,0,0.9183703703703704,False,True
234,170,0,0.9180185185185186,False,True
235,400,0,0.9176666666666666,False,False
236,120,1,0.9173148148148148,True,False
237,59,0,0.916962962962963,False,True
238,184,0,0.9166111111111112,False,True
239,87,0,0.9162592592592593,False,True
240,381,0,0.9159074074074074,False,True
241,20,0,0.9155555555555556,False,True
242,74,0,0.9152037037037037,False,True
243,60,0,0.9148518518518518,False,True
244,16,0,0.9145,False,True
245,400,0,0.9141481481481482,False,False
246,21,0,0.9137962962962963,False,True
247,96,1,0.9134444444444445,True,False
248,386,0,0.9130925925925926,False,True
249,172,0,0.9127407407407407,False,True
250,248,0,0.9123888888888889,False,True
251,43,0,0.9120370370370371,False,True
252,58,0,0.9116851851851852,False,True
253,50,0,0.9113333333333333,False,True
254,275,1,0.9109814814814815,True,False
255,148,0,0.9106296296296297,False,True
256,137,1,0.9102777777777777,True,False
257,151,0,0.9099259259259259,False,True
258,162,0,0.9095740740740741,False,True
259,168,1,0.9092222222222223,True,False
260,277,1,0.9088703703703703,True,False
261,197,0,0.9085185185185185,False,True
262,195,0,0.9081666666666667,False,True
263,380,0,0.9078148148148149,False,True
264,175,0,0.9074629629629629,False,True
265,400,0,0.9071111111111111,False,False
266,81,0,0.9067592592592593,False,True
267,285,0,0.9064074074074074,False,True
268,56,0,0.9060555555555556,False,True
269,117,0,0.9057037037037037,False,True
270,214,0,0.9053518518518519,False,True
271,29,0,0.905,False,True
272,297,1,0.9046481481481481,True,False
273,144,0,0.9042962962962963,False,True
274,74,0,0.9039444444444444,False,True
275,42,0,0.9035925925925926,False,True
276,19,0,0.9032407407407408,False,True
277,100,1,0.9028888888888889,True,False
278,221,1,0.902537037037037,True,False
279,20,0,0.9021851851851852,False,True
280,201,0,0.9018333333333334,False,True
281,339,0,0.9014814814814816,False,True
282,63,0,0.9011296296296296,False,True
283,44,0,0.9007777777777778,False,True
284,29,0,0.900425925925926,False,True
285,62,0,0.900074074074074,False,True
286,307,0,0.8997222222222222,False,True
287,81,0,0.8993703703703704,False,True
288,8,0,0.8990185185185186,False,True
289,41,0,0.8986666666666667,False,True
290,98,0,0.8983148148148148,False,True
291,28,0,0.897962962962963,False,True
292,65,0,0.8976111111111111,False,True
293,311,0,0.8972592592592593,False,True
294,56,0,0.8969074074074074,False,True
295,74,1,0.8965555555555556,True,False
296,212,0,0.8962037037037037,False,True
297,221,1,0.8958518518518519,True,False
298,179,0,0.8955,False,True
299,271,0,0.8951481481481481,False,True
300,16,0,0.8947962962962963,False,True
301,10,0,0.8944444444444445,False,True
302,133,0,0.8940925925925925,False,True
303,152,0,0.8937407407407407,False,True
304,163,0,0.8933888888888889,False,True
305,46,0,0.8930370370370371,False,True
306,76,1,0.8926851851851851,True,False
307,262,0,0.8923333333333333,False,True
308,140,0,0.8919814814814815,False,True
309,85,0,0.8916296296296297,False,True
310,27,0,0.8912777777777778,False,True
311,300,0,0.8909259259259259,False,True
312,306,0,0.8905740740740741,False,True
313,400,0,0.8902222222222222,False,False
314,162,1,0.8898703703703703,True,False
315,128,0,0.8895185185185185,False,True
316,117,0,0.8891666666666667,False,True
317,29,0,0.8888148148148148,False,True
318,399,0,0.888462962962963,False,True
319,128,0,0.8881111111111111,False,True
320,183,0,0.8877592592592592,False,True
321,21,0,0.8874074074074074,False,True
322,400,0,0.8870555555555556,False,False
323,92,1,0.8867037037037037,True,False
324,400,0,0.8863518518518518,False,False
325,129,0,0.886,False,True
326,109,1,0.8856481481481482,True,False
327,84,0,0.8852962962962962,False,True
328,54,0,0.8849444444444444,False,True
329,48,0,0.8845925925925926,False,True
330,206,1,0.8842407407407408,True,False
331,57,0,0.883888888888889,False,True
332,400,0,0.883537037037037,False,False
333,142,0,0.8831851851851852,False,True
334,45,0,0.8828333333333334,False,True
335,400,0,0.8824814814814815,False,False
336,93,0,0.8821296296296296,False,True
337,99,1,0.8817777777777778,True,False
338,218,1,0.881425925925926,True,False
339,73,0,0.8810740740740741,False,True
340,182,0,0.8807222222222222,False,True
341,400,0,0.8803703703703704,False,False
342,68,0,0.8800185185185185,False,True
343,142,0,0.8796666666666667,False,True
344,400,0,0.8793148148148149,False,False
345,142,0,0.878962962962963,False,True
346,26,0,0.8786111111111111,False,True
347,87,0,0.8782592592592593,False,True
348,57,0,0.8779074074074074,False,True
349,273,0,0.8775555555555555,False,True
350,33,0,0.8772037037037037,False,True
351,83,0,0.8768518518518519,False,True
352,93,0,0.8765000000000001,False,True
353,186,0,0.8761481481481481,False,True
354,97,0,0.8757962962962963,False,True
355,54,0,0.8754444444444445,False,True
356,400,0,0.8750925925925926,False,False
357,24,0,0.8747407407407407,False,True
358,30,0,0.8743888888888889,False,True
359,68,0,0.8740370370370371,False,True
360,62,0,0.8736851851851852,False,True
361,203,0,0.8733333333333333,False,True
362,15,0,0.8729814814814815,False,True
363,268,1,0.8726296296296296,True,False
364,145,0,0.8722777777777778,False,True
365,279,0,0.871925925925926,False,True
366,159,0,0.8715740740740741,False,True
367,85,0,0.8712222222222222,False,True
368,82,0,0.8708703703703704,False,True
369,63,0,0.8705185185185185,False,True
370,270,0,0.8701666666666666,False,True
371,217,0,0.8698148148148148,False,True
372,131,0,0.869462962962963,False,True
373,212,0,0.8691111111111112,False,True
374,400,0,0.8687592592592592,False,False
375,332,1,0.8684074074074074,True,False
376,98,0,0.8680555555555556,False,True
377,315,0,0.8677037037037038,False,True
378,11,0,0.8673518518518518,False,True
379,140,0,0.867,False,True
380,152,1,0.8666481481481482,True,False
381,28,0,0.8662962962962963,False,True
382,227,0,0.8659444444444444,False,True
383,107,0,0.8655925925925926,False,True
384,93,0,0.8652407407407408,False,True
385,196,0,0.8648888888888889,False,True
386,98,0,0.864537037037037,False,True
387,35,0,0.8641851851851852,False,True
388,400,0,0.8638333333333333,False,False
389,217,0,0.8634814814814815,False,True
390,386,1,0.8631296296296296,True,False
391,15,0,0.8627777777777779,False,True
392,241,0,0.8624259259259259,False,True
393,80,0,0.8620740740740741,False,True
394,255,0,0.8617222222222223,False,True
395,42,0,0.8613703703703703,False,True
396,182,0,0.8610185185185185,False,True
397,400,0,0.8606666666666667,False,False
398,15,0,0.8603148148148148,False,True
399,29,0,0.859962962962963,False,True
400,233,0,0.8596111111111111,False,True
401,252,1,0.8592592592592593,True,False
402,208,0,0.8589074074074075,False,True
403,249,0,0.8585555555555555,False,True
404,113,0,0.8582037037037037,False,True
405,105,0,0.8578518518518519,False,True
406,400,0,0.8575,False,False
407,142,1,0.8571481481481482,True,False
408,293,0,0.8567962962962963,False,True
409,400,0,0.8564444444444445,False,False
410,243,1,0.8560925925925926,True,False
411,92,0,0.8557407407407407,False,True
412,366,0,0.8553888888888889,False,True
413,387,0,0.855037037037037,False,True
414,36,0,0.8546851851851852,False,True
415,291,1,0.8543333333333334,True,False
416,16,0,0.8539814814814815,False,True
417,204,0,0.8536296296296296,False,True
418,213,0,0.8532777777777778,False,True
419,93,0,0.8529259259259259,False,True
420,26,0,0.8525740740740742,False,True
421,371,1,0.8522222222222222,True,False
422,400,0,0.8518703703703704,False,False
423,400,0,0.8515185185185186,False,False
424,49,0,0.8511666666666666,False,True
425,400,0,0.8508148148148148,False,False
426,175,1,0.850462962962963,True,False
427,164,0,0.8501111111111112,False,True
428,184,0,0.8497592592592593,False,True
429,49,0,0.8494074074074074,False,True
430,145,1,0.8490555555555556,True,False
431,96,0,0.8487037037037037,False,True
432,210,0,0.8483518518518518,False,True
433,259,0,0.848,False,True
434,224,1,0.8476481481481482,True,False
435,98,0,0.8472962962962963,False,True
436,30,0,0.8469444444444445,False,True
437,47,0,0.8465925925925926,False,True
438,400,0,0.8462407407407407,False,False
439,14,0,0.8458888888888889,False,True
440,12,0,0.845537037037037,False,True
441,111,1,0.8451851851851852,True,False
442,37,0,0.8448333333333333,False,True
443,275,0,0.8444814814814815,False,True
444,41,0,0.8441296296296297,False,True
445,39,0,0.8437777777777777,False,True
446,13,0,0.8434259259259259,False,True
447,299,1,0.8430740740740741,True,False
448,130,0,0.8427222222222222,False,True
449,400,0,0.8423703703703704,False,False
450,25,0,0.8420185185185185,False,True
451,32,0,0.8416666666666667,False,True
452,224,0,0.8413148148148148,False,True
453,379,0,0.840962962962963,False,True
454,93,0,0.8406111111111111,False,True
455,157,0,0.8402592592592593,False,True
456,280,1,0.8399074074074074,True,False
457,84,0,0.8395555555555556,False,True
458,21,0,0.8392037037037037,False,True
459,113,0,0.8388518518518518,False,True
460,80,0,0.8385,False,True
461,74,0,0.8381481481481482,False,True
462,96,1,0.8377962962962963,True,False
463,301,1,0.8374444444444444,True,False
464,180,0,0.8370925925925926,False,True
465,149,0,0.8367407407407408,False,True
466,70,0,0.8363888888888888,False,True
467,123,1,0.836037037037037,True,False
468,270,1,0.8356851851851852,True,False
469,168,1,0.8353333333333334,True,False
470,357,0,0.8349814814814815,False,True
471,166,0,0.8346296296296296,False,True
472,184,0,0.8342777777777778,False,True
473,210,0,0.833925925925926,False,True
474,91,0,0.833574074074074,False,True
475,311,1,0.8332222222222222,True,False
476,133,1,0.8328703703703704,True,False
477,86,0,0.8325185185185185,False,True
478,40,0,0.8321666666666667,False,True
479,134,1,0.8318148148148148,True,False
480,303,0,0.831462962962963,False,True
481,400,0,0.8311111111111111,False,False
482,277,0,0.8307592592592593,False,True
483,226,1,0.8304074074074074,True,False
484,214,0,0.8300555555555555,False,True
485,299,0,0.8297037037037037,False,True
486,164,1,0.8293518518518519,True,False
487,100,1,0.829,True,False
488,400,0,0.8286481481481481,False,False
489,400,0,0.8282962962962963,False,False
490,110,0,0.8279444444444445,False,True
491,59,0,0.8275925925925927,False,True
492,50,0,0.8272407407407407,False,True
493,129,0,0.8268888888888889,False,True
494,44,0,0.8265370370370371,False,True
495,309,1,0.8261851851851851,True,False
496,189,0,0.8258333333333334,False,True
497,223,0,0.8254814814814815,False,True
498,270,0,0.8251296296296297,False,True
499,65,0,0.8247777777777778,False,True
500,338,1,0.8244259259259259,True,False
501,400,0,0.8240740740740741,False,False
502,288,0,0.8237222222222222,False,True
503,400,0,0.8233703703703703,False,False
504,388,0,0.8230185185185186,False,True
505,277,0,0.8226666666666667,False,True
506,129,1,0.8223148148148148,True,False
507,33,0,0.821962962962963,False,True
508,264,0,0.8216111111111111,False,True
509,24,0,0.8212592592592592,False,True
510,74,0,0.8209074074074074,False,True
511,33,0,0.8205555555555556,False,True
512,365,0,0.8202037037037038,False,True
513,23,0,0.8198518518518518,False,True
514,81,0,0.8195,False,True
515,172,0,0.8191481481481482,False,True
516,140,0,0.8187962962962962,False,True
517,180,0,0.8184444444444444,False,True
518,313,0,0.8180925925925926,False,True
519,400,0,0.8177407407407408,False,False
520,126,0,0.8173888888888889,False,True
521,23,0,0.817037037037037,False,True
522,90,1,0.8166851851851852,True,False
523,83,0,0.8163333333333334,False,True
524,165,1,0.8159814814814814,True,False
525,352,0,0.8156296296296297,False,True
526,400,0,0.8152777777777778,False,False
527,30,0,0.8149259259259259,False,True
528,98,0,0.8145740740740741,False,True
529,375,0,0.8142222222222222,False,True
530,160,1,0.8138703703703704,True,False
531,138,1,0.8135185185185185,True,False
532,39,0,0.8131666666666667,False,True
533,347,0,0.8128148148148149,False,True
534,172,0,0.8124629629629629,False,True
535,104,0,0.8121111111111111,False,True
536,127,0,0.8117592592592593,False,True
537,317,0,0.8114074074074074,False,True
538,55,0,0.8110555555555555,False,True
539,165,0,0.8107037037037037,False,True
540,36,0,0.8103518518518519,False,True
541,56,1,0.81,True,False
542,133,1,0.8096481481481481,True,False
543,113,0,0.8092962962962963,False,True
544,15,0,0.8089444444444445,False,True
545,206,1,0.8085925925925926,True,False
546,135,0,0.8082407407407407,False,True
547,155,0,0.8078888888888889,False,True
548,390,1,0.807537037037037,True,False
549,400,0,0.8071851851851852,False,False
550,104,0,0.8068333333333333,False,True
551,76,1,0.8064814814814815,True,False
552,298,0,0.8061296296296296,False,True
553,186,0,0.8057777777777778,False,True
554,400,0,0.805425925925926,False,False
555,54,0,0.805074074074074,False,True
556,216,0,0.8047222222222222,False,True
557,45,0,0.8043703703703704,False,True
558,23,0,0.8040185185185186,False,True
559,50,0,0.8036666666666666,False,True
560,336,0,0.8033148148148148,False,True
561,15,0,0.802962962962963,False,True
562,101,0,0.8026111111111112,False,True
563,85,0,0.8022592592592592,False,True
564,130,0,0.8019074074074074,False,True
565,52,0,0.8015555555555556,False,True
566,30,0,0.8012037037037038,False,True
567,78,0,0.8008518518518518,False,True
568,29,0,0.8005,False,True
569,146,0,0.8001481481481482,False,True
570,255,1,0.7997962962962963,True,False
571,130,0,0.7994444444444444,False,True
572,116,0,0.7990925925925926,False,True
573,329,0,0.7987407407407408,False,True
574,266,0,0.7983888888888889,False,True
575,21,0,0.7980370370370371,False,True
576,244,1,0.7976851851851852,True,False
577,11,0,0.7973333333333333,False,True
578,171,0,0.7969814814814815,False,True
579,161,0,0.7966296296296296,False,True
580,57,0,0.7962777777777779,False,True
581,400,0,0.7959259259259259,False,False
582,209,0,0.7955740740740741,False,True
583,30,0,0.7952222222222223,False,True
584,49,0,0.7948703703703703,False,True
585,73,1,0.7945185185185185,True,False
586,271,0,0.7941666666666667,False,True
587,227,0,0.7938148148148149,False,True
588,23,0,0.793462962962963,False,True
589,200,0,0.7931111111111111,False,True
590,40,0,0.7927592592592593,False,True
591,98,1,0.7924074074074074,True,False
592,194,1,0.7920555555555555,True,False
593,16,0,0.7917037037037037,False,True
594,41,0,0.7913518518518519,False,True
595,400,0,0.791,False,False
596,400,0,0.7906481481481482,False,False
597,147,0,0.7902962962962963,False,True
598,400,0,0.7899444444444444,False,False
599,400,0,0.7895925925925926,False,False
600,198,1,0.7892407407407407,True,False
601,381,0,0.788888888888889,False,True
602,68,0,0.788537037037037,False,True
603,27,0,0.7881851851851852,False,True
604,62,0,0.7878333333333334,False,True
605,38,0,0.7874814814814814,False,True
606,37,0,0.7871296296296296,False,True
607,17,0,0.7867777777777778,False,True
608,51,0,0.7864259259259259,False,True
609,57,0,0.7860740740740741,False,True
610,47,1,0.7857222222222222,True,False
611,400,0,0.7853703703703704,False,False
612,172,1,0.7850185185185186,True,False
613,105,1,0.7846666666666666,True,False
614,13,0,0.7843148148148148,False,True
615,93,0,0.783962962962963,False,True
616,107,0,0.7836111111111111,False,True
617,16,0,0.7832592592592593,False,True
618,400,0,0.7829074074074074,False,False
619,162,1,0.7825555555555556,True,False
620,61,0,0.7822037037037037,False,True
621,229,0,0.7818518518518518,False,True
622,76,1,0.7815,True,False
623,130,0,0.7811481481481481,False,True
624,99,0,0.7807962962962963,False,True
625,123,0,0.7804444444444445,False,True
626,333,0,0.7800925925925926,False,True
627,100,0,0.7797407407407407,False,True
628,236,0,0.7793888888888889,False,True
629,218,1,0.779037037037037,True,False
630,101,0,0.7786851851851853,False,True
631,205,0,0.7783333333333333,False,True
632,117,1,0.7779814814814815,True,False
633,309,0,0.7776296296296297,False,True
634,400,0,0.7772777777777777,False,False
635,265,0,0.7769259259259259,False,True
636,355,0,0.7765740740740741,False,True
637,26,0,0.7762222222222223,False,True
638,400,0,0.7758703703703704,False,False
639,101,0,0.7755185185185185,False,True
640,400,0,0.7751666666666667,False,False
641,16,0,0.7748148148148148,False,True
642,118,0,0.774462962962963,False,True
643,85,0,0.7741111111111111,False,True
644,79,0,0.7737592592592593,False,True
645,129,0,0.7734074074074074,False,True
646,400,0,0.7730555555555556,False,False
647,263,0,0.7727037037037037,False,True
648,340,0,0.7723518518518518,False,True
649,122,0,0.772,False,True
650,307,0,0.7716481481481482,False,True
651,100,0,0.7712962962962964,False,True
652,82,0,0.7709444444444444,False,True
653,350,0,0.7705925925925926,False,True
654,165,0,0.7702407407407408,False,True
655,188,0,0.7698888888888888,False,True
656,252,1,0.769537037037037,True,False
657,81,0,0.7691851851851852,False,True
658,172,1,0.7688333333333334,True,False
659,118,0,0.7684814814814815,False,True
660,73,0,0.7681296296296296,False,True
661,192,1,0.7677777777777778,True,False
662,37,0,0.767425925925926,False,True
663,181,0,0.7670740740740741,False,True
664,400,0,0.7667222222222222,False,False
665,198,0,0.7663703703703704,False,True
666,179,0,0.7660185185185185,False,True
667,152,0,0.7656666666666667,False,True
668,93,0,0.7653148148148148,False,True
669,184,0,0.764962962962963,False,True
670,18,0,0.7646111111111111,False,True
671,62,0,0.7642592592592593,False,True
672,117,0,0.7639074074074074,False,True
673,34,0,0.7635555555555555,False,True
674,400,0,0.7632037037037037,False,False
675,209,0,0.7628518518518519,False,True
676,379,0,0.7625,False,True
677,166,0,0.7621481481481482,False,True
678,260,0,0.7617962962962963,False,True
679,33,0,0.7614444444444445,False,True
680,44,0,0.7610925925925927,False,True
681,106,1,0.7607407407407407,True,False
682,27,0,0.7603888888888889,False,True
683,242,0,0.7600370370370371,False,True
684,85,1,0.7596851851851852,True,False
685,400,0,0.7593333333333333,False,False
686,44,0,0.7589814814814815,False,True
687,294,0,0.7586296296296297,False,True
688,63,0,0.7582777777777778,False,True
689,59,0,0.7579259259259259,False,True
690,400,0,0.7575740740740741,False,False
691,199,0,0.7572222222222222,False,True
692,203,0,0.7568703703703703,False,True
693,169,0,0.7565185185185186,False,True
694,62,0,0.7561666666666667,False,True
695,151,1,0.7558148148148148,True,False
696,190,0,0.755462962962963,False,True
697,151,1,0.7551111111111111,True,False
698,12,0,0.7547592592592594,False,True
699,347,0,0.7544074074074074,False,True
700,114,0,0.7540555555555556,False,True
701,135,0,0.7537037037037038,False,True
702,33,0,0.7533518518518518,False,True
703,157,1,0.753,True,False
704,215,0,0.7526481481481482,False,True
705,166,0,0.7522962962962964,False,True
706,31,0,0.7519444444444444,False,True
707,124,0,0.7515925925925926,False,True
708,75,0,0.7512407407407408,False,True
709,326,1,0.7508888888888889,True,False
710,117,0,0.750537037037037,False,True
711,65,0,0.7501851851851852,False,True
712,23,0,0.7498333333333334,False,True
713,95,0,0.7494814814814814,False,True
714,35,0,0.7491296296296297,False,True
715,44,0,0.7487777777777778,False,True
716,166,1,0.7484259259259259,True,False
717,8,0,0.7480740740740741,False,True
718,178,1,0.7477222222222222,True,False
719,336,1,0.7473703703703705,True,False
720,24,0,0.7470185185185185,False,True
721,81,0,0.7466666666666667,False,True
722,41,0,0.7463148148148149,False,True
723,18,0,0.7459629629629629,False,True
724,38,0,0.7456111111111111,False,True
725,111,1,0.7452592592592593,True,False
726,119,0,0.7449074074074074,False,True
727,107,0,0.7445555555555556,False,True
728,73,0,0.7442037037037037,False,True
729,160,0,0.7438518518518519,False,True
730,400,0,0.7435,False,False
731,86,0,0.7431481481481481,False,True
732,312,0,0.7427962962962964,False,True
733,109,0,0.7424444444444445,False,True
734,400,0,0.7420925925925925,False,False
735,124,1,0.7417407407407408,True,False
736,39,0,0.7413888888888889,False,True
737,48,0,0.741037037037037,False,True
738,36,0,0.7406851851851852,False,True
739,400,0,0.7403333333333333,False,False
740,14,0,0.7399814814814815,False,True
741,13,0,0.7396296296296296,False,True
742,400,0,0.7392777777777778,False,False
743,27,0,0.738925925925926,False,True
744,43,0,0.738574074074074,False,True
745,114,0,0.7382222222222222,False,True
746,142,0,0.7378703703703704,False,True
747,47,0,0.7375185185185185,False,True
748,53,0,0.7371666666666667,False,True
749,32,0,0.7368148148148148,False,True
750,50,0,0.736462962962963,False,True
751,111,0,0.7361111111111112,False,True
752,47,0,0.7357592592592592,False,True
753,20,0,0.7354074074074075,False,True
754,384,0,0.7350555555555556,False,True
755,73,1,0.7347037037037036,True,False
756,374,1,0.7343518518518519,True,False
757,75,0,0.734,False,True
758,220,1,0.7336481481481482,True,False
759,214,1,0.7332962962962963,True,False
760,258,1,0.7329444444444444,True,False
761,148,0,0.7325925925925926,False,True
762,233,1,0.7322407407407407,True,False
763,115,0,0.7318888888888889,False,True
764,45,0,0.7315370370370371,False,True
765,34,0,0.7311851851851852,False,True
766,147,0,0.7308333333333333,False,True
767,400,0,0.7304814814814815,False,False
768,37,0,0.7301296296296296,False,True
769,180,1,0.7297777777777779,True,False
770,67,0,0.7294259259259259,False,True
771,148,0,0.729074074074074,False,True
772,241,0,0.7287222222222223,False,True
773,381,0,0.7283703703703703,False,True
774,149,1,0.7280185185185186,True,False
775,90,1,0.7276666666666667,True,False
776,70,0,0.7273148148148147,False,True
777,10,0,0.726962962962963,False,True
778,74,0,0.7266111111111111,False,True
779,116,0,0.7262592592592593,False,True
780,51,0,0.7259074074074074,False,True
781,245,0,0.7255555555555556,False,True
782,296,1,0.7252037037037037,True,False
783,400,0,0.7248518518518519,False,False
784,177,0,0.7245,False,True
785,76,0,0.7241481481481482,False,True
786,191,0,0.7237962962962963,False,True
787,216,0,0.7234444444444444,False,True
788,77,0,0.7230925925925926,False,True
789,52,0,0.7227407407407407,False,True
790,80,0,0.722388888888889,False,True
791,288,0,0.722037037037037,False,True
792,400,0,0.7216851851851852,False,False
793,118,0,0.7213333333333334,False,True
794,191,0,0.7209814814814814,False,True
795,173,1,0.7206296296296296,True,False
796,288,0,0.7202777777777778,False,True
797,65,0,0.719925925925926,False,True
798,144,1,0.7195740740740741,True,False
799,201,0,0.7192222222222222,False,True
800,191,0,0.7188703703703704,False,True
801,237,0,0.7185185185185186,False,True
802,160,0,0.7181666666666666,False,True
803,17,0,0.7178148148148148,False,True
804,177,0,0.717462962962963,False,True
805,36,0,0.7171111111111111,False,True
806,65,0,0.7167592592592593,False,True
807,281,0,0.7164074074074074,False,True
808,55,0,0.7160555555555557,False,True
809,103,0,0.7157037037037037,False,True
810,139,0,0.7153518518518518,False,True
811,84,0,0.7150000000000001,False,True
812,52,0,0.7146481481481481,False,True
813,25,0,0.7142962962962963,False,True
814,308,0,0.7139444444444445,False,True
815,44,0,0.7135925925925926,False,True
816,400,0,0.7132407407407407,False,False
817,69,1,0.7128888888888889,True,False
818,22,0,0.7125370370370371,False,True
819,178,1,0.7121851851851853,True,False
820,58,0,0.7118333333333333,False,True
821,27,0,0.7114814814814815,False,True
822,125,1,0.7111296296296297,True,False
823,134,1,0.7107777777777777,True,False
824,133,0,0.710425925925926,False,True
825,356,0,0.7100740740740741,False,True
826,109,0,0.7097222222222221,False,True
827,175,1,0.7093703703703704,True,False
828,400,0,0.7090185185185185,False,False
829,151,1,0.7086666666666668,True,False
830,158,0,0.7083148148148148,False,True
831,7,0,0.7079629629629629,False,True
832,108,0,0.7076111111111112,False,True
833,191,0,0.7072592592592593,False,True
834,111,0,0.7069074074074074,False,True
835,28,0,0.7065555555555556,False,True
836,400,0,0.7062037037037037,False,False
837,114,0,0.7058518518518518,False,True
838,29,0,0.7055,False,True
839,105,0,0.7051481481481482,False,True
840,340,0,0.7047962962962964,False,True
841,96,0,0.7044444444444444,False,True
842,360,0,0.7040925925925926,False,True
843,111,1,0.7037407407407408,True,False
844,110,0,0.7033888888888888,False,True
845,71,0,0.7030370370370371,False,True
846,27,0,0.7026851851851852,False,True
847,17,0,0.7023333333333333,False,True
848,241,0,0.7019814814814815,False,True
849,264,0,0.7016296296296296,False,True
850,164,0,0.7012777777777778,False,True
851,380,0,0.700925925925926,False,True
852,104,1,0.700574074074074,True,False
853,100,0,0.7002222222222223,False,True
854,400,0,0.6998703703703704,False,False
855,307,1,0.6995185185185185,True,False
856,110,0,0.6991666666666667,False,True
857,279,0,0.6988148148148148,False,True
858,246,1,0.698462962962963,True,False
859,230,0,0.6981111111111111,False,True
860,13,0,0.6977592592592593,False,True
861,36,0,0.6974074074074075,False,True
862,33,0,0.6970555555555555,False,True
863,140,0,0.6967037037037037,False,True
864,400,0,0.6963518518518519,False,False
865,400,0,0.696,False,False
866,76,0,0.6956481481481482,False,True
867,400,0,0.6952962962962963,False,False
868,63,0,0.6949444444444444,False,True
869,400,0,0.6945925925925927,False,False
870,47,0,0.6942407407407407,False,True
871,341,0,0.6938888888888889,False,True
872,221,1,0.6935370370370371,True,False
873,131,0,0.6931851851851852,False,True
874,131,0,0.6928333333333334,False,True
875,31,0,0.6924814814814815,False,True
876,166,0,0.6921296296296297,False,True
877,400,0,0.6917777777777778,False,False
878,207,0,0.6914259259259259,False,True
879,314,0,0.6910740740740741,False,True
880,261,1,0.6907222222222222,True,False
881,26,0,0.6903703703703703,False,True
882,177,0,0.6900185185185186,False,True
883,147,0,0.6896666666666667,False,True
884,400,0,0.6893148148148148,False,False
885,47,0,0.688962962962963,False,True
886,28,0,0.6886111111111111,False,True
887,212,0,0.6882592592592593,False,True
888,221,0,0.6879074074074074,False,True
889,204,1,0.6875555555555556,True,False
890,94,0,0.6872037037037038,False,True
891,251,1,0.6868518518518518,True,False
892,63,0,0.6865,False,True
893,24,0,0.6861481481481482,False,True
894,107,0,0.6857962962962963,False,True
895,256,1,0.6854444444444444,True,False
896,28,0,0.6850925925925926,False,True
897,46,0,0.6847407407407408,False,True
898,36,0,0.6843888888888889,False,True
899,22,0,0.684037037037037,False,True
900,66,1,0.6836851851851853,True,False
901,85,0,0.6833333333333333,False,True
902,19,0,0.6829814814814814,False,True
903,75,0,0.6826296296296297,False,True
904,165,1,0.6822777777777778,True,False
905,87,0,0.681925925925926,False,True
906,49,0,0.6815740740740741,False,True
907,36,0,0.6812222222222222,False,True
908,203,0,0.6808703703703705,False,True
909,56,0,0.6805185185185185,False,True
910,281,0,0.6801666666666667,False,True
911,273,0,0.6798148148148149,False,True
912,189,1,0.6794629629629629,True,False
913,132,0,0.6791111111111111,False,True
914,386,1,0.6787592592592593,True,False
915,372,1,0.6784074074074075,True,False
916,27,0,0.6780555555555556,False,True
917,107,0,0.6777037037037037,False,True
918,57,0,0.6773518518518519,False,True
919,400,0,0.677,False,False
920,51,0,0.6766481481481481,False,True
921,43,0,0.6762962962962964,False,True
922,249,1,0.6759444444444445,True,False
923,20,0,0.6755925925925925,False,True
924,22,0,0.6752407407407408,False,True
925,106,0,0.6748888888888889,False,True
926,71,1,0.674537037037037,True,False
927,38,0,0.6741851851851852,False,True
928,83,0,0.6738333333333333,False,True
929,18,0,0.6734814814814816,False,True
930,66,1,0.6731296296296296,True,False
931,78,0,0.6727777777777778,False,True
932,338,1,0.672425925925926,True,False
933,116,0,0.672074074074074,False,True
934,161,0,0.6717222222222222,False,True
935,92,0,0.6713703703703704,False,True
936,179,0,0.6710185185185186,False,True
937,175,1,0.6706666666666667,True,False
938,324,0,0.6703148148148148,False,True
939,50,0,0.669962962962963,False,True
940,75,0,0.6696111111111112,False,True
941,93,0,0.6692592592592592,False,True
942,400,0,0.6689074074074075,False,False
943,35,0,0.6685555555555556,False,True
944,103,0,0.6682037037037036,False,True
945,39,0,0.6678518518518519,False,True
946,129,0,0.6675,False,True
947,145,1,0.6671481481481482,True,False
948,51,0,0.6667962962962963,False,True
949,389,1,0.6664444444444444,True,False
950,13,0,0.6660925925925926,False,True
951,76,0,0.6657407407407407,False,True
952,185,1,0.6653888888888889,True,False
953,229,0,0.6650370370370371,False,True
954,364,1,0.6646851851851852,True,False
955,41,0,0.6643333333333333,False,True
956,120,1,0.6639814814814815,True,False
957,73,0,0.6636296296296296,False,True
958,350,0,0.6632777777777779,False,True
959,283,1,0.6629259259259259,True,False
960,176,1,0.6625740740740741,True,False
961,144,0,0.6622222222222223,False,True
962,148,1,0.6618703703703703,True,False
963,50,0,0.6615185185185186,False,True
964,89,0,0.6611666666666667,False,True
965,250,0,0.6608148148148147,False,True
966,87,0,0.660462962962963,False,True
967,334,1,0.6601111111111111,True,False
968,69,1,0.6597592592592593,True,False
969,20,0,0.6594074074074074,False,True
970,276,0,0.6590555555555556,False,True
971,57,1,0.6587037037037037,True,False
972,111,0,0.6583518518518519,False,True
973,78,0,0.658,False,True
974,256,0,0.6576481481481482,False,True
975,369,0,0.6572962962962963,False,True
976,147,0,0.6569444444444444,False,True
977,110,0,0.6565925925925926,False,True
978,71,0,0.6562407407407407,False,True
979,22,0,0.655888888888889,False,True
980,79,0,0.655537037037037,False,True
981,347,0,0.6551851851851852,False,True
982,48,0,0.6548333333333334,False,True
983,235,1,0.6544814814814814,True,False
984,328,0,0.6541296296296297,False,True
985,285,0,0.6537777777777778,False,True
986,118,1,0.653425925925926,True,False
987,331,1,0.6530740740740741,True,False
988,400,0,0.6527222222222222,False,False
989,170,0,0.6523703703703704,False,True
990,89,1,0.6520185185185186,True,False
991,73,0,0.6516666666666667,False,True
992,378,0,0.6513148148148148,False,True
993,88,0,0.650962962962963,False,True
994,125,1,0.6506111111111111,True,False
995,54,0,0.6502592592592593,False,True
996,23,0,0.6499074074074074,False,True
997,221,0,0.6495555555555557,False,True
998,148,0,0.6492037037037037,False,True
999,21,0,0.6488518518518518,False,True
1000,29,0,0.6485000000000001,False,True
1001,82,0,0.6481481481481481,False,True
1002,20,0,0.6477962962962963,False,True
1003,22,0,0.6474444444444445,False,True
1004,115,1,0.6470925925925926,True,False
1005,167,0,0.6467407407407407,False,True
1006,187,0,0.6463888888888889,False,True
1007,55,0,0.6460370370370371,False,True
1008,34,0,0.6456851851851853,False,True
1009,270,0,0.6453333333333333,False,True
1010,303,0,0.6449814814814815,False,True
1011,248,0,0.6446296296296297,False,True
1012,72,0,0.6442777777777777,False,True
1013,99,0,0.643925925925926,False,True
1014,294,1,0.6435740740740741,True,False
1015,304,0,0.6432222222222223,False,True
1016,350,0,0.6428703703703704,False,True
1017,119,0,0.6425185185185185,False,True
1018,72,0,0.6421666666666668,False,True
1019,145,0,0.6418148148148148,False,True
1020,18,0,0.6414629629629629,False,True
1021,32,0,0.6411111111111112,False,True
1022,259,0,0.6407592592592593,False,True
1023,65,0,0.6404074074074074,False,True
1024,85,0,0.6400555555555556,False,True
1025,384,1,0.6397037037037037,True,False
1026,45,0,0.6393518518518518,False,True
1027,207,1,0.639,True,False
1028,113,0,0.6386481481481482,False,True
1029,159,0,0.6382962962962964,False,True
1030,78,0,0.6379444444444444,False,True
1031,95,1,0.6375925925925926,True,False
1032,32,0,0.6372407407407408,False,True
1033,37,0,0.6368888888888888,False,True
1034,257,0,0.6365370370370371,False,True
1035,119,0,0.6361851851851852,False,True
1036,247,1,0.6358333333333333,True,False
1037,334,0,0.6354814814814815,False,True
1038,264,1,0.6351296296296296,True,False
1039,119,1,0.6347777777777779,True,False
1040,23,0,0.634425925925926,False,True
1041,400,0,0.634074074074074,False,False
1042,71,1,0.6337222222222223,True,False
1043,57,0,0.6333703703703704,False,True
1044,17,0,0.6330185185185185,False,True
1045,348,0,0.6326666666666667,False,True
1046,224,1,0.6323148148148148,True,False
1047,189,1,0.631962962962963,True,False
1048,94,0,0.6316111111111111,False,True
1049,22,0,0.6312592592592593,False,True
1050,51,0,0.6309074074074075,False,True
1051,92,1,0.6305555555555555,True,False
1052,25,0,0.6302037037037037,False,True
1053,114,1,0.6298518518518519,True,False
1054,29,0,0.6295,False,True
1055,220,1,0.6291481481481482,True,False
1056,104,1,0.6287962962962963,True,False
1057,296,1,0.6284444444444444,True,False
1058,77,0,0.6280925925925926,False,True
1059,91,1,0.6277407407407407,True,False
1060,95,0,0.6273888888888889,False,True
1061,271,0,0.6270370370370371,False,True
1062,44,0,0.6266851851851852,False,True
1063,16,0,0.6263333333333334,False,True
1064,96,1,0.6259814814814815,True,False
1065,13,0,0.6256296296296296,False,True
1066,136,1,0.6252777777777778,True,False
1067,149,0,0.6249259259259259,False,True
1068,39,0,0.6245740740740741,False,True
1069,91,1,0.6242222222222222,True,False
1070,23,0,0.6238703703703704,False,True
1071,119,0,0.6235185185185186,False,True
1072,42,0,0.6231666666666666,False,True
1073,99,0,0.6228148148148148,False,True
1074,50,0,0.622462962962963,False,True
1075,155,0,0.6221111111111111,False,True
1076,94,0,0.6217592592592593,False,True
1077,400,0,0.6214074074074074,False,False
1078,43,0,0.6210555555555556,False,True
1079,32,0,0.6207037037037038,False,True
1080,39,0,0.6203518518518518,False,True
1081,116,0,0.62,False,True
1082,108,1,0.6196481481481482,True,False
1083,91,0,0.6192962962962963,False,True
1084,65,0,0.6189444444444445,False,True
1085,30,0,0.6185925925925926,False,True
1086,211,1,0.6182407407407408,True,False
1087,22,0,0.6178888888888889,False,True
1088,139,0,0.617537037037037,False,True
1089,22,0,0.6171851851851853,False,True
1090,66,0,0.6168333333333333,False,True
1091,112,0,0.6164814814814814,False,True
1092,400,0,0.6161296296296297,False,False
1093,291,0,0.6157777777777778,False,True
1094,219,1,0.615425925925926,True,False
1095,113,0,0.6150740740740741,False,True
1096,224,1,0.6147222222222222,True,False
1097,196,0,0.6143703703703705,False,True
1098,9,0,0.6140185185185185,False,True
1099,167,0,0.6136666666666667,False,True
1100,160,0,0.6133148148148149,False,True
1101,80,0,0.6129629629629629,False,True
1102,384,0,0.6126111111111111,False,True
1103,207,0,0.6122592592592593,False,True
1104,130,0,0.6119074074074075,False,True
1105,18,0,0.6115555555555556,False,True
1106,69,0,0.6112037037037037,False,True
1107,118,0,0.6108518518518519,False,True
1108,118,1,0.6105,True,False
1109,31,0,0.6101481481481481,False,True
1110,205,1,0.6097962962962964,True,False
1111,179,0,0.6094444444444445,False,True
1112,140,0,0.6090925925925925,False,True
1113,36,0,0.6087407407407408,False,True
1114,118,0,0.6083888888888889,False,True
1115,95,0,0.6080370370370372,False,True
1116,29,0,0.6076851851851852,False,True
1117,85,1,0.6073333333333333,True,False
1118,253,0,0.6069814814814816,False,True
1119,42,0,0.6066296296296296,False,True
1120,159,1,0.6062777777777778,True,False
1121,180,0,0.605925925925926,False,True
1122,126,0,0.605574074074074,False,True
1123,44,0,0.6052222222222222,False,True
1124,150,1,0.6048703703703704,True,False
1125,44,0,0.6045185185185186,False,True
1126,245,1,0.6041666666666667,True,False
1127,43,0,0.6038148148148148,False,True
1128,58,0,0.603462962962963,False,True
1129,23,0,0.6031111111111112,False,True
1130,70,0,0.6027592592592592,False,True
1131,120,0,0.6024074074074075,False,True
1132,400,0,0.6020555555555556,False,False
1133,123,0,0.6017037037037036,False,True
1134,45,0,0.6013518518518519,False,True
1135,361,0,0.601,False,True
1136,29,0,0.6006481481481482,False,True
1137,49,0,0.6002962962962963,False,True
1138,146,0,0.5999444444444444,False,True
1139,310,0,0.5995925925925927,False,True
1140,203,1,0.5992407407407407,True,False
1141,93,0,0.5988888888888889,False,True
1142,66,0,0.5985370370370371,False,True
1143,255,0,0.5981851851851852,False,True
1144,65,1,0.5978333333333333,True,False
1145,294,0,0.5974814814814815,False,True
1146,67,1,0.5971296296296297,True,False
1147,109,0,0.5967777777777779,False,True
1148,21,0,0.5964259259259259,False,True
1149,57,0,0.5960740740740741,False,True
1150,44,0,0.5957222222222223,False,True
1151,161,1,0.5953703703703703,True,False
1152,43,0,0.5950185185185186,False,True
1153,6,0,0.5946666666666667,False,True
1154,288,0,0.5943148148148147,False,True
1155,68,0,0.593962962962963,False,True
1156,62,0,0.5936111111111111,False,True
1157,33,0,0.5932592592592593,False,True
1158,126,1,0.5929074074074074,True,False
1159,120,1,0.5925555555555556,True,False
1160,184,1,0.5922037037037037,True,False
1161,52,0,0.5918518518518519,False,True
1162,197,0,0.5915,False,True
1163,87,1,0.5911481481481482,True,False
1164,24,0,0.5907962962962963,False,True
1165,169,1,0.5904444444444444,True,False
1166,171,0,0.5900925925925926,False,True
1167,97,1,0.5897407407407407,True,False
1168,113,0,0.589388888888889,False,True
1169,332,0,0.589037037037037,False,True
1170,400,0,0.5886851851851852,False,False
1171,118,0,0.5883333333333334,False,True
1172,72,0,0.5879814814814814,False,True
1173,205,0,0.5876296296296297,False,True
1174,177,1,0.5872777777777778,True,False
1175,27,0,0.586925925925926,False,True
1176,154,1,0.5865740740740741,True,False
1177,188,0,0.5862222222222222,False,True
1178,54,0,0.5858703703703704,False,True
1179,38,1,0.5855185185185185,True,False
1180,106,1,0.5851666666666667,True,False
1181,196,0,0.5848148148148148,False,True
1182,127,1,0.584462962962963,True,False
1183,400,0,0.5841111111111111,False,False
1184,184,1,0.5837592592592593,True,False
1185,225,0,0.5834074074074074,False,True
1186,17,0,0.5830555555555557,False,True
1187,24,0,0.5827037037037037,False,True
1188,118,0,0.5823518518518518,False,True
1189,87,0,0.5820000000000001,False,True
1190,28,0,0.5816481481481481,False,True
1191,400,0,0.5812962962962963,False,False
1192,155,1,0.5809444444444445,True,False
1193,123,1,0.5805925925925925,True,False
1194,106,1,0.5802407407407408,True,False
1195,165,0,0.5798888888888889,False,True
1196,395,0,0.5795370370370371,False,True
1197,73,0,0.5791851851851852,False,True
1198,164,0,0.5788333333333333,False,True
1199,72,1,0.5784814814814815,True,False
1200,19,0,0.5781296296296297,False,True
1201,50,0,0.5777777777777778,False,True
1202,147,0,0.577425925925926,False,True
1203,245,1,0.5770740740740741,True,False
1204,27,0,0.5767222222222222,False,True
1205,67,0,0.5763703703703704,False,True
1206,279,1,0.5760185185185185,True,False
1207,137,1,0.5756666666666668,True,False
1208,31,0,0.5753148148148148,False,True
1209,229,0,0.5749629629629629,False,True
1210,63,0,0.5746111111111112,False,True
1211,44,0,0.5742592592592592,False,True
1212,114,1,0.5739074074074074,True,False
1213,73,0,0.5735555555555556,False,True
1214,164,0,0.5732037037037037,False,True
1215,15,0,0.5728518518518518,False,True
1216,169,1,0.5725,True,False
1217,270,1,0.5721481481481482,True,False
1218,28,0,0.5717962962962964,False,True
1219,134,0,0.5714444444444444,False,True
1220,85,0,0.5710925925925926,False,True
1221,400,0,0.5707407407407408,False,False
1222,59,1,0.5703888888888888,True,False
1223,266,1,0.5700370370370371,True,False
1224,129,0,0.5696851851851852,False,True
1225,95,1,0.5693333333333334,True,False
1226,57,1,0.5689814814814815,True,False
1227,233,1,0.5686296296296296,True,False
1228,81,1,0.5682777777777779,True,False
1229,234,0,0.567925925925926,False,True
1230,369,0,0.567574074074074,False,True
1231,142,1,0.5672222222222223,True,False
1232,42,0,0.5668703703703704,False,True
1233,87,0,0.5665185185185185,False,True
1234,129,0,0.5661666666666667,False,True
1235,18,0,0.5658148148148148,False,True
1236,112,0,0.565462962962963,False,True
1237,97,1,0.5651111111111111,True,False
1238,52,0,0.5647592592592593,False,True
1239,400,0,0.5644074074074075,False,False
1240,33,0,0.5640555555555555,False,True
1241,218,0,0.5637037037037037,False,True
1242,169,1,0.5633518518518519,True,False
1243,60,1,0.563,True,False
1244,96,0,0.5626481481481482,False,True
1245,39,0,0.5622962962962963,False,True
1246,28,0,0.5619444444444444,False,True
1247,296,1,0.5615925925925926,True,False
1248,205,1,0.5612407407407407,True,False
1249,400,0,0.560888888888889,False,False
1250,72,0,0.5605370370370371,False,True
1251,208,0,0.5601851851851852,False,True
1252,31,0,0.5598333333333334,False,True
1253,115,1,0.5594814814814815,True,False
1254,272,0,0.5591296296296296,False,True
1255,12,0,0.5587777777777778,False,True
1256,147,0,0.558425925925926,False,True
1257,167,1,0.5580740740740741,True,False
1258,148,0,0.5577222222222222,False,True
1259,118,1,0.5573703703703704,True,False
1260,154,1,0.5570185185185186,True,False
1261,65,0,0.5566666666666666,False,True
1262,124,0,0.5563148148148148,False,True
1263,96,1,0.555962962962963,True,False
1264,107,1,0.5556111111111111,True,False
1265,68,0,0.5552592592592593,False,True
1266,275,1,0.5549074074074074,True,False
1267,211,0,0.5545555555555556,False,True
1268,70,0,0.5542037037037038,False,True
1269,64,0,0.5538518518518518,False,True
1270,131,1,0.5535000000000001,True,False
1271,70,0,0.5531481481481482,False,True
1272,102,0,0.5527962962962963,False,True
1273,325,1,0.5524444444444445,True,False
1274,65,1,0.5520925925925926,True,False
1275,104,0,0.5517407407407408,False,True
1276,209,1,0.5513888888888889,True,False
1277,171,1,0.551037037037037,True,False
1278,36,0,0.5506851851851853,False,True
1279,62,1,0.5503333333333333,True,False
1280,65,1,0.5499814814814815,True,False
1281,91,1,0.5496296296296297,True,False
1282,149,1,0.5492777777777778,True,False
1283,87,0,0.548925925925926,False,True
1284,389,1,0.5485740740740741,True,False
1285,288,0,0.5482222222222222,False,True
1286,400,0,0.5478703703703705,False,False
1287,196,0,0.5475185185185185,False,True
1288,36,0,0.5471666666666667,False,True
1289,28,0,0.5468148148148149,False,True
1290,41,0,0.5464629629629629,False,True
1291,127,1,0.5461111111111111,True,False
1292,100,0,0.5457592592592593,False,True
1293,274,1,0.5454074074074075,True,False
1294,224,1,0.5450555555555556,True,False
1295,160,0,0.5447037037037037,False,True
1296,207,1,0.5443518518518519,True,False
1297,318,0,0.544,False,True
1298,39,0,0.5436481481481481,False,True
1299,87,0,0.5432962962962964,False,True
1300,122,0,0.5429444444444445,False,True
1301,17,0,0.5425925925925926,False,True
1302,400,0,0.5422407407407408,False,False
1303,218,1,0.5418888888888889,True,False
1304,373,0,0.5415370370370372,False,True
1305,57,1,0.5411851851851852,True,False
1306,90,1,0.5408333333333333,True,False
1307,73,0,0.5404814814814816,False,True
1308,159,1,0.5401296296296296,True,False
1309,17,0,0.5397777777777778,False,True
1310,114,1,0.539425925925926,True,False
1311,155,0,0.539074074074074,False,True
1312,38,0,0.5387222222222222,False,True
1313,51,0,0.5383703703703704,False,True
1314,49,0,0.5380185185185186,False,True
1315,48,0,0.5376666666666667,False,True
1316,393,0,0.5373148148148148,False,True
1317,367,1,0.536962962962963,True,False
1318,71,0,0.5366111111111111,False,True
1319,66,0,0.5362592592592592,False,True
1320,169,1,0.5359074074074075,True,False
1321,26,0,0.5355555555555556,False,True
1322,400,0,0.5352037037037036,False,False
1323,41,0,0.5348518518518519,False,True
1324,84,1,0.5345,True,False
1325,17,0,0.5341481481481483,False,True
1326,92,1,0.5337962962962963,True,False
1327,128,1,0.5334444444444444,True,False
1328,87,1,0.5330925925925927,True,False
1329,79,0,0.5327407407407407,False,True
1330,79,0,0.5323888888888889,False,True
1331,306,0,0.5320370370370371,False,True
1332,199,1,0.5316851851851851,True,False
1333,67,1,0.5313333333333333,True,False
1334,158,0,0.5309814814814815,False,True
1335,90,1,0.5306296296296297,True,False
1336,371,1,0.5302777777777778,True,False
1337,135,1,0.5299259259259259,True,False
1338,139,1,0.5295740740740741,True,False
1339,22,0,0.5292222222222223,False,True
1340,115,1,0.5288703703703703,True,False
1341,114,0,0.5285185185185186,False,True
1342,143,0,0.5281666666666667,False,True
1343,69,1,0.5278148148148147,True,False
1344,158,1,0.527462962962963,True,False
1345,255,0,0.5271111111111111,False,True
1346,52,0,0.5267592592592593,False,True
1347,27,0,0.5264074074074074,False,True
1348,206,0,0.5260555555555556,False,True
1349,69,0,0.5257037037037038,False,True
1350,288,1,0.5253518518518518,True,False
1351,62,0,0.525,False,True
1352,400,0,0.5246481481481482,False,False
1353,383,1,0.5242962962962964,True,False
1354,91,1,0.5239444444444445,True,False
1355,28,0,0.5235925925925926,False,True
1356,342,0,0.5232407407407407,False,True
1357,70,0,0.522888888888889,False,True
1358,280,1,0.522537037037037,True,False
1359,400,0,0.5221851851851853,False,False
1360,83,0,0.5218333333333334,False,True
1361,26,0,0.5214814814814815,False,True
1362,52,0,0.5211296296296296,False,True
1363,400,0,0.5207777777777778,False,False
1364,47,0,0.520425925925926,False,True
1365,16,0,0.5200740740740741,False,True
1366,137,0,0.5197222222222222,False,True
1367,51,1,0.5193703703703705,True,False
1368,31,0,0.5190185185185185,False,True
1369,43,0,0.5186666666666666,False,True
1370,59,0,0.5183148148148149,False,True
1371,75,1,0.517962962962963,True,False
1372,44,0,0.5176111111111111,False,True
1373,14,0,0.5172592592592593,False,True
1374,178,0,0.5169074074074075,False,True
1375,206,0,0.5165555555555557,False,True
1376,46,0,0.5162037037037037,False,True
1377,104,0,0.5158518518518518,False,True
1378,322,0,0.5155000000000001,False,True
1379,9,0,0.5151481481481481,False,True
1380,168,1,0.5147962962962964,True,False
1381,66,0,0.5144444444444445,False,True
1382,385,0,0.5140925925925925,False,True
1383,28,0,0.5137407407407407,False,True
1384,151,1,0.5133888888888889,True,False
1385,215,0,0.5130370370370371,False,True
1386,110,0,0.5126851851851852,False,True
1387,87,1,0.5123333333333333,True,False
1388,27,0,0.5119814814814816,False,True
1389,135,0,0.5116296296296297,False,True
1390,190,1,0.5112777777777777,True,False
1391,210,0,0.510925925925926,False,True
1392,76,0,0.5105740740740741,False,True
1393,219,1,0.5102222222222222,True,False
1394,34,0,0.5098703703703704,False,True
1395,98,1,0.5095185185185186,True,False
1396,199,0,0.5091666666666667,False,True
1397,94,0,0.5088148148148148,False,True
1398,56,1,0.5084629629629629,True,False
1399,157,1,0.5081111111111112,True,False
1400,90,0,0.5077592592592592,False,True
1401,77,1,0.5074074074074075,True,False
1402,121,1,0.5070555555555556,True,False
1403,50,1,0.5067037037037037,True,False
1404,57,1,0.5063518518518518,True,False
1405,84,1,0.506,True,False
1406,163,0,0.5056481481481482,False,True
1407,47,1,0.5052962962962964,True,False
1408,128,0,0.5049444444444444,False,True
1409,161,1,0.5045925925925927,True,False
1410,179,1,0.5042407407407408,True,False
1411,133,0,0.5038888888888888,False,True
1412,49,1,0.5035370370370371,True,False
1413,78,1,0.5031851851851852,True,False
1414,105,0,0.5028333333333334,False,True
1415,215,1,0.5024814814814815,True,False
1416,73,1,0.5021296296296297,True,False
1417,177,1,0.5017777777777778,True,False
1418,332,0,0.5014259259259259,False,True
1419,34,1,0.501074074074074,True,False
1420,15,0,0.5007222222222223,False,True
1421,71,0,0.5003703703703704,False,True
1422,27,1,0.5000185185185186,True,False
1423,50,1,0.4996666666666667,True,False
1424,62,1,0.49931481481481477,True,False
1425,30,0,0.49896296296296294,False,True
1426,90,1,0.4986111111111111,True,False
1427,21,0,0.4982592592592593,False,True
1428,270,1,0.49790740740740747,True,False
1429,153,0,0.49755555555555564,False,True
1430,45,1,0.4972037037037038,True,False
1431,43,1,0.4968518518518519,True,False
1432,38,0,0.49650000000000005,False,True
1433,85,0,0.4961481481481481,False,True
1434,147,1,0.4957962962962963,True,False
1435,211,1,0.49544444444444447,True,False
1436,130,0,0.49509259259259264,False,True
1437,133,1,0.4947407407407408,True,False
1438,274,1,0.4943888888888889,True,False
1439,45,0,0.49403703703703705,False,True
1440,73,1,0.4936851851851852,True,False
1441,30,0,0.4933333333333334,False,True
1442,166,0,0.4929814814814816,False,True
1443,224,1,0.49262962962962964,True,False
1444,73,1,0.4922777777777777,True,False
1445,25,0,0.4919259259259259,False,True
1446,44,0,0.49157407407407405,False,True
1447,144,1,0.4912222222222222,True,False
1448,281,0,0.4908703703703704,False,True
1449,77,0,0.4905185185185186,False,True
1450,79,1,0.49016666666666675,True,False
1451,68,1,0.4898148148148148,True,False
1452,88,1,0.489462962962963,True,False
1453,357,1,0.48911111111111116,True,False
1454,72,1,0.4887592592592592,True,False
1455,13,0,0.4884074074074074,False,True
1456,36,0,0.4880555555555556,False,True
1457,41,1,0.48770370370370375,True,False
1458,81,1,0.4873518518518518,True,False
1459,13,0,0.487,False,True
1460,151,1,0.48664814814814816,True,False
1461,32,1,0.48629629629629634,True,False
1462,327,1,0.4859444444444445,True,False
1463,58,0,0.4855925925925927,False,True
1464,166,1,0.48524074074074086,True,False
1465,86,1,0.4848888888888888,True,False
1466,55,1,0.484537037037037,True,False
1467,118,1,0.48418518518518516,True,False
1468,43,1,0.48383333333333334,True,False
1469,51,1,0.4834814814814815,True,False
1470,48,1,0.4831296296296297,True,False
1471,39,0,0.48277777777777786,False,True
1472,89,1,0.4824259259259259,True,False
1473,71,1,0.4820740740740741,True,False
1474,90,1,0.4817222222222223,True,False
1475,317,1,0.48137037037037045,True,False
1476,28,1,0.4810185185185185,True,False
1477,400,0,0.4806666666666667,False,False
1478,52,1,0.48031481481481486,True,False
1479,74,1,0.4799629629629629,True,False
1480,83,0,0.4796111111111111,False,True
1481,101,0,0.4792592592592593,False,True
1482,46,0,0.47890740740740745,False,True
1483,90,1,0.4785555555555556,True,False
1484,22,0,0.4782037037037038,False,True
1485,257,0,0.47785185185185197,False,True
1486,161,0,0.47750000000000004,False,True
1487,157,1,0.4771481481481481,True,False
1488,167,1,0.4767962962962963,True,False
1489,74,1,0.47644444444444445,True,False
1490,118,1,0.4760925925925926,True,False
1491,62,0,0.4757407407407408,False,True
1492,246,1,0.47538888888888897,True,False
1493,47,0,0.47503703703703704,False,True
1494,195,1,0.4746851851851852,True,False
1495,87,1,0.4743333333333334,True,False
1496,45,1,0.47398148148148156,True,False
1497,47,1,0.4736296296296296,True,False
1498,39,1,0.4732777777777778,True,False
1499,29,0,0.47292592592592597,False,True
1500,33,1,0.47257407407407404,True,False
1501,106,1,0.4722222222222222,True,False
1502,53,1,0.4718703703703704,True,False
1503,37,1,0.47151851851851856,True,False
1504,38,0,0.47116666666666673,False,True
1505,33,1,0.4708148148148149,True,False
1506,255,1,0.47046296296296297,True,False
1507,62,1,0.47011111111111115,True,False
1508,159,1,0.4697592592592592,True,False
1509,70,1,0.4694074074074074,True,False
1510,115,1,0.46905555555555556,True,False
1511,129,0,0.46870370370370373,False,True
1512,90,1,0.4683518518518519,True,False
1513,63,0,0.46799999999999997,False,True
1514,28,0,0.46764814814814815,False,True
1515,101,1,0.4672962962962963,True,False
1516,64,1,0.4669444444444445,True,False
1517,46,1,0.46659259259259267,True,False
1518,45,1,0.46624074074074084,True,False
1519,132,1,0.4658888888888889,True,False
1520,29,0,0.46553703703703697,False,True
1521,120,1,0.46518518518518515,True,False
1522,48,1,0.4648333333333333,True,False
1523,49,1,0.4644814814814815,True,False
1524,50,1,0.46412962962962967,True,False
1525,40,1,0.46377777777777784,True,False
1526,80,1,0.463425925925926,True,False
1527,45,1,0.4630740740740741,True,False
1528,61,1,0.46272222222222226,True,False
1529,43,1,0.46237037037037043,True,False
1530,108,1,0.4620185185185185,True,False
1531,37,1,0.46166666666666667,True,False
1532,45,1,0.46131481481481484,True,False
1533,279,1,0.460962962962963,True,False
1534,7,0,0.4606111111111111,False,True
1535,36,1,0.46025925925925926,True,False
1536,167,0,0.45990740740740743,False,True
1537,400,0,0.4595555555555556,False,False
1538,64,1,0.4592037037037038,True,False
1539,25,1,0.45885185185185196,True,False
1540,248,0,0.4585,False,True
1541,77,1,0.4581481481481481,True,False
1542,275,1,0.45779629629629626,True,False
1543,147,0,0.45744444444444443,False,True
1544,63,1,0.4570925925925926,True,False
1545,400,0,0.4567407407407408,False,False
1546,41,0,0.45638888888888896,False,True
1547,41,1,0.45603703703703713,True,False
1548,94,0,0.4556851851851852,False,True
1549,98,1,0.45533333333333337,True,False
1550,27,1,0.45498148148148154,True,False
1551,53,1,0.4546296296296296,True,False
1552,48,1,0.4542777777777778,True,False
1553,66,1,0.45392592592592595,True,False
1554,21,0,0.45357407407407413,False,True
1555,35,0,0.4532222222222222,False,True
1556,90,1,0.45287037037037037,True,False
1557,34,1,0.45251851851851854,True,False
1558,127,1,0.4521666666666667,True,False
1559,70,1,0.4518148148148149,True,False
1560,25,1,0.45146296296296307,True,False
1561,71,1,0.45111111111111124,True,False
1562,72,1,0.4507592592592592,True,False
1563,85,1,0.45040740740740737,True,False
1564,21,0,0.45005555555555554,False,True
1565,68,1,0.4497037037037037,True,False
1566,52,1,0.4493518518518519,True,False
1567,46,1,0.44900000000000007,True,False
1568,101,1,0.44864814814814813,True,False
1569,45,1,0.4482962962962963,True,False
1570,51,1,0.4479444444444445,True,False
1571,41,1,0.44759259259259265,True,False
1572,87,0,0.4472407407407408,False,True
1573,200,1,0.4468888888888889,True,False
1574,54,0,0.44653703703703707,False,True
1575,64,1,0.44618518518518513,True,False
1576,53,1,0.4458333333333333,True,False
1577,56,1,0.4454814814814815,True,False
1578,21,0,0.44512962962962965,False,True
1579,84,1,0.4447777777777778,True,False
1580,55,1,0.444425925925926,True,False
1581,26,1,0.4440740740740742,True,False
1582,208,1,0.44372222222222224,True,False
1583,167,0,0.4433703703703704,False,True
1584,46,1,0.4430185185185185,True,False
1585,20,0,0.44266666666666665,False,True
1586,206,0,0.4423148148148148,False,True
1587,73,0,0.441962962962963,False,True
1588,26,0,0.4416111111111112,False,True
1589,97,1,0.44125925925925924,True,False
1590,22,0,0.4409074074074074,False,True
1591,183,1,0.4405555555555556,True,False
1592,45,1,0.44020370370370376,True,False
1593,78,1,0.43985185185185194,True,False
1594,31,0,0.4395,False,True
1595,60,1,0.4391481481481482,True,False
1596,86,1,0.43879629629629624,True,False
1597,43,1,0.4384444444444444,True,False
1598,78,0,0.4380925925925926,False,True
1599,41,1,0.43774074074074076,True,False
1600,35,1,0.43738888888888894,True,False
1601,25,0,0.4370370370370371,False,True
1602,67,1,0.4366851851851853,True,False
1603,47,1,0.43633333333333335,True,False
1604,26,1,0.4359814814814815,True,False
1605,60,0,0.4356296296296296,False,True
1606,62,1,0.43527777777777776,True,False
1607,31,1,0.43492592592592594,True,False
1608,53,1,0.4345740740740741,True,False
1609,85,1,0.4342222222222223,True,False
1610,114,0,0.43387037037037035,False,True
1611,53,0,0.4335185185185185,False,True
1612,162,1,0.4331666666666667,True,False
1613,134,1,0.4328148148148149,True,False
1614,27,1,0.43246296296296305,True,False
1615,38,1,0.4321111111111112,True,False
1616,38,1,0.4317592592592593,True,False
1617,23,1,0.43140740740740735,True,False
1618,61,1,0.4310555555555555,True,False
1619,60,1,0.4307037037037037,True,False
1620,182,1,0.4303518518518519,True,False
1621,106,1,0.43000000000000005,True,False
1622,43,1,0.4296481481481482,True,False
1623,58,1,0.4292962962962964,True,False
1624,55,0,0.42894444444444446,False,True
1625,46,1,0.42859259259259264,True,False
1626,101,1,0.4282407407407408,True,False
1627,126,1,0.4278888888888889,True,False
1628,28,1,0.42753703703703705,True,False
1629,34,1,0.4271851851851852,True,False
1630,39,1,0.4268333333333333,True,False
1631,155,0,0.42648148148148146,False,True
1632,20,0,0.42612962962962964,False,True
1633,47,1,0.4257777777777778,True,False
1634,103,1,0.425425925925926,True,False
1635,35,0,0.42507407407407416,False,True
1636,89,1,0.42472222222222233,True,False
1637,27,1,0.4243703703703704,True,False
1638,48,1,0.42401851851851846,True,False
1639,29,0,0.42366666666666664,False,True
1640,65,1,0.4233148148148148,True,False
1641,41,1,0.422962962962963,True,False
1642,54,1,0.42261111111111116,True,False
1643,33,1,0.42225925925925933,True,False
1644,29,1,0.4219074074074074,True,False
1645,32,1,0.42155555555555557,True,False
1646,31,1,0.42120370370370375,True,False
1647,35,1,0.4208518518518519,True,False
1648,42,1,0.4205,True,False
1649,32,1,0.42014814814814816,True,False
1650,39,1,0.41979629629629633,True,False
1651,21,0,0.4194444444444444,False,True
1652,47,1,0.41909259259259257,True,False
1653,61,1,0.41874074074074075,True,False
1654,57,1,0.4183888888888889,True,False
1655,45,1,0.4180370370370371,True,False
1656,118,1,0.41768518518518527,True,False
1657,52,1,0.41733333333333344,True,False
1658,52,1,0.4169814814814815,True,False
1659,25,1,0.41662962962962957,True,False
1660,217,1,0.41627777777777775,True,False
1661,25,0,0.4159259259259259,False,True
1662,137,1,0.4155740740740741,True,False
1663,30,1,0.41522222222222227,True,False
1664,47,1,0.41487037037037044,True,False
1665,35,1,0.4145185185185185,True,False
1666,35,1,0.4141666666666667,True,False
1667,94,1,0.41381481481481486,True,False
1668,21,0,0.41346296296296303,False,True
1669,58,1,0.4131111111111112,True,False
1670,82,1,0.41275925925925927,True,False
1671,69,1,0.41240740740740744,True,False
1672,35,1,0.4120555555555555,True,False
1673,60,1,0.4117037037037037,True,False
1674,32,1,0.41135185185185186,True,False
1675,38,0,0.41100000000000003,False,True
1676,52,0,0.4106481481481482,False,True
1677,39,0,0.4102962962962964,False,True
1678,61,0,0.40994444444444456,False,True
1679,44,1,0.4095925925925926,True,False
1680,32,1,0.4092407407407408,True,False
1681,48,1,0.40888888888888886,True,False
1682,37,1,0.40853703703703703,True,False
1683,42,1,0.4081851851851852,True,False
1684,49,1,0.4078333333333334,True,False
1685,72,1,0.40748148148148156,True,False
1686,40,1,0.4071296296296296,True,False
1687,62,1,0.4067777777777778,True,False
1688,48,1,0.40642592592592597,True,False
1689,58,1,0.40607407407407414,True,False
1690,25,1,0.4057222222222223,True,False
1691,174,1,0.4053703703703705,True,False
1692,28,1,0.40501851851851844,True,False
1693,27,1,0.4046666666666666,True,False
1694,151,1,0.4043148148148148,True,False
1695,46,1,0.40396296296296297,True,False
1696,62,1,0.40361111111111114,True,False
1697,41,1,0.4032592592592593,True,False
1698,53,1,0.4029074074074075,True,False
1699,60,1,0.40255555555555556,True,False
1700,45,1,0.40220370370370373,True,False
1701,25,0,0.4018518518518519,False,True
1702,24,1,0.4015000000000001,True,False
1703,44,1,0.40114814814814814,True,False
1704,47,1,0.4007962962962963,True,False
1705,63,1,0.4004444444444445,True,False
1706,179,1,0.40009259259259256,True,False
1707,38,1,0.39974074074074073,True,False
1708,59,1,0.3993888888888889,True,False
1709,109,1,0.3990370370370371,True,False
1710,45,0,0.39868518518518525,False,True
1711,41,1,0.39833333333333343,True,False
1712,28,1,0.3979814814814816,True,False
1713,147,1,0.39762962962962967,True,False
1714,45,1,0.39727777777777773,True,False
1715,51,1,0.3969259259259259,True,False
1716,37,1,0.3965740740740741,True,False
1717,219,1,0.39622222222222225,True,False
1718,24,0,0.39587037037037043,False,True
1719,42,1,0.3955185185185186,True,False
1720,19,1,0.39516666666666667,True,False
1721,63,1,0.39481481481481484,True,False
1722,181,0,0.394462962962963,False,True
1723,121,1,0.3941111111111112,True,False
1724,109,1,0.39375925925925925,True,False
1725,70,1,0.39340740740740743,True,False
1726,14,0,0.3930555555555556,False,True
1727,55,1,0.39270370370370367,True,False
1728,65,1,0.39235185185185184,True,False
1729,75,1,0.392,True,False
1730,55,1,0.3916481481481482,True,False
1731,55,0,0.39129629629629636,False,True
1732,63,1,0.39094444444444454,True,False
1733,32,0,0.3905925925925927,False,True
1734,71,1,0.3902407407407408,True,False
1735,228,1,0.38988888888888884,True,False
1736,39,0,0.389537037037037,False,True
1737,29,0,0.3891851851851852,False,True
1738,41,1,0.38883333333333336,True,False
1739,164,1,0.38848148148148154,True,False
1740,33,0,0.3881296296296297,False,True
1741,195,1,0.3877777777777778,True,False
1742,43,1,0.38742592592592595,True,False
1743,59,1,0.3870740740740741,True,False
1744,30,1,0.3867222222222223,True,False
1745,92,1,0.3863703703703705,True,False
1746,65,0,0.38601851851851854,False,True
1747,56,0,0.3856666666666667,False,True
1748,83,1,0.3853148148148148,True,False
1749,29,0,0.38496296296296295,False,True
1750,31,1,0.3846111111111111,True,False
1751,48,1,0.3842592592592593,True,False
1752,87,1,0.3839074074074075,True,False
1753,10,0,0.38355555555555565,False,True
1754,38,1,0.3832037037037037,True,False
1755,47,1,0.3828518518518519,True,False
1756,30,1,0.38250000000000006,True,False
1757,30,1,0.3821481481481481,True,False
1758,31,1,0.3817962962962963,True,False
1759,58,1,0.3814444444444445,True,False
1760,64,1,0.38109259259259265,True,False
1761,76,1,0.3807407407407407,True,False
1762,50,1,0.3803888888888889,True,False
1763,30,0,0.38003703703703706,False,True
1764,25,1,0.37968518518518524,True,False
1765,58,1,0.3793333333333334,True,False
1766,171,1,0.3789814814814816,True,False
1767,33,1,0.37862962962962965,True,False
1768,17,0,0.3782777777777777,False,True
1769,112,0,0.3779259259259259,False,True
1770,25,0,0.37757407407407406,False,True
1771,61,1,0.37722222222222224,True,False
1772,41,1,0.3768703703703704,True,False
1773,53,1,0.3765185185185186,True,False
1774,25,1,0.37616666666666676,True,False
1775,38,1,0.3758148148148148,True,False
1776,47,1,0.375462962962963,True,False
1777,31,1,0.3751111111111112,True,False
1778,71,0,0.37475925925925924,False,True
1779,52,1,0.3744074074074074,True,False
1780,49,1,0.3740555555555556,True,False
1781,45,1,0.37370370370370376,True,False
1782,83,1,0.3733518518518518,True,False
1783,23,0,0.373,False,True
1784,14,0,0.3726481481481482,False,True
1785,29,1,0.37229629629629635,True,False
1786,30,1,0.3719444444444445,True,False
1787,29,1,0.3715925925925927,True,False
1788,47,1,0.37124074074074087,True,False
1789,47,1,0.3708888888888888,True,False
1790,117,0,0.370537037037037,False,True
1791,35,1,0.3701851851851852,True,False
1792,102,1,0.36983333333333335,True,False
1793,13,0,0.3694814814814815,False,True
1794,44,1,0.3691296296296297,True,False
1795,18,0,0.36877777777777787,False,True
1796,64,1,0.36842592592592593,True,False
1797,51,1,0.3680740740740741,True,False
1798,39,1,0.3677222222222223,True,False
1799,57,1,0.36737037037037046,True,False
1800,260,1,0.3670185185185185,True,False
1801,16,0,0.3666666666666667,False,True
1802,54,1,0.36631481481481487,True,False
1803,49,1,0.36596296296296293,True,False
1804,35,1,0.3656111111111111,True,False
1805,8,0,0.3652592592592593,False,True
1806,25,1,0.36490740740740746,True,False
1807,94,1,0.36455555555555563,True,False
1808,24,1,0.3642037037037038,True,False
1809,30,1,0.363851851851852,True,False
1810,54,1,0.36350000000000005,True,False
1811,31,1,0.3631481481481481,True,False
1812,37,1,0.3627962962962963,True,False
1813,56,1,0.36244444444444446,True,False
1814,56,1,0.36209259259259263,True,False
1815,43,1,0.3617407407407408,True,False
1816,26,1,0.36138888888888887,True,False
1817,25,1,0.36103703703703705,True,False
1818,20,0,0.3606851851851852,False,True
1819,38,1,0.3603333333333334,True,False
1820,56,1,0.35998148148148157,True,False
1821,30,1,0.35962962962962963,True,False
1822,42,1,0.3592777777777778,True,False
1823,23,1,0.35892592592592587,True,False
1824,31,1,0.35857407407407405,True,False
1825,219,1,0.3582222222222222,True,False
1826,294,1,0.3578703703703704,True,False
1827,51,1,0.35751851851851857,True,False
1828,63,1,0.35716666666666674,True,False
1829,163,0,0.3568148148148149,False,True
1830,43,1,0.356462962962963,True,False
1831,38,1,0.35611111111111116,True,False
1832,30,1,0.3557592592592592,True,False
1833,29,1,0.3554074074074074,True,False
1834,29,1,0.35505555555555557,True,False
1835,11,0,0.35470370370370374,False,True
1836,44,1,0.3543518518518519,True,False
1837,35,1,0.354,True,False
1838,38,1,0.35364814814814816,True,False
1839,31,1,0.35329629629629633,True,False
1840,9,0,0.3529444444444445,False,True
1841,75,1,0.3525925925925927,True,False
1842,79,1,0.35224074074074085,True,False
1843,47,1,0.3518888888888889,True,False
1844,53,1,0.351537037037037,True,False
1845,55,1,0.35118518518518516,True,False
1846,35,1,0.35083333333333333,True,False
1847,9,0,0.3504814814814815,False,True
1848,126,1,0.3501296296296297,True,False
1849,35,1,0.34977777777777785,True,False
1850,161,1,0.34942592592592603,True,False
1851,32,1,0.3490740740740741,True,False
1852,48,1,0.34872222222222227,True,False
1853,62,1,0.34837037037037044,True,False
1854,38,1,0.3480185185185185,True,False
1855,26,1,0.3476666666666667,True,False
1856,51,1,0.34731481481481485,True,False
1857,45,1,0.34696296296296303,True,False
1858,63,1,0.3466111111111111,True,False
1859,35,1,0.34625925925925927,True,False
1860,23,1,0.34590740740740744,True,False
1861,62,1,0.3455555555555556,True,False
1862,80,0,0.3452037037037038,False,True
1863,79,1,0.34485185185185196,True,False
1864,151,1,0.34450000000000003,True,False
1865,24,0,0.3441481481481481,False,True
1866,113,1,0.34379629629629627,True,False
1867,38,1,0.34344444444444444,True,False
1868,127,1,0.3430925925925926,True,False
1869,31,0,0.3427407407407408,False,True
1870,32,1,0.34238888888888896,True,False
1871,123,1,0.34203703703703714,True,False
1872,71,1,0.3416851851851852,True,False
1873,196,1,0.3413333333333334,True,False
1874,45,1,0.34098148148148155,True,False
1875,43,1,0.3406296296296296,True,False
1876,26,1,0.3402777777777778,True,False
1877,34,1,0.33992592592592596,True,False
1878,157,1,0.33957407407407403,True,False
1879,95,0,0.3392222222222222,False,True
1880,42,1,0.3388703703703704,True,False
1881,28,1,0.33851851851851855,True,False
1882,110,1,0.3381666666666667,True,False
1883,23,1,0.3378148148148149,True,False
1884,27,1,0.3374629629629631,True,False
1885,44,1,0.33711111111111114,True,False
1886,214,1,0.3367592592592592,True,False
1887,39,1,0.3364074074074074,True,False
1888,86,1,0.33605555555555555,True,False
1889,26,1,0.3357037037037037,True,False
1890,47,1,0.3353518518518519,True,False
1891,36,1,0.3350000000000001,True,False
1892,195,0,0.33464814814814814,False,True
1893,31,1,0.3342962962962963,True,False
1894,68,1,0.3339444444444445,True,False
1895,66,1,0.33359259259259266,True,False
1896,39,1,0.33324074074074084,True,False
1897,44,1,0.3328888888888889,True,False
1898,139,1,0.3325370370370371,True,False
1899,67,0,0.33218518518518514,False,True
1900,146,1,0.3318333333333333,True,False
1901,34,1,0.3314814814814815,True,False
1902,23,1,0.33112962962962966,True,False
1903,38,1,0.33077777777777784,True,False
1904,38,1,0.330425925925926,True,False
1905,32,1,0.3300740740740742,True,False
1906,45,1,0.32972222222222225,True,False
1907,31,1,0.3293703703703704,True,False
1908,41,1,0.3290185185185185,True,False
1909,34,1,0.32866666666666666,True,False
1910,60,1,0.32831481481481484,True,False
1911,31,1,0.327962962962963,True,False
1912,24,1,0.3276111111111112,True,False
1913,91,1,0.32725925925925925,True,False
1914,26,0,0.3269074074074074,False,True
1915,213,0,0.3265555555555556,False,True
1916,38,1,0.3262037037037038,True,False
1917,28,1,0.32585185185185195,True,False
1918,32,1,0.3255,True,False
1919,35,1,0.3251481481481482,True,False
1920,29,0,0.32479629629629625,False,True
1921,24,1,0.3244444444444444,True,False
1922,62,0,0.3240925925925926,False,True
1923,60,1,0.3237407407407408,True,False
1924,56,1,0.32338888888888895,True,False
1925,32,1,0.3230370370370371,True,False
1926,22,0,0.3226851851851853,False,True
1927,26,1,0.32233333333333336,True,False
1928,27,1,0.32198148148148154,True,False
1929,22,1,0.3216296296296296,True,False
1930,18,0,0.3212777777777778,False,True
1931,20,1,0.32092592592592595,True,False
1932,32,1,0.3205740740740741,True,False
1933,53,0,0.3202222222222223,False,True
1934,50,1,0.31987037037037036,True,False
1935,33,1,0.31951851851851854,True,False
1936,124,1,0.3191666666666667,True,False
1937,23,1,0.3188148148148149,True,False
1938,26,1,0.31846296296296306,True,False
1939,29,1,0.31811111111111123,True,False
1940,45,1,0.3177592592592592,True,False
1941,56,1,0.31740740740740736,True,False
1942,30,1,0.31705555555555553,True,False
1943,102,1,0.3167037037037037,True,False
1944,33,0,0.3163518518518519,False,True
1945,47,1,0.31600000000000006,True,False
1946,41,1,0.31564814814814823,True,False
1947,26,1,0.3152962962962963,True,False
1948,34,1,0.31494444444444447,True,False
1949,18,1,0.31459259259259265,True,False
1950,46,1,0.3142407407407408,True,False
1951,39,1,0.3138888888888889,True,False
1952,30,1,0.31353703703703706,True,False
1953,37,1,0.31318518518518523,True,False
1954,25,1,0.3128333333333333,True,False
1955,33,1,0.31248148148148147,True,False
1956,321,0,0.31212962962962965,False,True
1957,56,1,0.3117777777777778,True,False
1958,64,1,0.311425925925926,True,False
1959,22,1,0.31107407407407417,True,False
1960,24,1,0.31072222222222234,True,False
1961,25,1,0.3103703703703704,True,False
1962,61,1,0.31001851851851847,True,False
1963,38,1,0.30966666666666665,True,False
1964,139,1,0.3093148148148148,True,False
1965,45,1,0.308962962962963,True,False
1966,35,1,0.30861111111111117,True,False
1967,31,1,0.30825925925925934,True,False
1968,58,1,0.3079074074074074,True,False
1969,19,0,0.3075555555555556,False,True
1970,27,1,0.30720370370370376,True,False
1971,70,1,0.30685185185185193,True,False
1972,15,0,0.3065,False,True
1973,34,1,0.30614814814814817,True,False
1974,35,1,0.30579629629629634,True,False
1975,26,1,0.3054444444444444,True,False
1976,16,0,0.3050925925925926,False,True
1977,33,1,0.30474074074074076,True,False
1978,37,1,0.30438888888888893,True,False
1979,26,1,0.3040370370370371,True,False
1980,44,1,0.3036851851851853,True,False
1981,39,1,0.30333333333333345,True,False
1982,168,0,0.3029814814814815,False,True
1983,59,1,0.3026296296296296,True,False
1984,59,1,0.30227777777777776,True,False
1985,136,1,0.30192592592592593,True,False
1986,26,1,0.3015740740740741,True,False
1987,19,1,0.3012222222222223,True,False
1988,85,1,0.30087037037037045,True,False
1989,19,1,0.3005185185185185,True,False
1990,108,1,0.3001666666666667,True,False
1991,75,1,0.29981481481481487,True,False
1992,23,0,0.29946296296296304,False,True
1993,92,0,0.2991111111111112,False,True
1994,33,1,0.2987592592592593,True,False
1995,36,1,0.29840740740740745,True,False
1996,152,1,0.2980555555555555,True,False
1997,26,1,0.2977037037037037,True,False
1998,42,1,0.29735185185185187,True,False
1999,33,1,0.29700000000000004,True,False
2000,26,1,0.2966481481481482,True,False
2001,26,0,0.2962962962962964,False,True
2002,23,1,0.29594444444444445,True,False
2003,36,1,0.29559259259259263,True,False
2004,31,1,0.2952407407407408,True,False
2005,39,1,0.29488888888888887,True,False
2006,103,1,0.29453703703703704,True,False
2007,34,1,0.2941851851851852,True,False
2008,32,1,0.2938333333333334,True,False
2009,22,0,0.29348148148148145,False,True
2010,83,0,0.29312962962962963,False,True
2011,25,0,0.2927777777777778,False,True
2012,25,1,0.292425925925926,True,False
2013,38,1,0.29207407407407415,True,False
2014,45,1,0.2917222222222223,True,False
2015,29,1,0.2913703703703704,True,False
2016,273,1,0.29101851851851845,True,False
2017,36,1,0.29066666666666663,True,False
2018,128,1,0.2903148148148148,True,False
2019,29,1,0.289962962962963,True,False
2020,38,1,0.28961111111111115,True,False
2021,25,1,0.2892592592592593,True,False
2022,36,1,0.2889074074074075,True,False
2023,22,1,0.28855555555555557,True,False
2024,54,1,0.28820370370370374,True,False
2025,126,1,0.2878518518518519,True,False
2026,27,1,0.2875000000000001,True,False
2027,34,1,0.28714814814814815,True,False
2028,25,1,0.2867962962962963,True,False
2029,59,1,0.2864444444444445,True,False
2030,38,1,0.28609259259259257,True,False
2031,19,1,0.28574074074074074,True,False
2032,19,1,0.2853888888888889,True,False
2033,28,1,0.2850370370370371,True,False
2034,53,1,0.28468518518518526,True,False
2035,35,1,0.28433333333333344,True,False
2036,271,1,0.2839814814814816,True,False
2037,38,1,0.2836296296296297,True,False
2038,32,1,0.28327777777777774,True,False
2039,37,1,0.2829259259259259,True,False
2040,93,1,0.2825740740740741,True,False
2041,43,1,0.28222222222222226,True,False
2042,23,0,0.28187037037037044,False,True
2043,27,1,0.2815185185185186,True,False
2044,39,1,0.2811666666666667,True,False
2045,40,1,0.28081481481481485,True,False
2046,26,1,0.280462962962963,True,False
2047,42,1,0.2801111111111112,True,False
2048,66,1,0.27975925925925926,True,False
2049,58,1,0.27940740740740744,True,False
2050,31,1,0.2790555555555556,True,False
2051,27,1,0.2787037037037037,True,False
2052,79,1,0.27835185185185185,True,False
2053,24,1,0.278,True,False
2054,38,1,0.2776481481481482,True,False
2055,43,1,0.2772962962962964,True,False
2056,33,1,0.27694444444444455,True,False
2057,113,1,0.2765925925925926,True,False
2058,13,0,0.2762407407407408,False,True
2059,48,1,0.27588888888888885,True,False
2060,65,1,0.275537037037037,True,False
2061,33,1,0.2751851851851852,True,False
2062,33,1,0.2748333333333334,True,False
2063,23,1,0.27448148148148155,True,False
2064,24,1,0.2741296296296296,True,False
2065,31,1,0.2737777777777778,True,False
2066,39,1,0.27342592592592596,True,False
2067,35,1,0.27307407407407414,True,False
2068,18,1,0.2727222222222223,True,False
2069,29,1,0.2723703703703705,True,False
2070,31,1,0.27201851851851855,True,False
2071,21,1,0.2716666666666666,True,False
2072,29,1,0.2713148148148148,True,False
2073,33,1,0.27096296296296296,True,False
2074,80,1,0.27061111111111114,True,False
2075,26,1,0.2702592592592593,True,False
2076,22,1,0.2699074074074075,True,False
2077,28,1,0.26955555555555566,True,False
2078,55,1,0.2692037037037037,True,False
2079,25,1,0.2688518518518519,True,False
2080,19,1,0.26850000000000007,True,False
2081,32,1,0.26814814814814814,True,False
2082,26,1,0.2677962962962963,True,False
2083,60,1,0.2674444444444445,True,False
2084,27,1,0.26709259259259266,True,False
2085,23,0,0.2667407407407407,False,True
2086,71,1,0.2663888888888889,True,False
2087,37,1,0.26603703703703707,True,False
2088,66,1,0.26568518518518525,True,False
2089,55,1,0.2653333333333334,True,False
2090,34,1,0.2649814814814816,True,False
2091,32,1,0.26462962962962966,True,False
2092,44,1,0.2642777777777777,True,False
2093,27,0,0.2639259259259259,False,True
2094,53,0,0.26357407407407407,False,True
2095,24,1,0.26322222222222225,True,False
2096,39,1,0.2628703703703704,True,False
2097,23,0,0.2625185185185186,False,True
2098,153,1,0.26216666666666677,True,False
2099,35,1,0.26181481481481483,True,False
2100,21,1,0.261462962962963,True,False
2101,24,1,0.2611111111111112,True,False
2102,44,1,0.26075925925925925,True,False
2103,37,1,0.2604074074074074,True,False
2104,36,1,0.2600555555555556,True,False
2105,35,1,0.25970370370370377,True,False
2106,48,1,0.25935185185185183,True,False
2107,19,1,0.259,True,False
2108,16,0,0.2586481481481482,False,True
2109,37,1,0.25829629629629636,True,False
2110,27,1,0.25794444444444453,True,False
2111,33,1,0.2575925925925927,True,False
2112,25,1,0.2572407407407409,True,False
2113,54,1,0.25688888888888883,True,False
2114,110,0,0.256537037037037,False,True
2115,28,1,0.2561851851851852,True,False
2116,32,1,0.25583333333333336,True,False
2117,11,0,0.25548148148148153,False,True
2118,28,1,0.2551296296296297,True,False
2119,21,1,0.25477777777777777,True,False
2120,28,1,0.25442592592592594,True,False
2121,34,1,0.2540740740740741,True,False
2122,59,1,0.2537222222222223,True,False
2123,23,1,0.25337037037037047,True,False
2124,82,1,0.25301851851851853,True,False
2125,29,1,0.2526666666666667,True,False
2126,27,1,0.25231481481481477,True,False
2127,57,1,0.25196296296296294,True,False
2128,28,1,0.2516111111111111,True,False
2129,25,1,0.2512592592592593,True,False
2130,40,1,0.25090740740740747,True,False
2131,21,1,0.25055555555555564,True,False
2132,24,1,0.2502037037037038,True,False
2133,49,0,0.24985185185185188,False,True
2134,23,1,0.24950000000000006,True,False
2135,29,1,0.24914814814814812,True,False
2136,30,1,0.2487962962962963,True,False
2137,108,0,0.24844444444444447,False,True
2138,19,1,0.24809259259259264,True,False
2139,23,1,0.24774074074074082,True,False
2140,35,0,0.24738888888888888,False,True
2141,27,1,0.24703703703703705,True,False
2142,28,1,0.24668518518518523,True,False
2143,278,1,0.2463333333333334,True,False
2144,18,1,0.24598148148148158,True,False
2145,38,1,0.24562962962962964,True,False
2146,231,1,0.24527777777777782,True,False
2147,26,1,0.24492592592592588,True,False
2148,40,1,0.24457407407407405,True,False
2149,36,1,0.24422222222222223,True,False
2150,32,1,0.2438703703703704,True,False
2151,72,0,0.24351851851851858,False,True
2152,26,1,0.24316666666666675,True,False
2153,32,1,0.24281481481481493,True,False
2154,68,1,0.242462962962963,True,False
2155,34,1,0.24211111111111117,True,False
2156,41,1,0.24175925925925923,True,False
2157,20,1,0.2414074074074074,True,False
2158,34,1,0.24105555555555558,True,False
2159,26,1,0.24070370370370375,True,False
2160,19,1,0.24035185185185193,True,False
2161,23,1,0.24,True,False
2162,26,1,0.23964814814814817,True,False
2163,23,1,0.23929629629629634,True,False
2164,21,1,0.23894444444444451,True,False
2165,38,1,0.2385925925925927,True,False
2166,26,1,0.23824074074074086,True,False
2167,27,1,0.23788888888888893,True,False
2168,29,1,0.237537037037037,True,False
2169,21,1,0.23718518518518517,True,False
2170,28,1,0.23683333333333334,True,False
2171,20,1,0.23648148148148151,True,False
2172,22,1,0.2361296296296297,True,False
2173,22,1,0.23577777777777786,True,False
2174,39,1,0.23542592592592604,True,False
2175,23,1,0.2350740740740741,True,False
2176,28,1,0.23472222222222228,True,False
2177,20,1,0.23437037037037045,True,False
2178,26,1,0.23401851851851851,True,False
2179,63,1,0.2336666666666667,True,False
2180,25,1,0.23331481481481486,True,False
2181,47,1,0.23296296296296293,True,False
2182,71,1,0.2326111111111111,True,False
2183,34,1,0.23225925925925928,True,False
2184,27,1,0.23190740740740745,True,False
2185,25,1,0.23155555555555563,True,False
2186,124,1,0.2312037037037038,True,False
2187,21,1,0.23085185185185197,True,False
2188,55,0,0.23050000000000004,False,True
2189,20,1,0.2301481481481481,True,False
2190,29,1,0.22979629629629628,True,False
2191,28,1,0.22944444444444445,True,False
2192,114,1,0.22909259259259263,True,False
2193,18,1,0.2287407407407408,True,False
2194,33,1,0.22838888888888897,True,False
2195,29,1,0.22803703703703704,True,False
2196,15,0,0.2276851851851852,False,True
2197,30,1,0.2273333333333334,True,False
2198,41,1,0.22698148148148156,True,False
2199,23,1,0.22662962962962963,True,False
2200,75,1,0.2262777777777778,True,False
2201,32,1,0.22592592592592597,True,False
2202,27,0,0.22557407407407404,False,True
2203,29,0,0.2252222222222222,False,True
2204,25,1,0.2248703703703704,True,False
2205,22,1,0.22451851851851856,True,False
2206,32,1,0.22416666666666674,True,False
2207,53,1,0.2238148148148149,True,False
2208,39,1,0.22346296296296309,True,False
2209,25,1,0.22311111111111115,True,False
2210,14,0,0.2227592592592592,False,True
2211,25,1,0.2224074074074074,True,False
2212,33,1,0.22205555555555556,True,False
2213,16,0,0.22170370370370374,False,True
2214,21,1,0.2213518518518519,True,False
2215,39,1,0.22100000000000009,True,False
2216,50,1,0.22064814814814815,True,False
2217,43,1,0.22029629629629632,True,False
2218,17,0,0.2199444444444445,False,True
2219,24,0,0.21959259259259267,False,True
2220,21,0,0.21924074074074085,False,True
2221,22,1,0.2188888888888889,True,False
2222,25,0,0.21853703703703709,False,True
2223,53,1,0.21818518518518515,True,False
2224,37,1,0.21783333333333332,True,False
2225,26,0,0.2174814814814815,False,True
2226,27,1,0.21712962962962967,True,False
2227,26,1,0.21677777777777785,True,False
2228,26,1,0.21642592592592602,True,False
2229,21,1,0.2160740740740742,True,False
2230,23,1,0.21572222222222226,True,False
2231,47,1,0.21537037037037043,True,False
2232,18,1,0.2150185185185185,True,False
2233,51,1,0.21466666666666667,True,False
2234,182,0,0.21431481481481485,False,True
2235,29,1,0.21396296296296302,True,False
2236,32,1,0.2136111111111112,True,False
2237,39,1,0.21325925925925926,True,False
2238,37,1,0.21290740740740743,True,False
2239,26,1,0.2125555555555556,True,False
2240,53,1,0.21220370370370378,True,False
2241,19,1,0.21185185185185196,True,False
2242,34,1,0.21150000000000002,True,False
2243,30,1,0.21114814814814808,True,False
2244,44,1,0.21079629629629626,True,False
2245,9,0,0.21044444444444443,False,True
2246,23,1,0.2100925925925926,True,False
2247,20,1,0.20974074074074078,True,False
2248,27,1,0.20938888888888896,True,False
2249,24,1,0.20903703703703713,True,False
2250,66,1,0.2086851851851852,True,False
2251,22,1,0.20833333333333337,True,False
2252,24,1,0.20798148148148154,True,False
2253,62,1,0.2076296296296296,True,False
2254,129,0,0.20727777777777778,False,True
2255,41,1,0.20692592592592596,True,False
2256,18,0,0.20657407407407413,False,True
2257,20,1,0.2062222222222222,True,False
2258,30,1,0.20587037037037037,True,False
2259,30,1,0.20551851851851854,True,False
2260,23,1,0.20516666666666672,True,False
2261,39,1,0.2048148148148149,True,False
2262,92,1,0.20446296296296307,True,False
2263,31,1,0.20411111111111124,True,False
2264,28,1,0.2037592592592592,True,False
2265,31,1,0.20340740740740737,True,False
2266,20,1,0.20305555555555554,True,False
2267,33,1,0.20270370370370372,True,False
2268,31,0,0.2023518518518519,False,True
2269,25,1,0.20200000000000007,True,False
2270,29,1,0.20164814814814824,True,False
2271,51,1,0.2012962962962963,True,False
2272,31,1,0.20094444444444448,True,False
2273,28,1,0.20059259259259266,True,False
2274,70,1,0.20024074074074083,True,False
2275,102,1,0.1998888888888889,True,False
2276,23,1,0.19953703703703707,True,False
2277,23,1,0.19918518518518524,True,False
2278,125,0,0.1988333333333333,False,True
2279,27,1,0.19848148148148148,True,False
2280,25,1,0.19812962962962966,True,False
2281,30,1,0.19777777777777783,True,False
2282,40,0,0.197425925925926,False,True
2283,18,0,0.19707407407407418,False,True
2284,28,1,0.19672222222222235,True,False
2285,94,0,0.19637037037037042,False,True
2286,53,1,0.19601851851851848,True,False
2287,25,1,0.19566666666666666,True,False
2288,50,1,0.19531481481481483,True,False
2289,64,1,0.194962962962963,True,False
2290,21,1,0.19461111111111118,True,False
2291,22,1,0.19425925925925935,True,False
2292,26,1,0.19390740740740742,True,False
2293,28,1,0.1935555555555556,True,False
2294,72,1,0.19320370370370377,True,False
2295,24,1,0.19285185185185194,True,False
2296,22,1,0.1925,True,False
2297,36,1,0.19214814814814818,True,False
2298,24,1,0.19179629629629635,True,False
2299,25,1,0.19144444444444442,True,False
2300,23,0,0.1910925925925926,False,True
2301,19,0,0.19074074074074077,False,True
2302,60,1,0.19038888888888894,True,False
2303,24,1,0.19003703703703712,True,False
2304,19,1,0.1896851851851853,True,False
2305,27,1,0.18933333333333335,True,False
2306,31,0,0.18898148148148153,False,True
2307,52,1,0.1886296296296296,True,False
2308,26,1,0.18827777777777777,True,False
2309,21,1,0.18792592592592594,True,False
2310,28,1,0.18757407407407412,True,False
2311,43,1,0.1872222222222223,True,False
2312,23,1,0.18687037037037035,True,False
2313,146,1,0.18651851851851853,True,False
2314,19,1,0.1861666666666667,True,False
2315,25,1,0.18581481481481488,True,False
2316,26,1,0.18546296296296305,True,False
2317,35,1,0.18511111111111123,True,False
2318,32,1,0.1847592592592593,True,False
2319,28,1,0.18440740740740735,True,False
2320,20,1,0.18405555555555553,True,False
2321,24,1,0.1837037037037037,True,False
2322,27,1,0.18335185185185188,True,False
2323,14,0,0.18300000000000005,False,True
2324,21,1,0.18264814814814823,True,False
2325,34,1,0.1822962962962964,True,False
2326,22,1,0.18194444444444446,True,False
2327,20,1,0.18159259259259264,True,False
2328,24,1,0.1812407407407408,True,False
2329,70,1,0.18088888888888888,True,False
2330,22,1,0.18053703703703705,True,False
2331,32,1,0.18018518518518523,True,False
2332,28,1,0.1798333333333334,True,False
2333,25,1,0.17948148148148146,True,False
2334,24,1,0.17912962962962964,True,False
2335,23,1,0.1787777777777778,True,False
2336,20,1,0.178425925925926,True,False
2337,38,1,0.17807407407407416,True,False
2338,27,1,0.17772222222222234,True,False
2339,23,1,0.1773703703703704,True,False
2340,28,1,0.17701851851851846,True,False
2341,20,1,0.17666666666666664,True,False
2342,20,1,0.1763148148148148,True,False
2343,24,0,0.175962962962963,False,True
2344,32,1,0.17561111111111116,True,False
2345,27,1,0.17525925925925934,True,False
2346,29,1,0.1749074074074075,True,False
2347,30,1,0.17455555555555557,True,False
2348,27,1,0.17420370370370375,True,False
2349,67,1,0.17385185185185192,True,False
2350,22,1,0.1735,True,False
2351,20,1,0.17314814814814816,True,False
2352,37,1,0.17279629629629634,True,False
2353,52,1,0.1724444444444445,True,False
2354,51,1,0.17209259259259257,True,False
2355,22,1,0.17174074074074075,True,False
2356,65,1,0.17138888888888892,True,False
2357,21,1,0.1710370370370371,True,False
2358,21,1,0.17068518518518527,True,False
2359,20,1,0.17033333333333345,True,False
2360,26,1,0.16998148148148162,True,False
2361,20,1,0.16962962962962957,True,False
2362,23,0,0.16927777777777775,False,True
2363,27,1,0.16892592592592592,True,False
2364,22,1,0.1685740740740741,True,False
2365,74,1,0.16822222222222227,True,False
2366,46,1,0.16787037037037045,True,False
2367,20,1,0.1675185185185185,True,False
2368,22,1,0.16716666666666669,True,False
2369,54,1,0.16681481481481486,True,False
2370,35,1,0.16646296296296303,True,False
2371,100,1,0.1661111111111112,True,False
2372,19,1,0.16575925925925927,True,False
2373,29,1,0.16540740740740745,True,False
2374,46,1,0.1650555555555555,True,False
2375,20,1,0.16470370370370369,True,False
2376,120,1,0.16435185185185186,True,False
2377,26,1,0.16400000000000003,True,False
2378,75,0,0.1636481481481482,False,True
2379,27,1,0.16329629629629638,True,False
2380,22,1,0.16294444444444456,True,False
2381,206,1,0.16259259259259262,True,False
2382,29,1,0.1622407407407408,True,False
2383,42,1,0.16188888888888886,True,False
2384,23,1,0.16153703703703703,True,False
2385,63,1,0.1611851851851852,True,False
2386,22,1,0.16083333333333338,True,False
2387,34,1,0.16048148148148156,True,False
2388,76,1,0.16012962962962962,True,False
2389,30,1,0.1597777777777778,True,False
2390,26,1,0.15942592592592597,True,False
2391,23,1,0.15907407407407415,True,False
2392,67,1,0.15872222222222232,True,False
2393,25,1,0.1583703703703705,True,False
2394,25,1,0.15801851851851856,True,False
2395,39,1,0.15766666666666662,True,False
2396,20,1,0.1573148148148148,True,False
2397,21,1,0.15696296296296297,True,False
2398,30,1,0.15661111111111115,True,False
2399,19,1,0.15625925925925932,True,False
2400,23,1,0.1559074074074075,True,False
2401,19,1,0.15555555555555567,True,False
2402,48,1,0.15520370370370373,True,False
2403,122,1,0.1548518518518519,True,False
2404,33,1,0.15450000000000008,True,False
2405,18,1,0.15414814814814815,True,False
2406,36,0,0.15379629629629632,False,True
2407,22,1,0.1534444444444445,True,False
2408,22,1,0.15309259259259267,True,False
2409,24,1,0.15274074074074073,True,False
2410,29,1,0.1523888888888889,True,False
2411,44,0,0.15203703703703708,False,True
2412,25,1,0.15168518518518526,True,False
2413,36,0,0.15133333333333343,False,True
2414,23,1,0.1509814814814816,True,False
2415,24,1,0.15062962962962967,True,False
2416,28,1,0.15027777777777773,True,False
2417,31,1,0.1499259259259259,True,False
2418,23,1,0.14957407407407408,True,False
2419,30,1,0.14922222222222226,True,False
2420,23,1,0.14887037037037043,True,False
2421,24,0,0.1485185185185186,False,True
2422,46,1,0.14816666666666678,True,False
2423,31,1,0.14781481481481484,True,False
2424,26,1,0.14746296296296302,True,False
2425,27,1,0.1471111111111112,True,False
2426,27,1,0.14675925925925926,True,False
2427,25,1,0.14640740740740743,True,False
2428,21,1,0.1460555555555556,True,False
2429,31,1,0.14570370370370367,True,False
2430,95,1,0.14535185185185184,True,False
2431,20,1,0.14500000000000002,True,False
2432,26,1,0.1446481481481482,True,False
2433,18,1,0.14429629629629637,True,False
2434,23,1,0.14394444444444454,True,False
2435,35,1,0.14359259259259272,True,False
2436,23,1,0.14324074074074078,True,False
2437,25,1,0.14288888888888884,True,False
2438,28,1,0.14253703703703702,True,False
2439,30,1,0.1421851851851852,True,False
2440,38,1,0.14183333333333337,True,False
2441,23,1,0.14148148148148154,True,False
2442,23,1,0.14112962962962972,True,False
2443,20,1,0.14077777777777778,True,False
2444,25,1,0.14042592592592595,True,False
2445,39,1,0.14007407407407413,True,False
2446,32,1,0.1397222222222223,True,False
2447,38,1,0.13937037037037048,True,False
2448,21,1,0.13901851851851854,True,False
2449,23,1,0.13866666666666672,True,False
2450,25,1,0.13831481481481478,True,False
2451,19,1,0.13796296296296295,True,False
2452,26,1,0.13761111111111113,True,False
2453,34,0,0.1372592592592593,False,True
2454,29,1,0.13690740740740748,True,False
2455,21,1,0.13655555555555565,True,False
2456,20,1,0.13620370370370383,True,False
2457,21,1,0.1358518518518519,True,False
2458,35,1,0.13550000000000006,True,False
2459,47,1,0.13514814814814813,True,False
2460,25,1,0.1347962962962963,True,False
2461,37,1,0.13444444444444448,True,False
2462,60,1,0.13409259259259265,True,False
2463,29,1,0.13374074074074083,True,False
2464,36,1,0.1333888888888889,True,False
2465,20,1,0.13303703703703706,True,False
2466,31,1,0.13268518518518524,True,False
2467,32,1,0.1323333333333334,True,False
2468,19,1,0.1319814814814816,True,False
2469,67,1,0.13162962962962965,True,False
2470,63,1,0.13127777777777783,True,False
2471,20,1,0.1309259259259259,True,False
2472,26,1,0.13057407407407406,True,False
2473,26,1,0.13022222222222224,True,False
2474,18,1,0.1298703703703704,True,False
2475,28,1,0.1295185185185186,True,False
2476,50,1,0.12916666666666676,True,False
2477,20,1,0.12881481481481494,True,False
2478,28,1,0.128462962962963,True,False
2479,19,1,0.12811111111111118,True,False
2480,18,1,0.12775925925925924,True,False
2481,24,1,0.1274074074074074,True,False
2482,24,1,0.1270555555555556,True,False
2483,20,1,0.12670370370370376,True,False
2484,28,1,0.12635185185185194,True,False
2485,71,1,0.126,True,False
2486,24,1,0.12564814814814818,True,False
2487,24,1,0.12529629629629635,True,False
2488,20,1,0.12494444444444452,True,False
2489,54,1,0.1245925925925927,True,False
2490,33,1,0.12424074074074087,True,False
2491,29,1,0.12388888888888883,True,False
2492,47,1,0.123537037037037,True,False
2493,26,1,0.12318518518518518,True,False
2494,18,1,0.12283333333333335,True,False
2495,22,1,0.12248148148148152,True,False
2496,22,1,0.1221296296296297,True,False
2497,21,1,0.12177777777777787,True,False
2498,21,1,0.12142592592592594,True,False
2499,47,1,0.12107407407407411,True,False
2500,79,0,0.12072222222222229,False,True
2501,23,1,0.12037037037037046,True,False
2502,130,0,0.12001851851851852,False,True
2503,26,1,0.1196666666666667,True,False
2504,28,1,0.11931481481481487,True,False
2505,20,1,0.11896296296296294,True,False
2506,18,1,0.11861111111111111,True,False
2507,23,1,0.11825925925925929,True,False
2508,18,1,0.11790740740740746,True,False
2509,46,1,0.11755555555555564,True,False
2510,31,1,0.11720370370370381,True,False
2511,24,1,0.11685185185185198,True,False
2512,109,0,0.11650000000000005,False,True
2513,18,1,0.11614814814814811,True,False
2514,22,1,0.11579629629629629,True,False
2515,25,1,0.11544444444444446,True,False
2516,40,1,0.11509259259259264,True,False
2517,125,1,0.11474074074074081,True,False
2518,25,1,0.11438888888888898,True,False
2519,18,1,0.11403703703703705,True,False
2520,37,1,0.11368518518518522,True,False
2521,24,1,0.1133333333333334,True,False
2522,26,1,0.11298148148148157,True,False
2523,20,1,0.11262962962962964,True,False
2524,145,0,0.11227777777777781,False,True
2525,23,1,0.11192592592592598,True,False
2526,18,1,0.11157407407407405,True,False
2527,28,1,0.11122222222222222,True,False
2528,20,1,0.1108703703703704,True,False
2529,22,1,0.11051851851851857,True,False
2530,28,1,0.11016666666666675,True,False
2531,21,1,0.10981481481481492,True,False
2532,22,1,0.1094629629629631,True,False
2533,21,1,0.10911111111111116,True,False
2534,25,1,0.10875925925925922,True,False
2535,20,1,0.1084074074074074,True,False
2536,20,1,0.10805555555555557,True,False
2537,37,1,0.10770370370370375,True,False
2538,31,1,0.10735185185185192,True,False
2539,22,1,0.1070000000000001,True,False
2540,18,1,0.10664814814814816,True,False
2541,255,1,0.10629629629629633,True,False
2542,24,1,0.10594444444444451,True,False
2543,21,1,0.10559259259259268,True,False
2544,24,1,0.10524074074074086,True,False
2545,38,1,0.10488888888888892,True,False
2546,27,1,0.1045370370370371,True,False
2547,25,1,0.10418518518518516,True,False
2548,21,1,0.10383333333333333,True,False
2549,20,1,0.10348148148148151,True,False
2550,24,1,0.10312962962962968,True,False
2551,22,1,0.10277777777777786,True,False
2552,34,1,0.10242592592592603,True,False
2553,29,1,0.1020740740740741,True,False
2554,19,1,0.10172222222222227,True,False
2555,22,1,0.10137037037037044,True,False
2556,58,1,0.10101851851851851,True,False
2557,21,1,0.10066666666666668,True,False
2558,20,1,0.10031481481481486,True,False
2559,20,1,0.09996296296296303,True,False
2560,25,1,0.0996111111111111,True,False
2561,35,1,0.09925925925925927,True,False
2562,18,1,0.09890740740740744,True,False
2563,26,1,0.09855555555555562,True,False
2564,18,1,0.09820370370370379,True,False
2565,18,1,0.09785185185185197,True,False
2566,20,1,0.09750000000000003,True,False
2567,18,1,0.0971481481481481,True,False
2568,23,1,0.09679629629629627,True,False
2569,319,1,0.09644444444444444,True,False
2570,39,1,0.09609259259259262,True,False
2571,21,1,0.09574074074074079,True,False
2572,22,1,0.09538888888888897,True,False
2573,20,1,0.09503703703703714,True,False
2574,25,1,0.0946851851851852,True,False
2575,24,1,0.09433333333333338,True,False
2576,104,1,0.09398148148148155,True,False
2577,53,1,0.09362962962962962,True,False
2578,28,1,0.09327777777777779,True,False
2579,22,1,0.09292592592592597,True,False
2580,26,1,0.09257407407407414,True,False
2581,40,1,0.0922222222222222,True,False
2582,27,1,0.09187037037037038,True,False
2583,23,1,0.09151851851851855,True,False
2584,28,1,0.09116666666666673,True,False
2585,26,1,0.0908148148148149,True,False
2586,30,1,0.09046296296296308,True,False
2587,25,1,0.09011111111111125,True,False
2588,21,1,0.0897592592592592,True,False
2589,23,1,0.08940740740740738,True,False
2590,34,1,0.08905555555555555,True,False
2591,38,0,0.08870370370370373,False,True
2592,11,0,0.0883518518518519,False,True
2593,37,0,0.08800000000000008,False,True
2594,23,1,0.08764814814814825,True,False
2595,20,1,0.08729629629629632,True,False
2596,22,1,0.08694444444444449,True,False
2597,22,1,0.08659259259259267,True,False
2598,20,1,0.08624074074074084,True,False
2599,18,1,0.0858888888888889,True,False
2600,32,1,0.08553703703703708,True,False
2601,20,1,0.08518518518518525,True,False
2602,52,1,0.08483333333333332,True,False
2603,166,0,0.08448148148148149,False,True
2604,23,1,0.08412962962962967,True,False
2605,22,1,0.08377777777777784,True,False
2606,25,1,0.08342592592592601,True,False
2607,22,1,0.08307407407407419,True,False
2608,36,1,0.08272222222222236,True,False
2609,75,1,0.08237037037037043,True,False
2610,20,1,0.08201851851851849,True,False
2611,20,1,0.08166666666666667,True,False
2612,29,1,0.08131481481481484,True,False
2613,21,1,0.08096296296296301,True,False
2614,28,1,0.08061111111111119,True,False
2615,19,1,0.08025925925925925,True,False
2616,245,0,0.07990740740740743,False,True
2617,22,1,0.0795555555555556,True,False
2618,31,1,0.07920370370370378,True,False
2619,20,1,0.07885185185185195,True,False
2620,20,1,0.07850000000000001,True,False
2621,27,1,0.07814814814814819,True,False
2622,45,1,0.07779629629629625,True,False
2623,19,1,0.07744444444444443,True,False
2624,34,1,0.0770925925925926,True,False
2625,27,1,0.07674074074074078,True,False
2626,26,1,0.07638888888888895,True,False
2627,23,1,0.07603703703703713,True,False
2628,21,1,0.0756851851851853,True,False
2629,18,1,0.07533333333333336,True,False
2630,18,1,0.07498148148148154,True,False
2631,24,1,0.0746296296296296,True,False
2632,20,1,0.07427777777777778,True,False
2633,24,1,0.07392592592592595,True,False
2634,28,1,0.07357407407407413,True,False
2635,24,1,0.0732222222222223,True,False
2636,48,1,0.07287037037037036,True,False
2637,26,1,0.07251851851851854,True,False
2638,26,1,0.07216666666666671,True,False
2639,39,1,0.07181481481481489,True,False
2640,31,1,0.07146296296296306,True,False
2641,21,1,0.07111111111111124,True,False
2642,21,1,0.0707592592592593,True,False
2643,23,1,0.07040740740740736,True,False
2644,21,1,0.07005555555555554,True,False
2645,18,1,0.06970370370370371,True,False
2646,29,1,0.06935185185185189,True,False
2647,23,0,0.06900000000000006,False,True
2648,186,0,0.06864814814814824,False,True
2649,50,1,0.06829629629629641,True,False
2650,19,1,0.06794444444444447,True,False
2651,19,1,0.06759259259259265,True,False
2652,22,1,0.06724074074074082,True,False
2653,20,1,0.06688888888888889,True,False
2654,23,1,0.06653703703703706,True,False
2655,82,1,0.06618518518518524,True,False
2656,22,1,0.06583333333333341,True,False
2657,24,1,0.06548148148148147,True,False
2658,19,1,0.06512962962962965,True,False
2659,21,1,0.06477777777777782,True,False
2660,40,1,0.064425925925926,True,False
2661,23,1,0.06407407407407417,True,False
2662,22,1,0.06372222222222235,True,False
2663,27,1,0.06337037037037041,True,False
2664,18,1,0.06301851851851847,True,False
2665,32,1,0.06266666666666665,True,False
2666,31,1,0.06231481481481482,True,False
2667,20,1,0.061962962962963,True,False
2668,19,1,0.06161111111111117,True,False
2669,27,1,0.06125925925925935,True,False
2670,24,1,0.06090740740740752,True,False
2671,70,1,0.060555555555555585,True,False
2672,48,1,0.06020370370370376,True,False
2673,25,1,0.059851851851851934,True,False
2674,18,1,0.0595,True,False
2675,31,1,0.05914814814814817,True,False
2676,22,1,0.058796296296296346,True,False
2677,25,1,0.05844444444444441,True,False
2678,11,0,0.058092592592592585,False,True
2679,24,1,0.05774074074074076,True,False
2680,128,1,0.057388888888888934,True,False
2681,26,1,0.05703703703703711,True,False
2682,21,1,0.05668518518518528,True,False
2683,28,1,0.05633333333333346,True,False
2684,59,1,0.05598148148148152,True,False
2685,21,1,0.055629629629629584,True,False
2686,30,1,0.05527777777777776,True,False
2687,18,1,0.054925925925925934,True,False
2688,39,1,0.05457407407407411,True,False
2689,18,1,0.05422222222222228,True,False
2690,21,1,0.05387037037037046,True,False
2691,20,1,0.05351851851851852,True,False
2692,22,1,0.053166666666666695,True,False
2693,31,1,0.05281481481481487,True,False
2694,52,1,0.052462962962963045,True,False
2695,21,1,0.05211111111111122,True,False
2696,63,1,0.05175925925925928,True,False
2697,24,0,0.05140740740740746,False,True
2698,21,1,0.05105555555555552,True,False
2699,21,1,0.050703703703703695,True,False
2700,31,1,0.05035185185185187,True,False
2701,30,1,0.050000000000000044,True,False
2702,24,1,0.050000000000000044,True,False
2703,110,1,0.050000000000000044,True,False
2704,30,1,0.050000000000000044,True,False
2705,24,1,0.050000000000000044,True,False
2706,31,1,0.050000000000000044,True,False
2707,19,1,0.050000000000000044,True,False
2708,18,1,0.050000000000000044,True,False
2709,18,1,0.050000000000000044,True,False
2710,21,1,0.050000000000000044,True,False
2711,163,1,0.050000000000000044,True,False
2712,20,1,0.050000000000000044,True,False
2713,30,1,0.050000000000000044,True,False
2714,36,1,0.050000000000000044,True,False
2715,26,1,0.050000000000000044,True,False
2716,18,1,0.050000000000000044,True,False
2717,88,0,0.050000000000000044,False,True
2718,18,1,0.050000000000000044,True,False
2719,18,1,0.050000000000000044,True,False
2720,18,1,0.050000000000000044,True,False
2721,20,1,0.050000000000000044,True,False
2722,35,1,0.050000000000000044,True,False
2723,62,1,0.050000000000000044,True,False
2724,20,1,0.050000000000000044,True,False
2725,22,1,0.050000000000000044,True,False
2726,18,1,0.050000000000000044,True,False
2727,91,1,0.050000000000000044,True,False
2728,22,1,0.050000000000000044,True,False
2729,26,1,0.050000000000000044,True,False
2730,32,1,0.050000000000000044,True,False
2731,18,1,0.050000000000000044,True,False
2732,29,1,0.050000000000000044,True,False
2733,24,1,0.050000000000000044,True,False
2734,25,1,0.050000000000000044,True,False
2735,18,1,0.050000000000000044,True,False
2736,25,1,0.050000000000000044,True,False
2737,18,1,0.050000000000000044,True,False
2738,37,1,0.050000000000000044,True,False
2739,31,1,0.050000000000000044,True,False
2740,18,1,0.050000000000000044,True,False
2741,21,1,0.050000000000000044,True,False
2742,22,1,0.050000000000000044,True,False
2743,45,0,0.050000000000000044,False,True
2744,24,1,0.050000000000000044,True,False
2745,27,1,0.050000000000000044,True,False
2746,24,1,0.050000000000000044,True,False
2747,21,1,0.050000000000000044,True,False
2748,29,1,0.050000000000000044,True,False
2749,20,1,0.050000000000000044,True,False
2750,107,1,0.050000000000000044,True,False
2751,30,1,0.050000000000000044,True,False
2752,37,1,0.050000000000000044,True,False
2753,19,1,0.050000000000000044,True,False
2754,20,1,0.050000000000000044,True,False
2755,26,1,0.050000000000000044,True,False
2756,18,1,0.050000000000000044,True,False
2757,25,1,0.050000000000000044,True,False
2758,36,1,0.050000000000000044,True,False
2759,24,1,0.050000000000000044,True,False
2760,400,0,0.050000000000000044,False,False
2761,14,0,0.050000000000000044,False,True
2762,20,1,0.050000000000000044,True,False
2763,23,0,0.050000000000000044,False,True
2764,20,1,0.050000000000000044,True,False
2765,20,1,0.050000000000000044,True,False
2766,18,1,0.050000000000000044,True,False
2767,24,1,0.050000000000000044,True,False
2768,26,1,0.050000000000000044,True,False
2769,20,1,0.050000000000000044,True,False
2770,19,1,0.050000000000000044,True,False
2771,20,1,0.050000000000000044,True,False
2772,262,1,0.050000000000000044,True,False
2773,19,1,0.050000000000000044,True,False
2774,20,1,0.050000000000000044,True,False
2775,92,1,0.050000000000000044,True,False
2776,18,1,0.050000000000000044,True,False
2777,25,1,0.050000000000000044,True,False
2778,17,0,0.050000000000000044,False,True
2779,23,1,0.050000000000000044,True,False
2780,34,1,0.050000000000000044,True,False
2781,18,1,0.050000000000000044,True,False
2782,19,1,0.050000000000000044,True,False
2783,18,1,0.050000000000000044,True,False
2784,48,1,0.050000000000000044,True,False
2785,21,1,0.050000000000000044,True,False
2786,21,1,0.050000000000000044,True,False
2787,21,1,0.050000000000000044,True,False
2788,36,1,0.050000000000000044,True,False
2789,24,1,0.050000000000000044,True,False
2790,21,1,0.050000000000000044,True,False
2791,25,1,0.050000000000000044,True,False
2792,28,1,0.050000000000000044,True,False
2793,24,1,0.050000000000000044,True,False
2794,121,1,0.050000000000000044,True,False
2795,19,1,0.050000000000000044,True,False
2796,20,1,0.050000000000000044,True,False
2797,38,1,0.050000000000000044,True,False
2798,34,1,0.050000000000000044,True,False
2799,19,1,0.050000000000000044,True,False
2800,20,1,0.050000000000000044,True,False
2801,142,1,0.050000000000000044,True,False
2802,23,1,0.050000000000000044,True,False
2803,154,1,0.050000000000000044,True,False
2804,27,1,0.050000000000000044,True,False
2805,20,1,0.050000000000000044,True,False
2806,26,1,0.050000000000000044,True,False
2807,18,1,0.050000000000000044,True,False
2808,21,1,0.050000000000000044,True,False
2809,11,0,0.050000000000000044,False,True
2810,22,1,0.050000000000000044,True,False
2811,23,1,0.050000000000000044,True,False
2812,18,1,0.050000000000000044,True,False
2813,24,1,0.050000000000000044,True,False
2814,21,1,0.050000000000000044,True,False
2815,18,1,0.050000000000000044,True,False
2816,21,1,0.050000000000000044,True,False
2817,20,1,0.050000000000000044,True,False
2818,26,1,0.050000000000000044,True,False
2819,21,1,0.050000000000000044,True,False
2820,18,1,0.050000000000000044,True,False
2821,18,1,0.050000000000000044,True,False
2822,43,1,0.050000000000000044,True,False
2823,21,1,0.050000000000000044,True,False
2824,19,1,0.050000000000000044,True,False
2825,26,0,0.050000000000000044,False,True
2826,52,1,0.050000000000000044,True,False
2827,43,1,0.050000000000000044,True,False
2828,43,1,0.050000000000000044,True,False
2829,20,1,0.050000000000000044,True,False
2830,23,1,0.050000000000000044,True,False
2831,20,1,0.050000000000000044,True,False
2832,20,1,0.050000000000000044,True,False
2833,14,0,0.050000000000000044,False,True
2834,20,1,0.050000000000000044,True,False
2835,27,1,0.050000000000000044,True,False
2836,20,1,0.050000000000000044,True,False
2837,19,1,0.050000000000000044,True,False
2838,57,1,0.050000000000000044,True,False
2839,18,1,0.050000000000000044,True,False
2840,29,1,0.050000000000000044,True,False
2841,23,1,0.050000000000000044,True,False
2842,20,1,0.050000000000000044,True,False
2843,25,1,0.050000000000000044,True,False
2844,20,1,0.050000000000000044,True,False
2845,35,1,0.050000000000000044,True,False
2846,94,1,0.050000000000000044,True,False
2847,164,0,0.050000000000000044,False,True
2848,28,1,0.050000000000000044,True,False
2849,26,1,0.050000000000000044,True,False
2850,22,1,0.050000000000000044,True,False
2851,30,1,0.050000000000000044,True,False
2852,23,1,0.050000000000000044,True,False
2853,18,1,0.050000000000000044,True,False
2854,22,1,0.050000000000000044,True,False
2855,18,1,0.050000000000000044,True,False
2856,18,1,0.050000000000000044,True,False
2857,18,1,0.050000000000000044,True,False
2858,71,1,0.050000000000000044,True,False
2859,61,1,0.050000000000000044,True,False
2860,18,1,0.050000000000000044,True,False
2861,19,1,0.050000000000000044,True,False
2862,43,1,0.050000000000000044,True,False
2863,11,0,0.050000000000000044,False,True
2864,38,1,0.050000000000000044,True,False
2865,18,1,0.050000000000000044,True,False
2866,19,1,0.050000000000000044,True,False
2867,35,1,0.050000000000000044,True,False
2868,29,1,0.050000000000000044,True,False
2869,29,1,0.050000000000000044,True,False
2870,18,1,0.050000000000000044,True,False
2871,29,1,0.050000000000000044,True,False
2872,44,0,0.050000000000000044,False,True
2873,20,1,0.050000000000000044,True,False
2874,23,1,0.050000000000000044,True,False
2875,23,1,0.050000000000000044,True,False
2876,19,1,0.050000000000000044,True,False
2877,27,1,0.050000000000000044,True,False
2878,20,1,0.050000000000000044,True,False
2879,23,1,0.050000000000000044,True,False
2880,20,1,0.050000000000000044,True,False
2881,22,1,0.050000000000000044,True,False
2882,103,1,0.050000000000000044,True,False
2883,18,1,0.050000000000000044,True,False
2884,65,1,0.050000000000000044,True,False
2885,18,1,0.050000000000000044,True,False
2886,21,1,0.050000000000000044,True,False
2887,24,1,0.050000000000000044,True,False
2888,24,1,0.050000000000000044,True,False
2889,41,1,0.050000000000000044,True,False
2890,102,1,0.050000000000000044,True,False
2891,16,0,0.050000000000000044,False,True
2892,12,0,0.050000000000000044,False,True
2893,29,1,0.050000000000000044,True,False
2894,24,1,0.050000000000000044,True,False
2895,23,1,0.050000000000000044,True,False
2896,43,1,0.050000000000000044,True,False
2897,30,1,0.050000000000000044,True,False
2898,18,1,0.050000000000000044,True,False
2899,22,1,0.050000000000000044,True,False
2900,156,0,0.050000000000000044,False,True
2901,20,1,0.050000000000000044,True,False
2902,25,1,0.050000000000000044,True,False
2903,22,1,0.050000000000000044,True,False
2904,21,1,0.050000000000000044,True,False
2905,21,1,0.050000000000000044,True,False
2906,20,1,0.050000000000000044,True,False
2907,24,1,0.050000000000000044,True,False
2908,36,1,0.050000000000000044,True,False
2909,28,1,0.050000000000000044,True,False
2910,25,1,0.050000000000000044,True,False
2911,38,1,0.050000000000000044,True,False
2912,20,1,0.050000000000000044,True,False
2913,19,1,0.050000000000000044,True,False
2914,20,1,0.050000000000000044,True,False
2915,27,1,0.050000000000000044,True,False
2916,24,1,0.050000000000000044,True,False
2917,28,1,0.050000000000000044,True,False
2918,28,1,0.050000000000000044,True,False
2919,20,1,0.050000000000000044,True,False
2920,18,1,0.050000000000000044,True,False
2921,18,1,0.050000000000000044,True,False
2922,24,1,0.050000000000000044,True,False
2923,19,1,0.050000000000000044,True,False
2924,24,1,0.050000000000000044,True,False
2925,23,1,0.050000000000000044,True,False
2926,38,1,0.050000000000000044,True,False
2927,32,1,0.050000000000000044,True,False
2928,25,1,0.050000000000000044,True,False
2929,76,1,0.050000000000000044,True,False
2930,43,1,0.050000000000000044,True,False
2931,18,1,0.050000000000000044,True,False
2932,30,1,0.050000000000000044,True,False
2933,18,1,0.050000000000000044,True,False
2934,20,1,0.050000000000000044,True,False
2935,23,1,0.050000000000000044,True,False
2936,23,1,0.050000000000000044,True,False
2937,28,1,0.050000000000000044,True,False
2938,18,1,0.050000000000000044,True,False
2939,22,1,0.050000000000000044,True,False
2940,18,1,0.050000000000000044,True,False
2941,18,1,0.050000000000000044,True,False
2942,18,1,0.050000000000000044,True,False
2943,25,1,0.050000000000000044,True,False
2944,20,1,0.050000000000000044,True,False
2945,25,1,0.050000000000000044,True,False
2946,24,1,0.050000000000000044,True,False
2947,23,1,0.050000000000000044,True,False
2948,18,1,0.050000000000000044,True,False
2949,22,1,0.050000000000000044,True,False
2950,25,1,0.050000000000000044,True,False
2951,22,1,0.050000000000000044,True,False
2952,23,1,0.050000000000000044,True,False
2953,11,0,0.050000000000000044,False,True
2954,19,1,0.050000000000000044,True,False
2955,46,1,0.050000000000000044,True,False
2956,27,1,0.050000000000000044,True,False
2957,29,1,0.050000000000000044,True,False
2958,23,1,0.050000000000000044,True,False
2959,20,1,0.050000000000000044,True,False
2960,20,1,0.050000000000000044,True,False
2961,27,1,0.050000000000000044,True,False
2962,23,1,0.050000000000000044,True,False
2963,22,1,0.050000000000000044,True,False
2964,41,1,0.050000000000000044,True,False
2965,38,1,0.050000000000000044,True,False
2966,19,1,0.050000000000000044,True,False
2967,28,1,0.050000000000000044,True,False
2968,18,1,0.050000000000000044,True,False
2969,19,1,0.050000000000000044,True,False
2970,23,1,0.050000000000000044,True,False
2971,51,1,0.050000000000000044,True,False
2972,256,1,0.050000000000000044,True,False
2973,24,1,0.050000000000000044,True,False
2974,20,1,0.050000000000000044,True,False
2975,20,1,0.050000000000000044,True,False
2976,18,1,0.050000000000000044,True,False
2977,18,0,0.050000000000000044,False,True
2978,19,1,0.050000000000000044,True,False
2979,45,1,0.050000000000000044,True,False
2980,22,1,0.050000000000000044,True,False
2981,27,1,0.050000000000000044,True,False
2982,20,1,0.050000000000000044,True,False
2983,24,1,0.050000000000000044,True,False
2984,18,1,0.050000000000000044,True,False
2985,18,1,0.050000000000000044,True,False
2986,22,1,0.050000000000000044,True,False
2987,22,1,0.050000000000000044,True,False
2988,23,1,0.050000000000000044,True,False
2989,35,1,0.050000000000000044,True,False
2990,34,1,0.050000000000000044,True,False
2991,30,1,0.050000000000000044,True,False
2992,24,1,0.050000000000000044,True,False
2993,105,0,0.050000000000000044,False,True
2994,25,1,0.050000000000000044,True,False
2995,151,1,0.050000000000000044,True,False
2996,26,1,0.050000000000000044,True,False
2997,73,1,0.050000000000000044,True,False
2998,21,1,0.050000000000000044,True,False
2999,13,0,0.050000000000000044,False,True
3000,18,1,0.050000000000000044,True,False
