episode,steps,totalEnvironmentReward,totalIntrinsicReward,totalLearningReward,epsilon,completed,died
1,400,-3.9999999999999587,0,-3.9999999999999587,1.0,False,False
2,400,-3.9999999999999587,0,-3.9999999999999587,0.9996481481481482,False,False
3,400,-3.9999999999999587,0,-3.9999999999999587,0.9992962962962963,False,False
4,400,-3.9999999999999587,0,-3.9999999999999587,0.9989444444444444,False,False
5,400,-3.9999999999999587,0,-3.9999999999999587,0.9985925925925926,False,False
6,400,-3.9999999999999587,0,-3.9999999999999587,0.9982407407407408,False,False
7,400,-3.9999999999999587,0,-3.9999999999999587,0.9978888888888889,False,False
8,400,-3.9999999999999587,0,-3.9999999999999587,0.997537037037037,False,False
9,400,-3.9999999999999587,0,-3.9999999999999587,0.9971851851851852,False,False
10,400,-3.9999999999999587,0,-3.9999999999999587,0.9968333333333333,False,False
11,400,-3.9999999999999587,0,-3.9999999999999587,0.9964814814814815,False,False
12,400,-3.9999999999999587,0,-3.9999999999999587,0.9961296296296296,False,False
13,400,-3.9999999999999587,0,-3.9999999999999587,0.9957777777777778,False,False
14,400,-3.9999999999999587,0,-3.9999999999999587,0.9954259259259259,False,False
15,400,-3.9999999999999587,0,-3.9999999999999587,0.9950740740740741,False,False
16,400,-3.9999999999999587,0,-3.9999999999999587,0.9947222222222222,False,False
17,400,-3.9999999999999587,0,-3.9999999999999587,0.9943703703703703,False,False
18,400,-3.9999999999999587,0,-3.9999999999999587,0.9940185185185185,False,False
19,400,-3.9999999999999587,0,-3.9999999999999587,0.9936666666666667,False,False
20,400,-3.9999999999999587,0,-3.9999999999999587,0.9933148148148148,False,False
21,400,-3.9999999999999587,0,-3.9999999999999587,0.9929629629629629,False,False
22,400,-3.9999999999999587,0,-3.9999999999999587,0.9926111111111111,False,False
23,400,-3.9999999999999587,0,-3.9999999999999587,0.9922592592592593,False,False
24,400,-3.9999999999999587,0,-3.9999999999999587,0.9919074074074075,False,False
25,400,-3.9999999999999587,0,-3.9999999999999587,0.9915555555555555,False,False
26,400,-3.9999999999999587,0,-3.9999999999999587,0.9912037037037037,False,False
27,400,-3.9999999999999587,0,-3.9999999999999587,0.9908518518518519,False,False
28,400,-3.9999999999999587,0,-3.9999999999999587,0.9905,False,False
29,400,-3.9999999999999587,0,-3.9999999999999587,0.9901481481481481,False,False
30,400,-3.9999999999999587,0,-3.9999999999999587,0.9897962962962963,False,False
31,400,-3.9999999999999587,0,-3.9999999999999587,0.9894444444444445,False,False
32,400,-3.9999999999999587,0,-3.9999999999999587,0.9890925925925926,False,False
33,400,-3.9999999999999587,0,-3.9999999999999587,0.9887407407407407,False,False
34,400,-3.9999999999999587,0,-3.9999999999999587,0.9883888888888889,False,False
35,400,-3.9999999999999587,0,-3.9999999999999587,0.988037037037037,False,False
36,400,-3.9999999999999587,0,-3.9999999999999587,0.9876851851851852,False,False
37,400,-3.9999999999999587,0,-3.9999999999999587,0.9873333333333333,False,False
38,400,-3.9999999999999587,0,-3.9999999999999587,0.9869814814814815,False,False
39,400,-3.9999999999999587,0,-3.9999999999999587,0.9866296296296296,False,False
40,400,-3.9999999999999587,0,-3.9999999999999587,0.9862777777777778,False,False
41,400,-3.9999999999999587,0,-3.9999999999999587,0.9859259259259259,False,False
42,400,-3.9999999999999587,0,-3.9999999999999587,0.985574074074074,False,False
43,400,-3.9999999999999587,0,-3.9999999999999587,0.9852222222222222,False,False
44,400,-3.9999999999999587,0,-3.9999999999999587,0.9848703703703704,False,False
45,400,-3.9999999999999587,0,-3.9999999999999587,0.9845185185185186,False,False
46,400,-3.9999999999999587,0,-3.9999999999999587,0.9841666666666666,False,False
47,400,-3.9999999999999587,0,-3.9999999999999587,0.9838148148148148,False,False
48,400,-3.9999999999999587,0,-3.9999999999999587,0.983462962962963,False,False
49,400,-3.9999999999999587,0,-3.9999999999999587,0.9831111111111112,False,False
50,400,-3.9999999999999587,0,-3.9999999999999587,0.9827592592592592,False,False
51,400,-3.9999999999999587,0,-3.9999999999999587,0.9824074074074074,False,False
52,400,-3.9999999999999587,0,-3.9999999999999587,0.9820555555555556,False,False
53,400,-3.9999999999999587,0,-3.9999999999999587,0.9817037037037037,False,False
54,400,-3.9999999999999587,0,-3.9999999999999587,0.9813518518518518,False,False
55,400,-3.9999999999999587,0,-3.9999999999999587,0.981,False,False
56,400,-3.9999999999999587,0,-3.9999999999999587,0.9806481481481482,False,False
57,400,-3.9999999999999587,0,-3.9999999999999587,0.9802962962962963,False,False
58,400,-3.9999999999999587,0,-3.9999999999999587,0.9799444444444444,False,False
59,400,-3.9999999999999587,0,-3.9999999999999587,0.9795925925925926,False,False
60,400,-3.9999999999999587,0,-3.9999999999999587,0.9792407407407407,False,False
61,400,-3.9999999999999587,0,-3.9999999999999587,0.9788888888888889,False,False
62,400,-3.9999999999999587,0,-3.9999999999999587,0.978537037037037,False,False
63,400,-3.9999999999999587,0,-3.9999999999999587,0.9781851851851852,False,False
64,400,-3.9999999999999587,0,-3.9999999999999587,0.9778333333333333,False,False
65,400,-3.9999999999999587,0,-3.9999999999999587,0.9774814814814815,False,False
66,400,-3.9999999999999587,0,-3.9999999999999587,0.9771296296296297,False,False
67,400,-3.9999999999999587,0,-3.9999999999999587,0.9767777777777777,False,False
68,400,-3.9999999999999587,0,-3.9999999999999587,0.9764259259259259,False,False
69,400,-3.9999999999999587,0,-3.9999999999999587,0.9760740740740741,False,False
70,400,-3.9999999999999587,0,-3.9999999999999587,0.9757222222222223,False,False
71,400,-3.9999999999999587,0,-3.9999999999999587,0.9753703703703703,False,False
72,400,-3.9999999999999587,0,-3.9999999999999587,0.9750185185185185,False,False
73,400,-3.9999999999999587,0,-3.9999999999999587,0.9746666666666667,False,False
74,400,-3.9999999999999587,0,-3.9999999999999587,0.9743148148148149,False,False
75,400,-3.9999999999999587,0,-3.9999999999999587,0.9739629629629629,False,False
76,400,-3.9999999999999587,0,-3.9999999999999587,0.9736111111111111,False,False
77,400,-3.9999999999999587,0,-3.9999999999999587,0.9732592592592593,False,False
78,294,18.060000000000016,0,18.060000000000016,0.9729074074074074,True,False
79,400,-3.9999999999999587,0,-3.9999999999999587,0.9725555555555555,False,False
80,400,-3.9999999999999587,0,-3.9999999999999587,0.9722037037037037,False,False
81,400,-3.9999999999999587,0,-3.9999999999999587,0.9718518518518519,False,False
82,400,-3.9999999999999587,0,-3.9999999999999587,0.9715,False,False
83,400,-3.9999999999999587,0,-3.9999999999999587,0.9711481481481481,False,False
84,400,-3.9999999999999587,0,-3.9999999999999587,0.9707962962962963,False,False
85,400,-3.9999999999999587,0,-3.9999999999999587,0.9704444444444444,False,False
86,400,-3.9999999999999587,0,-3.9999999999999587,0.9700925925925926,False,False
87,400,-3.9999999999999587,0,-3.9999999999999587,0.9697407407407408,False,False
88,400,-3.9999999999999587,0,-3.9999999999999587,0.9693888888888889,False,False
89,400,-3.9999999999999587,0,-3.9999999999999587,0.969037037037037,False,False
90,400,-3.9999999999999587,0,-3.9999999999999587,0.9686851851851852,False,False
91,400,-3.9999999999999587,0,-3.9999999999999587,0.9683333333333334,False,False
92,400,-3.9999999999999587,0,-3.9999999999999587,0.9679814814814814,False,False
93,400,-3.9999999999999587,0,-3.9999999999999587,0.9676296296296296,False,False
94,400,-3.9999999999999587,0,-3.9999999999999587,0.9672777777777778,False,False
95,400,-3.9999999999999587,0,-3.9999999999999587,0.966925925925926,False,False
96,400,-3.9999999999999587,0,-3.9999999999999587,0.966574074074074,False,False
97,400,-3.9999999999999587,0,-3.9999999999999587,0.9662222222222222,False,False
98,400,-3.9999999999999587,0,-3.9999999999999587,0.9658703703703704,False,False
99,400,-3.9999999999999587,0,-3.9999999999999587,0.9655185185185186,False,False
100,400,-3.9999999999999587,0,-3.9999999999999587,0.9651666666666666,False,False
101,400,-3.9999999999999587,0,-3.9999999999999587,0.9648148148148148,False,False
102,400,-3.9999999999999587,0,-3.9999999999999587,0.964462962962963,False,False
103,400,-3.9999999999999587,0,-3.9999999999999587,0.9641111111111111,False,False
104,400,-3.9999999999999587,0,-3.9999999999999587,0.9637592592592592,False,False
105,400,-3.9999999999999587,0,-3.9999999999999587,0.9634074074074074,False,False
106,400,-3.9999999999999587,0,-3.9999999999999587,0.9630555555555556,False,False
107,400,-3.9999999999999587,0,-3.9999999999999587,0.9627037037037037,False,False
108,400,-3.9999999999999587,0,-3.9999999999999587,0.9623518518518519,False,False
109,400,-3.9999999999999587,0,-3.9999999999999587,0.962,False,False
110,400,-3.9999999999999587,0,-3.9999999999999587,0.9616481481481481,False,False
111,400,-3.9999999999999587,0,-3.9999999999999587,0.9612962962962963,False,False
112,400,-3.9999999999999587,0,-3.9999999999999587,0.9609444444444445,False,False
113,400,-3.9999999999999587,0,-3.9999999999999587,0.9605925925925926,False,False
114,400,-3.9999999999999587,0,-3.9999999999999587,0.9602407407407407,False,False
115,400,-3.9999999999999587,0,-3.9999999999999587,0.9598888888888889,False,False
116,400,-3.9999999999999587,0,-3.9999999999999587,0.9595370370370371,False,False
117,400,-3.9999999999999587,0,-3.9999999999999587,0.9591851851851851,False,False
118,400,-3.9999999999999587,0,-3.9999999999999587,0.9588333333333333,False,False
119,400,-3.9999999999999587,0,-3.9999999999999587,0.9584814814814815,False,False
120,400,-3.9999999999999587,0,-3.9999999999999587,0.9581296296296297,False,False
121,400,-3.9999999999999587,0,-3.9999999999999587,0.9577777777777777,False,False
122,400,-3.9999999999999587,0,-3.9999999999999587,0.9574259259259259,False,False
123,400,-3.9999999999999587,0,-3.9999999999999587,0.9570740740740741,False,False
124,400,-3.9999999999999587,0,-3.9999999999999587,0.9567222222222223,False,False
125,380,17.200000000000035,0,17.200000000000035,0.9563703703703703,True,False
126,400,-3.9999999999999587,0,-3.9999999999999587,0.9560185185185185,False,False
127,400,-3.9999999999999587,0,-3.9999999999999587,0.9556666666666667,False,False
128,400,-3.9999999999999587,0,-3.9999999999999587,0.9553148148148148,False,False
129,400,-3.9999999999999587,0,-3.9999999999999587,0.954962962962963,False,False
130,400,-3.9999999999999587,0,-3.9999999999999587,0.9546111111111111,False,False
131,400,-3.9999999999999587,0,-3.9999999999999587,0.9542592592592593,False,False
132,400,-3.9999999999999587,0,-3.9999999999999587,0.9539074074074074,False,False
133,400,-3.9999999999999587,0,-3.9999999999999587,0.9535555555555556,False,False
134,400,-3.9999999999999587,0,-3.9999999999999587,0.9532037037037037,False,False
135,400,-3.9999999999999587,0,-3.9999999999999587,0.9528518518518518,False,False
136,400,-3.9999999999999587,0,-3.9999999999999587,0.9525,False,False
137,400,-3.9999999999999587,0,-3.9999999999999587,0.9521481481481482,False,False
138,400,-3.9999999999999587,0,-3.9999999999999587,0.9517962962962963,False,False
139,400,-3.9999999999999587,0,-3.9999999999999587,0.9514444444444444,False,False
140,400,-3.9999999999999587,0,-3.9999999999999587,0.9510925925925926,False,False
141,400,-3.9999999999999587,0,-3.9999999999999587,0.9507407407407408,False,False
142,400,-3.9999999999999587,0,-3.9999999999999587,0.9503888888888888,False,False
143,400,-3.9999999999999587,0,-3.9999999999999587,0.950037037037037,False,False
144,400,-3.9999999999999587,0,-3.9999999999999587,0.9496851851851852,False,False
145,400,-3.9999999999999587,0,-3.9999999999999587,0.9493333333333334,False,False
146,400,-3.9999999999999587,0,-3.9999999999999587,0.9489814814814814,False,False
147,400,-3.9999999999999587,0,-3.9999999999999587,0.9486296296296296,False,False
148,400,-3.9999999999999587,0,-3.9999999999999587,0.9482777777777778,False,False
149,400,-3.9999999999999587,0,-3.9999999999999587,0.947925925925926,False,False
150,400,-3.9999999999999587,0,-3.9999999999999587,0.9475740740740741,False,False
151,400,-3.9999999999999587,0,-3.9999999999999587,0.9472222222222222,False,False
152,400,-3.9999999999999587,0,-3.9999999999999587,0.9468703703703704,False,False
153,400,-3.9999999999999587,0,-3.9999999999999587,0.9465185185185185,False,False
154,400,-3.9999999999999587,0,-3.9999999999999587,0.9461666666666667,False,False
155,400,-3.9999999999999587,0,-3.9999999999999587,0.9458148148148148,False,False
156,400,-3.9999999999999587,0,-3.9999999999999587,0.945462962962963,False,False
157,400,-3.9999999999999587,0,-3.9999999999999587,0.9451111111111111,False,False
158,400,-3.9999999999999587,0,-3.9999999999999587,0.9447592592592593,False,False
159,400,-3.9999999999999587,0,-3.9999999999999587,0.9444074074074074,False,False
160,344,17.560000000000027,0,17.560000000000027,0.9440555555555555,True,False
161,400,-3.9999999999999587,0,-3.9999999999999587,0.9437037037037037,False,False
162,400,-3.9999999999999587,0,-3.9999999999999587,0.9433518518518519,False,False
163,400,-3.9999999999999587,0,-3.9999999999999587,0.9430000000000001,False,False
164,400,-3.9999999999999587,0,-3.9999999999999587,0.9426481481481481,False,False
165,400,-3.9999999999999587,0,-3.9999999999999587,0.9422962962962963,False,False
166,400,-3.9999999999999587,0,-3.9999999999999587,0.9419444444444445,False,False
167,400,-3.9999999999999587,0,-3.9999999999999587,0.9415925925925925,False,False
168,400,-3.9999999999999587,0,-3.9999999999999587,0.9412407407407407,False,False
169,400,-3.9999999999999587,0,-3.9999999999999587,0.9408888888888889,False,False
170,400,-3.9999999999999587,0,-3.9999999999999587,0.9405370370370371,False,False
171,374,17.260000000000034,0,17.260000000000034,0.9401851851851852,True,False
172,400,-3.9999999999999587,0,-3.9999999999999587,0.9398333333333333,False,False
173,380,17.200000000000035,0,17.200000000000035,0.9394814814814815,True,False
174,400,-3.9999999999999587,0,-3.9999999999999587,0.9391296296296296,False,False
175,400,-3.9999999999999587,0,-3.9999999999999587,0.9387777777777778,False,False
176,400,17.00000000000004,0,17.00000000000004,0.9384259259259259,True,False
177,400,-3.9999999999999587,0,-3.9999999999999587,0.9380740740740741,False,False
178,400,-3.9999999999999587,0,-3.9999999999999587,0.9377222222222222,False,False
179,400,-3.9999999999999587,0,-3.9999999999999587,0.9373703703703704,False,False
180,400,-3.9999999999999587,0,-3.9999999999999587,0.9370185185185185,False,False
181,400,-3.9999999999999587,0,-3.9999999999999587,0.9366666666666666,False,False
182,400,-3.9999999999999587,0,-3.9999999999999587,0.9363148148148148,False,False
183,400,-3.9999999999999587,0,-3.9999999999999587,0.935962962962963,False,False
184,400,-3.9999999999999587,0,-3.9999999999999587,0.9356111111111111,False,False
185,400,-3.9999999999999587,0,-3.9999999999999587,0.9352592592592592,False,False
186,400,-3.9999999999999587,0,-3.9999999999999587,0.9349074074074074,False,False
187,400,-3.9999999999999587,0,-3.9999999999999587,0.9345555555555556,False,False
188,400,-3.9999999999999587,0,-3.9999999999999587,0.9342037037037036,False,False
189,400,-3.9999999999999587,0,-3.9999999999999587,0.9338518518518518,False,False
190,400,-3.9999999999999587,0,-3.9999999999999587,0.9335,False,False
191,400,-3.9999999999999587,0,-3.9999999999999587,0.9331481481481482,False,False
192,400,-3.9999999999999587,0,-3.9999999999999587,0.9327962962962963,False,False
193,400,-3.9999999999999587,0,-3.9999999999999587,0.9324444444444444,False,False
194,400,-3.9999999999999587,0,-3.9999999999999587,0.9320925925925926,False,False
195,400,-3.9999999999999587,0,-3.9999999999999587,0.9317407407407408,False,False
196,400,-3.9999999999999587,0,-3.9999999999999587,0.9313888888888889,False,False
197,400,-3.9999999999999587,0,-3.9999999999999587,0.931037037037037,False,False
198,400,-3.9999999999999587,0,-3.9999999999999587,0.9306851851851852,False,False
199,339,17.610000000000028,0,17.610000000000028,0.9303333333333333,True,False
200,400,-3.9999999999999587,0,-3.9999999999999587,0.9299814814814815,False,False
201,288,18.120000000000015,0,18.120000000000015,0.9296296296296296,True,False
202,400,-3.9999999999999587,0,-3.9999999999999587,0.9292777777777778,False,False
203,385,17.150000000000038,0,17.150000000000038,0.9289259259259259,True,False
204,400,-3.9999999999999587,0,-3.9999999999999587,0.9285740740740741,False,False
205,400,-3.9999999999999587,0,-3.9999999999999587,0.9282222222222223,False,False
206,400,-3.9999999999999587,0,-3.9999999999999587,0.9278703703703703,False,False
207,400,-3.9999999999999587,0,-3.9999999999999587,0.9275185185185185,False,False
208,400,-3.9999999999999587,0,-3.9999999999999587,0.9271666666666667,False,False
209,375,17.250000000000036,0,17.250000000000036,0.9268148148148148,True,False
210,400,-3.9999999999999587,0,-3.9999999999999587,0.9264629629629629,False,False
211,400,-3.9999999999999587,0,-3.9999999999999587,0.9261111111111111,False,False
212,400,-3.9999999999999587,0,-3.9999999999999587,0.9257592592592593,False,False
213,364,17.36000000000003,0,17.36000000000003,0.9254074074074075,True,False
214,371,17.290000000000035,0,17.290000000000035,0.9250555555555555,True,False
215,400,-3.9999999999999587,0,-3.9999999999999587,0.9247037037037037,False,False
216,400,-3.9999999999999587,0,-3.9999999999999587,0.9243518518518519,False,False
217,400,-3.9999999999999587,0,-3.9999999999999587,0.924,False,False
218,371,17.290000000000035,0,17.290000000000035,0.9236481481481481,True,False
219,400,-3.9999999999999587,0,-3.9999999999999587,0.9232962962962963,False,False
220,400,-3.9999999999999587,0,-3.9999999999999587,0.9229444444444445,False,False
221,400,-3.9999999999999587,0,-3.9999999999999587,0.9225925925925926,False,False
222,315,17.850000000000023,0,17.850000000000023,0.9222407407407407,True,False
223,400,-3.9999999999999587,0,-3.9999999999999587,0.9218888888888889,False,False
224,400,-3.9999999999999587,0,-3.9999999999999587,0.921537037037037,False,False
225,400,-3.9999999999999587,0,-3.9999999999999587,0.9211851851851852,False,False
226,359,17.410000000000032,0,17.410000000000032,0.9208333333333334,True,False
227,400,-3.9999999999999587,0,-3.9999999999999587,0.9204814814814815,False,False
228,365,17.350000000000033,0,17.350000000000033,0.9201296296296296,True,False
229,358,17.42000000000003,0,17.42000000000003,0.9197777777777778,True,False
230,220,18.8,0,18.8,0.9194259259259259,True,False
231,400,-3.9999999999999587,0,-3.9999999999999587,0.919074074074074,False,False
232,400,-3.9999999999999587,0,-3.9999999999999587,0.9187222222222222,False,False
233,387,17.130000000000038,0,17.130000000000038,0.9183703703703704,True,False
234,400,-3.9999999999999587,0,-3.9999999999999587,0.9180185185185186,False,False
235,400,-3.9999999999999587,0,-3.9999999999999587,0.9176666666666666,False,False
236,307,17.93000000000002,0,17.93000000000002,0.9173148148148148,True,False
237,341,17.59000000000003,0,17.59000000000003,0.916962962962963,True,False
238,400,-3.9999999999999587,0,-3.9999999999999587,0.9166111111111112,False,False
239,321,17.790000000000024,0,17.790000000000024,0.9162592592592593,True,False
240,400,-3.9999999999999587,0,-3.9999999999999587,0.9159074074074074,False,False
241,400,-3.9999999999999587,0,-3.9999999999999587,0.9155555555555556,False,False
242,400,-3.9999999999999587,0,-3.9999999999999587,0.9152037037037037,False,False
243,400,-3.9999999999999587,0,-3.9999999999999587,0.9148518518518518,False,False
244,400,-3.9999999999999587,0,-3.9999999999999587,0.9145,False,False
245,300,18.000000000000018,0,18.000000000000018,0.9141481481481482,True,False
246,400,-3.9999999999999587,0,-3.9999999999999587,0.9137962962962963,False,False
247,400,-3.9999999999999587,0,-3.9999999999999587,0.9134444444444445,False,False
248,400,-3.9999999999999587,0,-3.9999999999999587,0.9130925925925926,False,False
249,400,-3.9999999999999587,0,-3.9999999999999587,0.9127407407407407,False,False
250,385,17.150000000000038,0,17.150000000000038,0.9123888888888889,True,False
251,400,-3.9999999999999587,0,-3.9999999999999587,0.9120370370370371,False,False
252,315,17.850000000000023,0,17.850000000000023,0.9116851851851852,True,False
253,285,18.150000000000016,0,18.150000000000016,0.9113333333333333,True,False
254,400,-3.9999999999999587,0,-3.9999999999999587,0.9109814814814815,False,False
255,400,-3.9999999999999587,0,-3.9999999999999587,0.9106296296296297,False,False
256,400,-3.9999999999999587,0,-3.9999999999999587,0.9102777777777777,False,False
257,400,-3.9999999999999587,0,-3.9999999999999587,0.9099259259259259,False,False
258,400,-3.9999999999999587,0,-3.9999999999999587,0.9095740740740741,False,False
259,360,17.40000000000003,0,17.40000000000003,0.9092222222222223,True,False
260,292,18.080000000000016,0,18.080000000000016,0.9088703703703703,True,False
261,312,17.88000000000002,0,17.88000000000002,0.9085185185185185,True,False
262,400,-3.9999999999999587,0,-3.9999999999999587,0.9081666666666667,False,False
263,400,-3.9999999999999587,0,-3.9999999999999587,0.9078148148148149,False,False
264,400,-3.9999999999999587,0,-3.9999999999999587,0.9074629629629629,False,False
265,400,-3.9999999999999587,0,-3.9999999999999587,0.9071111111111111,False,False
266,400,-3.9999999999999587,0,-3.9999999999999587,0.9067592592592593,False,False
267,400,-3.9999999999999587,0,-3.9999999999999587,0.9064074074074074,False,False
268,400,-3.9999999999999587,0,-3.9999999999999587,0.9060555555555556,False,False
269,400,-3.9999999999999587,0,-3.9999999999999587,0.9057037037037037,False,False
270,400,-3.9999999999999587,0,-3.9999999999999587,0.9053518518518519,False,False
271,400,-3.9999999999999587,0,-3.9999999999999587,0.905,False,False
272,400,-3.9999999999999587,0,-3.9999999999999587,0.9046481481481481,False,False
273,400,-3.9999999999999587,0,-3.9999999999999587,0.9042962962962963,False,False
274,400,-3.9999999999999587,0,-3.9999999999999587,0.9039444444444444,False,False
275,400,-3.9999999999999587,0,-3.9999999999999587,0.9035925925925926,False,False
276,400,-3.9999999999999587,0,-3.9999999999999587,0.9032407407407408,False,False
277,400,-3.9999999999999587,0,-3.9999999999999587,0.9028888888888889,False,False
278,377,17.230000000000036,0,17.230000000000036,0.902537037037037,True,False
279,400,-3.9999999999999587,0,-3.9999999999999587,0.9021851851851852,False,False
280,393,17.07000000000004,0,17.07000000000004,0.9018333333333334,True,False
281,227,18.730000000000004,0,18.730000000000004,0.9014814814814816,True,False
282,354,17.46000000000003,0,17.46000000000003,0.9011296296296296,True,False
283,400,-3.9999999999999587,0,-3.9999999999999587,0.9007777777777778,False,False
284,400,-3.9999999999999587,0,-3.9999999999999587,0.900425925925926,False,False
285,385,17.150000000000038,0,17.150000000000038,0.900074074074074,True,False
286,215,18.85,0,18.85,0.8997222222222222,True,False
287,234,18.660000000000004,0,18.660000000000004,0.8993703703703704,True,False
288,400,-3.9999999999999587,0,-3.9999999999999587,0.8990185185185186,False,False
289,396,17.04000000000004,0,17.04000000000004,0.8986666666666667,True,False
290,400,-3.9999999999999587,0,-3.9999999999999587,0.8983148148148148,False,False
291,400,-3.9999999999999587,0,-3.9999999999999587,0.897962962962963,False,False
292,400,-3.9999999999999587,0,-3.9999999999999587,0.8976111111111111,False,False
293,316,17.84000000000002,0,17.84000000000002,0.8972592592592593,True,False
294,285,18.150000000000016,0,18.150000000000016,0.8969074074074074,True,False
295,387,17.130000000000038,0,17.130000000000038,0.8965555555555556,True,False
296,400,-3.9999999999999587,0,-3.9999999999999587,0.8962037037037037,False,False
297,400,-3.9999999999999587,0,-3.9999999999999587,0.8958518518518519,False,False
298,353,17.47000000000003,0,17.47000000000003,0.8955,True,False
299,186,19.139999999999997,0,19.139999999999997,0.8951481481481481,True,False
300,338,17.620000000000026,0,17.620000000000026,0.8947962962962963,True,False
301,374,17.260000000000034,0,17.260000000000034,0.8944444444444445,True,False
302,400,-3.9999999999999587,0,-3.9999999999999587,0.8940925925925925,False,False
303,391,17.09000000000004,0,17.09000000000004,0.8937407407407407,True,False
304,400,-3.9999999999999587,0,-3.9999999999999587,0.8933888888888889,False,False
305,386,17.140000000000036,0,17.140000000000036,0.8930370370370371,True,False
306,400,-3.9999999999999587,0,-3.9999999999999587,0.8926851851851851,False,False
307,348,17.520000000000028,0,17.520000000000028,0.8923333333333333,True,False
308,224,18.76,0,18.76,0.8919814814814815,True,False
309,342,17.580000000000027,0,17.580000000000027,0.8916296296296297,True,False
310,400,-3.9999999999999587,0,-3.9999999999999587,0.8912777777777778,False,False
311,300,18.000000000000018,0,18.000000000000018,0.8909259259259259,True,False
312,400,-3.9999999999999587,0,-3.9999999999999587,0.8905740740740741,False,False
313,400,-3.9999999999999587,0,-3.9999999999999587,0.8902222222222222,False,False
314,373,17.270000000000035,0,17.270000000000035,0.8898703703703703,True,False
315,400,-3.9999999999999587,0,-3.9999999999999587,0.8895185185185185,False,False
316,400,-3.9999999999999587,0,-3.9999999999999587,0.8891666666666667,False,False
317,345,17.55000000000003,0,17.55000000000003,0.8888148148148148,True,False
318,400,-3.9999999999999587,0,-3.9999999999999587,0.888462962962963,False,False
319,400,-3.9999999999999587,0,-3.9999999999999587,0.8881111111111111,False,False
320,400,-3.9999999999999587,0,-3.9999999999999587,0.8877592592592592,False,False
321,400,-3.9999999999999587,0,-3.9999999999999587,0.8874074074074074,False,False
322,400,-3.9999999999999587,0,-3.9999999999999587,0.8870555555555556,False,False
323,396,17.04000000000004,0,17.04000000000004,0.8867037037037037,True,False
324,400,-3.9999999999999587,0,-3.9999999999999587,0.8863518518518518,False,False
325,287,18.130000000000017,0,18.130000000000017,0.886,True,False
326,386,17.140000000000036,0,17.140000000000036,0.8856481481481482,True,False
327,400,-3.9999999999999587,0,-3.9999999999999587,0.8852962962962962,False,False
328,255,18.45000000000001,0,18.45000000000001,0.8849444444444444,True,False
329,400,-3.9999999999999587,0,-3.9999999999999587,0.8845925925925926,False,False
330,400,-3.9999999999999587,0,-3.9999999999999587,0.8842407407407408,False,False
331,363,17.370000000000033,0,17.370000000000033,0.883888888888889,True,False
332,310,17.90000000000002,0,17.90000000000002,0.883537037037037,True,False
333,400,-3.9999999999999587,0,-3.9999999999999587,0.8831851851851852,False,False
334,315,17.850000000000023,0,17.850000000000023,0.8828333333333334,True,False
335,253,18.47000000000001,0,18.47000000000001,0.8824814814814815,True,False
336,222,18.78,0,18.78,0.8821296296296296,True,False
337,228,18.720000000000002,0,18.720000000000002,0.8817777777777778,True,False
338,241,18.590000000000007,0,18.590000000000007,0.881425925925926,True,False
339,385,17.150000000000038,0,17.150000000000038,0.8810740740740741,True,False
340,258,18.42000000000001,0,18.42000000000001,0.8807222222222222,True,False
341,288,18.120000000000015,0,18.120000000000015,0.8803703703703704,True,False
342,312,17.88000000000002,0,17.88000000000002,0.8800185185185185,True,False
343,218,18.82,0,18.82,0.8796666666666667,True,False
344,400,-3.9999999999999587,0,-3.9999999999999587,0.8793148148148149,False,False
345,368,17.320000000000032,0,17.320000000000032,0.878962962962963,True,False
346,400,-3.9999999999999587,0,-3.9999999999999587,0.8786111111111111,False,False
347,368,17.320000000000032,0,17.320000000000032,0.8782592592592593,True,False
348,400,-3.9999999999999587,0,-3.9999999999999587,0.8779074074074074,False,False
349,365,17.350000000000033,0,17.350000000000033,0.8775555555555555,True,False
350,231,18.690000000000005,0,18.690000000000005,0.8772037037037037,True,False
351,400,-3.9999999999999587,0,-3.9999999999999587,0.8768518518518519,False,False
352,400,-3.9999999999999587,0,-3.9999999999999587,0.8765000000000001,False,False
353,400,-3.9999999999999587,0,-3.9999999999999587,0.8761481481481481,False,False
354,400,-3.9999999999999587,0,-3.9999999999999587,0.8757962962962963,False,False
355,308,17.92000000000002,0,17.92000000000002,0.8754444444444445,True,False
356,395,17.05000000000004,0,17.05000000000004,0.8750925925925926,True,False
357,400,-3.9999999999999587,0,-3.9999999999999587,0.8747407407407407,False,False
358,400,-3.9999999999999587,0,-3.9999999999999587,0.8743888888888889,False,False
359,364,17.36000000000003,0,17.36000000000003,0.8740370370370371,True,False
360,400,-3.9999999999999587,0,-3.9999999999999587,0.8736851851851852,False,False
361,400,-3.9999999999999587,0,-3.9999999999999587,0.8733333333333333,False,False
362,312,17.88000000000002,0,17.88000000000002,0.8729814814814815,True,False
363,235,18.650000000000006,0,18.650000000000006,0.8726296296296296,True,False
364,390,17.100000000000037,0,17.100000000000037,0.8722777777777778,True,False
365,365,17.350000000000033,0,17.350000000000033,0.871925925925926,True,False
366,330,17.700000000000024,0,17.700000000000024,0.8715740740740741,True,False
367,297,18.03000000000002,0,18.03000000000002,0.8712222222222222,True,False
368,400,-3.9999999999999587,0,-3.9999999999999587,0.8708703703703704,False,False
369,400,-3.9999999999999587,0,-3.9999999999999587,0.8705185185185185,False,False
370,283,18.170000000000016,0,18.170000000000016,0.8701666666666666,True,False
371,271,18.290000000000013,0,18.290000000000013,0.8698148148148148,True,False
372,304,17.96000000000002,0,17.96000000000002,0.869462962962963,True,False
373,400,-3.9999999999999587,0,-3.9999999999999587,0.8691111111111112,False,False
374,383,17.170000000000037,0,17.170000000000037,0.8687592592592592,True,False
375,208,18.919999999999998,0,18.919999999999998,0.8684074074074074,True,False
376,218,18.82,0,18.82,0.8680555555555556,True,False
377,261,18.39000000000001,0,18.39000000000001,0.8677037037037038,True,False
378,292,18.080000000000016,0,18.080000000000016,0.8673518518518518,True,False
379,400,-3.9999999999999587,0,-3.9999999999999587,0.867,False,False
380,297,18.03000000000002,0,18.03000000000002,0.8666481481481482,True,False
381,328,17.720000000000024,0,17.720000000000024,0.8662962962962963,True,False
382,327,17.730000000000025,0,17.730000000000025,0.8659444444444444,True,False
383,349,17.51000000000003,0,17.51000000000003,0.8655925925925926,True,False
384,199,19.009999999999998,0,19.009999999999998,0.8652407407407408,True,False
385,352,17.48000000000003,0,17.48000000000003,0.8648888888888889,True,False
386,253,18.47000000000001,0,18.47000000000001,0.864537037037037,True,False
387,400,-3.9999999999999587,0,-3.9999999999999587,0.8641851851851852,False,False
388,358,17.42000000000003,0,17.42000000000003,0.8638333333333333,True,False
389,389,17.11000000000004,0,17.11000000000004,0.8634814814814815,True,False
390,270,18.30000000000001,0,18.30000000000001,0.8631296296296296,True,False
391,252,18.480000000000008,0,18.480000000000008,0.8627777777777779,True,False
392,359,17.410000000000032,0,17.410000000000032,0.8624259259259259,True,False
393,400,-3.9999999999999587,0,-3.9999999999999587,0.8620740740740741,False,False
394,246,18.540000000000006,0,18.540000000000006,0.8617222222222223,True,False
395,313,17.870000000000022,0,17.870000000000022,0.8613703703703703,True,False
396,299,18.01000000000002,0,18.01000000000002,0.8610185185185185,True,False
397,293,18.070000000000018,0,18.070000000000018,0.8606666666666667,True,False
398,400,-3.9999999999999587,0,-3.9999999999999587,0.8603148148148148,False,False
399,242,18.580000000000005,0,18.580000000000005,0.859962962962963,True,False
400,400,-3.9999999999999587,0,-3.9999999999999587,0.8596111111111111,False,False
401,278,18.220000000000013,0,18.220000000000013,0.8592592592592593,True,False
402,308,17.92000000000002,0,17.92000000000002,0.8589074074074075,True,False
403,264,18.36000000000001,0,18.36000000000001,0.8585555555555555,True,False
404,394,17.060000000000038,0,17.060000000000038,0.8582037037037037,True,False
405,215,18.85,0,18.85,0.8578518518518519,True,False
406,248,18.520000000000007,0,18.520000000000007,0.8575,True,False
407,250,18.500000000000007,0,18.500000000000007,0.8571481481481482,True,False
408,379,17.210000000000036,0,17.210000000000036,0.8567962962962963,True,False
409,342,17.580000000000027,0,17.580000000000027,0.8564444444444445,True,False
410,387,17.130000000000038,0,17.130000000000038,0.8560925925925926,True,False
411,262,18.38000000000001,0,18.38000000000001,0.8557407407407407,True,False
412,400,-3.9999999999999587,0,-3.9999999999999587,0.8553888888888889,False,False
413,238,18.620000000000005,0,18.620000000000005,0.855037037037037,True,False
414,248,18.520000000000007,0,18.520000000000007,0.8546851851851852,True,False
415,400,-3.9999999999999587,0,-3.9999999999999587,0.8543333333333334,False,False
416,382,17.180000000000035,0,17.180000000000035,0.8539814814814815,True,False
417,336,17.640000000000025,0,17.640000000000025,0.8536296296296296,True,False
418,325,17.750000000000025,0,17.750000000000025,0.8532777777777778,True,False
419,335,17.650000000000027,0,17.650000000000027,0.8529259259259259,True,False
420,377,17.230000000000036,0,17.230000000000036,0.8525740740740742,True,False
421,208,18.919999999999998,0,18.919999999999998,0.8522222222222222,True,False
422,279,18.210000000000015,0,18.210000000000015,0.8518703703703704,True,False
423,236,18.640000000000004,0,18.640000000000004,0.8515185185185186,True,False
424,213,18.87,0,18.87,0.8511666666666666,True,False
425,217,18.830000000000002,0,18.830000000000002,0.8508148148148148,True,False
426,298,18.020000000000017,0,18.020000000000017,0.850462962962963,True,False
427,293,18.070000000000018,0,18.070000000000018,0.8501111111111112,True,False
428,202,18.979999999999997,0,18.979999999999997,0.8497592592592593,True,False
429,358,17.42000000000003,0,17.42000000000003,0.8494074074074074,True,False
430,229,18.710000000000004,0,18.710000000000004,0.8490555555555556,True,False
431,327,17.730000000000025,0,17.730000000000025,0.8487037037037037,True,False
432,325,17.750000000000025,0,17.750000000000025,0.8483518518518518,True,False
433,376,17.240000000000034,0,17.240000000000034,0.848,True,False
434,386,17.140000000000036,0,17.140000000000036,0.8476481481481482,True,False
435,362,17.38000000000003,0,17.38000000000003,0.8472962962962963,True,False
436,400,-3.9999999999999587,0,-3.9999999999999587,0.8469444444444445,False,False
437,236,18.640000000000004,0,18.640000000000004,0.8465925925925926,True,False
438,332,17.680000000000025,0,17.680000000000025,0.8462407407407407,True,False
439,330,17.700000000000024,0,17.700000000000024,0.8458888888888889,True,False
440,197,19.029999999999998,0,19.029999999999998,0.845537037037037,True,False
441,198,19.019999999999996,0,19.019999999999996,0.8451851851851852,True,False
442,167,19.33,0,19.33,0.8448333333333333,True,False
443,333,17.670000000000027,0,17.670000000000027,0.8444814814814815,True,False
444,334,17.660000000000025,0,17.660000000000025,0.8441296296296297,True,False
445,213,18.87,0,18.87,0.8437777777777777,True,False
446,261,18.39000000000001,0,18.39000000000001,0.8434259259259259,True,False
447,369,17.310000000000034,0,17.310000000000034,0.8430740740740741,True,False
448,325,17.750000000000025,0,17.750000000000025,0.8427222222222222,True,False
449,346,17.540000000000028,0,17.540000000000028,0.8423703703703704,True,False
450,365,17.350000000000033,0,17.350000000000033,0.8420185185185185,True,False
451,336,17.640000000000025,0,17.640000000000025,0.8416666666666667,True,False
452,229,18.710000000000004,0,18.710000000000004,0.8413148148148148,True,False
453,291,18.090000000000018,0,18.090000000000018,0.840962962962963,True,False
454,333,17.670000000000027,0,17.670000000000027,0.8406111111111111,True,False
455,317,17.830000000000023,0,17.830000000000023,0.8402592592592593,True,False
456,265,18.350000000000012,0,18.350000000000012,0.8399074074074074,True,False
457,196,19.039999999999996,0,19.039999999999996,0.8395555555555556,True,False
458,400,-3.9999999999999587,0,-3.9999999999999587,0.8392037037037037,False,False
459,320,17.800000000000022,0,17.800000000000022,0.8388518518518518,True,False
460,361,17.390000000000033,0,17.390000000000033,0.8385,True,False
461,175,19.249999999999996,0,19.249999999999996,0.8381481481481482,True,False
462,163,19.369999999999997,0,19.369999999999997,0.8377962962962963,True,False
463,199,19.009999999999998,0,19.009999999999998,0.8374444444444444,True,False
464,256,18.44000000000001,0,18.44000000000001,0.8370925925925926,True,False
465,264,18.36000000000001,0,18.36000000000001,0.8367407407407408,True,False
466,175,19.249999999999996,0,19.249999999999996,0.8363888888888888,True,False
467,350,17.50000000000003,0,17.50000000000003,0.836037037037037,True,False
468,217,18.830000000000002,0,18.830000000000002,0.8356851851851852,True,False
469,395,17.05000000000004,0,17.05000000000004,0.8353333333333334,True,False
470,306,17.94000000000002,0,17.94000000000002,0.8349814814814815,True,False
471,297,18.03000000000002,0,18.03000000000002,0.8346296296296296,True,False
472,248,18.520000000000007,0,18.520000000000007,0.8342777777777778,True,False
473,268,18.32000000000001,0,18.32000000000001,0.833925925925926,True,False
474,231,18.690000000000005,0,18.690000000000005,0.833574074074074,True,False
475,274,18.260000000000012,0,18.260000000000012,0.8332222222222222,True,False
476,163,19.369999999999997,0,19.369999999999997,0.8328703703703704,True,False
477,272,18.280000000000012,0,18.280000000000012,0.8325185185185185,True,False
478,375,17.250000000000036,0,17.250000000000036,0.8321666666666667,True,False
479,300,18.000000000000018,0,18.000000000000018,0.8318148148148148,True,False
480,247,18.53000000000001,0,18.53000000000001,0.831462962962963,True,False
481,229,18.710000000000004,0,18.710000000000004,0.8311111111111111,True,False
482,271,18.290000000000013,0,18.290000000000013,0.8307592592592593,True,False
483,188,19.119999999999997,0,19.119999999999997,0.8304074074074074,True,False
484,219,18.810000000000002,0,18.810000000000002,0.8300555555555555,True,False
485,276,18.240000000000013,0,18.240000000000013,0.8297037037037037,True,False
486,356,17.44000000000003,0,17.44000000000003,0.8293518518518519,True,False
487,329,17.710000000000026,0,17.710000000000026,0.829,True,False
488,248,18.520000000000007,0,18.520000000000007,0.8286481481481481,True,False
489,241,18.590000000000007,0,18.590000000000007,0.8282962962962963,True,False
490,307,17.93000000000002,0,17.93000000000002,0.8279444444444445,True,False
491,278,18.220000000000013,0,18.220000000000013,0.8275925925925927,True,False
492,237,18.630000000000006,0,18.630000000000006,0.8272407407407407,True,False
493,176,19.24,0,19.24,0.8268888888888889,True,False
494,183,19.169999999999998,0,19.169999999999998,0.8265370370370371,True,False
495,258,18.42000000000001,0,18.42000000000001,0.8261851851851851,True,False
496,281,18.190000000000015,0,18.190000000000015,0.8258333333333334,True,False
497,238,18.620000000000005,0,18.620000000000005,0.8254814814814815,True,False
498,200,18.999999999999996,0,18.999999999999996,0.8251296296296297,True,False
499,376,17.240000000000034,0,17.240000000000034,0.8247777777777778,True,False
500,253,18.47000000000001,0,18.47000000000001,0.8244259259259259,True,False
501,205,18.95,0,18.95,0.8240740740740741,True,False
502,230,18.700000000000003,0,18.700000000000003,0.8237222222222222,True,False
503,174,19.259999999999998,0,19.259999999999998,0.8233703703703703,True,False
504,299,18.01000000000002,0,18.01000000000002,0.8230185185185186,True,False
505,171,19.289999999999996,0,19.289999999999996,0.8226666666666667,True,False
506,140,19.599999999999998,0,19.599999999999998,0.8223148148148148,True,False
507,201,18.99,0,18.99,0.821962962962963,True,False
508,210,18.9,0,18.9,0.8216111111111111,True,False
509,194,19.059999999999995,0,19.059999999999995,0.8212592592592592,True,False
510,173,19.269999999999996,0,19.269999999999996,0.8209074074074074,True,False
511,307,17.93000000000002,0,17.93000000000002,0.8205555555555556,True,False
512,253,18.47000000000001,0,18.47000000000001,0.8202037037037038,True,False
513,298,18.020000000000017,0,18.020000000000017,0.8198518518518518,True,False
514,299,18.01000000000002,0,18.01000000000002,0.8195,True,False
515,319,17.810000000000024,0,17.810000000000024,0.8191481481481482,True,False
516,174,19.259999999999998,0,19.259999999999998,0.8187962962962962,True,False
517,232,18.680000000000003,0,18.680000000000003,0.8184444444444444,True,False
518,164,19.359999999999996,0,19.359999999999996,0.8180925925925926,True,False
519,278,18.220000000000013,0,18.220000000000013,0.8177407407407408,True,False
520,217,18.830000000000002,0,18.830000000000002,0.8173888888888889,True,False
521,171,19.289999999999996,0,19.289999999999996,0.817037037037037,True,False
522,213,18.87,0,18.87,0.8166851851851852,True,False
523,224,18.76,0,18.76,0.8163333333333334,True,False
524,209,18.91,0,18.91,0.8159814814814814,True,False
525,168,19.319999999999997,0,19.319999999999997,0.8156296296296297,True,False
526,319,17.810000000000024,0,17.810000000000024,0.8152777777777778,True,False
527,169,19.31,0,19.31,0.8149259259259259,True,False
528,208,18.919999999999998,0,18.919999999999998,0.8145740740740741,True,False
529,295,18.05000000000002,0,18.05000000000002,0.8142222222222222,True,False
530,183,19.169999999999998,0,19.169999999999998,0.8138703703703704,True,False
531,366,17.340000000000032,0,17.340000000000032,0.8135185185185185,True,False
532,219,18.810000000000002,0,18.810000000000002,0.8131666666666667,True,False
533,313,17.870000000000022,0,17.870000000000022,0.8128148148148149,True,False
534,170,19.299999999999997,0,19.299999999999997,0.8124629629629629,True,False
535,187,19.129999999999995,0,19.129999999999995,0.8121111111111111,True,False
536,236,18.640000000000004,0,18.640000000000004,0.8117592592592593,True,False
537,332,17.680000000000025,0,17.680000000000025,0.8114074074074074,True,False
538,164,19.359999999999996,0,19.359999999999996,0.8110555555555555,True,False
539,163,19.369999999999997,0,19.369999999999997,0.8107037037037037,True,False
540,188,19.119999999999997,0,19.119999999999997,0.8103518518518519,True,False
541,215,18.85,0,18.85,0.81,True,False
542,288,18.120000000000015,0,18.120000000000015,0.8096481481481481,True,False
543,234,18.660000000000004,0,18.660000000000004,0.8092962962962963,True,False
544,175,19.249999999999996,0,19.249999999999996,0.8089444444444445,True,False
545,164,19.359999999999996,0,19.359999999999996,0.8085925925925926,True,False
546,226,18.740000000000002,0,18.740000000000002,0.8082407407407407,True,False
547,248,18.520000000000007,0,18.520000000000007,0.8078888888888889,True,False
548,237,18.630000000000006,0,18.630000000000006,0.807537037037037,True,False
549,300,18.000000000000018,0,18.000000000000018,0.8071851851851852,True,False
550,307,17.93000000000002,0,17.93000000000002,0.8068333333333333,True,False
551,198,19.019999999999996,0,19.019999999999996,0.8064814814814815,True,False
552,199,19.009999999999998,0,19.009999999999998,0.8061296296296296,True,False
553,261,18.39000000000001,0,18.39000000000001,0.8057777777777778,True,False
554,282,18.180000000000014,0,18.180000000000014,0.805425925925926,True,False
555,381,17.190000000000037,0,17.190000000000037,0.805074074074074,True,False
556,300,18.000000000000018,0,18.000000000000018,0.8047222222222222,True,False
557,288,18.120000000000015,0,18.120000000000015,0.8043703703703704,True,False
558,237,18.630000000000006,0,18.630000000000006,0.8040185185185186,True,False
559,210,18.9,0,18.9,0.8036666666666666,True,False
560,242,18.580000000000005,0,18.580000000000005,0.8033148148148148,True,False
561,181,19.189999999999998,0,19.189999999999998,0.802962962962963,True,False
562,236,18.640000000000004,0,18.640000000000004,0.8026111111111112,True,False
563,254,18.460000000000008,0,18.460000000000008,0.8022592592592592,True,False
564,256,18.44000000000001,0,18.44000000000001,0.8019074074074074,True,False
565,267,18.330000000000013,0,18.330000000000013,0.8015555555555556,True,False
566,195,19.049999999999997,0,19.049999999999997,0.8012037037037038,True,False
567,203,18.97,0,18.97,0.8008518518518518,True,False
568,222,18.78,0,18.78,0.8005,True,False
569,369,17.310000000000034,0,17.310000000000034,0.8001481481481482,True,False
570,232,18.680000000000003,0,18.680000000000003,0.7997962962962963,True,False
571,181,19.189999999999998,0,19.189999999999998,0.7994444444444444,True,False
572,257,18.43000000000001,0,18.43000000000001,0.7990925925925926,True,False
573,261,18.39000000000001,0,18.39000000000001,0.7987407407407408,True,False
574,358,17.42000000000003,0,17.42000000000003,0.7983888888888889,True,False
575,276,18.240000000000013,0,18.240000000000013,0.7980370370370371,True,False
576,170,19.299999999999997,0,19.299999999999997,0.7976851851851852,True,False
577,204,18.959999999999997,0,18.959999999999997,0.7973333333333333,True,False
578,248,18.520000000000007,0,18.520000000000007,0.7969814814814815,True,False
579,215,18.85,0,18.85,0.7966296296296296,True,False
580,282,18.180000000000014,0,18.180000000000014,0.7962777777777779,True,False
581,169,19.31,0,19.31,0.7959259259259259,True,False
582,178,19.22,0,19.22,0.7955740740740741,True,False
583,161,19.389999999999997,0,19.389999999999997,0.7952222222222223,True,False
584,242,18.580000000000005,0,18.580000000000005,0.7948703703703703,True,False
585,242,18.580000000000005,0,18.580000000000005,0.7945185185185185,True,False
586,348,17.520000000000028,0,17.520000000000028,0.7941666666666667,True,False
587,224,18.76,0,18.76,0.7938148148148149,True,False
588,206,18.939999999999998,0,18.939999999999998,0.793462962962963,True,False
589,254,18.460000000000008,0,18.460000000000008,0.7931111111111111,True,False
590,133,19.669999999999998,0,19.669999999999998,0.7927592592592593,True,False
591,186,19.139999999999997,0,19.139999999999997,0.7924074074074074,True,False
592,206,18.939999999999998,0,18.939999999999998,0.7920555555555555,True,False
593,135,19.65,0,19.65,0.7917037037037037,True,False
594,263,18.37000000000001,0,18.37000000000001,0.7913518518518519,True,False
595,219,18.810000000000002,0,18.810000000000002,0.791,True,False
596,163,19.369999999999997,0,19.369999999999997,0.7906481481481482,True,False
597,201,18.99,0,18.99,0.7902962962962963,True,False
598,262,18.38000000000001,0,18.38000000000001,0.7899444444444444,True,False
599,304,17.96000000000002,0,17.96000000000002,0.7895925925925926,True,False
600,189,19.109999999999996,0,19.109999999999996,0.7892407407407407,True,False
601,240,18.600000000000005,0,18.600000000000005,0.788888888888889,True,False
602,233,18.670000000000005,0,18.670000000000005,0.788537037037037,True,False
603,182,19.179999999999996,0,19.179999999999996,0.7881851851851852,True,False
604,250,18.500000000000007,0,18.500000000000007,0.7878333333333334,True,False
605,192,19.08,0,19.08,0.7874814814814814,True,False
606,196,19.039999999999996,0,19.039999999999996,0.7871296296296296,True,False
607,155,19.449999999999996,0,19.449999999999996,0.7867777777777778,True,False
608,212,18.88,0,18.88,0.7864259259259259,True,False
609,229,18.710000000000004,0,18.710000000000004,0.7860740740740741,True,False
610,198,19.019999999999996,0,19.019999999999996,0.7857222222222222,True,False
611,272,18.280000000000012,0,18.280000000000012,0.7853703703703704,True,False
612,254,18.460000000000008,0,18.460000000000008,0.7850185185185186,True,False
613,240,18.600000000000005,0,18.600000000000005,0.7846666666666666,True,False
614,297,18.03000000000002,0,18.03000000000002,0.7843148148148148,True,False
615,267,18.330000000000013,0,18.330000000000013,0.783962962962963,True,False
616,241,18.590000000000007,0,18.590000000000007,0.7836111111111111,True,False
617,221,18.790000000000003,0,18.790000000000003,0.7832592592592593,True,False
618,246,18.540000000000006,0,18.540000000000006,0.7829074074074074,True,False
619,271,18.290000000000013,0,18.290000000000013,0.7825555555555556,True,False
620,192,19.08,0,19.08,0.7822037037037037,True,False
621,136,19.639999999999997,0,19.639999999999997,0.7818518518518518,True,False
622,170,19.299999999999997,0,19.299999999999997,0.7815,True,False
623,179,19.209999999999997,0,19.209999999999997,0.7811481481481481,True,False
624,159,19.409999999999997,0,19.409999999999997,0.7807962962962963,True,False
625,254,18.460000000000008,0,18.460000000000008,0.7804444444444445,True,False
626,186,19.139999999999997,0,19.139999999999997,0.7800925925925926,True,False
627,254,18.460000000000008,0,18.460000000000008,0.7797407407407407,True,False
628,235,18.650000000000006,0,18.650000000000006,0.7793888888888889,True,False
629,220,18.8,0,18.8,0.779037037037037,True,False
630,241,18.590000000000007,0,18.590000000000007,0.7786851851851853,True,False
631,373,17.270000000000035,0,17.270000000000035,0.7783333333333333,True,False
632,290,18.100000000000016,0,18.100000000000016,0.7779814814814815,True,False
633,244,18.560000000000006,0,18.560000000000006,0.7776296296296297,True,False
634,186,19.139999999999997,0,19.139999999999997,0.7772777777777777,True,False
635,148,19.519999999999996,0,19.519999999999996,0.7769259259259259,True,False
636,186,19.139999999999997,0,19.139999999999997,0.7765740740740741,True,False
637,208,18.919999999999998,0,18.919999999999998,0.7762222222222223,True,False
638,155,19.449999999999996,0,19.449999999999996,0.7758703703703704,True,False
639,169,19.31,0,19.31,0.7755185185185185,True,False
640,206,18.939999999999998,0,18.939999999999998,0.7751666666666667,True,False
641,133,19.669999999999998,0,19.669999999999998,0.7748148148148148,True,False
642,222,18.78,0,18.78,0.774462962962963,True,False
643,201,18.99,0,18.99,0.7741111111111111,True,False
644,240,18.600000000000005,0,18.600000000000005,0.7737592592592593,True,False
645,148,19.519999999999996,0,19.519999999999996,0.7734074074074074,True,False
646,192,19.08,0,19.08,0.7730555555555556,True,False
647,127,19.729999999999997,0,19.729999999999997,0.7727037037037037,True,False
648,171,19.289999999999996,0,19.289999999999996,0.7723518518518518,True,False
649,213,18.87,0,18.87,0.772,True,False
650,399,17.01000000000004,0,17.01000000000004,0.7716481481481482,True,False
651,212,18.88,0,18.88,0.7712962962962964,True,False
652,189,19.109999999999996,0,19.109999999999996,0.7709444444444444,True,False
653,193,19.069999999999997,0,19.069999999999997,0.7705925925925926,True,False
654,253,18.47000000000001,0,18.47000000000001,0.7702407407407408,True,False
655,257,18.43000000000001,0,18.43000000000001,0.7698888888888888,True,False
656,127,19.729999999999997,0,19.729999999999997,0.769537037037037,True,False
657,160,19.4,0,19.4,0.7691851851851852,True,False
658,207,18.93,0,18.93,0.7688333333333334,True,False
659,187,19.129999999999995,0,19.129999999999995,0.7684814814814815,True,False
660,148,19.519999999999996,0,19.519999999999996,0.7681296296296296,True,False
661,226,18.740000000000002,0,18.740000000000002,0.7677777777777778,True,False
662,188,19.119999999999997,0,19.119999999999997,0.767425925925926,True,False
663,155,19.449999999999996,0,19.449999999999996,0.7670740740740741,True,False
664,134,19.659999999999997,0,19.659999999999997,0.7667222222222222,True,False
665,202,18.979999999999997,0,18.979999999999997,0.7663703703703704,True,False
666,220,18.8,0,18.8,0.7660185185185185,True,False
667,181,19.189999999999998,0,19.189999999999998,0.7656666666666667,True,False
668,296,18.040000000000017,0,18.040000000000017,0.7653148148148148,True,False
669,159,19.409999999999997,0,19.409999999999997,0.764962962962963,True,False
670,249,18.51000000000001,0,18.51000000000001,0.7646111111111111,True,False
671,173,19.269999999999996,0,19.269999999999996,0.7642592592592593,True,False
672,181,19.189999999999998,0,19.189999999999998,0.7639074074074074,True,False
673,311,17.890000000000022,0,17.890000000000022,0.7635555555555555,True,False
674,246,18.540000000000006,0,18.540000000000006,0.7632037037037037,True,False
675,132,19.679999999999996,0,19.679999999999996,0.7628518518518519,True,False
676,200,18.999999999999996,0,18.999999999999996,0.7625,True,False
677,230,18.700000000000003,0,18.700000000000003,0.7621481481481482,True,False
678,171,19.289999999999996,0,19.289999999999996,0.7617962962962963,True,False
679,200,18.999999999999996,0,18.999999999999996,0.7614444444444445,True,False
680,179,19.209999999999997,0,19.209999999999997,0.7610925925925927,True,False
681,157,19.429999999999996,0,19.429999999999996,0.7607407407407407,True,False
682,168,19.319999999999997,0,19.319999999999997,0.7603888888888889,True,False
683,196,19.039999999999996,0,19.039999999999996,0.7600370370370371,True,False
684,219,18.810000000000002,0,18.810000000000002,0.7596851851851852,True,False
685,155,19.449999999999996,0,19.449999999999996,0.7593333333333333,True,False
686,170,19.299999999999997,0,19.299999999999997,0.7589814814814815,True,False
687,201,18.99,0,18.99,0.7586296296296297,True,False
688,142,19.58,0,19.58,0.7582777777777778,True,False
689,211,18.89,0,18.89,0.7579259259259259,True,False
690,212,18.88,0,18.88,0.7575740740740741,True,False
691,216,18.84,0,18.84,0.7572222222222222,True,False
692,215,18.85,0,18.85,0.7568703703703703,True,False
693,127,19.729999999999997,0,19.729999999999997,0.7565185185185186,True,False
694,141,19.589999999999996,0,19.589999999999996,0.7561666666666667,True,False
695,209,18.91,0,18.91,0.7558148148148148,True,False
696,173,19.269999999999996,0,19.269999999999996,0.755462962962963,True,False
697,231,18.690000000000005,0,18.690000000000005,0.7551111111111111,True,False
698,209,18.91,0,18.91,0.7547592592592594,True,False
699,311,17.890000000000022,0,17.890000000000022,0.7544074074074074,True,False
700,108,19.919999999999998,0,19.919999999999998,0.7540555555555556,True,False
701,173,19.269999999999996,0,19.269999999999996,0.7537037037037038,True,False
702,166,19.339999999999996,0,19.339999999999996,0.7533518518518518,True,False
703,277,18.230000000000015,0,18.230000000000015,0.753,True,False
704,224,18.76,0,18.76,0.7526481481481482,True,False
705,159,19.409999999999997,0,19.409999999999997,0.7522962962962964,True,False
706,194,19.059999999999995,0,19.059999999999995,0.7519444444444444,True,False
707,221,18.790000000000003,0,18.790000000000003,0.7515925925925926,True,False
708,188,19.119999999999997,0,19.119999999999997,0.7512407407407408,True,False
709,223,18.770000000000003,0,18.770000000000003,0.7508888888888889,True,False
710,156,19.439999999999998,0,19.439999999999998,0.750537037037037,True,False
711,169,19.31,0,19.31,0.7501851851851852,True,False
712,174,19.259999999999998,0,19.259999999999998,0.7498333333333334,True,False
713,143,19.569999999999997,0,19.569999999999997,0.7494814814814814,True,False
714,201,18.99,0,18.99,0.7491296296296297,True,False
715,139,19.609999999999996,0,19.609999999999996,0.7487777777777778,True,False
716,247,18.53000000000001,0,18.53000000000001,0.7484259259259259,True,False
717,153,19.47,0,19.47,0.7480740740740741,True,False
718,214,18.86,0,18.86,0.7477222222222222,True,False
719,203,18.97,0,18.97,0.7473703703703705,True,False
720,206,18.939999999999998,0,18.939999999999998,0.7470185185185185,True,False
721,214,18.86,0,18.86,0.7466666666666667,True,False
722,154,19.459999999999997,0,19.459999999999997,0.7463148148148149,True,False
723,186,19.139999999999997,0,19.139999999999997,0.7459629629629629,True,False
724,238,18.620000000000005,0,18.620000000000005,0.7456111111111111,True,False
725,185,19.15,0,19.15,0.7452592592592593,True,False
726,115,19.849999999999998,0,19.849999999999998,0.7449074074074074,True,False
727,132,19.679999999999996,0,19.679999999999996,0.7445555555555556,True,False
728,152,19.479999999999997,0,19.479999999999997,0.7442037037037037,True,False
729,210,18.9,0,18.9,0.7438518518518519,True,False
730,160,19.4,0,19.4,0.7435,True,False
731,251,18.49000000000001,0,18.49000000000001,0.7431481481481481,True,False
732,170,19.299999999999997,0,19.299999999999997,0.7427962962962964,True,False
733,183,19.169999999999998,0,19.169999999999998,0.7424444444444445,True,False
734,123,19.769999999999996,0,19.769999999999996,0.7420925925925925,True,False
735,179,19.209999999999997,0,19.209999999999997,0.7417407407407408,True,False
736,224,18.76,0,18.76,0.7413888888888889,True,False
737,254,18.460000000000008,0,18.460000000000008,0.741037037037037,True,False
738,123,19.769999999999996,0,19.769999999999996,0.7406851851851852,True,False
739,178,19.22,0,19.22,0.7403333333333333,True,False
740,151,19.49,0,19.49,0.7399814814814815,True,False
741,157,19.429999999999996,0,19.429999999999996,0.7396296296296296,True,False
742,129,19.709999999999997,0,19.709999999999997,0.7392777777777778,True,False
743,139,19.609999999999996,0,19.609999999999996,0.738925925925926,True,False
744,132,19.679999999999996,0,19.679999999999996,0.738574074074074,True,False
745,134,19.659999999999997,0,19.659999999999997,0.7382222222222222,True,False
746,156,19.439999999999998,0,19.439999999999998,0.7378703703703704,True,False
747,208,18.919999999999998,0,18.919999999999998,0.7375185185185185,True,False
748,100,19.999999999999996,0,19.999999999999996,0.7371666666666667,True,False
749,151,19.49,0,19.49,0.7368148148148148,True,False
750,171,19.289999999999996,0,19.289999999999996,0.736462962962963,True,False
751,142,19.58,0,19.58,0.7361111111111112,True,False
752,162,19.379999999999995,0,19.379999999999995,0.7357592592592592,True,False
753,212,18.88,0,18.88,0.7354074074074075,True,False
754,167,19.33,0,19.33,0.7350555555555556,True,False
755,123,19.769999999999996,0,19.769999999999996,0.7347037037037036,True,False
756,267,18.330000000000013,0,18.330000000000013,0.7343518518518519,True,False
757,174,19.259999999999998,0,19.259999999999998,0.734,True,False
758,160,19.4,0,19.4,0.7336481481481482,True,False
759,169,19.31,0,19.31,0.7332962962962963,True,False
760,150,19.499999999999996,0,19.499999999999996,0.7329444444444444,True,False
761,132,19.679999999999996,0,19.679999999999996,0.7325925925925926,True,False
762,186,19.139999999999997,0,19.139999999999997,0.7322407407407407,True,False
763,219,18.810000000000002,0,18.810000000000002,0.7318888888888889,True,False
764,197,19.029999999999998,0,19.029999999999998,0.7315370370370371,True,False
765,161,19.389999999999997,0,19.389999999999997,0.7311851851851852,True,False
766,155,19.449999999999996,0,19.449999999999996,0.7308333333333333,True,False
767,175,19.249999999999996,0,19.249999999999996,0.7304814814814815,True,False
768,118,19.819999999999997,0,19.819999999999997,0.7301296296296296,True,False
769,155,19.449999999999996,0,19.449999999999996,0.7297777777777779,True,False
770,113,19.869999999999997,0,19.869999999999997,0.7294259259259259,True,False
771,213,18.87,0,18.87,0.729074074074074,True,False
772,141,19.589999999999996,0,19.589999999999996,0.7287222222222223,True,False
773,176,19.24,0,19.24,0.7283703703703703,True,False
774,178,19.22,0,19.22,0.7280185185185186,True,False
775,164,19.359999999999996,0,19.359999999999996,0.7276666666666667,True,False
776,174,19.259999999999998,0,19.259999999999998,0.7273148148148147,True,False
777,140,19.599999999999998,0,19.599999999999998,0.726962962962963,True,False
778,136,19.639999999999997,0,19.639999999999997,0.7266111111111111,True,False
779,229,18.710000000000004,0,18.710000000000004,0.7262592592592593,True,False
780,169,19.31,0,19.31,0.7259074074074074,True,False
781,122,19.779999999999998,0,19.779999999999998,0.7255555555555556,True,False
782,223,18.770000000000003,0,18.770000000000003,0.7252037037037037,True,False
783,128,19.72,0,19.72,0.7248518518518519,True,False
784,129,19.709999999999997,0,19.709999999999997,0.7245,True,False
785,182,19.179999999999996,0,19.179999999999996,0.7241481481481482,True,False
786,165,19.349999999999998,0,19.349999999999998,0.7237962962962963,True,False
787,131,19.689999999999998,0,19.689999999999998,0.7234444444444444,True,False
788,225,18.750000000000004,0,18.750000000000004,0.7230925925925926,True,False
789,154,19.459999999999997,0,19.459999999999997,0.7227407407407407,True,False
790,133,19.669999999999998,0,19.669999999999998,0.722388888888889,True,False
791,161,19.389999999999997,0,19.389999999999997,0.722037037037037,True,False
792,142,19.58,0,19.58,0.7216851851851852,True,False
793,106,19.939999999999998,0,19.939999999999998,0.7213333333333334,True,False
794,148,19.519999999999996,0,19.519999999999996,0.7209814814814814,True,False
795,164,19.359999999999996,0,19.359999999999996,0.7206296296296296,True,False
796,141,19.589999999999996,0,19.589999999999996,0.7202777777777778,True,False
797,188,19.119999999999997,0,19.119999999999997,0.719925925925926,True,False
798,127,19.729999999999997,0,19.729999999999997,0.7195740740740741,True,False
799,115,19.849999999999998,0,19.849999999999998,0.7192222222222222,True,False
800,115,19.849999999999998,0,19.849999999999998,0.7188703703703704,True,False
801,156,19.439999999999998,0,19.439999999999998,0.7185185185185186,True,False
802,218,18.82,0,18.82,0.7181666666666666,True,False
803,184,19.159999999999997,0,19.159999999999997,0.7178148148148148,True,False
804,276,18.240000000000013,0,18.240000000000013,0.717462962962963,True,False
805,185,19.15,0,19.15,0.7171111111111111,True,False
806,107,19.929999999999996,0,19.929999999999996,0.7167592592592593,True,False
807,153,19.47,0,19.47,0.7164074074074074,True,False
808,131,19.689999999999998,0,19.689999999999998,0.7160555555555557,True,False
809,114,19.86,0,19.86,0.7157037037037037,True,False
810,220,18.8,0,18.8,0.7153518518518518,True,False
811,152,19.479999999999997,0,19.479999999999997,0.7150000000000001,True,False
812,117,19.83,0,19.83,0.7146481481481481,True,False
813,215,18.85,0,18.85,0.7142962962962963,True,False
814,163,19.369999999999997,0,19.369999999999997,0.7139444444444445,True,False
815,263,18.37000000000001,0,18.37000000000001,0.7135925925925926,True,False
816,106,19.939999999999998,0,19.939999999999998,0.7132407407407407,True,False
817,153,19.47,0,19.47,0.7128888888888889,True,False
818,137,19.63,0,19.63,0.7125370370370371,True,False
819,174,19.259999999999998,0,19.259999999999998,0.7121851851851853,True,False
820,146,19.54,0,19.54,0.7118333333333333,True,False
821,168,19.319999999999997,0,19.319999999999997,0.7114814814814815,True,False
822,127,19.729999999999997,0,19.729999999999997,0.7111296296296297,True,False
823,178,19.22,0,19.22,0.7107777777777777,True,False
824,118,19.819999999999997,0,19.819999999999997,0.710425925925926,True,False
825,161,19.389999999999997,0,19.389999999999997,0.7100740740740741,True,False
826,181,19.189999999999998,0,19.189999999999998,0.7097222222222221,True,False
827,164,19.359999999999996,0,19.359999999999996,0.7093703703703704,True,False
828,127,19.729999999999997,0,19.729999999999997,0.7090185185185185,True,False
829,130,19.699999999999996,0,19.699999999999996,0.7086666666666668,True,False
830,137,19.63,0,19.63,0.7083148148148148,True,False
831,186,19.139999999999997,0,19.139999999999997,0.7079629629629629,True,False
832,273,18.270000000000014,0,18.270000000000014,0.7076111111111112,True,False
833,156,19.439999999999998,0,19.439999999999998,0.7072592592592593,True,False
834,134,19.659999999999997,0,19.659999999999997,0.7069074074074074,True,False
835,163,19.369999999999997,0,19.369999999999997,0.7065555555555556,True,False
836,142,19.58,0,19.58,0.7062037037037037,True,False
837,131,19.689999999999998,0,19.689999999999998,0.7058518518518518,True,False
838,129,19.709999999999997,0,19.709999999999997,0.7055,True,False
839,147,19.529999999999998,0,19.529999999999998,0.7051481481481482,True,False
840,185,19.15,0,19.15,0.7047962962962964,True,False
841,143,19.569999999999997,0,19.569999999999997,0.7044444444444444,True,False
842,122,19.779999999999998,0,19.779999999999998,0.7040925925925926,True,False
843,164,19.359999999999996,0,19.359999999999996,0.7037407407407408,True,False
844,180,19.199999999999996,0,19.199999999999996,0.7033888888888888,True,False
845,138,19.619999999999997,0,19.619999999999997,0.7030370370370371,True,False
846,124,19.759999999999998,0,19.759999999999998,0.7026851851851852,True,False
847,164,19.359999999999996,0,19.359999999999996,0.7023333333333333,True,False
848,120,19.799999999999997,0,19.799999999999997,0.7019814814814815,True,False
849,176,19.24,0,19.24,0.7016296296296296,True,False
850,171,19.289999999999996,0,19.289999999999996,0.7012777777777778,True,False
851,148,19.519999999999996,0,19.519999999999996,0.700925925925926,True,False
852,204,18.959999999999997,0,18.959999999999997,0.700574074074074,True,False
853,186,19.139999999999997,0,19.139999999999997,0.7002222222222223,True,False
854,104,19.959999999999997,0,19.959999999999997,0.6998703703703704,True,False
855,197,19.029999999999998,0,19.029999999999998,0.6995185185185185,True,False
856,149,19.509999999999998,0,19.509999999999998,0.6991666666666667,True,False
857,169,19.31,0,19.31,0.6988148148148148,True,False
858,90,20.099999999999998,0,20.099999999999998,0.698462962962963,True,False
859,120,19.799999999999997,0,19.799999999999997,0.6981111111111111,True,False
860,115,19.849999999999998,0,19.849999999999998,0.6977592592592593,True,False
861,95,20.049999999999997,0,20.049999999999997,0.6974074074074075,True,False
862,177,19.229999999999997,0,19.229999999999997,0.6970555555555555,True,False
863,138,19.619999999999997,0,19.619999999999997,0.6967037037037037,True,False
864,145,19.549999999999997,0,19.549999999999997,0.6963518518518519,True,False
865,199,19.009999999999998,0,19.009999999999998,0.696,True,False
866,187,19.129999999999995,0,19.129999999999995,0.6956481481481482,True,False
867,172,19.279999999999998,0,19.279999999999998,0.6952962962962963,True,False
868,103,19.97,0,19.97,0.6949444444444444,True,False
869,122,19.779999999999998,0,19.779999999999998,0.6945925925925927,True,False
870,146,19.54,0,19.54,0.6942407407407407,True,False
871,131,19.689999999999998,0,19.689999999999998,0.6938888888888889,True,False
872,109,19.909999999999997,0,19.909999999999997,0.6935370370370371,True,False
873,181,19.189999999999998,0,19.189999999999998,0.6931851851851852,True,False
874,146,19.54,0,19.54,0.6928333333333334,True,False
875,164,19.359999999999996,0,19.359999999999996,0.6924814814814815,True,False
876,128,19.72,0,19.72,0.6921296296296297,True,False
877,195,19.049999999999997,0,19.049999999999997,0.6917777777777778,True,False
878,119,19.81,0,19.81,0.6914259259259259,True,False
879,153,19.47,0,19.47,0.6910740740740741,True,False
880,194,19.059999999999995,0,19.059999999999995,0.6907222222222222,True,False
881,130,19.699999999999996,0,19.699999999999996,0.6903703703703703,True,False
882,165,19.349999999999998,0,19.349999999999998,0.6900185185185186,True,False
883,81,20.189999999999998,0,20.189999999999998,0.6896666666666667,True,False
884,145,19.549999999999997,0,19.549999999999997,0.6893148148148148,True,False
885,135,19.65,0,19.65,0.688962962962963,True,False
886,142,19.58,0,19.58,0.6886111111111111,True,False
887,131,19.689999999999998,0,19.689999999999998,0.6882592592592593,True,False
888,135,19.65,0,19.65,0.6879074074074074,True,False
889,121,19.79,0,19.79,0.6875555555555556,True,False
890,153,19.47,0,19.47,0.6872037037037038,True,False
891,161,19.389999999999997,0,19.389999999999997,0.6868518518518518,True,False
892,154,19.459999999999997,0,19.459999999999997,0.6865,True,False
893,140,19.599999999999998,0,19.599999999999998,0.6861481481481482,True,False
894,175,19.249999999999996,0,19.249999999999996,0.6857962962962963,True,False
895,138,19.619999999999997,0,19.619999999999997,0.6854444444444444,True,False
896,133,19.669999999999998,0,19.669999999999998,0.6850925925925926,True,False
897,135,19.65,0,19.65,0.6847407407407408,True,False
898,217,18.830000000000002,0,18.830000000000002,0.6843888888888889,True,False
899,161,19.389999999999997,0,19.389999999999997,0.684037037037037,True,False
900,134,19.659999999999997,0,19.659999999999997,0.6836851851851853,True,False
901,124,19.759999999999998,0,19.759999999999998,0.6833333333333333,True,False
902,183,19.169999999999998,0,19.169999999999998,0.6829814814814814,True,False
903,101,19.99,0,19.99,0.6826296296296297,True,False
904,126,19.74,0,19.74,0.6822777777777778,True,False
905,111,19.889999999999997,0,19.889999999999997,0.681925925925926,True,False
906,192,19.08,0,19.08,0.6815740740740741,True,False
907,120,19.799999999999997,0,19.799999999999997,0.6812222222222222,True,False
908,176,19.24,0,19.24,0.6808703703703705,True,False
909,175,19.249999999999996,0,19.249999999999996,0.6805185185185185,True,False
910,108,19.919999999999998,0,19.919999999999998,0.6801666666666667,True,False
911,158,19.419999999999998,0,19.419999999999998,0.6798148148148149,True,False
912,150,19.499999999999996,0,19.499999999999996,0.6794629629629629,True,False
913,137,19.63,0,19.63,0.6791111111111111,True,False
914,102,19.979999999999997,0,19.979999999999997,0.6787592592592593,True,False
915,159,19.409999999999997,0,19.409999999999997,0.6784074074074075,True,False
916,149,19.509999999999998,0,19.509999999999998,0.6780555555555556,True,False
917,101,19.99,0,19.99,0.6777037037037037,True,False
918,127,19.729999999999997,0,19.729999999999997,0.6773518518518519,True,False
919,149,19.509999999999998,0,19.509999999999998,0.677,True,False
920,127,19.729999999999997,0,19.729999999999997,0.6766481481481481,True,False
921,192,19.08,0,19.08,0.6762962962962964,True,False
922,118,19.819999999999997,0,19.819999999999997,0.6759444444444445,True,False
923,143,19.569999999999997,0,19.569999999999997,0.6755925925925925,True,False
924,141,19.589999999999996,0,19.589999999999996,0.6752407407407408,True,False
925,175,19.249999999999996,0,19.249999999999996,0.6748888888888889,True,False
926,143,19.569999999999997,0,19.569999999999997,0.674537037037037,True,False
927,142,19.58,0,19.58,0.6741851851851852,True,False
928,103,19.97,0,19.97,0.6738333333333333,True,False
929,107,19.929999999999996,0,19.929999999999996,0.6734814814814816,True,False
930,158,19.419999999999998,0,19.419999999999998,0.6731296296296296,True,False
931,147,19.529999999999998,0,19.529999999999998,0.6727777777777778,True,False
932,116,19.839999999999996,0,19.839999999999996,0.672425925925926,True,False
933,176,19.24,0,19.24,0.672074074074074,True,False
934,117,19.83,0,19.83,0.6717222222222222,True,False
935,118,19.819999999999997,0,19.819999999999997,0.6713703703703704,True,False
936,160,19.4,0,19.4,0.6710185185185186,True,False
937,134,19.659999999999997,0,19.659999999999997,0.6706666666666667,True,False
938,150,19.499999999999996,0,19.499999999999996,0.6703148148148148,True,False
939,133,19.669999999999998,0,19.669999999999998,0.669962962962963,True,False
940,111,19.889999999999997,0,19.889999999999997,0.6696111111111112,True,False
941,154,19.459999999999997,0,19.459999999999997,0.6692592592592592,True,False
942,130,19.699999999999996,0,19.699999999999996,0.6689074074074075,True,False
943,192,19.08,0,19.08,0.6685555555555556,True,False
944,111,19.889999999999997,0,19.889999999999997,0.6682037037037036,True,False
945,147,19.529999999999998,0,19.529999999999998,0.6678518518518519,True,False
946,128,19.72,0,19.72,0.6675,True,False
947,135,19.65,0,19.65,0.6671481481481482,True,False
948,156,19.439999999999998,0,19.439999999999998,0.6667962962962963,True,False
949,139,19.609999999999996,0,19.609999999999996,0.6664444444444444,True,False
950,145,19.549999999999997,0,19.549999999999997,0.6660925925925926,True,False
951,105,19.95,0,19.95,0.6657407407407407,True,False
952,106,19.939999999999998,0,19.939999999999998,0.6653888888888889,True,False
953,128,19.72,0,19.72,0.6650370370370371,True,False
954,128,19.72,0,19.72,0.6646851851851852,True,False
955,111,19.889999999999997,0,19.889999999999997,0.6643333333333333,True,False
956,104,19.959999999999997,0,19.959999999999997,0.6639814814814815,True,False
957,94,20.06,0,20.06,0.6636296296296296,True,False
958,113,19.869999999999997,0,19.869999999999997,0.6632777777777779,True,False
959,177,19.229999999999997,0,19.229999999999997,0.6629259259259259,True,False
960,136,19.639999999999997,0,19.639999999999997,0.6625740740740741,True,False
961,135,19.65,0,19.65,0.6622222222222223,True,False
962,136,19.639999999999997,0,19.639999999999997,0.6618703703703703,True,False
963,95,20.049999999999997,0,20.049999999999997,0.6615185185185186,True,False
964,173,19.269999999999996,0,19.269999999999996,0.6611666666666667,True,False
965,163,19.369999999999997,0,19.369999999999997,0.6608148148148147,True,False
966,120,19.799999999999997,0,19.799999999999997,0.660462962962963,True,False
967,140,19.599999999999998,0,19.599999999999998,0.6601111111111111,True,False
968,207,18.93,0,18.93,0.6597592592592593,True,False
969,148,19.519999999999996,0,19.519999999999996,0.6594074074074074,True,False
970,142,19.58,0,19.58,0.6590555555555556,True,False
971,126,19.74,0,19.74,0.6587037037037037,True,False
972,142,19.58,0,19.58,0.6583518518518519,True,False
973,157,19.429999999999996,0,19.429999999999996,0.658,True,False
974,149,19.509999999999998,0,19.509999999999998,0.6576481481481482,True,False
975,125,19.749999999999996,0,19.749999999999996,0.6572962962962963,True,False
976,134,19.659999999999997,0,19.659999999999997,0.6569444444444444,True,False
977,112,19.88,0,19.88,0.6565925925925926,True,False
978,120,19.799999999999997,0,19.799999999999997,0.6562407407407407,True,False
979,131,19.689999999999998,0,19.689999999999998,0.655888888888889,True,False
980,95,20.049999999999997,0,20.049999999999997,0.655537037037037,True,False
981,91,20.089999999999996,0,20.089999999999996,0.6551851851851852,True,False
982,163,19.369999999999997,0,19.369999999999997,0.6548333333333334,True,False
983,128,19.72,0,19.72,0.6544814814814814,True,False
984,152,19.479999999999997,0,19.479999999999997,0.6541296296296297,True,False
985,173,19.269999999999996,0,19.269999999999996,0.6537777777777778,True,False
986,186,19.139999999999997,0,19.139999999999997,0.653425925925926,True,False
987,119,19.81,0,19.81,0.6530740740740741,True,False
988,174,19.259999999999998,0,19.259999999999998,0.6527222222222222,True,False
989,179,19.209999999999997,0,19.209999999999997,0.6523703703703704,True,False
990,124,19.759999999999998,0,19.759999999999998,0.6520185185185186,True,False
991,165,19.349999999999998,0,19.349999999999998,0.6516666666666667,True,False
992,109,19.909999999999997,0,19.909999999999997,0.6513148148148148,True,False
993,93,20.069999999999997,0,20.069999999999997,0.650962962962963,True,False
994,139,19.609999999999996,0,19.609999999999996,0.6506111111111111,True,False
995,118,19.819999999999997,0,19.819999999999997,0.6502592592592593,True,False
996,138,19.619999999999997,0,19.619999999999997,0.6499074074074074,True,False
997,119,19.81,0,19.81,0.6495555555555557,True,False
998,122,19.779999999999998,0,19.779999999999998,0.6492037037037037,True,False
999,120,19.799999999999997,0,19.799999999999997,0.6488518518518518,True,False
1000,119,19.81,0,19.81,0.6485000000000001,True,False
1001,141,19.589999999999996,0,19.589999999999996,0.6481481481481481,True,False
1002,115,19.849999999999998,0,19.849999999999998,0.6477962962962963,True,False
1003,132,19.679999999999996,0,19.679999999999996,0.6474444444444445,True,False
1004,109,19.909999999999997,0,19.909999999999997,0.6470925925925926,True,False
1005,128,19.72,0,19.72,0.6467407407407407,True,False
1006,124,19.759999999999998,0,19.759999999999998,0.6463888888888889,True,False
1007,156,19.439999999999998,0,19.439999999999998,0.6460370370370371,True,False
1008,130,19.699999999999996,0,19.699999999999996,0.6456851851851853,True,False
1009,94,20.06,0,20.06,0.6453333333333333,True,False
1010,122,19.779999999999998,0,19.779999999999998,0.6449814814814815,True,False
1011,177,19.229999999999997,0,19.229999999999997,0.6446296296296297,True,False
1012,108,19.919999999999998,0,19.919999999999998,0.6442777777777777,True,False
1013,161,19.389999999999997,0,19.389999999999997,0.643925925925926,True,False
1014,99,20.009999999999998,0,20.009999999999998,0.6435740740740741,True,False
1015,121,19.79,0,19.79,0.6432222222222223,True,False
1016,114,19.86,0,19.86,0.6428703703703704,True,False
1017,97,20.029999999999998,0,20.029999999999998,0.6425185185185185,True,False
1018,104,19.959999999999997,0,19.959999999999997,0.6421666666666668,True,False
1019,164,19.359999999999996,0,19.359999999999996,0.6418148148148148,True,False
1020,124,19.759999999999998,0,19.759999999999998,0.6414629629629629,True,False
1021,197,19.029999999999998,0,19.029999999999998,0.6411111111111112,True,False
1022,130,19.699999999999996,0,19.699999999999996,0.6407592592592593,True,False
1023,107,19.929999999999996,0,19.929999999999996,0.6404074074074074,True,False
1024,147,19.529999999999998,0,19.529999999999998,0.6400555555555556,True,False
1025,82,20.18,0,20.18,0.6397037037037037,True,False
1026,126,19.74,0,19.74,0.6393518518518518,True,False
1027,152,19.479999999999997,0,19.479999999999997,0.639,True,False
1028,140,19.599999999999998,0,19.599999999999998,0.6386481481481482,True,False
1029,165,19.349999999999998,0,19.349999999999998,0.6382962962962964,True,False
1030,120,19.799999999999997,0,19.799999999999997,0.6379444444444444,True,False
1031,167,19.33,0,19.33,0.6375925925925926,True,False
1032,87,20.13,0,20.13,0.6372407407407408,True,False
1033,119,19.81,0,19.81,0.6368888888888888,True,False
1034,142,19.58,0,19.58,0.6365370370370371,True,False
1035,109,19.909999999999997,0,19.909999999999997,0.6361851851851852,True,False
1036,129,19.709999999999997,0,19.709999999999997,0.6358333333333333,True,False
1037,129,19.709999999999997,0,19.709999999999997,0.6354814814814815,True,False
1038,173,19.269999999999996,0,19.269999999999996,0.6351296296296296,True,False
1039,137,19.63,0,19.63,0.6347777777777779,True,False
1040,110,19.9,0,19.9,0.634425925925926,True,False
1041,142,19.58,0,19.58,0.634074074074074,True,False
1042,123,19.769999999999996,0,19.769999999999996,0.6337222222222223,True,False
1043,135,19.65,0,19.65,0.6333703703703704,True,False
1044,143,19.569999999999997,0,19.569999999999997,0.6330185185185185,True,False
1045,137,19.63,0,19.63,0.6326666666666667,True,False
1046,91,20.089999999999996,0,20.089999999999996,0.6323148148148148,True,False
1047,103,19.97,0,19.97,0.631962962962963,True,False
1048,128,19.72,0,19.72,0.6316111111111111,True,False
1049,104,19.959999999999997,0,19.959999999999997,0.6312592592592593,True,False
1050,182,19.179999999999996,0,19.179999999999996,0.6309074074074075,True,False
1051,123,19.769999999999996,0,19.769999999999996,0.6305555555555555,True,False
1052,126,19.74,0,19.74,0.6302037037037037,True,False
1053,127,19.729999999999997,0,19.729999999999997,0.6298518518518519,True,False
1054,153,19.47,0,19.47,0.6295,True,False
1055,125,19.749999999999996,0,19.749999999999996,0.6291481481481482,True,False
1056,108,19.919999999999998,0,19.919999999999998,0.6287962962962963,True,False
1057,109,19.909999999999997,0,19.909999999999997,0.6284444444444444,True,False
1058,145,19.549999999999997,0,19.549999999999997,0.6280925925925926,True,False
1059,119,19.81,0,19.81,0.6277407407407407,True,False
1060,98,20.019999999999996,0,20.019999999999996,0.6273888888888889,True,False
1061,144,19.56,0,19.56,0.6270370370370371,True,False
1062,110,19.9,0,19.9,0.6266851851851852,True,False
1063,163,19.369999999999997,0,19.369999999999997,0.6263333333333334,True,False
1064,98,20.019999999999996,0,20.019999999999996,0.6259814814814815,True,False
1065,98,20.019999999999996,0,20.019999999999996,0.6256296296296296,True,False
1066,114,19.86,0,19.86,0.6252777777777778,True,False
1067,110,19.9,0,19.9,0.6249259259259259,True,False
1068,124,19.759999999999998,0,19.759999999999998,0.6245740740740741,True,False
1069,130,19.699999999999996,0,19.699999999999996,0.6242222222222222,True,False
1070,107,19.929999999999996,0,19.929999999999996,0.6238703703703704,True,False
1071,99,20.009999999999998,0,20.009999999999998,0.6235185185185186,True,False
1072,94,20.06,0,20.06,0.6231666666666666,True,False
1073,117,19.83,0,19.83,0.6228148148148148,True,False
1074,138,19.619999999999997,0,19.619999999999997,0.622462962962963,True,False
1075,102,19.979999999999997,0,19.979999999999997,0.6221111111111111,True,False
1076,123,19.769999999999996,0,19.769999999999996,0.6217592592592593,True,False
1077,116,19.839999999999996,0,19.839999999999996,0.6214074074074074,True,False
1078,137,19.63,0,19.63,0.6210555555555556,True,False
1079,141,19.589999999999996,0,19.589999999999996,0.6207037037037038,True,False
1080,156,19.439999999999998,0,19.439999999999998,0.6203518518518518,True,False
1081,118,19.819999999999997,0,19.819999999999997,0.62,True,False
1082,109,19.909999999999997,0,19.909999999999997,0.6196481481481482,True,False
1083,132,19.679999999999996,0,19.679999999999996,0.6192962962962963,True,False
1084,154,19.459999999999997,0,19.459999999999997,0.6189444444444445,True,False
1085,92,20.08,0,20.08,0.6185925925925926,True,False
1086,91,20.089999999999996,0,20.089999999999996,0.6182407407407408,True,False
1087,111,19.889999999999997,0,19.889999999999997,0.6178888888888889,True,False
1088,121,19.79,0,19.79,0.617537037037037,True,False
1089,120,19.799999999999997,0,19.799999999999997,0.6171851851851853,True,False
1090,156,19.439999999999998,0,19.439999999999998,0.6168333333333333,True,False
1091,107,19.929999999999996,0,19.929999999999996,0.6164814814814814,True,False
1092,155,19.449999999999996,0,19.449999999999996,0.6161296296296297,True,False
1093,129,19.709999999999997,0,19.709999999999997,0.6157777777777778,True,False
1094,97,20.029999999999998,0,20.029999999999998,0.615425925925926,True,False
1095,121,19.79,0,19.79,0.6150740740740741,True,False
1096,116,19.839999999999996,0,19.839999999999996,0.6147222222222222,True,False
1097,154,19.459999999999997,0,19.459999999999997,0.6143703703703705,True,False
1098,134,19.659999999999997,0,19.659999999999997,0.6140185185185185,True,False
1099,142,19.58,0,19.58,0.6136666666666667,True,False
1100,125,19.749999999999996,0,19.749999999999996,0.6133148148148149,True,False
1101,110,19.9,0,19.9,0.6129629629629629,True,False
1102,150,19.499999999999996,0,19.499999999999996,0.6126111111111111,True,False
1103,110,19.9,0,19.9,0.6122592592592593,True,False
1104,107,19.929999999999996,0,19.929999999999996,0.6119074074074075,True,False
1105,110,19.9,0,19.9,0.6115555555555556,True,False
1106,186,19.139999999999997,0,19.139999999999997,0.6112037037037037,True,False
1107,99,20.009999999999998,0,20.009999999999998,0.6108518518518519,True,False
1108,103,19.97,0,19.97,0.6105,True,False
1109,143,19.569999999999997,0,19.569999999999997,0.6101481481481481,True,False
1110,90,20.099999999999998,0,20.099999999999998,0.6097962962962964,True,False
1111,91,20.089999999999996,0,20.089999999999996,0.6094444444444445,True,False
1112,117,19.83,0,19.83,0.6090925925925925,True,False
1113,137,19.63,0,19.63,0.6087407407407408,True,False
1114,131,19.689999999999998,0,19.689999999999998,0.6083888888888889,True,False
1115,106,19.939999999999998,0,19.939999999999998,0.6080370370370372,True,False
1116,95,20.049999999999997,0,20.049999999999997,0.6076851851851852,True,False
1117,103,19.97,0,19.97,0.6073333333333333,True,False
1118,125,19.749999999999996,0,19.749999999999996,0.6069814814814816,True,False
1119,91,20.089999999999996,0,20.089999999999996,0.6066296296296296,True,False
1120,107,19.929999999999996,0,19.929999999999996,0.6062777777777778,True,False
1121,119,19.81,0,19.81,0.605925925925926,True,False
1122,147,19.529999999999998,0,19.529999999999998,0.605574074074074,True,False
1123,97,20.029999999999998,0,20.029999999999998,0.6052222222222222,True,False
1124,101,19.99,0,19.99,0.6048703703703704,True,False
1125,119,19.81,0,19.81,0.6045185185185186,True,False
1126,96,20.04,0,20.04,0.6041666666666667,True,False
1127,148,19.519999999999996,0,19.519999999999996,0.6038148148148148,True,False
1128,143,19.569999999999997,0,19.569999999999997,0.603462962962963,True,False
1129,98,20.019999999999996,0,20.019999999999996,0.6031111111111112,True,False
1130,139,19.609999999999996,0,19.609999999999996,0.6027592592592592,True,False
1131,115,19.849999999999998,0,19.849999999999998,0.6024074074074075,True,False
1132,139,19.609999999999996,0,19.609999999999996,0.6020555555555556,True,False
1133,97,20.029999999999998,0,20.029999999999998,0.6017037037037036,True,False
1134,132,19.679999999999996,0,19.679999999999996,0.6013518518518519,True,False
1135,119,19.81,0,19.81,0.601,True,False
1136,114,19.86,0,19.86,0.6006481481481482,True,False
1137,125,19.749999999999996,0,19.749999999999996,0.6002962962962963,True,False
1138,113,19.869999999999997,0,19.869999999999997,0.5999444444444444,True,False
1139,100,19.999999999999996,0,19.999999999999996,0.5995925925925927,True,False
1140,128,19.72,0,19.72,0.5992407407407407,True,False
1141,118,19.819999999999997,0,19.819999999999997,0.5988888888888889,True,False
1142,94,20.06,0,20.06,0.5985370370370371,True,False
1143,95,20.049999999999997,0,20.049999999999997,0.5981851851851852,True,False
1144,125,19.749999999999996,0,19.749999999999996,0.5978333333333333,True,False
1145,125,19.749999999999996,0,19.749999999999996,0.5974814814814815,True,False
1146,109,19.909999999999997,0,19.909999999999997,0.5971296296296297,True,False
1147,112,19.88,0,19.88,0.5967777777777779,True,False
1148,121,19.79,0,19.79,0.5964259259259259,True,False
1149,107,19.929999999999996,0,19.929999999999996,0.5960740740740741,True,False
1150,93,20.069999999999997,0,20.069999999999997,0.5957222222222223,True,False
1151,110,19.9,0,19.9,0.5953703703703703,True,False
1152,114,19.86,0,19.86,0.5950185185185186,True,False
1153,115,19.849999999999998,0,19.849999999999998,0.5946666666666667,True,False
1154,119,19.81,0,19.81,0.5943148148148147,True,False
1155,109,19.909999999999997,0,19.909999999999997,0.593962962962963,True,False
1156,104,19.959999999999997,0,19.959999999999997,0.5936111111111111,True,False
1157,100,19.999999999999996,0,19.999999999999996,0.5932592592592593,True,False
1158,87,20.13,0,20.13,0.5929074074074074,True,False
1159,93,20.069999999999997,0,20.069999999999997,0.5925555555555556,True,False
1160,95,20.049999999999997,0,20.049999999999997,0.5922037037037037,True,False
1161,106,19.939999999999998,0,19.939999999999998,0.5918518518518519,True,False
1162,88,20.119999999999997,0,20.119999999999997,0.5915,True,False
1163,97,20.029999999999998,0,20.029999999999998,0.5911481481481482,True,False
1164,124,19.759999999999998,0,19.759999999999998,0.5907962962962963,True,False
1165,89,20.11,0,20.11,0.5904444444444444,True,False
1166,72,20.279999999999998,0,20.279999999999998,0.5900925925925926,True,False
1167,120,19.799999999999997,0,19.799999999999997,0.5897407407407407,True,False
1168,110,19.9,0,19.9,0.589388888888889,True,False
1169,102,19.979999999999997,0,19.979999999999997,0.589037037037037,True,False
1170,130,19.699999999999996,0,19.699999999999996,0.5886851851851852,True,False
1171,96,20.04,0,20.04,0.5883333333333334,True,False
1172,130,19.699999999999996,0,19.699999999999996,0.5879814814814814,True,False
1173,103,19.97,0,19.97,0.5876296296296297,True,False
1174,107,19.929999999999996,0,19.929999999999996,0.5872777777777778,True,False
1175,107,19.929999999999996,0,19.929999999999996,0.586925925925926,True,False
1176,125,19.749999999999996,0,19.749999999999996,0.5865740740740741,True,False
1177,116,19.839999999999996,0,19.839999999999996,0.5862222222222222,True,False
1178,128,19.72,0,19.72,0.5858703703703704,True,False
1179,156,19.439999999999998,0,19.439999999999998,0.5855185185185185,True,False
1180,132,19.679999999999996,0,19.679999999999996,0.5851666666666667,True,False
1181,100,19.999999999999996,0,19.999999999999996,0.5848148148148148,True,False
1182,115,19.849999999999998,0,19.849999999999998,0.584462962962963,True,False
1183,121,19.79,0,19.79,0.5841111111111111,True,False
1184,103,19.97,0,19.97,0.5837592592592593,True,False
1185,132,19.679999999999996,0,19.679999999999996,0.5834074074074074,True,False
1186,115,19.849999999999998,0,19.849999999999998,0.5830555555555557,True,False
1187,123,19.769999999999996,0,19.769999999999996,0.5827037037037037,True,False
1188,115,19.849999999999998,0,19.849999999999998,0.5823518518518518,True,False
1189,88,20.119999999999997,0,20.119999999999997,0.5820000000000001,True,False
1190,121,19.79,0,19.79,0.5816481481481481,True,False
1191,128,19.72,0,19.72,0.5812962962962963,True,False
1192,96,20.04,0,20.04,0.5809444444444445,True,False
1193,117,19.83,0,19.83,0.5805925925925925,True,False
1194,131,19.689999999999998,0,19.689999999999998,0.5802407407407408,True,False
1195,89,20.11,0,20.11,0.5798888888888889,True,False
1196,120,19.799999999999997,0,19.799999999999997,0.5795370370370371,True,False
1197,106,19.939999999999998,0,19.939999999999998,0.5791851851851852,True,False
1198,126,19.74,0,19.74,0.5788333333333333,True,False
1199,95,20.049999999999997,0,20.049999999999997,0.5784814814814815,True,False
1200,110,19.9,0,19.9,0.5781296296296297,True,False
1201,91,20.089999999999996,0,20.089999999999996,0.5777777777777778,True,False
1202,116,19.839999999999996,0,19.839999999999996,0.577425925925926,True,False
1203,124,19.759999999999998,0,19.759999999999998,0.5770740740740741,True,False
1204,128,19.72,0,19.72,0.5767222222222222,True,False
1205,108,19.919999999999998,0,19.919999999999998,0.5763703703703704,True,False
1206,85,20.15,0,20.15,0.5760185185185185,True,False
1207,109,19.909999999999997,0,19.909999999999997,0.5756666666666668,True,False
1208,132,19.679999999999996,0,19.679999999999996,0.5753148148148148,True,False
1209,112,19.88,0,19.88,0.5749629629629629,True,False
1210,127,19.729999999999997,0,19.729999999999997,0.5746111111111112,True,False
1211,102,19.979999999999997,0,19.979999999999997,0.5742592592592592,True,False
1212,95,20.049999999999997,0,20.049999999999997,0.5739074074074074,True,False
1213,86,20.139999999999997,0,20.139999999999997,0.5735555555555556,True,False
1214,84,20.159999999999997,0,20.159999999999997,0.5732037037037037,True,False
1215,92,20.08,0,20.08,0.5728518518518518,True,False
1216,86,20.139999999999997,0,20.139999999999997,0.5725,True,False
1217,77,20.229999999999997,0,20.229999999999997,0.5721481481481482,True,False
1218,101,19.99,0,19.99,0.5717962962962964,True,False
1219,84,20.159999999999997,0,20.159999999999997,0.5714444444444444,True,False
1220,137,19.63,0,19.63,0.5710925925925926,True,False
1221,112,19.88,0,19.88,0.5707407407407408,True,False
1222,128,19.72,0,19.72,0.5703888888888888,True,False
1223,91,20.089999999999996,0,20.089999999999996,0.5700370370370371,True,False
1224,94,20.06,0,20.06,0.5696851851851852,True,False
1225,107,19.929999999999996,0,19.929999999999996,0.5693333333333334,True,False
1226,134,19.659999999999997,0,19.659999999999997,0.5689814814814815,True,False
1227,91,20.089999999999996,0,20.089999999999996,0.5686296296296296,True,False
1228,94,20.06,0,20.06,0.5682777777777779,True,False
1229,108,19.919999999999998,0,19.919999999999998,0.567925925925926,True,False
1230,121,19.79,0,19.79,0.567574074074074,True,False
1231,83,20.169999999999998,0,20.169999999999998,0.5672222222222223,True,False
1232,144,19.56,0,19.56,0.5668703703703704,True,False
1233,103,19.97,0,19.97,0.5665185185185185,True,False
1234,105,19.95,0,19.95,0.5661666666666667,True,False
1235,147,19.529999999999998,0,19.529999999999998,0.5658148148148148,True,False
1236,94,20.06,0,20.06,0.565462962962963,True,False
1237,106,19.939999999999998,0,19.939999999999998,0.5651111111111111,True,False
1238,106,19.939999999999998,0,19.939999999999998,0.5647592592592593,True,False
1239,114,19.86,0,19.86,0.5644074074074075,True,False
1240,114,19.86,0,19.86,0.5640555555555555,True,False
1241,106,19.939999999999998,0,19.939999999999998,0.5637037037037037,True,False
1242,103,19.97,0,19.97,0.5633518518518519,True,False
1243,99,20.009999999999998,0,20.009999999999998,0.563,True,False
1244,142,19.58,0,19.58,0.5626481481481482,True,False
1245,133,19.669999999999998,0,19.669999999999998,0.5622962962962963,True,False
1246,94,20.06,0,20.06,0.5619444444444444,True,False
1247,115,19.849999999999998,0,19.849999999999998,0.5615925925925926,True,False
1248,105,19.95,0,19.95,0.5612407407407407,True,False
1249,99,20.009999999999998,0,20.009999999999998,0.560888888888889,True,False
1250,104,19.959999999999997,0,19.959999999999997,0.5605370370370371,True,False
1251,110,19.9,0,19.9,0.5601851851851852,True,False
1252,97,20.029999999999998,0,20.029999999999998,0.5598333333333334,True,False
1253,106,19.939999999999998,0,19.939999999999998,0.5594814814814815,True,False
1254,127,19.729999999999997,0,19.729999999999997,0.5591296296296296,True,False
1255,87,20.13,0,20.13,0.5587777777777778,True,False
1256,73,20.27,0,20.27,0.558425925925926,True,False
1257,107,19.929999999999996,0,19.929999999999996,0.5580740740740741,True,False
1258,113,19.869999999999997,0,19.869999999999997,0.5577222222222222,True,False
1259,91,20.089999999999996,0,20.089999999999996,0.5573703703703704,True,False
1260,118,19.819999999999997,0,19.819999999999997,0.5570185185185186,True,False
1261,98,20.019999999999996,0,20.019999999999996,0.5566666666666666,True,False
1262,122,19.779999999999998,0,19.779999999999998,0.5563148148148148,True,False
1263,101,19.99,0,19.99,0.555962962962963,True,False
1264,96,20.04,0,20.04,0.5556111111111111,True,False
1265,100,19.999999999999996,0,19.999999999999996,0.5552592592592593,True,False
1266,94,20.06,0,20.06,0.5549074074074074,True,False
1267,117,19.83,0,19.83,0.5545555555555556,True,False
1268,99,20.009999999999998,0,20.009999999999998,0.5542037037037038,True,False
1269,90,20.099999999999998,0,20.099999999999998,0.5538518518518518,True,False
1270,97,20.029999999999998,0,20.029999999999998,0.5535000000000001,True,False
1271,107,19.929999999999996,0,19.929999999999996,0.5531481481481482,True,False
1272,92,20.08,0,20.08,0.5527962962962963,True,False
1273,106,19.939999999999998,0,19.939999999999998,0.5524444444444445,True,False
1274,108,19.919999999999998,0,19.919999999999998,0.5520925925925926,True,False
1275,125,19.749999999999996,0,19.749999999999996,0.5517407407407408,True,False
1276,101,19.99,0,19.99,0.5513888888888889,True,False
1277,109,19.909999999999997,0,19.909999999999997,0.551037037037037,True,False
1278,116,19.839999999999996,0,19.839999999999996,0.5506851851851853,True,False
1279,67,20.33,0,20.33,0.5503333333333333,True,False
1280,102,19.979999999999997,0,19.979999999999997,0.5499814814814815,True,False
1281,100,19.999999999999996,0,19.999999999999996,0.5496296296296297,True,False
1282,112,19.88,0,19.88,0.5492777777777778,True,False
1283,88,20.119999999999997,0,20.119999999999997,0.548925925925926,True,False
1284,93,20.069999999999997,0,20.069999999999997,0.5485740740740741,True,False
1285,101,19.99,0,19.99,0.5482222222222222,True,False
1286,117,19.83,0,19.83,0.5478703703703705,True,False
1287,98,20.019999999999996,0,20.019999999999996,0.5475185185185185,True,False
1288,126,19.74,0,19.74,0.5471666666666667,True,False
1289,85,20.15,0,20.15,0.5468148148148149,True,False
1290,105,19.95,0,19.95,0.5464629629629629,True,False
1291,129,19.709999999999997,0,19.709999999999997,0.5461111111111111,True,False
1292,130,19.699999999999996,0,19.699999999999996,0.5457592592592593,True,False
1293,86,20.139999999999997,0,20.139999999999997,0.5454074074074075,True,False
1294,83,20.169999999999998,0,20.169999999999998,0.5450555555555556,True,False
1295,136,19.639999999999997,0,19.639999999999997,0.5447037037037037,True,False
1296,92,20.08,0,20.08,0.5443518518518519,True,False
1297,99,20.009999999999998,0,20.009999999999998,0.544,True,False
1298,100,19.999999999999996,0,19.999999999999996,0.5436481481481481,True,False
1299,111,19.889999999999997,0,19.889999999999997,0.5432962962962964,True,False
1300,85,20.15,0,20.15,0.5429444444444445,True,False
1301,117,19.83,0,19.83,0.5425925925925926,True,False
1302,128,19.72,0,19.72,0.5422407407407408,True,False
1303,87,20.13,0,20.13,0.5418888888888889,True,False
1304,107,19.929999999999996,0,19.929999999999996,0.5415370370370372,True,False
1305,109,19.909999999999997,0,19.909999999999997,0.5411851851851852,True,False
1306,68,20.319999999999997,0,20.319999999999997,0.5408333333333333,True,False
1307,127,19.729999999999997,0,19.729999999999997,0.5404814814814816,True,False
1308,99,20.009999999999998,0,20.009999999999998,0.5401296296296296,True,False
1309,89,20.11,0,20.11,0.5397777777777778,True,False
1310,100,19.999999999999996,0,19.999999999999996,0.539425925925926,True,False
1311,99,20.009999999999998,0,20.009999999999998,0.539074074074074,True,False
1312,90,20.099999999999998,0,20.099999999999998,0.5387222222222222,True,False
1313,99,20.009999999999998,0,20.009999999999998,0.5383703703703704,True,False
1314,102,19.979999999999997,0,19.979999999999997,0.5380185185185186,True,False
1315,82,20.18,0,20.18,0.5376666666666667,True,False
1316,112,19.88,0,19.88,0.5373148148148148,True,False
1317,102,19.979999999999997,0,19.979999999999997,0.536962962962963,True,False
1318,81,20.189999999999998,0,20.189999999999998,0.5366111111111111,True,False
1319,70,20.299999999999997,0,20.299999999999997,0.5362592592592592,True,False
1320,109,19.909999999999997,0,19.909999999999997,0.5359074074074075,True,False
1321,74,20.259999999999998,0,20.259999999999998,0.5355555555555556,True,False
1322,97,20.029999999999998,0,20.029999999999998,0.5352037037037036,True,False
1323,82,20.18,0,20.18,0.5348518518518519,True,False
1324,79,20.209999999999997,0,20.209999999999997,0.5345,True,False
1325,91,20.089999999999996,0,20.089999999999996,0.5341481481481483,True,False
1326,111,19.889999999999997,0,19.889999999999997,0.5337962962962963,True,False
1327,111,19.889999999999997,0,19.889999999999997,0.5334444444444444,True,False
1328,102,19.979999999999997,0,19.979999999999997,0.5330925925925927,True,False
1329,95,20.049999999999997,0,20.049999999999997,0.5327407407407407,True,False
1330,101,19.99,0,19.99,0.5323888888888889,True,False
1331,88,20.119999999999997,0,20.119999999999997,0.5320370370370371,True,False
1332,87,20.13,0,20.13,0.5316851851851851,True,False
1333,103,19.97,0,19.97,0.5313333333333333,True,False
1334,102,19.979999999999997,0,19.979999999999997,0.5309814814814815,True,False
1335,103,19.97,0,19.97,0.5306296296296297,True,False
1336,111,19.889999999999997,0,19.889999999999997,0.5302777777777778,True,False
1337,97,20.029999999999998,0,20.029999999999998,0.5299259259259259,True,False
1338,92,20.08,0,20.08,0.5295740740740741,True,False
1339,71,20.29,0,20.29,0.5292222222222223,True,False
1340,72,20.279999999999998,0,20.279999999999998,0.5288703703703703,True,False
1341,106,19.939999999999998,0,19.939999999999998,0.5285185185185186,True,False
1342,83,20.169999999999998,0,20.169999999999998,0.5281666666666667,True,False
1343,83,20.169999999999998,0,20.169999999999998,0.5278148148148147,True,False
1344,130,19.699999999999996,0,19.699999999999996,0.527462962962963,True,False
1345,93,20.069999999999997,0,20.069999999999997,0.5271111111111111,True,False
1346,83,20.169999999999998,0,20.169999999999998,0.5267592592592593,True,False
1347,87,20.13,0,20.13,0.5264074074074074,True,False
1348,106,19.939999999999998,0,19.939999999999998,0.5260555555555556,True,False
1349,121,19.79,0,19.79,0.5257037037037038,True,False
1350,73,20.27,0,20.27,0.5253518518518518,True,False
1351,83,20.169999999999998,0,20.169999999999998,0.525,True,False
1352,88,20.119999999999997,0,20.119999999999997,0.5246481481481482,True,False
1353,101,19.99,0,19.99,0.5242962962962964,True,False
1354,74,20.259999999999998,0,20.259999999999998,0.5239444444444445,True,False
1355,111,19.889999999999997,0,19.889999999999997,0.5235925925925926,True,False
1356,124,19.759999999999998,0,19.759999999999998,0.5232407407407407,True,False
1357,93,20.069999999999997,0,20.069999999999997,0.522888888888889,True,False
1358,106,19.939999999999998,0,19.939999999999998,0.522537037037037,True,False
1359,77,20.229999999999997,0,20.229999999999997,0.5221851851851853,True,False
1360,78,20.22,0,20.22,0.5218333333333334,True,False
1361,84,20.159999999999997,0,20.159999999999997,0.5214814814814815,True,False
1362,89,20.11,0,20.11,0.5211296296296296,True,False
1363,92,20.08,0,20.08,0.5207777777777778,True,False
1364,86,20.139999999999997,0,20.139999999999997,0.520425925925926,True,False
1365,93,20.069999999999997,0,20.069999999999997,0.5200740740740741,True,False
1366,91,20.089999999999996,0,20.089999999999996,0.5197222222222222,True,False
1367,97,20.029999999999998,0,20.029999999999998,0.5193703703703705,True,False
1368,128,19.72,0,19.72,0.5190185185185185,True,False
1369,87,20.13,0,20.13,0.5186666666666666,True,False
1370,106,19.939999999999998,0,19.939999999999998,0.5183148148148149,True,False
1371,88,20.119999999999997,0,20.119999999999997,0.517962962962963,True,False
1372,78,20.22,0,20.22,0.5176111111111111,True,False
1373,103,19.97,0,19.97,0.5172592592592593,True,False
1374,86,20.139999999999997,0,20.139999999999997,0.5169074074074075,True,False
1375,77,20.229999999999997,0,20.229999999999997,0.5165555555555557,True,False
1376,85,20.15,0,20.15,0.5162037037037037,True,False
1377,103,19.97,0,19.97,0.5158518518518518,True,False
1378,100,19.999999999999996,0,19.999999999999996,0.5155000000000001,True,False
1379,85,20.15,0,20.15,0.5151481481481481,True,False
1380,113,19.869999999999997,0,19.869999999999997,0.5147962962962964,True,False
1381,75,20.249999999999996,0,20.249999999999996,0.5144444444444445,True,False
1382,94,20.06,0,20.06,0.5140925925925925,True,False
1383,92,20.08,0,20.08,0.5137407407407407,True,False
1384,78,20.22,0,20.22,0.5133888888888889,True,False
1385,99,20.009999999999998,0,20.009999999999998,0.5130370370370371,True,False
1386,94,20.06,0,20.06,0.5126851851851852,True,False
1387,127,19.729999999999997,0,19.729999999999997,0.5123333333333333,True,False
1388,91,20.089999999999996,0,20.089999999999996,0.5119814814814816,True,False
1389,89,20.11,0,20.11,0.5116296296296297,True,False
1390,103,19.97,0,19.97,0.5112777777777777,True,False
1391,78,20.22,0,20.22,0.510925925925926,True,False
1392,89,20.11,0,20.11,0.5105740740740741,True,False
1393,78,20.22,0,20.22,0.5102222222222222,True,False
1394,87,20.13,0,20.13,0.5098703703703704,True,False
1395,88,20.119999999999997,0,20.119999999999997,0.5095185185185186,True,False
1396,68,20.319999999999997,0,20.319999999999997,0.5091666666666667,True,False
1397,85,20.15,0,20.15,0.5088148148148148,True,False
1398,85,20.15,0,20.15,0.5084629629629629,True,False
1399,94,20.06,0,20.06,0.5081111111111112,True,False
1400,75,20.249999999999996,0,20.249999999999996,0.5077592592592592,True,False
1401,93,20.069999999999997,0,20.069999999999997,0.5074074074074075,True,False
1402,98,20.019999999999996,0,20.019999999999996,0.5070555555555556,True,False
1403,81,20.189999999999998,0,20.189999999999998,0.5067037037037037,True,False
1404,86,20.139999999999997,0,20.139999999999997,0.5063518518518518,True,False
1405,87,20.13,0,20.13,0.506,True,False
1406,82,20.18,0,20.18,0.5056481481481482,True,False
1407,92,20.08,0,20.08,0.5052962962962964,True,False
1408,95,20.049999999999997,0,20.049999999999997,0.5049444444444444,True,False
1409,86,20.139999999999997,0,20.139999999999997,0.5045925925925927,True,False
1410,91,20.089999999999996,0,20.089999999999996,0.5042407407407408,True,False
1411,117,19.83,0,19.83,0.5038888888888888,True,False
1412,92,20.08,0,20.08,0.5035370370370371,True,False
1413,99,20.009999999999998,0,20.009999999999998,0.5031851851851852,True,False
1414,79,20.209999999999997,0,20.209999999999997,0.5028333333333334,True,False
1415,95,20.049999999999997,0,20.049999999999997,0.5024814814814815,True,False
1416,95,20.049999999999997,0,20.049999999999997,0.5021296296296297,True,False
1417,101,19.99,0,19.99,0.5017777777777778,True,False
1418,105,19.95,0,19.95,0.5014259259259259,True,False
1419,105,19.95,0,19.95,0.501074074074074,True,False
1420,92,20.08,0,20.08,0.5007222222222223,True,False
1421,79,20.209999999999997,0,20.209999999999997,0.5003703703703704,True,False
1422,93,20.069999999999997,0,20.069999999999997,0.5000185185185186,True,False
1423,96,20.04,0,20.04,0.4996666666666667,True,False
1424,83,20.169999999999998,0,20.169999999999998,0.49931481481481477,True,False
1425,110,19.9,0,19.9,0.49896296296296294,True,False
1426,102,19.979999999999997,0,19.979999999999997,0.4986111111111111,True,False
1427,106,19.939999999999998,0,19.939999999999998,0.4982592592592593,True,False
1428,78,20.22,0,20.22,0.49790740740740747,True,False
1429,81,20.189999999999998,0,20.189999999999998,0.49755555555555564,True,False
1430,96,20.04,0,20.04,0.4972037037037038,True,False
1431,93,20.069999999999997,0,20.069999999999997,0.4968518518518519,True,False
1432,95,20.049999999999997,0,20.049999999999997,0.49650000000000005,True,False
1433,85,20.15,0,20.15,0.4961481481481481,True,False
1434,97,20.029999999999998,0,20.029999999999998,0.4957962962962963,True,False
1435,96,20.04,0,20.04,0.49544444444444447,True,False
1436,82,20.18,0,20.18,0.49509259259259264,True,False
1437,108,19.919999999999998,0,19.919999999999998,0.4947407407407408,True,False
1438,96,20.04,0,20.04,0.4943888888888889,True,False
1439,122,19.779999999999998,0,19.779999999999998,0.49403703703703705,True,False
1440,90,20.099999999999998,0,20.099999999999998,0.4936851851851852,True,False
1441,107,19.929999999999996,0,19.929999999999996,0.4933333333333334,True,False
1442,82,20.18,0,20.18,0.4929814814814816,True,False
1443,106,19.939999999999998,0,19.939999999999998,0.49262962962962964,True,False
1444,100,19.999999999999996,0,19.999999999999996,0.4922777777777777,True,False
1445,79,20.209999999999997,0,20.209999999999997,0.4919259259259259,True,False
1446,104,19.959999999999997,0,19.959999999999997,0.49157407407407405,True,False
1447,86,20.139999999999997,0,20.139999999999997,0.4912222222222222,True,False
1448,91,20.089999999999996,0,20.089999999999996,0.4908703703703704,True,False
1449,85,20.15,0,20.15,0.4905185185185186,True,False
1450,84,20.159999999999997,0,20.159999999999997,0.49016666666666675,True,False
1451,76,20.24,0,20.24,0.4898148148148148,True,False
1452,93,20.069999999999997,0,20.069999999999997,0.489462962962963,True,False
1453,109,19.909999999999997,0,19.909999999999997,0.48911111111111116,True,False
1454,95,20.049999999999997,0,20.049999999999997,0.4887592592592592,True,False
1455,81,20.189999999999998,0,20.189999999999998,0.4884074074074074,True,False
1456,92,20.08,0,20.08,0.4880555555555556,True,False
1457,72,20.279999999999998,0,20.279999999999998,0.48770370370370375,True,False
1458,85,20.15,0,20.15,0.4873518518518518,True,False
1459,96,20.04,0,20.04,0.487,True,False
1460,95,20.049999999999997,0,20.049999999999997,0.48664814814814816,True,False
1461,96,20.04,0,20.04,0.48629629629629634,True,False
1462,94,20.06,0,20.06,0.4859444444444445,True,False
1463,72,20.279999999999998,0,20.279999999999998,0.4855925925925927,True,False
1464,101,19.99,0,19.99,0.48524074074074086,True,False
1465,98,20.019999999999996,0,20.019999999999996,0.4848888888888888,True,False
1466,63,20.369999999999997,0,20.369999999999997,0.484537037037037,True,False
1467,69,20.31,0,20.31,0.48418518518518516,True,False
1468,74,20.259999999999998,0,20.259999999999998,0.48383333333333334,True,False
1469,100,19.999999999999996,0,19.999999999999996,0.4834814814814815,True,False
1470,90,20.099999999999998,0,20.099999999999998,0.4831296296296297,True,False
1471,95,20.049999999999997,0,20.049999999999997,0.48277777777777786,True,False
1472,113,19.869999999999997,0,19.869999999999997,0.4824259259259259,True,False
1473,112,19.88,0,19.88,0.4820740740740741,True,False
1474,68,20.319999999999997,0,20.319999999999997,0.4817222222222223,True,False
1475,91,20.089999999999996,0,20.089999999999996,0.48137037037037045,True,False
1476,79,20.209999999999997,0,20.209999999999997,0.4810185185185185,True,False
1477,80,20.2,0,20.2,0.4806666666666667,True,False
1478,113,19.869999999999997,0,19.869999999999997,0.48031481481481486,True,False
1479,85,20.15,0,20.15,0.4799629629629629,True,False
1480,108,19.919999999999998,0,19.919999999999998,0.4796111111111111,True,False
1481,84,20.159999999999997,0,20.159999999999997,0.4792592592592593,True,False
1482,116,19.839999999999996,0,19.839999999999996,0.47890740740740745,True,False
1483,88,20.119999999999997,0,20.119999999999997,0.4785555555555556,True,False
1484,104,19.959999999999997,0,19.959999999999997,0.4782037037037038,True,False
1485,107,19.929999999999996,0,19.929999999999996,0.47785185185185197,True,False
1486,98,20.019999999999996,0,20.019999999999996,0.47750000000000004,True,False
1487,87,20.13,0,20.13,0.4771481481481481,True,False
1488,78,20.22,0,20.22,0.4767962962962963,True,False
1489,89,20.11,0,20.11,0.47644444444444445,True,False
1490,85,20.15,0,20.15,0.4760925925925926,True,False
1491,92,20.08,0,20.08,0.4757407407407408,True,False
1492,80,20.2,0,20.2,0.47538888888888897,True,False
1493,85,20.15,0,20.15,0.47503703703703704,True,False
1494,71,20.29,0,20.29,0.4746851851851852,True,False
1495,106,19.939999999999998,0,19.939999999999998,0.4743333333333334,True,False
1496,116,19.839999999999996,0,19.839999999999996,0.47398148148148156,True,False
1497,66,20.339999999999996,0,20.339999999999996,0.4736296296296296,True,False
1498,70,20.299999999999997,0,20.299999999999997,0.4732777777777778,True,False
1499,92,20.08,0,20.08,0.47292592592592597,True,False
1500,86,20.139999999999997,0,20.139999999999997,0.47257407407407404,True,False
1501,90,20.099999999999998,0,20.099999999999998,0.4722222222222222,True,False
1502,129,19.709999999999997,0,19.709999999999997,0.4718703703703704,True,False
1503,89,20.11,0,20.11,0.47151851851851856,True,False
1504,90,20.099999999999998,0,20.099999999999998,0.47116666666666673,True,False
1505,79,20.209999999999997,0,20.209999999999997,0.4708148148148149,True,False
1506,78,20.22,0,20.22,0.47046296296296297,True,False
1507,78,20.22,0,20.22,0.47011111111111115,True,False
1508,76,20.24,0,20.24,0.4697592592592592,True,False
1509,86,20.139999999999997,0,20.139999999999997,0.4694074074074074,True,False
1510,72,20.279999999999998,0,20.279999999999998,0.46905555555555556,True,False
1511,107,19.929999999999996,0,19.929999999999996,0.46870370370370373,True,False
1512,108,19.919999999999998,0,19.919999999999998,0.4683518518518519,True,False
1513,108,19.919999999999998,0,19.919999999999998,0.46799999999999997,True,False
1514,86,20.139999999999997,0,20.139999999999997,0.46764814814814815,True,False
1515,81,20.189999999999998,0,20.189999999999998,0.4672962962962963,True,False
1516,85,20.15,0,20.15,0.4669444444444445,True,False
1517,88,20.119999999999997,0,20.119999999999997,0.46659259259259267,True,False
1518,89,20.11,0,20.11,0.46624074074074084,True,False
1519,82,20.18,0,20.18,0.4658888888888889,True,False
1520,76,20.24,0,20.24,0.46553703703703697,True,False
1521,97,20.029999999999998,0,20.029999999999998,0.46518518518518515,True,False
1522,129,19.709999999999997,0,19.709999999999997,0.4648333333333333,True,False
1523,76,20.24,0,20.24,0.4644814814814815,True,False
1524,87,20.13,0,20.13,0.46412962962962967,True,False
1525,77,20.229999999999997,0,20.229999999999997,0.46377777777777784,True,False
1526,83,20.169999999999998,0,20.169999999999998,0.463425925925926,True,False
1527,102,19.979999999999997,0,19.979999999999997,0.4630740740740741,True,False
1528,77,20.229999999999997,0,20.229999999999997,0.46272222222222226,True,False
1529,70,20.299999999999997,0,20.299999999999997,0.46237037037037043,True,False
1530,89,20.11,0,20.11,0.4620185185185185,True,False
1531,115,19.849999999999998,0,19.849999999999998,0.46166666666666667,True,False
1532,72,20.279999999999998,0,20.279999999999998,0.46131481481481484,True,False
1533,85,20.15,0,20.15,0.460962962962963,True,False
1534,86,20.139999999999997,0,20.139999999999997,0.4606111111111111,True,False
1535,97,20.029999999999998,0,20.029999999999998,0.46025925925925926,True,False
1536,70,20.299999999999997,0,20.299999999999997,0.45990740740740743,True,False
1537,74,20.259999999999998,0,20.259999999999998,0.4595555555555556,True,False
1538,74,20.259999999999998,0,20.259999999999998,0.4592037037037038,True,False
1539,84,20.159999999999997,0,20.159999999999997,0.45885185185185196,True,False
1540,104,19.959999999999997,0,19.959999999999997,0.4585,True,False
1541,82,20.18,0,20.18,0.4581481481481481,True,False
1542,102,19.979999999999997,0,19.979999999999997,0.45779629629629626,True,False
1543,81,20.189999999999998,0,20.189999999999998,0.45744444444444443,True,False
1544,77,20.229999999999997,0,20.229999999999997,0.4570925925925926,True,False
1545,80,20.2,0,20.2,0.4567407407407408,True,False
1546,71,20.29,0,20.29,0.45638888888888896,True,False
1547,83,20.169999999999998,0,20.169999999999998,0.45603703703703713,True,False
1548,72,20.279999999999998,0,20.279999999999998,0.4556851851851852,True,False
1549,81,20.189999999999998,0,20.189999999999998,0.45533333333333337,True,False
1550,102,19.979999999999997,0,19.979999999999997,0.45498148148148154,True,False
1551,59,20.409999999999997,0,20.409999999999997,0.4546296296296296,True,False
1552,81,20.189999999999998,0,20.189999999999998,0.4542777777777778,True,False
1553,103,19.97,0,19.97,0.45392592592592595,True,False
1554,101,19.99,0,19.99,0.45357407407407413,True,False
1555,90,20.099999999999998,0,20.099999999999998,0.4532222222222222,True,False
1556,90,20.099999999999998,0,20.099999999999998,0.45287037037037037,True,False
1557,70,20.299999999999997,0,20.299999999999997,0.45251851851851854,True,False
1558,110,19.9,0,19.9,0.4521666666666667,True,False
1559,75,20.249999999999996,0,20.249999999999996,0.4518148148148149,True,False
1560,85,20.15,0,20.15,0.45146296296296307,True,False
1561,86,20.139999999999997,0,20.139999999999997,0.45111111111111124,True,False
1562,74,20.259999999999998,0,20.259999999999998,0.4507592592592592,True,False
1563,90,20.099999999999998,0,20.099999999999998,0.45040740740740737,True,False
1564,93,20.069999999999997,0,20.069999999999997,0.45005555555555554,True,False
1565,84,20.159999999999997,0,20.159999999999997,0.4497037037037037,True,False
1566,97,20.029999999999998,0,20.029999999999998,0.4493518518518519,True,False
1567,84,20.159999999999997,0,20.159999999999997,0.44900000000000007,True,False
1568,73,20.27,0,20.27,0.44864814814814813,True,False
1569,76,20.24,0,20.24,0.4482962962962963,True,False
1570,69,20.31,0,20.31,0.4479444444444445,True,False
1571,89,20.11,0,20.11,0.44759259259259265,True,False
1572,72,20.279999999999998,0,20.279999999999998,0.4472407407407408,True,False
1573,84,20.159999999999997,0,20.159999999999997,0.4468888888888889,True,False
1574,84,20.159999999999997,0,20.159999999999997,0.44653703703703707,True,False
1575,77,20.229999999999997,0,20.229999999999997,0.44618518518518513,True,False
1576,91,20.089999999999996,0,20.089999999999996,0.4458333333333333,True,False
1577,71,20.29,0,20.29,0.4454814814814815,True,False
1578,84,20.159999999999997,0,20.159999999999997,0.44512962962962965,True,False
1579,89,20.11,0,20.11,0.4447777777777778,True,False
1580,86,20.139999999999997,0,20.139999999999997,0.444425925925926,True,False
1581,71,20.29,0,20.29,0.4440740740740742,True,False
1582,75,20.249999999999996,0,20.249999999999996,0.44372222222222224,True,False
1583,87,20.13,0,20.13,0.4433703703703704,True,False
1584,94,20.06,0,20.06,0.4430185185185185,True,False
1585,78,20.22,0,20.22,0.44266666666666665,True,False
1586,91,20.089999999999996,0,20.089999999999996,0.4423148148148148,True,False
1587,76,20.24,0,20.24,0.441962962962963,True,False
1588,89,20.11,0,20.11,0.4416111111111112,True,False
1589,65,20.349999999999998,0,20.349999999999998,0.44125925925925924,True,False
1590,93,20.069999999999997,0,20.069999999999997,0.4409074074074074,True,False
1591,97,20.029999999999998,0,20.029999999999998,0.4405555555555556,True,False
1592,68,20.319999999999997,0,20.319999999999997,0.44020370370370376,True,False
1593,85,20.15,0,20.15,0.43985185185185194,True,False
1594,79,20.209999999999997,0,20.209999999999997,0.4395,True,False
1595,96,20.04,0,20.04,0.4391481481481482,True,False
1596,84,20.159999999999997,0,20.159999999999997,0.43879629629629624,True,False
1597,71,20.29,0,20.29,0.4384444444444444,True,False
1598,84,20.159999999999997,0,20.159999999999997,0.4380925925925926,True,False
1599,67,20.33,0,20.33,0.43774074074074076,True,False
1600,74,20.259999999999998,0,20.259999999999998,0.43738888888888894,True,False
1601,71,20.29,0,20.29,0.4370370370370371,True,False
1602,75,20.249999999999996,0,20.249999999999996,0.4366851851851853,True,False
1603,74,20.259999999999998,0,20.259999999999998,0.43633333333333335,True,False
1604,77,20.229999999999997,0,20.229999999999997,0.4359814814814815,True,False
1605,72,20.279999999999998,0,20.279999999999998,0.4356296296296296,True,False
1606,73,20.27,0,20.27,0.43527777777777776,True,False
1607,87,20.13,0,20.13,0.43492592592592594,True,False
1608,81,20.189999999999998,0,20.189999999999998,0.4345740740740741,True,False
1609,65,20.349999999999998,0,20.349999999999998,0.4342222222222223,True,False
1610,84,20.159999999999997,0,20.159999999999997,0.43387037037037035,True,False
1611,61,20.389999999999997,0,20.389999999999997,0.4335185185185185,True,False
1612,77,20.229999999999997,0,20.229999999999997,0.4331666666666667,True,False
1613,88,20.119999999999997,0,20.119999999999997,0.4328148148148149,True,False
1614,87,20.13,0,20.13,0.43246296296296305,True,False
1615,60,20.4,0,20.4,0.4321111111111112,True,False
1616,69,20.31,0,20.31,0.4317592592592593,True,False
1617,77,20.229999999999997,0,20.229999999999997,0.43140740740740735,True,False
1618,80,20.2,0,20.2,0.4310555555555555,True,False
1619,72,20.279999999999998,0,20.279999999999998,0.4307037037037037,True,False
1620,78,20.22,0,20.22,0.4303518518518519,True,False
1621,74,20.259999999999998,0,20.259999999999998,0.43000000000000005,True,False
1622,91,20.089999999999996,0,20.089999999999996,0.4296481481481482,True,False
1623,77,20.229999999999997,0,20.229999999999997,0.4292962962962964,True,False
1624,76,20.24,0,20.24,0.42894444444444446,True,False
1625,76,20.24,0,20.24,0.42859259259259264,True,False
1626,78,20.22,0,20.22,0.4282407407407408,True,False
1627,72,20.279999999999998,0,20.279999999999998,0.4278888888888889,True,False
1628,72,20.279999999999998,0,20.279999999999998,0.42753703703703705,True,False
1629,72,20.279999999999998,0,20.279999999999998,0.4271851851851852,True,False
1630,91,20.089999999999996,0,20.089999999999996,0.4268333333333333,True,False
1631,78,20.22,0,20.22,0.42648148148148146,True,False
1632,98,20.019999999999996,0,20.019999999999996,0.42612962962962964,True,False
1633,78,20.22,0,20.22,0.4257777777777778,True,False
1634,88,20.119999999999997,0,20.119999999999997,0.425425925925926,True,False
1635,75,20.249999999999996,0,20.249999999999996,0.42507407407407416,True,False
1636,76,20.24,0,20.24,0.42472222222222233,True,False
1637,66,20.339999999999996,0,20.339999999999996,0.4243703703703704,True,False
1638,86,20.139999999999997,0,20.139999999999997,0.42401851851851846,True,False
1639,78,20.22,0,20.22,0.42366666666666664,True,False
1640,90,20.099999999999998,0,20.099999999999998,0.4233148148148148,True,False
1641,88,20.119999999999997,0,20.119999999999997,0.422962962962963,True,False
1642,84,20.159999999999997,0,20.159999999999997,0.42261111111111116,True,False
1643,75,20.249999999999996,0,20.249999999999996,0.42225925925925933,True,False
1644,64,20.36,0,20.36,0.4219074074074074,True,False
1645,88,20.119999999999997,0,20.119999999999997,0.42155555555555557,True,False
1646,76,20.24,0,20.24,0.42120370370370375,True,False
1647,81,20.189999999999998,0,20.189999999999998,0.4208518518518519,True,False
1648,59,20.409999999999997,0,20.409999999999997,0.4205,True,False
1649,78,20.22,0,20.22,0.42014814814814816,True,False
1650,74,20.259999999999998,0,20.259999999999998,0.41979629629629633,True,False
1651,101,19.99,0,19.99,0.4194444444444444,True,False
1652,79,20.209999999999997,0,20.209999999999997,0.41909259259259257,True,False
1653,77,20.229999999999997,0,20.229999999999997,0.41874074074074075,True,False
1654,85,20.15,0,20.15,0.4183888888888889,True,False
1655,78,20.22,0,20.22,0.4180370370370371,True,False
1656,93,20.069999999999997,0,20.069999999999997,0.41768518518518527,True,False
1657,86,20.139999999999997,0,20.139999999999997,0.41733333333333344,True,False
1658,66,20.339999999999996,0,20.339999999999996,0.4169814814814815,True,False
1659,77,20.229999999999997,0,20.229999999999997,0.41662962962962957,True,False
1660,79,20.209999999999997,0,20.209999999999997,0.41627777777777775,True,False
1661,70,20.299999999999997,0,20.299999999999997,0.4159259259259259,True,False
1662,73,20.27,0,20.27,0.4155740740740741,True,False
1663,90,20.099999999999998,0,20.099999999999998,0.41522222222222227,True,False
1664,72,20.279999999999998,0,20.279999999999998,0.41487037037037044,True,False
1665,70,20.299999999999997,0,20.299999999999997,0.4145185185185185,True,False
1666,64,20.36,0,20.36,0.4141666666666667,True,False
1667,71,20.29,0,20.29,0.41381481481481486,True,False
1668,73,20.27,0,20.27,0.41346296296296303,True,False
1669,68,20.319999999999997,0,20.319999999999997,0.4131111111111112,True,False
1670,91,20.089999999999996,0,20.089999999999996,0.41275925925925927,True,False
1671,99,20.009999999999998,0,20.009999999999998,0.41240740740740744,True,False
1672,78,20.22,0,20.22,0.4120555555555555,True,False
1673,75,20.249999999999996,0,20.249999999999996,0.4117037037037037,True,False
1674,61,20.389999999999997,0,20.389999999999997,0.41135185185185186,True,False
1675,74,20.259999999999998,0,20.259999999999998,0.41100000000000003,True,False
1676,79,20.209999999999997,0,20.209999999999997,0.4106481481481482,True,False
1677,83,20.169999999999998,0,20.169999999999998,0.4102962962962964,True,False
1678,82,20.18,0,20.18,0.40994444444444456,True,False
1679,83,20.169999999999998,0,20.169999999999998,0.4095925925925926,True,False
1680,72,20.279999999999998,0,20.279999999999998,0.4092407407407408,True,False
1681,72,20.279999999999998,0,20.279999999999998,0.40888888888888886,True,False
1682,57,20.43,0,20.43,0.40853703703703703,True,False
1683,68,20.319999999999997,0,20.319999999999997,0.4081851851851852,True,False
1684,73,20.27,0,20.27,0.4078333333333334,True,False
1685,81,20.189999999999998,0,20.189999999999998,0.40748148148148156,True,False
1686,91,20.089999999999996,0,20.089999999999996,0.4071296296296296,True,False
1687,108,19.919999999999998,0,19.919999999999998,0.4067777777777778,True,False
1688,68,20.319999999999997,0,20.319999999999997,0.40642592592592597,True,False
1689,76,20.24,0,20.24,0.40607407407407414,True,False
1690,68,20.319999999999997,0,20.319999999999997,0.4057222222222223,True,False
1691,81,20.189999999999998,0,20.189999999999998,0.4053703703703705,True,False
1692,68,20.319999999999997,0,20.319999999999997,0.40501851851851844,True,False
1693,69,20.31,0,20.31,0.4046666666666666,True,False
1694,91,20.089999999999996,0,20.089999999999996,0.4043148148148148,True,False
1695,81,20.189999999999998,0,20.189999999999998,0.40396296296296297,True,False
1696,76,20.24,0,20.24,0.40361111111111114,True,False
1697,94,20.06,0,20.06,0.4032592592592593,True,False
1698,76,20.24,0,20.24,0.4029074074074075,True,False
1699,69,20.31,0,20.31,0.40255555555555556,True,False
1700,86,20.139999999999997,0,20.139999999999997,0.40220370370370373,True,False
1701,100,19.999999999999996,0,19.999999999999996,0.4018518518518519,True,False
1702,76,20.24,0,20.24,0.4015000000000001,True,False
1703,68,20.319999999999997,0,20.319999999999997,0.40114814814814814,True,False
1704,76,20.24,0,20.24,0.4007962962962963,True,False
1705,88,20.119999999999997,0,20.119999999999997,0.4004444444444445,True,False
1706,72,20.279999999999998,0,20.279999999999998,0.40009259259259256,True,False
1707,57,20.43,0,20.43,0.39974074074074073,True,False
1708,84,20.159999999999997,0,20.159999999999997,0.3993888888888889,True,False
1709,68,20.319999999999997,0,20.319999999999997,0.3990370370370371,True,False
1710,94,20.06,0,20.06,0.39868518518518525,True,False
1711,61,20.389999999999997,0,20.389999999999997,0.39833333333333343,True,False
1712,63,20.369999999999997,0,20.369999999999997,0.3979814814814816,True,False
1713,59,20.409999999999997,0,20.409999999999997,0.39762962962962967,True,False
1714,71,20.29,0,20.29,0.39727777777777773,True,False
1715,66,20.339999999999996,0,20.339999999999996,0.3969259259259259,True,False
1716,80,20.2,0,20.2,0.3965740740740741,True,False
1717,78,20.22,0,20.22,0.39622222222222225,True,False
1718,80,20.2,0,20.2,0.39587037037037043,True,False
1719,85,20.15,0,20.15,0.3955185185185186,True,False
1720,72,20.279999999999998,0,20.279999999999998,0.39516666666666667,True,False
1721,71,20.29,0,20.29,0.39481481481481484,True,False
1722,90,20.099999999999998,0,20.099999999999998,0.394462962962963,True,False
1723,71,20.29,0,20.29,0.3941111111111112,True,False
1724,86,20.139999999999997,0,20.139999999999997,0.39375925925925925,True,False
1725,72,20.279999999999998,0,20.279999999999998,0.39340740740740743,True,False
1726,67,20.33,0,20.33,0.3930555555555556,True,False
1727,76,20.24,0,20.24,0.39270370370370367,True,False
1728,79,20.209999999999997,0,20.209999999999997,0.39235185185185184,True,False
1729,78,20.22,0,20.22,0.392,True,False
1730,63,20.369999999999997,0,20.369999999999997,0.3916481481481482,True,False
1731,72,20.279999999999998,0,20.279999999999998,0.39129629629629636,True,False
1732,82,20.18,0,20.18,0.39094444444444454,True,False
1733,80,20.2,0,20.2,0.3905925925925927,True,False
1734,81,20.189999999999998,0,20.189999999999998,0.3902407407407408,True,False
1735,74,20.259999999999998,0,20.259999999999998,0.38988888888888884,True,False
1736,68,20.319999999999997,0,20.319999999999997,0.389537037037037,True,False
1737,69,20.31,0,20.31,0.3891851851851852,True,False
1738,74,20.259999999999998,0,20.259999999999998,0.38883333333333336,True,False
1739,81,20.189999999999998,0,20.189999999999998,0.38848148148148154,True,False
1740,65,20.349999999999998,0,20.349999999999998,0.3881296296296297,True,False
1741,76,20.24,0,20.24,0.3877777777777778,True,False
1742,71,20.29,0,20.29,0.38742592592592595,True,False
1743,66,20.339999999999996,0,20.339999999999996,0.3870740740740741,True,False
1744,71,20.29,0,20.29,0.3867222222222223,True,False
1745,97,20.029999999999998,0,20.029999999999998,0.3863703703703705,True,False
1746,61,20.389999999999997,0,20.389999999999997,0.38601851851851854,True,False
1747,73,20.27,0,20.27,0.3856666666666667,True,False
1748,75,20.249999999999996,0,20.249999999999996,0.3853148148148148,True,False
1749,62,20.38,0,20.38,0.38496296296296295,True,False
1750,75,20.249999999999996,0,20.249999999999996,0.3846111111111111,True,False
1751,88,20.119999999999997,0,20.119999999999997,0.3842592592592593,True,False
1752,74,20.259999999999998,0,20.259999999999998,0.3839074074074075,True,False
1753,65,20.349999999999998,0,20.349999999999998,0.38355555555555565,True,False
1754,59,20.409999999999997,0,20.409999999999997,0.3832037037037037,True,False
1755,82,20.18,0,20.18,0.3828518518518519,True,False
1756,84,20.159999999999997,0,20.159999999999997,0.38250000000000006,True,False
1757,73,20.27,0,20.27,0.3821481481481481,True,False
1758,68,20.319999999999997,0,20.319999999999997,0.3817962962962963,True,False
1759,83,20.169999999999998,0,20.169999999999998,0.3814444444444445,True,False
1760,82,20.18,0,20.18,0.38109259259259265,True,False
1761,92,20.08,0,20.08,0.3807407407407407,True,False
1762,85,20.15,0,20.15,0.3803888888888889,True,False
1763,80,20.2,0,20.2,0.38003703703703706,True,False
1764,83,20.169999999999998,0,20.169999999999998,0.37968518518518524,True,False
1765,80,20.2,0,20.2,0.3793333333333334,True,False
1766,68,20.319999999999997,0,20.319999999999997,0.3789814814814816,True,False
1767,68,20.319999999999997,0,20.319999999999997,0.37862962962962965,True,False
1768,95,20.049999999999997,0,20.049999999999997,0.3782777777777777,True,False
1769,81,20.189999999999998,0,20.189999999999998,0.3779259259259259,True,False
1770,77,20.229999999999997,0,20.229999999999997,0.37757407407407406,True,False
1771,91,20.089999999999996,0,20.089999999999996,0.37722222222222224,True,False
1772,86,20.139999999999997,0,20.139999999999997,0.3768703703703704,True,False
1773,61,20.389999999999997,0,20.389999999999997,0.3765185185185186,True,False
1774,84,20.159999999999997,0,20.159999999999997,0.37616666666666676,True,False
1775,77,20.229999999999997,0,20.229999999999997,0.3758148148148148,True,False
1776,62,20.38,0,20.38,0.375462962962963,True,False
1777,71,20.29,0,20.29,0.3751111111111112,True,False
1778,61,20.389999999999997,0,20.389999999999997,0.37475925925925924,True,False
1779,68,20.319999999999997,0,20.319999999999997,0.3744074074074074,True,False
1780,77,20.229999999999997,0,20.229999999999997,0.3740555555555556,True,False
1781,81,20.189999999999998,0,20.189999999999998,0.37370370370370376,True,False
1782,61,20.389999999999997,0,20.389999999999997,0.3733518518518518,True,False
1783,67,20.33,0,20.33,0.373,True,False
1784,72,20.279999999999998,0,20.279999999999998,0.3726481481481482,True,False
1785,86,20.139999999999997,0,20.139999999999997,0.37229629629629635,True,False
1786,69,20.31,0,20.31,0.3719444444444445,True,False
1787,77,20.229999999999997,0,20.229999999999997,0.3715925925925927,True,False
1788,69,20.31,0,20.31,0.37124074074074087,True,False
1789,69,20.31,0,20.31,0.3708888888888888,True,False
1790,68,20.319999999999997,0,20.319999999999997,0.370537037037037,True,False
1791,73,20.27,0,20.27,0.3701851851851852,True,False
1792,74,20.259999999999998,0,20.259999999999998,0.36983333333333335,True,False
1793,79,20.209999999999997,0,20.209999999999997,0.3694814814814815,True,False
1794,73,20.27,0,20.27,0.3691296296296297,True,False
1795,79,20.209999999999997,0,20.209999999999997,0.36877777777777787,True,False
1796,83,20.169999999999998,0,20.169999999999998,0.36842592592592593,True,False
1797,68,20.319999999999997,0,20.319999999999997,0.3680740740740741,True,False
1798,68,20.319999999999997,0,20.319999999999997,0.3677222222222223,True,False
1799,68,20.319999999999997,0,20.319999999999997,0.36737037037037046,True,False
1800,71,20.29,0,20.29,0.3670185185185185,True,False
1801,62,20.38,0,20.38,0.3666666666666667,True,False
1802,66,20.339999999999996,0,20.339999999999996,0.36631481481481487,True,False
1803,61,20.389999999999997,0,20.389999999999997,0.36596296296296293,True,False
1804,72,20.279999999999998,0,20.279999999999998,0.3656111111111111,True,False
1805,80,20.2,0,20.2,0.3652592592592593,True,False
1806,69,20.31,0,20.31,0.36490740740740746,True,False
1807,77,20.229999999999997,0,20.229999999999997,0.36455555555555563,True,False
1808,89,20.11,0,20.11,0.3642037037037038,True,False
1809,83,20.169999999999998,0,20.169999999999998,0.363851851851852,True,False
1810,71,20.29,0,20.29,0.36350000000000005,True,False
1811,76,20.24,0,20.24,0.3631481481481481,True,False
1812,74,20.259999999999998,0,20.259999999999998,0.3627962962962963,True,False
1813,61,20.389999999999997,0,20.389999999999997,0.36244444444444446,True,False
1814,73,20.27,0,20.27,0.36209259259259263,True,False
1815,63,20.369999999999997,0,20.369999999999997,0.3617407407407408,True,False
1816,63,20.369999999999997,0,20.369999999999997,0.36138888888888887,True,False
1817,78,20.22,0,20.22,0.36103703703703705,True,False
1818,83,20.169999999999998,0,20.169999999999998,0.3606851851851852,True,False
1819,78,20.22,0,20.22,0.3603333333333334,True,False
1820,78,20.22,0,20.22,0.35998148148148157,True,False
1821,75,20.249999999999996,0,20.249999999999996,0.35962962962962963,True,False
1822,60,20.4,0,20.4,0.3592777777777778,True,False
1823,69,20.31,0,20.31,0.35892592592592587,True,False
1824,95,20.049999999999997,0,20.049999999999997,0.35857407407407405,True,False
1825,64,20.36,0,20.36,0.3582222222222222,True,False
1826,72,20.279999999999998,0,20.279999999999998,0.3578703703703704,True,False
1827,81,20.189999999999998,0,20.189999999999998,0.35751851851851857,True,False
1828,84,20.159999999999997,0,20.159999999999997,0.35716666666666674,True,False
1829,66,20.339999999999996,0,20.339999999999996,0.3568148148148149,True,False
1830,65,20.349999999999998,0,20.349999999999998,0.356462962962963,True,False
1831,67,20.33,0,20.33,0.35611111111111116,True,False
1832,78,20.22,0,20.22,0.3557592592592592,True,False
1833,76,20.24,0,20.24,0.3554074074074074,True,False
1834,64,20.36,0,20.36,0.35505555555555557,True,False
1835,62,20.38,0,20.38,0.35470370370370374,True,False
1836,74,20.259999999999998,0,20.259999999999998,0.3543518518518519,True,False
1837,72,20.279999999999998,0,20.279999999999998,0.354,True,False
1838,68,20.319999999999997,0,20.319999999999997,0.35364814814814816,True,False
1839,73,20.27,0,20.27,0.35329629629629633,True,False
1840,74,20.259999999999998,0,20.259999999999998,0.3529444444444445,True,False
1841,80,20.2,0,20.2,0.3525925925925927,True,False
1842,67,20.33,0,20.33,0.35224074074074085,True,False
1843,60,20.4,0,20.4,0.3518888888888889,True,False
1844,67,20.33,0,20.33,0.351537037037037,True,False
1845,75,20.249999999999996,0,20.249999999999996,0.35118518518518516,True,False
1846,83,20.169999999999998,0,20.169999999999998,0.35083333333333333,True,False
1847,67,20.33,0,20.33,0.3504814814814815,True,False
1848,67,20.33,0,20.33,0.3501296296296297,True,False
1849,86,20.139999999999997,0,20.139999999999997,0.34977777777777785,True,False
1850,72,20.279999999999998,0,20.279999999999998,0.34942592592592603,True,False
1851,63,20.369999999999997,0,20.369999999999997,0.3490740740740741,True,False
1852,75,20.249999999999996,0,20.249999999999996,0.34872222222222227,True,False
1853,59,20.409999999999997,0,20.409999999999997,0.34837037037037044,True,False
1854,78,20.22,0,20.22,0.3480185185185185,True,False
1855,73,20.27,0,20.27,0.3476666666666667,True,False
1856,73,20.27,0,20.27,0.34731481481481485,True,False
1857,78,20.22,0,20.22,0.34696296296296303,True,False
1858,67,20.33,0,20.33,0.3466111111111111,True,False
1859,76,20.24,0,20.24,0.34625925925925927,True,False
1860,93,20.069999999999997,0,20.069999999999997,0.34590740740740744,True,False
1861,72,20.279999999999998,0,20.279999999999998,0.3455555555555556,True,False
1862,77,20.229999999999997,0,20.229999999999997,0.3452037037037038,True,False
1863,55,20.45,0,20.45,0.34485185185185196,True,False
1864,68,20.319999999999997,0,20.319999999999997,0.34450000000000003,True,False
1865,60,20.4,0,20.4,0.3441481481481481,True,False
1866,61,20.389999999999997,0,20.389999999999997,0.34379629629629627,True,False
1867,63,20.369999999999997,0,20.369999999999997,0.34344444444444444,True,False
1868,66,20.339999999999996,0,20.339999999999996,0.3430925925925926,True,False
1869,65,20.349999999999998,0,20.349999999999998,0.3427407407407408,True,False
1870,75,20.249999999999996,0,20.249999999999996,0.34238888888888896,True,False
1871,68,20.319999999999997,0,20.319999999999997,0.34203703703703714,True,False
1872,83,20.169999999999998,0,20.169999999999998,0.3416851851851852,True,False
1873,71,20.29,0,20.29,0.3413333333333334,True,False
1874,77,20.229999999999997,0,20.229999999999997,0.34098148148148155,True,False
1875,69,20.31,0,20.31,0.3406296296296296,True,False
1876,64,20.36,0,20.36,0.3402777777777778,True,False
1877,70,20.299999999999997,0,20.299999999999997,0.33992592592592596,True,False
1878,69,20.31,0,20.31,0.33957407407407403,True,False
1879,72,20.279999999999998,0,20.279999999999998,0.3392222222222222,True,False
1880,58,20.419999999999998,0,20.419999999999998,0.3388703703703704,True,False
1881,96,20.04,0,20.04,0.33851851851851855,True,False
1882,60,20.4,0,20.4,0.3381666666666667,True,False
1883,81,20.189999999999998,0,20.189999999999998,0.3378148148148149,True,False
1884,70,20.299999999999997,0,20.299999999999997,0.3374629629629631,True,False
1885,62,20.38,0,20.38,0.33711111111111114,True,False
1886,80,20.2,0,20.2,0.3367592592592592,True,False
1887,63,20.369999999999997,0,20.369999999999997,0.3364074074074074,True,False
1888,71,20.29,0,20.29,0.33605555555555555,True,False
1889,70,20.299999999999997,0,20.299999999999997,0.3357037037037037,True,False
1890,59,20.409999999999997,0,20.409999999999997,0.3353518518518519,True,False
1891,59,20.409999999999997,0,20.409999999999997,0.3350000000000001,True,False
1892,60,20.4,0,20.4,0.33464814814814814,True,False
1893,62,20.38,0,20.38,0.3342962962962963,True,False
1894,85,20.15,0,20.15,0.3339444444444445,True,False
1895,62,20.38,0,20.38,0.33359259259259266,True,False
1896,73,20.27,0,20.27,0.33324074074074084,True,False
1897,67,20.33,0,20.33,0.3328888888888889,True,False
1898,71,20.29,0,20.29,0.3325370370370371,True,False
1899,72,20.279999999999998,0,20.279999999999998,0.33218518518518514,True,False
1900,72,20.279999999999998,0,20.279999999999998,0.3318333333333333,True,False
1901,69,20.31,0,20.31,0.3314814814814815,True,False
1902,59,20.409999999999997,0,20.409999999999997,0.33112962962962966,True,False
1903,59,20.409999999999997,0,20.409999999999997,0.33077777777777784,True,False
1904,92,20.08,0,20.08,0.330425925925926,True,False
1905,65,20.349999999999998,0,20.349999999999998,0.3300740740740742,True,False
1906,72,20.279999999999998,0,20.279999999999998,0.32972222222222225,True,False
1907,68,20.319999999999997,0,20.319999999999997,0.3293703703703704,True,False
1908,65,20.349999999999998,0,20.349999999999998,0.3290185185185185,True,False
1909,75,20.249999999999996,0,20.249999999999996,0.32866666666666666,True,False
1910,67,20.33,0,20.33,0.32831481481481484,True,False
1911,72,20.279999999999998,0,20.279999999999998,0.327962962962963,True,False
1912,74,20.259999999999998,0,20.259999999999998,0.3276111111111112,True,False
1913,61,20.389999999999997,0,20.389999999999997,0.32725925925925925,True,False
1914,74,20.259999999999998,0,20.259999999999998,0.3269074074074074,True,False
1915,65,20.349999999999998,0,20.349999999999998,0.3265555555555556,True,False
1916,77,20.229999999999997,0,20.229999999999997,0.3262037037037038,True,False
1917,67,20.33,0,20.33,0.32585185185185195,True,False
1918,63,20.369999999999997,0,20.369999999999997,0.3255,True,False
1919,63,20.369999999999997,0,20.369999999999997,0.3251481481481482,True,False
1920,73,20.27,0,20.27,0.32479629629629625,True,False
1921,72,20.279999999999998,0,20.279999999999998,0.3244444444444444,True,False
1922,65,20.349999999999998,0,20.349999999999998,0.3240925925925926,True,False
1923,70,20.299999999999997,0,20.299999999999997,0.3237407407407408,True,False
1924,76,20.24,0,20.24,0.32338888888888895,True,False
1925,65,20.349999999999998,0,20.349999999999998,0.3230370370370371,True,False
1926,67,20.33,0,20.33,0.3226851851851853,True,False
1927,57,20.43,0,20.43,0.32233333333333336,True,False
1928,55,20.45,0,20.45,0.32198148148148154,True,False
1929,64,20.36,0,20.36,0.3216296296296296,True,False
1930,74,20.259999999999998,0,20.259999999999998,0.3212777777777778,True,False
1931,68,20.319999999999997,0,20.319999999999997,0.32092592592592595,True,False
1932,62,20.38,0,20.38,0.3205740740740741,True,False
1933,65,20.349999999999998,0,20.349999999999998,0.3202222222222223,True,False
1934,66,20.339999999999996,0,20.339999999999996,0.31987037037037036,True,False
1935,68,20.319999999999997,0,20.319999999999997,0.31951851851851854,True,False
1936,79,20.209999999999997,0,20.209999999999997,0.3191666666666667,True,False
1937,60,20.4,0,20.4,0.3188148148148149,True,False
1938,59,20.409999999999997,0,20.409999999999997,0.31846296296296306,True,False
1939,72,20.279999999999998,0,20.279999999999998,0.31811111111111123,True,False
1940,64,20.36,0,20.36,0.3177592592592592,True,False
1941,67,20.33,0,20.33,0.31740740740740736,True,False
1942,68,20.319999999999997,0,20.319999999999997,0.31705555555555553,True,False
1943,65,20.349999999999998,0,20.349999999999998,0.3167037037037037,True,False
1944,66,20.339999999999996,0,20.339999999999996,0.3163518518518519,True,False
1945,51,20.49,0,20.49,0.31600000000000006,True,False
1946,71,20.29,0,20.29,0.31564814814814823,True,False
1947,71,20.29,0,20.29,0.3152962962962963,True,False
1948,66,20.339999999999996,0,20.339999999999996,0.31494444444444447,True,False
1949,59,20.409999999999997,0,20.409999999999997,0.31459259259259265,True,False
1950,70,20.299999999999997,0,20.299999999999997,0.3142407407407408,True,False
1951,66,20.339999999999996,0,20.339999999999996,0.3138888888888889,True,False
1952,75,20.249999999999996,0,20.249999999999996,0.31353703703703706,True,False
1953,65,20.349999999999998,0,20.349999999999998,0.31318518518518523,True,False
1954,69,20.31,0,20.31,0.3128333333333333,True,False
1955,71,20.29,0,20.29,0.31248148148148147,True,False
1956,79,20.209999999999997,0,20.209999999999997,0.31212962962962965,True,False
1957,65,20.349999999999998,0,20.349999999999998,0.3117777777777778,True,False
1958,68,20.319999999999997,0,20.319999999999997,0.311425925925926,True,False
1959,64,20.36,0,20.36,0.31107407407407417,True,False
1960,65,20.349999999999998,0,20.349999999999998,0.31072222222222234,True,False
1961,72,20.279999999999998,0,20.279999999999998,0.3103703703703704,True,False
1962,69,20.31,0,20.31,0.31001851851851847,True,False
1963,67,20.33,0,20.33,0.30966666666666665,True,False
1964,64,20.36,0,20.36,0.3093148148148148,True,False
1965,68,20.319999999999997,0,20.319999999999997,0.308962962962963,True,False
1966,59,20.409999999999997,0,20.409999999999997,0.30861111111111117,True,False
1967,80,20.2,0,20.2,0.30825925925925934,True,False
1968,66,20.339999999999996,0,20.339999999999996,0.3079074074074074,True,False
1969,57,20.43,0,20.43,0.3075555555555556,True,False
1970,68,20.319999999999997,0,20.319999999999997,0.30720370370370376,True,False
1971,66,20.339999999999996,0,20.339999999999996,0.30685185185185193,True,False
1972,56,20.439999999999998,0,20.439999999999998,0.3065,True,False
1973,74,20.259999999999998,0,20.259999999999998,0.30614814814814817,True,False
1974,71,20.29,0,20.29,0.30579629629629634,True,False
1975,80,20.2,0,20.2,0.3054444444444444,True,False
1976,69,20.31,0,20.31,0.3050925925925926,True,False
1977,55,20.45,0,20.45,0.30474074074074076,True,False
1978,78,20.22,0,20.22,0.30438888888888893,True,False
1979,68,20.319999999999997,0,20.319999999999997,0.3040370370370371,True,False
1980,69,20.31,0,20.31,0.3036851851851853,True,False
1981,78,20.22,0,20.22,0.30333333333333345,True,False
1982,57,20.43,0,20.43,0.3029814814814815,True,False
1983,63,20.369999999999997,0,20.369999999999997,0.3026296296296296,True,False
1984,60,20.4,0,20.4,0.30227777777777776,True,False
1985,65,20.349999999999998,0,20.349999999999998,0.30192592592592593,True,False
1986,63,20.369999999999997,0,20.369999999999997,0.3015740740740741,True,False
1987,59,20.409999999999997,0,20.409999999999997,0.3012222222222223,True,False
1988,74,20.259999999999998,0,20.259999999999998,0.30087037037037045,True,False
1989,65,20.349999999999998,0,20.349999999999998,0.3005185185185185,True,False
1990,85,20.15,0,20.15,0.3001666666666667,True,False
1991,59,20.409999999999997,0,20.409999999999997,0.29981481481481487,True,False
1992,68,20.319999999999997,0,20.319999999999997,0.29946296296296304,True,False
1993,54,20.459999999999997,0,20.459999999999997,0.2991111111111112,True,False
1994,55,20.45,0,20.45,0.2987592592592593,True,False
1995,74,20.259999999999998,0,20.259999999999998,0.29840740740740745,True,False
1996,58,20.419999999999998,0,20.419999999999998,0.2980555555555555,True,False
1997,68,20.319999999999997,0,20.319999999999997,0.2977037037037037,True,False
1998,60,20.4,0,20.4,0.29735185185185187,True,False
1999,60,20.4,0,20.4,0.29700000000000004,True,False
2000,73,20.27,0,20.27,0.2966481481481482,True,False
2001,77,20.229999999999997,0,20.229999999999997,0.2962962962962964,True,False
2002,65,20.349999999999998,0,20.349999999999998,0.29594444444444445,True,False
2003,77,20.229999999999997,0,20.229999999999997,0.29559259259259263,True,False
2004,54,20.459999999999997,0,20.459999999999997,0.2952407407407408,True,False
2005,69,20.31,0,20.31,0.29488888888888887,True,False
2006,60,20.4,0,20.4,0.29453703703703704,True,False
2007,55,20.45,0,20.45,0.2941851851851852,True,False
2008,64,20.36,0,20.36,0.2938333333333334,True,False
2009,81,20.189999999999998,0,20.189999999999998,0.29348148148148145,True,False
2010,66,20.339999999999996,0,20.339999999999996,0.29312962962962963,True,False
2011,63,20.369999999999997,0,20.369999999999997,0.2927777777777778,True,False
2012,60,20.4,0,20.4,0.292425925925926,True,False
2013,69,20.31,0,20.31,0.29207407407407415,True,False
2014,61,20.389999999999997,0,20.389999999999997,0.2917222222222223,True,False
2015,54,20.459999999999997,0,20.459999999999997,0.2913703703703704,True,False
2016,71,20.29,0,20.29,0.29101851851851845,True,False
2017,71,20.29,0,20.29,0.29066666666666663,True,False
2018,71,20.29,0,20.29,0.2903148148148148,True,False
2019,64,20.36,0,20.36,0.289962962962963,True,False
2020,59,20.409999999999997,0,20.409999999999997,0.28961111111111115,True,False
2021,73,20.27,0,20.27,0.2892592592592593,True,False
2022,58,20.419999999999998,0,20.419999999999998,0.2889074074074075,True,False
2023,78,20.22,0,20.22,0.28855555555555557,True,False
2024,54,20.459999999999997,0,20.459999999999997,0.28820370370370374,True,False
2025,71,20.29,0,20.29,0.2878518518518519,True,False
2026,62,20.38,0,20.38,0.2875000000000001,True,False
2027,68,20.319999999999997,0,20.319999999999997,0.28714814814814815,True,False
2028,70,20.299999999999997,0,20.299999999999997,0.2867962962962963,True,False
2029,61,20.389999999999997,0,20.389999999999997,0.2864444444444445,True,False
2030,66,20.339999999999996,0,20.339999999999996,0.28609259259259257,True,False
2031,58,20.419999999999998,0,20.419999999999998,0.28574074074074074,True,False
2032,69,20.31,0,20.31,0.2853888888888889,True,False
2033,69,20.31,0,20.31,0.2850370370370371,True,False
2034,65,20.349999999999998,0,20.349999999999998,0.28468518518518526,True,False
2035,62,20.38,0,20.38,0.28433333333333344,True,False
2036,72,20.279999999999998,0,20.279999999999998,0.2839814814814816,True,False
2037,57,20.43,0,20.43,0.2836296296296297,True,False
2038,68,20.319999999999997,0,20.319999999999997,0.28327777777777774,True,False
2039,68,20.319999999999997,0,20.319999999999997,0.2829259259259259,True,False
2040,65,20.349999999999998,0,20.349999999999998,0.2825740740740741,True,False
2041,70,20.299999999999997,0,20.299999999999997,0.28222222222222226,True,False
2042,63,20.369999999999997,0,20.369999999999997,0.28187037037037044,True,False
2043,69,20.31,0,20.31,0.2815185185185186,True,False
2044,62,20.38,0,20.38,0.2811666666666667,True,False
2045,55,20.45,0,20.45,0.28081481481481485,True,False
2046,65,20.349999999999998,0,20.349999999999998,0.280462962962963,True,False
2047,63,20.369999999999997,0,20.369999999999997,0.2801111111111112,True,False
2048,74,20.259999999999998,0,20.259999999999998,0.27975925925925926,True,False
2049,66,20.339999999999996,0,20.339999999999996,0.27940740740740744,True,False
2050,67,20.33,0,20.33,0.2790555555555556,True,False
2051,59,20.409999999999997,0,20.409999999999997,0.2787037037037037,True,False
2052,62,20.38,0,20.38,0.27835185185185185,True,False
2053,57,20.43,0,20.43,0.278,True,False
2054,70,20.299999999999997,0,20.299999999999997,0.2776481481481482,True,False
2055,63,20.369999999999997,0,20.369999999999997,0.2772962962962964,True,False
2056,63,20.369999999999997,0,20.369999999999997,0.27694444444444455,True,False
2057,64,20.36,0,20.36,0.2765925925925926,True,False
2058,61,20.389999999999997,0,20.389999999999997,0.2762407407407408,True,False
2059,64,20.36,0,20.36,0.27588888888888885,True,False
2060,58,20.419999999999998,0,20.419999999999998,0.275537037037037,True,False
2061,68,20.319999999999997,0,20.319999999999997,0.2751851851851852,True,False
2062,66,20.339999999999996,0,20.339999999999996,0.2748333333333334,True,False
2063,78,20.22,0,20.22,0.27448148148148155,True,False
2064,77,20.229999999999997,0,20.229999999999997,0.2741296296296296,True,False
2065,58,20.419999999999998,0,20.419999999999998,0.2737777777777778,True,False
2066,67,20.33,0,20.33,0.27342592592592596,True,False
2067,53,20.47,0,20.47,0.27307407407407414,True,False
2068,68,20.319999999999997,0,20.319999999999997,0.2727222222222223,True,False
2069,58,20.419999999999998,0,20.419999999999998,0.2723703703703705,True,False
2070,58,20.419999999999998,0,20.419999999999998,0.27201851851851855,True,False
2071,62,20.38,0,20.38,0.2716666666666666,True,False
2072,63,20.369999999999997,0,20.369999999999997,0.2713148148148148,True,False
2073,69,20.31,0,20.31,0.27096296296296296,True,False
2074,66,20.339999999999996,0,20.339999999999996,0.27061111111111114,True,False
2075,65,20.349999999999998,0,20.349999999999998,0.2702592592592593,True,False
2076,67,20.33,0,20.33,0.2699074074074075,True,False
2077,71,20.29,0,20.29,0.26955555555555566,True,False
2078,67,20.33,0,20.33,0.2692037037037037,True,False
2079,69,20.31,0,20.31,0.2688518518518519,True,False
2080,57,20.43,0,20.43,0.26850000000000007,True,False
2081,67,20.33,0,20.33,0.26814814814814814,True,False
2082,54,20.459999999999997,0,20.459999999999997,0.2677962962962963,True,False
2083,72,20.279999999999998,0,20.279999999999998,0.2674444444444445,True,False
2084,57,20.43,0,20.43,0.26709259259259266,True,False
2085,59,20.409999999999997,0,20.409999999999997,0.2667407407407407,True,False
2086,65,20.349999999999998,0,20.349999999999998,0.2663888888888889,True,False
2087,64,20.36,0,20.36,0.26603703703703707,True,False
2088,74,20.259999999999998,0,20.259999999999998,0.26568518518518525,True,False
2089,73,20.27,0,20.27,0.2653333333333334,True,False
2090,58,20.419999999999998,0,20.419999999999998,0.2649814814814816,True,False
2091,57,20.43,0,20.43,0.26462962962962966,True,False
2092,66,20.339999999999996,0,20.339999999999996,0.2642777777777777,True,False
2093,64,20.36,0,20.36,0.2639259259259259,True,False
2094,55,20.45,0,20.45,0.26357407407407407,True,False
2095,63,20.369999999999997,0,20.369999999999997,0.26322222222222225,True,False
2096,74,20.259999999999998,0,20.259999999999998,0.2628703703703704,True,False
2097,58,20.419999999999998,0,20.419999999999998,0.2625185185185186,True,False
2098,64,20.36,0,20.36,0.26216666666666677,True,False
2099,50,20.499999999999996,0,20.499999999999996,0.26181481481481483,True,False
2100,64,20.36,0,20.36,0.261462962962963,True,False
2101,51,20.49,0,20.49,0.2611111111111112,True,False
2102,64,20.36,0,20.36,0.26075925925925925,True,False
2103,59,20.409999999999997,0,20.409999999999997,0.2604074074074074,True,False
2104,69,20.31,0,20.31,0.2600555555555556,True,False
2105,60,20.4,0,20.4,0.25970370370370377,True,False
2106,49,20.509999999999998,0,20.509999999999998,0.25935185185185183,True,False
2107,67,20.33,0,20.33,0.259,True,False
2108,70,20.299999999999997,0,20.299999999999997,0.2586481481481482,True,False
2109,67,20.33,0,20.33,0.25829629629629636,True,False
2110,72,20.279999999999998,0,20.279999999999998,0.25794444444444453,True,False
2111,66,20.339999999999996,0,20.339999999999996,0.2575925925925927,True,False
2112,60,20.4,0,20.4,0.2572407407407409,True,False
2113,65,20.349999999999998,0,20.349999999999998,0.25688888888888883,True,False
2114,67,20.33,0,20.33,0.256537037037037,True,False
2115,62,20.38,0,20.38,0.2561851851851852,True,False
2116,62,20.38,0,20.38,0.25583333333333336,True,False
2117,57,20.43,0,20.43,0.25548148148148153,True,False
2118,66,20.339999999999996,0,20.339999999999996,0.2551296296296297,True,False
2119,67,20.33,0,20.33,0.25477777777777777,True,False
2120,66,20.339999999999996,0,20.339999999999996,0.25442592592592594,True,False
2121,57,20.43,0,20.43,0.2540740740740741,True,False
2122,65,20.349999999999998,0,20.349999999999998,0.2537222222222223,True,False
2123,74,20.259999999999998,0,20.259999999999998,0.25337037037037047,True,False
2124,57,20.43,0,20.43,0.25301851851851853,True,False
2125,61,20.389999999999997,0,20.389999999999997,0.2526666666666667,True,False
2126,65,20.349999999999998,0,20.349999999999998,0.25231481481481477,True,False
2127,72,20.279999999999998,0,20.279999999999998,0.25196296296296294,True,False
2128,61,20.389999999999997,0,20.389999999999997,0.2516111111111111,True,False
2129,64,20.36,0,20.36,0.2512592592592593,True,False
2130,61,20.389999999999997,0,20.389999999999997,0.25090740740740747,True,False
2131,73,20.27,0,20.27,0.25055555555555564,True,False
2132,63,20.369999999999997,0,20.369999999999997,0.2502037037037038,True,False
2133,63,20.369999999999997,0,20.369999999999997,0.24985185185185188,True,False
2134,57,20.43,0,20.43,0.24950000000000006,True,False
2135,58,20.419999999999998,0,20.419999999999998,0.24914814814814812,True,False
2136,65,20.349999999999998,0,20.349999999999998,0.2487962962962963,True,False
2137,63,20.369999999999997,0,20.369999999999997,0.24844444444444447,True,False
2138,62,20.38,0,20.38,0.24809259259259264,True,False
2139,70,20.299999999999997,0,20.299999999999997,0.24774074074074082,True,False
2140,61,20.389999999999997,0,20.389999999999997,0.24738888888888888,True,False
2141,62,20.38,0,20.38,0.24703703703703705,True,False
2142,65,20.349999999999998,0,20.349999999999998,0.24668518518518523,True,False
2143,60,20.4,0,20.4,0.2463333333333334,True,False
2144,64,20.36,0,20.36,0.24598148148148158,True,False
2145,67,20.33,0,20.33,0.24562962962962964,True,False
2146,53,20.47,0,20.47,0.24527777777777782,True,False
2147,60,20.4,0,20.4,0.24492592592592588,True,False
2148,58,20.419999999999998,0,20.419999999999998,0.24457407407407405,True,False
2149,54,20.459999999999997,0,20.459999999999997,0.24422222222222223,True,False
2150,67,20.33,0,20.33,0.2438703703703704,True,False
2151,59,20.409999999999997,0,20.409999999999997,0.24351851851851858,True,False
2152,50,20.499999999999996,0,20.499999999999996,0.24316666666666675,True,False
2153,61,20.389999999999997,0,20.389999999999997,0.24281481481481493,True,False
2154,62,20.38,0,20.38,0.242462962962963,True,False
2155,62,20.38,0,20.38,0.24211111111111117,True,False
2156,54,20.459999999999997,0,20.459999999999997,0.24175925925925923,True,False
2157,64,20.36,0,20.36,0.2414074074074074,True,False
2158,65,20.349999999999998,0,20.349999999999998,0.24105555555555558,True,False
2159,64,20.36,0,20.36,0.24070370370370375,True,False
2160,61,20.389999999999997,0,20.389999999999997,0.24035185185185193,True,False
2161,69,20.31,0,20.31,0.24,True,False
2162,61,20.389999999999997,0,20.389999999999997,0.23964814814814817,True,False
2163,58,20.419999999999998,0,20.419999999999998,0.23929629629629634,True,False
2164,57,20.43,0,20.43,0.23894444444444451,True,False
2165,53,20.47,0,20.47,0.2385925925925927,True,False
2166,53,20.47,0,20.47,0.23824074074074086,True,False
2167,63,20.369999999999997,0,20.369999999999997,0.23788888888888893,True,False
2168,55,20.45,0,20.45,0.237537037037037,True,False
2169,71,20.29,0,20.29,0.23718518518518517,True,False
2170,65,20.349999999999998,0,20.349999999999998,0.23683333333333334,True,False
2171,56,20.439999999999998,0,20.439999999999998,0.23648148148148151,True,False
2172,60,20.4,0,20.4,0.2361296296296297,True,False
2173,67,20.33,0,20.33,0.23577777777777786,True,False
2174,60,20.4,0,20.4,0.23542592592592604,True,False
2175,63,20.369999999999997,0,20.369999999999997,0.2350740740740741,True,False
2176,67,20.33,0,20.33,0.23472222222222228,True,False
2177,58,20.419999999999998,0,20.419999999999998,0.23437037037037045,True,False
2178,60,20.4,0,20.4,0.23401851851851851,True,False
2179,54,20.459999999999997,0,20.459999999999997,0.2336666666666667,True,False
2180,65,20.349999999999998,0,20.349999999999998,0.23331481481481486,True,False
2181,53,20.47,0,20.47,0.23296296296296293,True,False
2182,54,20.459999999999997,0,20.459999999999997,0.2326111111111111,True,False
2183,56,20.439999999999998,0,20.439999999999998,0.23225925925925928,True,False
2184,56,20.439999999999998,0,20.439999999999998,0.23190740740740745,True,False
2185,64,20.36,0,20.36,0.23155555555555563,True,False
2186,54,20.459999999999997,0,20.459999999999997,0.2312037037037038,True,False
2187,62,20.38,0,20.38,0.23085185185185197,True,False
2188,59,20.409999999999997,0,20.409999999999997,0.23050000000000004,True,False
2189,57,20.43,0,20.43,0.2301481481481481,True,False
2190,50,20.499999999999996,0,20.499999999999996,0.22979629629629628,True,False
2191,54,20.459999999999997,0,20.459999999999997,0.22944444444444445,True,False
2192,59,20.409999999999997,0,20.409999999999997,0.22909259259259263,True,False
2193,55,20.45,0,20.45,0.2287407407407408,True,False
2194,64,20.36,0,20.36,0.22838888888888897,True,False
2195,61,20.389999999999997,0,20.389999999999997,0.22803703703703704,True,False
2196,50,20.499999999999996,0,20.499999999999996,0.2276851851851852,True,False
2197,61,20.389999999999997,0,20.389999999999997,0.2273333333333334,True,False
2198,55,20.45,0,20.45,0.22698148148148156,True,False
2199,61,20.389999999999997,0,20.389999999999997,0.22662962962962963,True,False
2200,67,20.33,0,20.33,0.2262777777777778,True,False
2201,63,20.369999999999997,0,20.369999999999997,0.22592592592592597,True,False
2202,60,20.4,0,20.4,0.22557407407407404,True,False
2203,52,20.479999999999997,0,20.479999999999997,0.2252222222222222,True,False
2204,57,20.43,0,20.43,0.2248703703703704,True,False
2205,58,20.419999999999998,0,20.419999999999998,0.22451851851851856,True,False
2206,53,20.47,0,20.47,0.22416666666666674,True,False
2207,65,20.349999999999998,0,20.349999999999998,0.2238148148148149,True,False
2208,75,20.249999999999996,0,20.249999999999996,0.22346296296296309,True,False
2209,64,20.36,0,20.36,0.22311111111111115,True,False
2210,65,20.349999999999998,0,20.349999999999998,0.2227592592592592,True,False
2211,58,20.419999999999998,0,20.419999999999998,0.2224074074074074,True,False
2212,58,20.419999999999998,0,20.419999999999998,0.22205555555555556,True,False
2213,55,20.45,0,20.45,0.22170370370370374,True,False
2214,65,20.349999999999998,0,20.349999999999998,0.2213518518518519,True,False
2215,56,20.439999999999998,0,20.439999999999998,0.22100000000000009,True,False
2216,76,20.24,0,20.24,0.22064814814814815,True,False
2217,55,20.45,0,20.45,0.22029629629629632,True,False
2218,64,20.36,0,20.36,0.2199444444444445,True,False
2219,55,20.45,0,20.45,0.21959259259259267,True,False
2220,60,20.4,0,20.4,0.21924074074074085,True,False
2221,61,20.389999999999997,0,20.389999999999997,0.2188888888888889,True,False
2222,62,20.38,0,20.38,0.21853703703703709,True,False
2223,77,20.229999999999997,0,20.229999999999997,0.21818518518518515,True,False
2224,62,20.38,0,20.38,0.21783333333333332,True,False
2225,56,20.439999999999998,0,20.439999999999998,0.2174814814814815,True,False
2226,53,20.47,0,20.47,0.21712962962962967,True,False
2227,56,20.439999999999998,0,20.439999999999998,0.21677777777777785,True,False
2228,57,20.43,0,20.43,0.21642592592592602,True,False
2229,60,20.4,0,20.4,0.2160740740740742,True,False
2230,58,20.419999999999998,0,20.419999999999998,0.21572222222222226,True,False
2231,69,20.31,0,20.31,0.21537037037037043,True,False
2232,54,20.459999999999997,0,20.459999999999997,0.2150185185185185,True,False
2233,56,20.439999999999998,0,20.439999999999998,0.21466666666666667,True,False
2234,57,20.43,0,20.43,0.21431481481481485,True,False
2235,57,20.43,0,20.43,0.21396296296296302,True,False
2236,56,20.439999999999998,0,20.439999999999998,0.2136111111111112,True,False
2237,63,20.369999999999997,0,20.369999999999997,0.21325925925925926,True,False
2238,57,20.43,0,20.43,0.21290740740740743,True,False
2239,73,20.27,0,20.27,0.2125555555555556,True,False
2240,56,20.439999999999998,0,20.439999999999998,0.21220370370370378,True,False
2241,56,20.439999999999998,0,20.439999999999998,0.21185185185185196,True,False
2242,58,20.419999999999998,0,20.419999999999998,0.21150000000000002,True,False
2243,67,20.33,0,20.33,0.21114814814814808,True,False
2244,52,20.479999999999997,0,20.479999999999997,0.21079629629629626,True,False
2245,53,20.47,0,20.47,0.21044444444444443,True,False
2246,56,20.439999999999998,0,20.439999999999998,0.2100925925925926,True,False
2247,55,20.45,0,20.45,0.20974074074074078,True,False
2248,57,20.43,0,20.43,0.20938888888888896,True,False
2249,60,20.4,0,20.4,0.20903703703703713,True,False
2250,56,20.439999999999998,0,20.439999999999998,0.2086851851851852,True,False
2251,60,20.4,0,20.4,0.20833333333333337,True,False
2252,58,20.419999999999998,0,20.419999999999998,0.20798148148148154,True,False
2253,66,20.339999999999996,0,20.339999999999996,0.2076296296296296,True,False
2254,54,20.459999999999997,0,20.459999999999997,0.20727777777777778,True,False
2255,60,20.4,0,20.4,0.20692592592592596,True,False
2256,60,20.4,0,20.4,0.20657407407407413,True,False
2257,56,20.439999999999998,0,20.439999999999998,0.2062222222222222,True,False
2258,52,20.479999999999997,0,20.479999999999997,0.20587037037037037,True,False
2259,56,20.439999999999998,0,20.439999999999998,0.20551851851851854,True,False
2260,59,20.409999999999997,0,20.409999999999997,0.20516666666666672,True,False
2261,53,20.47,0,20.47,0.2048148148148149,True,False
2262,60,20.4,0,20.4,0.20446296296296307,True,False
2263,61,20.389999999999997,0,20.389999999999997,0.20411111111111124,True,False
2264,67,20.33,0,20.33,0.2037592592592592,True,False
2265,55,20.45,0,20.45,0.20340740740740737,True,False
2266,53,20.47,0,20.47,0.20305555555555554,True,False
2267,56,20.439999999999998,0,20.439999999999998,0.20270370370370372,True,False
2268,52,20.479999999999997,0,20.479999999999997,0.2023518518518519,True,False
2269,65,20.349999999999998,0,20.349999999999998,0.20200000000000007,True,False
2270,64,20.36,0,20.36,0.20164814814814824,True,False
2271,51,20.49,0,20.49,0.2012962962962963,True,False
2272,58,20.419999999999998,0,20.419999999999998,0.20094444444444448,True,False
2273,60,20.4,0,20.4,0.20059259259259266,True,False
2274,54,20.459999999999997,0,20.459999999999997,0.20024074074074083,True,False
2275,54,20.459999999999997,0,20.459999999999997,0.1998888888888889,True,False
2276,53,20.47,0,20.47,0.19953703703703707,True,False
2277,57,20.43,0,20.43,0.19918518518518524,True,False
2278,58,20.419999999999998,0,20.419999999999998,0.1988333333333333,True,False
2279,59,20.409999999999997,0,20.409999999999997,0.19848148148148148,True,False
2280,55,20.45,0,20.45,0.19812962962962966,True,False
2281,60,20.4,0,20.4,0.19777777777777783,True,False
2282,51,20.49,0,20.49,0.197425925925926,True,False
2283,55,20.45,0,20.45,0.19707407407407418,True,False
2284,51,20.49,0,20.49,0.19672222222222235,True,False
2285,52,20.479999999999997,0,20.479999999999997,0.19637037037037042,True,False
2286,60,20.4,0,20.4,0.19601851851851848,True,False
2287,51,20.49,0,20.49,0.19566666666666666,True,False
2288,56,20.439999999999998,0,20.439999999999998,0.19531481481481483,True,False
2289,57,20.43,0,20.43,0.194962962962963,True,False
2290,60,20.4,0,20.4,0.19461111111111118,True,False
2291,66,20.339999999999996,0,20.339999999999996,0.19425925925925935,True,False
2292,63,20.369999999999997,0,20.369999999999997,0.19390740740740742,True,False
2293,54,20.459999999999997,0,20.459999999999997,0.1935555555555556,True,False
2294,65,20.349999999999998,0,20.349999999999998,0.19320370370370377,True,False
2295,68,20.319999999999997,0,20.319999999999997,0.19285185185185194,True,False
2296,50,20.499999999999996,0,20.499999999999996,0.1925,True,False
2297,52,20.479999999999997,0,20.479999999999997,0.19214814814814818,True,False
2298,62,20.38,0,20.38,0.19179629629629635,True,False
2299,58,20.419999999999998,0,20.419999999999998,0.19144444444444442,True,False
2300,58,20.419999999999998,0,20.419999999999998,0.1910925925925926,True,False
2301,66,20.339999999999996,0,20.339999999999996,0.19074074074074077,True,False
2302,57,20.43,0,20.43,0.19038888888888894,True,False
2303,52,20.479999999999997,0,20.479999999999997,0.19003703703703712,True,False
2304,62,20.38,0,20.38,0.1896851851851853,True,False
2305,56,20.439999999999998,0,20.439999999999998,0.18933333333333335,True,False
2306,61,20.389999999999997,0,20.389999999999997,0.18898148148148153,True,False
2307,57,20.43,0,20.43,0.1886296296296296,True,False
2308,52,20.479999999999997,0,20.479999999999997,0.18827777777777777,True,False
2309,52,20.479999999999997,0,20.479999999999997,0.18792592592592594,True,False
2310,53,20.47,0,20.47,0.18757407407407412,True,False
2311,59,20.409999999999997,0,20.409999999999997,0.1872222222222223,True,False
2312,53,20.47,0,20.47,0.18687037037037035,True,False
2313,56,20.439999999999998,0,20.439999999999998,0.18651851851851853,True,False
2314,57,20.43,0,20.43,0.1861666666666667,True,False
2315,63,20.369999999999997,0,20.369999999999997,0.18581481481481488,True,False
2316,52,20.479999999999997,0,20.479999999999997,0.18546296296296305,True,False
2317,50,20.499999999999996,0,20.499999999999996,0.18511111111111123,True,False
2318,58,20.419999999999998,0,20.419999999999998,0.1847592592592593,True,False
2319,58,20.419999999999998,0,20.419999999999998,0.18440740740740735,True,False
2320,62,20.38,0,20.38,0.18405555555555553,True,False
2321,60,20.4,0,20.4,0.1837037037037037,True,False
2322,66,20.339999999999996,0,20.339999999999996,0.18335185185185188,True,False
2323,67,20.33,0,20.33,0.18300000000000005,True,False
2324,63,20.369999999999997,0,20.369999999999997,0.18264814814814823,True,False
2325,61,20.389999999999997,0,20.389999999999997,0.1822962962962964,True,False
2326,57,20.43,0,20.43,0.18194444444444446,True,False
2327,55,20.45,0,20.45,0.18159259259259264,True,False
2328,48,20.52,0,20.52,0.1812407407407408,True,False
2329,51,20.49,0,20.49,0.18088888888888888,True,False
2330,53,20.47,0,20.47,0.18053703703703705,True,False
2331,59,20.409999999999997,0,20.409999999999997,0.18018518518518523,True,False
2332,53,20.47,0,20.47,0.1798333333333334,True,False
2333,60,20.4,0,20.4,0.17948148148148146,True,False
2334,51,20.49,0,20.49,0.17912962962962964,True,False
2335,56,20.439999999999998,0,20.439999999999998,0.1787777777777778,True,False
2336,60,20.4,0,20.4,0.178425925925926,True,False
2337,63,20.369999999999997,0,20.369999999999997,0.17807407407407416,True,False
2338,57,20.43,0,20.43,0.17772222222222234,True,False
2339,55,20.45,0,20.45,0.1773703703703704,True,False
2340,58,20.419999999999998,0,20.419999999999998,0.17701851851851846,True,False
2341,58,20.419999999999998,0,20.419999999999998,0.17666666666666664,True,False
2342,58,20.419999999999998,0,20.419999999999998,0.1763148148148148,True,False
2343,59,20.409999999999997,0,20.409999999999997,0.175962962962963,True,False
2344,59,20.409999999999997,0,20.409999999999997,0.17561111111111116,True,False
2345,59,20.409999999999997,0,20.409999999999997,0.17525925925925934,True,False
2346,50,20.499999999999996,0,20.499999999999996,0.1749074074074075,True,False
2347,55,20.45,0,20.45,0.17455555555555557,True,False
2348,52,20.479999999999997,0,20.479999999999997,0.17420370370370375,True,False
2349,49,20.509999999999998,0,20.509999999999998,0.17385185185185192,True,False
2350,52,20.479999999999997,0,20.479999999999997,0.1735,True,False
2351,56,20.439999999999998,0,20.439999999999998,0.17314814814814816,True,False
2352,53,20.47,0,20.47,0.17279629629629634,True,False
2353,59,20.409999999999997,0,20.409999999999997,0.1724444444444445,True,False
2354,55,20.45,0,20.45,0.17209259259259257,True,False
2355,58,20.419999999999998,0,20.419999999999998,0.17174074074074075,True,False
2356,59,20.409999999999997,0,20.409999999999997,0.17138888888888892,True,False
2357,57,20.43,0,20.43,0.1710370370370371,True,False
2358,51,20.49,0,20.49,0.17068518518518527,True,False
2359,57,20.43,0,20.43,0.17033333333333345,True,False
2360,60,20.4,0,20.4,0.16998148148148162,True,False
2361,59,20.409999999999997,0,20.409999999999997,0.16962962962962957,True,False
2362,58,20.419999999999998,0,20.419999999999998,0.16927777777777775,True,False
2363,65,20.349999999999998,0,20.349999999999998,0.16892592592592592,True,False
2364,58,20.419999999999998,0,20.419999999999998,0.1685740740740741,True,False
2365,56,20.439999999999998,0,20.439999999999998,0.16822222222222227,True,False
2366,57,20.43,0,20.43,0.16787037037037045,True,False
2367,52,20.479999999999997,0,20.479999999999997,0.1675185185185185,True,False
2368,59,20.409999999999997,0,20.409999999999997,0.16716666666666669,True,False
2369,49,20.509999999999998,0,20.509999999999998,0.16681481481481486,True,False
2370,61,20.389999999999997,0,20.389999999999997,0.16646296296296303,True,False
2371,56,20.439999999999998,0,20.439999999999998,0.1661111111111112,True,False
2372,57,20.43,0,20.43,0.16575925925925927,True,False
2373,50,20.499999999999996,0,20.499999999999996,0.16540740740740745,True,False
2374,51,20.49,0,20.49,0.1650555555555555,True,False
2375,58,20.419999999999998,0,20.419999999999998,0.16470370370370369,True,False
2376,54,20.459999999999997,0,20.459999999999997,0.16435185185185186,True,False
2377,55,20.45,0,20.45,0.16400000000000003,True,False
2378,54,20.459999999999997,0,20.459999999999997,0.1636481481481482,True,False
2379,50,20.499999999999996,0,20.499999999999996,0.16329629629629638,True,False
2380,55,20.45,0,20.45,0.16294444444444456,True,False
2381,51,20.49,0,20.49,0.16259259259259262,True,False
2382,54,20.459999999999997,0,20.459999999999997,0.1622407407407408,True,False
2383,55,20.45,0,20.45,0.16188888888888886,True,False
2384,59,20.409999999999997,0,20.409999999999997,0.16153703703703703,True,False
2385,58,20.419999999999998,0,20.419999999999998,0.1611851851851852,True,False
2386,48,20.52,0,20.52,0.16083333333333338,True,False
2387,57,20.43,0,20.43,0.16048148148148156,True,False
2388,52,20.479999999999997,0,20.479999999999997,0.16012962962962962,True,False
2389,56,20.439999999999998,0,20.439999999999998,0.1597777777777778,True,False
2390,50,20.499999999999996,0,20.499999999999996,0.15942592592592597,True,False
2391,55,20.45,0,20.45,0.15907407407407415,True,False
2392,58,20.419999999999998,0,20.419999999999998,0.15872222222222232,True,False
2393,62,20.38,0,20.38,0.1583703703703705,True,False
2394,49,20.509999999999998,0,20.509999999999998,0.15801851851851856,True,False
2395,48,20.52,0,20.52,0.15766666666666662,True,False
2396,52,20.479999999999997,0,20.479999999999997,0.1573148148148148,True,False
2397,51,20.49,0,20.49,0.15696296296296297,True,False
2398,57,20.43,0,20.43,0.15661111111111115,True,False
2399,53,20.47,0,20.47,0.15625925925925932,True,False
2400,54,20.459999999999997,0,20.459999999999997,0.1559074074074075,True,False
2401,59,20.409999999999997,0,20.409999999999997,0.15555555555555567,True,False
2402,55,20.45,0,20.45,0.15520370370370373,True,False
2403,50,20.499999999999996,0,20.499999999999996,0.1548518518518519,True,False
2404,54,20.459999999999997,0,20.459999999999997,0.15450000000000008,True,False
2405,51,20.49,0,20.49,0.15414814814814815,True,False
2406,58,20.419999999999998,0,20.419999999999998,0.15379629629629632,True,False
2407,58,20.419999999999998,0,20.419999999999998,0.1534444444444445,True,False
2408,58,20.419999999999998,0,20.419999999999998,0.15309259259259267,True,False
2409,59,20.409999999999997,0,20.409999999999997,0.15274074074074073,True,False
2410,52,20.479999999999997,0,20.479999999999997,0.1523888888888889,True,False
2411,52,20.479999999999997,0,20.479999999999997,0.15203703703703708,True,False
2412,51,20.49,0,20.49,0.15168518518518526,True,False
2413,53,20.47,0,20.47,0.15133333333333343,True,False
2414,57,20.43,0,20.43,0.1509814814814816,True,False
2415,56,20.439999999999998,0,20.439999999999998,0.15062962962962967,True,False
2416,48,20.52,0,20.52,0.15027777777777773,True,False
2417,58,20.419999999999998,0,20.419999999999998,0.1499259259259259,True,False
2418,59,20.409999999999997,0,20.409999999999997,0.14957407407407408,True,False
2419,57,20.43,0,20.43,0.14922222222222226,True,False
2420,51,20.49,0,20.49,0.14887037037037043,True,False
2421,57,20.43,0,20.43,0.1485185185185186,True,False
2422,59,20.409999999999997,0,20.409999999999997,0.14816666666666678,True,False
2423,51,20.49,0,20.49,0.14781481481481484,True,False
2424,52,20.479999999999997,0,20.479999999999997,0.14746296296296302,True,False
2425,62,20.38,0,20.38,0.1471111111111112,True,False
2426,54,20.459999999999997,0,20.459999999999997,0.14675925925925926,True,False
2427,58,20.419999999999998,0,20.419999999999998,0.14640740740740743,True,False
2428,57,20.43,0,20.43,0.1460555555555556,True,False
2429,50,20.499999999999996,0,20.499999999999996,0.14570370370370367,True,False
2430,56,20.439999999999998,0,20.439999999999998,0.14535185185185184,True,False
2431,55,20.45,0,20.45,0.14500000000000002,True,False
2432,57,20.43,0,20.43,0.1446481481481482,True,False
2433,55,20.45,0,20.45,0.14429629629629637,True,False
2434,53,20.47,0,20.47,0.14394444444444454,True,False
2435,57,20.43,0,20.43,0.14359259259259272,True,False
2436,58,20.419999999999998,0,20.419999999999998,0.14324074074074078,True,False
2437,53,20.47,0,20.47,0.14288888888888884,True,False
2438,53,20.47,0,20.47,0.14253703703703702,True,False
2439,48,20.52,0,20.52,0.1421851851851852,True,False
2440,48,20.52,0,20.52,0.14183333333333337,True,False
2441,54,20.459999999999997,0,20.459999999999997,0.14148148148148154,True,False
2442,60,20.4,0,20.4,0.14112962962962972,True,False
2443,49,20.509999999999998,0,20.509999999999998,0.14077777777777778,True,False
2444,50,20.499999999999996,0,20.499999999999996,0.14042592592592595,True,False
2445,54,20.459999999999997,0,20.459999999999997,0.14007407407407413,True,False
2446,48,20.52,0,20.52,0.1397222222222223,True,False
2447,50,20.499999999999996,0,20.499999999999996,0.13937037037037048,True,False
2448,48,20.52,0,20.52,0.13901851851851854,True,False
2449,55,20.45,0,20.45,0.13866666666666672,True,False
2450,56,20.439999999999998,0,20.439999999999998,0.13831481481481478,True,False
2451,51,20.49,0,20.49,0.13796296296296295,True,False
2452,50,20.499999999999996,0,20.499999999999996,0.13761111111111113,True,False
2453,57,20.43,0,20.43,0.1372592592592593,True,False
2454,51,20.49,0,20.49,0.13690740740740748,True,False
2455,53,20.47,0,20.47,0.13655555555555565,True,False
2456,55,20.45,0,20.45,0.13620370370370383,True,False
2457,52,20.479999999999997,0,20.479999999999997,0.1358518518518519,True,False
2458,54,20.459999999999997,0,20.459999999999997,0.13550000000000006,True,False
2459,57,20.43,0,20.43,0.13514814814814813,True,False
2460,50,20.499999999999996,0,20.499999999999996,0.1347962962962963,True,False
2461,52,20.479999999999997,0,20.479999999999997,0.13444444444444448,True,False
2462,53,20.47,0,20.47,0.13409259259259265,True,False
2463,51,20.49,0,20.49,0.13374074074074083,True,False
2464,52,20.479999999999997,0,20.479999999999997,0.1333888888888889,True,False
2465,56,20.439999999999998,0,20.439999999999998,0.13303703703703706,True,False
2466,52,20.479999999999997,0,20.479999999999997,0.13268518518518524,True,False
2467,51,20.49,0,20.49,0.1323333333333334,True,False
2468,54,20.459999999999997,0,20.459999999999997,0.1319814814814816,True,False
2469,51,20.49,0,20.49,0.13162962962962965,True,False
2470,48,20.52,0,20.52,0.13127777777777783,True,False
2471,53,20.47,0,20.47,0.1309259259259259,True,False
2472,61,20.389999999999997,0,20.389999999999997,0.13057407407407406,True,False
2473,50,20.499999999999996,0,20.499999999999996,0.13022222222222224,True,False
2474,54,20.459999999999997,0,20.459999999999997,0.1298703703703704,True,False
2475,56,20.439999999999998,0,20.439999999999998,0.1295185185185186,True,False
2476,55,20.45,0,20.45,0.12916666666666676,True,False
2477,58,20.419999999999998,0,20.419999999999998,0.12881481481481494,True,False
2478,58,20.419999999999998,0,20.419999999999998,0.128462962962963,True,False
2479,55,20.45,0,20.45,0.12811111111111118,True,False
2480,48,20.52,0,20.52,0.12775925925925924,True,False
2481,52,20.479999999999997,0,20.479999999999997,0.1274074074074074,True,False
2482,52,20.479999999999997,0,20.479999999999997,0.1270555555555556,True,False
2483,50,20.499999999999996,0,20.499999999999996,0.12670370370370376,True,False
2484,51,20.49,0,20.49,0.12635185185185194,True,False
2485,52,20.479999999999997,0,20.479999999999997,0.126,True,False
2486,48,20.52,0,20.52,0.12564814814814818,True,False
2487,54,20.459999999999997,0,20.459999999999997,0.12529629629629635,True,False
2488,53,20.47,0,20.47,0.12494444444444452,True,False
2489,51,20.49,0,20.49,0.1245925925925927,True,False
2490,55,20.45,0,20.45,0.12424074074074087,True,False
2491,53,20.47,0,20.47,0.12388888888888883,True,False
2492,55,20.45,0,20.45,0.123537037037037,True,False
2493,52,20.479999999999997,0,20.479999999999997,0.12318518518518518,True,False
2494,49,20.509999999999998,0,20.509999999999998,0.12283333333333335,True,False
2495,51,20.49,0,20.49,0.12248148148148152,True,False
2496,48,20.52,0,20.52,0.1221296296296297,True,False
2497,54,20.459999999999997,0,20.459999999999997,0.12177777777777787,True,False
2498,52,20.479999999999997,0,20.479999999999997,0.12142592592592594,True,False
2499,51,20.49,0,20.49,0.12107407407407411,True,False
2500,51,20.49,0,20.49,0.12072222222222229,True,False
2501,53,20.47,0,20.47,0.12037037037037046,True,False
2502,52,20.479999999999997,0,20.479999999999997,0.12001851851851852,True,False
2503,53,20.47,0,20.47,0.1196666666666667,True,False
2504,51,20.49,0,20.49,0.11931481481481487,True,False
2505,53,20.47,0,20.47,0.11896296296296294,True,False
2506,49,20.509999999999998,0,20.509999999999998,0.11861111111111111,True,False
2507,54,20.459999999999997,0,20.459999999999997,0.11825925925925929,True,False
2508,59,20.409999999999997,0,20.409999999999997,0.11790740740740746,True,False
2509,48,20.52,0,20.52,0.11755555555555564,True,False
2510,51,20.49,0,20.49,0.11720370370370381,True,False
2511,65,20.349999999999998,0,20.349999999999998,0.11685185185185198,True,False
2512,55,20.45,0,20.45,0.11650000000000005,True,False
2513,48,20.52,0,20.52,0.11614814814814811,True,False
2514,51,20.49,0,20.49,0.11579629629629629,True,False
2515,53,20.47,0,20.47,0.11544444444444446,True,False
2516,50,20.499999999999996,0,20.499999999999996,0.11509259259259264,True,False
2517,54,20.459999999999997,0,20.459999999999997,0.11474074074074081,True,False
2518,51,20.49,0,20.49,0.11438888888888898,True,False
2519,47,20.529999999999998,0,20.529999999999998,0.11403703703703705,True,False
2520,51,20.49,0,20.49,0.11368518518518522,True,False
2521,52,20.479999999999997,0,20.479999999999997,0.1133333333333334,True,False
2522,51,20.49,0,20.49,0.11298148148148157,True,False
2523,53,20.47,0,20.47,0.11262962962962964,True,False
2524,56,20.439999999999998,0,20.439999999999998,0.11227777777777781,True,False
2525,52,20.479999999999997,0,20.479999999999997,0.11192592592592598,True,False
2526,53,20.47,0,20.47,0.11157407407407405,True,False
2527,48,20.52,0,20.52,0.11122222222222222,True,False
2528,48,20.52,0,20.52,0.1108703703703704,True,False
2529,51,20.49,0,20.49,0.11051851851851857,True,False
2530,48,20.52,0,20.52,0.11016666666666675,True,False
2531,47,20.529999999999998,0,20.529999999999998,0.10981481481481492,True,False
2532,56,20.439999999999998,0,20.439999999999998,0.1094629629629631,True,False
2533,57,20.43,0,20.43,0.10911111111111116,True,False
2534,50,20.499999999999996,0,20.499999999999996,0.10875925925925922,True,False
2535,54,20.459999999999997,0,20.459999999999997,0.1084074074074074,True,False
2536,55,20.45,0,20.45,0.10805555555555557,True,False
2537,55,20.45,0,20.45,0.10770370370370375,True,False
2538,47,20.529999999999998,0,20.529999999999998,0.10735185185185192,True,False
2539,53,20.47,0,20.47,0.1070000000000001,True,False
2540,48,20.52,0,20.52,0.10664814814814816,True,False
2541,56,20.439999999999998,0,20.439999999999998,0.10629629629629633,True,False
2542,47,20.529999999999998,0,20.529999999999998,0.10594444444444451,True,False
2543,56,20.439999999999998,0,20.439999999999998,0.10559259259259268,True,False
2544,51,20.49,0,20.49,0.10524074074074086,True,False
2545,51,20.49,0,20.49,0.10488888888888892,True,False
2546,56,20.439999999999998,0,20.439999999999998,0.1045370370370371,True,False
2547,56,20.439999999999998,0,20.439999999999998,0.10418518518518516,True,False
2548,48,20.52,0,20.52,0.10383333333333333,True,False
2549,53,20.47,0,20.47,0.10348148148148151,True,False
2550,57,20.43,0,20.43,0.10312962962962968,True,False
2551,54,20.459999999999997,0,20.459999999999997,0.10277777777777786,True,False
2552,49,20.509999999999998,0,20.509999999999998,0.10242592592592603,True,False
2553,47,20.529999999999998,0,20.529999999999998,0.1020740740740741,True,False
2554,48,20.52,0,20.52,0.10172222222222227,True,False
2555,49,20.509999999999998,0,20.509999999999998,0.10137037037037044,True,False
2556,50,20.499999999999996,0,20.499999999999996,0.10101851851851851,True,False
2557,49,20.509999999999998,0,20.509999999999998,0.10066666666666668,True,False
2558,57,20.43,0,20.43,0.10031481481481486,True,False
2559,47,20.529999999999998,0,20.529999999999998,0.09996296296296303,True,False
2560,48,20.52,0,20.52,0.0996111111111111,True,False
2561,50,20.499999999999996,0,20.499999999999996,0.09925925925925927,True,False
2562,51,20.49,0,20.49,0.09890740740740744,True,False
2563,58,20.419999999999998,0,20.419999999999998,0.09855555555555562,True,False
2564,54,20.459999999999997,0,20.459999999999997,0.09820370370370379,True,False
2565,48,20.52,0,20.52,0.09785185185185197,True,False
2566,54,20.459999999999997,0,20.459999999999997,0.09750000000000003,True,False
2567,53,20.47,0,20.47,0.0971481481481481,True,False
2568,48,20.52,0,20.52,0.09679629629629627,True,False
2569,49,20.509999999999998,0,20.509999999999998,0.09644444444444444,True,False
2570,49,20.509999999999998,0,20.509999999999998,0.09609259259259262,True,False
2571,51,20.49,0,20.49,0.09574074074074079,True,False
2572,51,20.49,0,20.49,0.09538888888888897,True,False
2573,50,20.499999999999996,0,20.499999999999996,0.09503703703703714,True,False
2574,50,20.499999999999996,0,20.499999999999996,0.0946851851851852,True,False
2575,50,20.499999999999996,0,20.499999999999996,0.09433333333333338,True,False
2576,51,20.49,0,20.49,0.09398148148148155,True,False
2577,57,20.43,0,20.43,0.09362962962962962,True,False
2578,55,20.45,0,20.45,0.09327777777777779,True,False
2579,46,20.54,0,20.54,0.09292592592592597,True,False
2580,57,20.43,0,20.43,0.09257407407407414,True,False
2581,51,20.49,0,20.49,0.0922222222222222,True,False
2582,50,20.499999999999996,0,20.499999999999996,0.09187037037037038,True,False
2583,49,20.509999999999998,0,20.509999999999998,0.09151851851851855,True,False
2584,53,20.47,0,20.47,0.09116666666666673,True,False
2585,53,20.47,0,20.47,0.0908148148148149,True,False
2586,49,20.509999999999998,0,20.509999999999998,0.09046296296296308,True,False
2587,50,20.499999999999996,0,20.499999999999996,0.09011111111111125,True,False
2588,51,20.49,0,20.49,0.0897592592592592,True,False
2589,49,20.509999999999998,0,20.509999999999998,0.08940740740740738,True,False
2590,55,20.45,0,20.45,0.08905555555555555,True,False
2591,50,20.499999999999996,0,20.499999999999996,0.08870370370370373,True,False
2592,46,20.54,0,20.54,0.0883518518518519,True,False
2593,55,20.45,0,20.45,0.08800000000000008,True,False
2594,53,20.47,0,20.47,0.08764814814814825,True,False
2595,49,20.509999999999998,0,20.509999999999998,0.08729629629629632,True,False
2596,49,20.509999999999998,0,20.509999999999998,0.08694444444444449,True,False
2597,48,20.52,0,20.52,0.08659259259259267,True,False
2598,46,20.54,0,20.54,0.08624074074074084,True,False
2599,52,20.479999999999997,0,20.479999999999997,0.0858888888888889,True,False
2600,53,20.47,0,20.47,0.08553703703703708,True,False
2601,53,20.47,0,20.47,0.08518518518518525,True,False
2602,47,20.529999999999998,0,20.529999999999998,0.08483333333333332,True,False
2603,48,20.52,0,20.52,0.08448148148148149,True,False
2604,52,20.479999999999997,0,20.479999999999997,0.08412962962962967,True,False
2605,50,20.499999999999996,0,20.499999999999996,0.08377777777777784,True,False
2606,50,20.499999999999996,0,20.499999999999996,0.08342592592592601,True,False
2607,49,20.509999999999998,0,20.509999999999998,0.08307407407407419,True,False
2608,50,20.499999999999996,0,20.499999999999996,0.08272222222222236,True,False
2609,50,20.499999999999996,0,20.499999999999996,0.08237037037037043,True,False
2610,46,20.54,0,20.54,0.08201851851851849,True,False
2611,47,20.529999999999998,0,20.529999999999998,0.08166666666666667,True,False
2612,49,20.509999999999998,0,20.509999999999998,0.08131481481481484,True,False
2613,50,20.499999999999996,0,20.499999999999996,0.08096296296296301,True,False
2614,54,20.459999999999997,0,20.459999999999997,0.08061111111111119,True,False
2615,48,20.52,0,20.52,0.08025925925925925,True,False
2616,48,20.52,0,20.52,0.07990740740740743,True,False
2617,48,20.52,0,20.52,0.0795555555555556,True,False
2618,48,20.52,0,20.52,0.07920370370370378,True,False
2619,49,20.509999999999998,0,20.509999999999998,0.07885185185185195,True,False
2620,49,20.509999999999998,0,20.509999999999998,0.07850000000000001,True,False
2621,51,20.49,0,20.49,0.07814814814814819,True,False
2622,47,20.529999999999998,0,20.529999999999998,0.07779629629629625,True,False
2623,50,20.499999999999996,0,20.499999999999996,0.07744444444444443,True,False
2624,48,20.52,0,20.52,0.0770925925925926,True,False
2625,49,20.509999999999998,0,20.509999999999998,0.07674074074074078,True,False
2626,53,20.47,0,20.47,0.07638888888888895,True,False
2627,47,20.529999999999998,0,20.529999999999998,0.07603703703703713,True,False
2628,54,20.459999999999997,0,20.459999999999997,0.0756851851851853,True,False
2629,48,20.52,0,20.52,0.07533333333333336,True,False
2630,52,20.479999999999997,0,20.479999999999997,0.07498148148148154,True,False
2631,54,20.459999999999997,0,20.459999999999997,0.0746296296296296,True,False
2632,49,20.509999999999998,0,20.509999999999998,0.07427777777777778,True,False
2633,48,20.52,0,20.52,0.07392592592592595,True,False
2634,49,20.509999999999998,0,20.509999999999998,0.07357407407407413,True,False
2635,48,20.52,0,20.52,0.0732222222222223,True,False
2636,50,20.499999999999996,0,20.499999999999996,0.07287037037037036,True,False
2637,48,20.52,0,20.52,0.07251851851851854,True,False
2638,50,20.499999999999996,0,20.499999999999996,0.07216666666666671,True,False
2639,51,20.49,0,20.49,0.07181481481481489,True,False
2640,47,20.529999999999998,0,20.529999999999998,0.07146296296296306,True,False
2641,50,20.499999999999996,0,20.499999999999996,0.07111111111111124,True,False
2642,46,20.54,0,20.54,0.0707592592592593,True,False
2643,52,20.479999999999997,0,20.479999999999997,0.07040740740740736,True,False
2644,48,20.52,0,20.52,0.07005555555555554,True,False
2645,48,20.52,0,20.52,0.06970370370370371,True,False
2646,50,20.499999999999996,0,20.499999999999996,0.06935185185185189,True,False
2647,47,20.529999999999998,0,20.529999999999998,0.06900000000000006,True,False
2648,49,20.509999999999998,0,20.509999999999998,0.06864814814814824,True,False
2649,48,20.52,0,20.52,0.06829629629629641,True,False
2650,49,20.509999999999998,0,20.509999999999998,0.06794444444444447,True,False
2651,48,20.52,0,20.52,0.06759259259259265,True,False
2652,46,20.54,0,20.54,0.06724074074074082,True,False
2653,47,20.529999999999998,0,20.529999999999998,0.06688888888888889,True,False
2654,51,20.49,0,20.49,0.06653703703703706,True,False
2655,51,20.49,0,20.49,0.06618518518518524,True,False
2656,49,20.509999999999998,0,20.509999999999998,0.06583333333333341,True,False
2657,47,20.529999999999998,0,20.529999999999998,0.06548148148148147,True,False
2658,48,20.52,0,20.52,0.06512962962962965,True,False
2659,50,20.499999999999996,0,20.499999999999996,0.06477777777777782,True,False
2660,50,20.499999999999996,0,20.499999999999996,0.064425925925926,True,False
2661,50,20.499999999999996,0,20.499999999999996,0.06407407407407417,True,False
2662,48,20.52,0,20.52,0.06372222222222235,True,False
2663,46,20.54,0,20.54,0.06337037037037041,True,False
2664,51,20.49,0,20.49,0.06301851851851847,True,False
2665,47,20.529999999999998,0,20.529999999999998,0.06266666666666665,True,False
2666,48,20.52,0,20.52,0.06231481481481482,True,False
2667,49,20.509999999999998,0,20.509999999999998,0.061962962962963,True,False
2668,50,20.499999999999996,0,20.499999999999996,0.06161111111111117,True,False
2669,48,20.52,0,20.52,0.06125925925925935,True,False
2670,47,20.529999999999998,0,20.529999999999998,0.06090740740740752,True,False
2671,50,20.499999999999996,0,20.499999999999996,0.060555555555555585,True,False
2672,55,20.45,0,20.45,0.06020370370370376,True,False
2673,47,20.529999999999998,0,20.529999999999998,0.059851851851851934,True,False
2674,51,20.49,0,20.49,0.0595,True,False
2675,52,20.479999999999997,0,20.479999999999997,0.05914814814814817,True,False
2676,50,20.499999999999996,0,20.499999999999996,0.058796296296296346,True,False
2677,52,20.479999999999997,0,20.479999999999997,0.05844444444444441,True,False
2678,54,20.459999999999997,0,20.459999999999997,0.058092592592592585,True,False
2679,52,20.479999999999997,0,20.479999999999997,0.05774074074074076,True,False
2680,46,20.54,0,20.54,0.057388888888888934,True,False
2681,48,20.52,0,20.52,0.05703703703703711,True,False
2682,48,20.52,0,20.52,0.05668518518518528,True,False
2683,48,20.52,0,20.52,0.05633333333333346,True,False
2684,46,20.54,0,20.54,0.05598148148148152,True,False
2685,50,20.499999999999996,0,20.499999999999996,0.055629629629629584,True,False
2686,48,20.52,0,20.52,0.05527777777777776,True,False
2687,48,20.52,0,20.52,0.054925925925925934,True,False
2688,47,20.529999999999998,0,20.529999999999998,0.05457407407407411,True,False
2689,48,20.52,0,20.52,0.05422222222222228,True,False
2690,48,20.52,0,20.52,0.05387037037037046,True,False
2691,46,20.54,0,20.54,0.05351851851851852,True,False
2692,46,20.54,0,20.54,0.053166666666666695,True,False
2693,46,20.54,0,20.54,0.05281481481481487,True,False
2694,48,20.52,0,20.52,0.052462962962963045,True,False
2695,46,20.54,0,20.54,0.05211111111111122,True,False
2696,48,20.52,0,20.52,0.05175925925925928,True,False
2697,51,20.49,0,20.49,0.05140740740740746,True,False
2698,47,20.529999999999998,0,20.529999999999998,0.05105555555555552,True,False
2699,47,20.529999999999998,0,20.529999999999998,0.050703703703703695,True,False
2700,47,20.529999999999998,0,20.529999999999998,0.05035185185185187,True,False
2701,49,20.509999999999998,0,20.509999999999998,0.050000000000000044,True,False
2702,47,20.529999999999998,0,20.529999999999998,0.050000000000000044,True,False
2703,47,20.529999999999998,0,20.529999999999998,0.050000000000000044,True,False
2704,49,20.509999999999998,0,20.509999999999998,0.050000000000000044,True,False
2705,49,20.509999999999998,0,20.509999999999998,0.050000000000000044,True,False
2706,46,20.54,0,20.54,0.050000000000000044,True,False
2707,47,20.529999999999998,0,20.529999999999998,0.050000000000000044,True,False
2708,48,20.52,0,20.52,0.050000000000000044,True,False
2709,47,20.529999999999998,0,20.529999999999998,0.050000000000000044,True,False
2710,51,20.49,0,20.49,0.050000000000000044,True,False
2711,51,20.49,0,20.49,0.050000000000000044,True,False
2712,47,20.529999999999998,0,20.529999999999998,0.050000000000000044,True,False
2713,49,20.509999999999998,0,20.509999999999998,0.050000000000000044,True,False
2714,46,20.54,0,20.54,0.050000000000000044,True,False
2715,47,20.529999999999998,0,20.529999999999998,0.050000000000000044,True,False
2716,51,20.49,0,20.49,0.050000000000000044,True,False
2717,49,20.509999999999998,0,20.509999999999998,0.050000000000000044,True,False
2718,46,20.54,0,20.54,0.050000000000000044,True,False
2719,46,20.54,0,20.54,0.050000000000000044,True,False
2720,53,20.47,0,20.47,0.050000000000000044,True,False
2721,49,20.509999999999998,0,20.509999999999998,0.050000000000000044,True,False
2722,50,20.499999999999996,0,20.499999999999996,0.050000000000000044,True,False
2723,46,20.54,0,20.54,0.050000000000000044,True,False
2724,48,20.52,0,20.52,0.050000000000000044,True,False
2725,48,20.52,0,20.52,0.050000000000000044,True,False
2726,46,20.54,0,20.54,0.050000000000000044,True,False
2727,48,20.52,0,20.52,0.050000000000000044,True,False
2728,48,20.52,0,20.52,0.050000000000000044,True,False
2729,49,20.509999999999998,0,20.509999999999998,0.050000000000000044,True,False
2730,47,20.529999999999998,0,20.529999999999998,0.050000000000000044,True,False
2731,48,20.52,0,20.52,0.050000000000000044,True,False
2732,50,20.499999999999996,0,20.499999999999996,0.050000000000000044,True,False
2733,49,20.509999999999998,0,20.509999999999998,0.050000000000000044,True,False
2734,46,20.54,0,20.54,0.050000000000000044,True,False
2735,50,20.499999999999996,0,20.499999999999996,0.050000000000000044,True,False
2736,49,20.509999999999998,0,20.509999999999998,0.050000000000000044,True,False
2737,50,20.499999999999996,0,20.499999999999996,0.050000000000000044,True,False
2738,48,20.52,0,20.52,0.050000000000000044,True,False
2739,48,20.52,0,20.52,0.050000000000000044,True,False
2740,51,20.49,0,20.49,0.050000000000000044,True,False
2741,48,20.52,0,20.52,0.050000000000000044,True,False
2742,48,20.52,0,20.52,0.050000000000000044,True,False
2743,48,20.52,0,20.52,0.050000000000000044,True,False
2744,49,20.509999999999998,0,20.509999999999998,0.050000000000000044,True,False
2745,50,20.499999999999996,0,20.499999999999996,0.050000000000000044,True,False
2746,47,20.529999999999998,0,20.529999999999998,0.050000000000000044,True,False
2747,49,20.509999999999998,0,20.509999999999998,0.050000000000000044,True,False
2748,48,20.52,0,20.52,0.050000000000000044,True,False
2749,47,20.529999999999998,0,20.529999999999998,0.050000000000000044,True,False
2750,47,20.529999999999998,0,20.529999999999998,0.050000000000000044,True,False
2751,51,20.49,0,20.49,0.050000000000000044,True,False
2752,51,20.49,0,20.49,0.050000000000000044,True,False
2753,50,20.499999999999996,0,20.499999999999996,0.050000000000000044,True,False
2754,46,20.54,0,20.54,0.050000000000000044,True,False
2755,49,20.509999999999998,0,20.509999999999998,0.050000000000000044,True,False
2756,47,20.529999999999998,0,20.529999999999998,0.050000000000000044,True,False
2757,47,20.529999999999998,0,20.529999999999998,0.050000000000000044,True,False
2758,50,20.499999999999996,0,20.499999999999996,0.050000000000000044,True,False
2759,47,20.529999999999998,0,20.529999999999998,0.050000000000000044,True,False
2760,49,20.509999999999998,0,20.509999999999998,0.050000000000000044,True,False
2761,51,20.49,0,20.49,0.050000000000000044,True,False
2762,51,20.49,0,20.49,0.050000000000000044,True,False
2763,48,20.52,0,20.52,0.050000000000000044,True,False
2764,47,20.529999999999998,0,20.529999999999998,0.050000000000000044,True,False
2765,47,20.529999999999998,0,20.529999999999998,0.050000000000000044,True,False
2766,49,20.509999999999998,0,20.509999999999998,0.050000000000000044,True,False
2767,47,20.529999999999998,0,20.529999999999998,0.050000000000000044,True,False
2768,48,20.52,0,20.52,0.050000000000000044,True,False
2769,46,20.54,0,20.54,0.050000000000000044,True,False
2770,47,20.529999999999998,0,20.529999999999998,0.050000000000000044,True,False
2771,46,20.54,0,20.54,0.050000000000000044,True,False
2772,51,20.49,0,20.49,0.050000000000000044,True,False
2773,52,20.479999999999997,0,20.479999999999997,0.050000000000000044,True,False
2774,48,20.52,0,20.52,0.050000000000000044,True,False
2775,48,20.52,0,20.52,0.050000000000000044,True,False
2776,50,20.499999999999996,0,20.499999999999996,0.050000000000000044,True,False
2777,49,20.509999999999998,0,20.509999999999998,0.050000000000000044,True,False
2778,52,20.479999999999997,0,20.479999999999997,0.050000000000000044,True,False
2779,47,20.529999999999998,0,20.529999999999998,0.050000000000000044,True,False
2780,48,20.52,0,20.52,0.050000000000000044,True,False
2781,49,20.509999999999998,0,20.509999999999998,0.050000000000000044,True,False
2782,49,20.509999999999998,0,20.509999999999998,0.050000000000000044,True,False
2783,50,20.499999999999996,0,20.499999999999996,0.050000000000000044,True,False
2784,49,20.509999999999998,0,20.509999999999998,0.050000000000000044,True,False
2785,49,20.509999999999998,0,20.509999999999998,0.050000000000000044,True,False
2786,47,20.529999999999998,0,20.529999999999998,0.050000000000000044,True,False
2787,47,20.529999999999998,0,20.529999999999998,0.050000000000000044,True,False
2788,54,20.459999999999997,0,20.459999999999997,0.050000000000000044,True,False
2789,50,20.499999999999996,0,20.499999999999996,0.050000000000000044,True,False
2790,51,20.49,0,20.49,0.050000000000000044,True,False
2791,50,20.499999999999996,0,20.499999999999996,0.050000000000000044,True,False
2792,47,20.529999999999998,0,20.529999999999998,0.050000000000000044,True,False
2793,46,20.54,0,20.54,0.050000000000000044,True,False
2794,49,20.509999999999998,0,20.509999999999998,0.050000000000000044,True,False
2795,47,20.529999999999998,0,20.529999999999998,0.050000000000000044,True,False
2796,48,20.52,0,20.52,0.050000000000000044,True,False
2797,50,20.499999999999996,0,20.499999999999996,0.050000000000000044,True,False
2798,47,20.529999999999998,0,20.529999999999998,0.050000000000000044,True,False
2799,50,20.499999999999996,0,20.499999999999996,0.050000000000000044,True,False
2800,49,20.509999999999998,0,20.509999999999998,0.050000000000000044,True,False
2801,50,20.499999999999996,0,20.499999999999996,0.050000000000000044,True,False
2802,47,20.529999999999998,0,20.529999999999998,0.050000000000000044,True,False
2803,51,20.49,0,20.49,0.050000000000000044,True,False
2804,52,20.479999999999997,0,20.479999999999997,0.050000000000000044,True,False
2805,48,20.52,0,20.52,0.050000000000000044,True,False
2806,48,20.52,0,20.52,0.050000000000000044,True,False
2807,48,20.52,0,20.52,0.050000000000000044,True,False
2808,46,20.54,0,20.54,0.050000000000000044,True,False
2809,50,20.499999999999996,0,20.499999999999996,0.050000000000000044,True,False
2810,48,20.52,0,20.52,0.050000000000000044,True,False
2811,51,20.49,0,20.49,0.050000000000000044,True,False
2812,49,20.509999999999998,0,20.509999999999998,0.050000000000000044,True,False
2813,49,20.509999999999998,0,20.509999999999998,0.050000000000000044,True,False
2814,46,20.54,0,20.54,0.050000000000000044,True,False
2815,51,20.49,0,20.49,0.050000000000000044,True,False
2816,48,20.52,0,20.52,0.050000000000000044,True,False
2817,47,20.529999999999998,0,20.529999999999998,0.050000000000000044,True,False
2818,47,20.529999999999998,0,20.529999999999998,0.050000000000000044,True,False
2819,46,20.54,0,20.54,0.050000000000000044,True,False
2820,51,20.49,0,20.49,0.050000000000000044,True,False
2821,48,20.52,0,20.52,0.050000000000000044,True,False
2822,48,20.52,0,20.52,0.050000000000000044,True,False
2823,53,20.47,0,20.47,0.050000000000000044,True,False
2824,47,20.529999999999998,0,20.529999999999998,0.050000000000000044,True,False
2825,51,20.49,0,20.49,0.050000000000000044,True,False
2826,48,20.52,0,20.52,0.050000000000000044,True,False
2827,49,20.509999999999998,0,20.509999999999998,0.050000000000000044,True,False
2828,49,20.509999999999998,0,20.509999999999998,0.050000000000000044,True,False
2829,46,20.54,0,20.54,0.050000000000000044,True,False
2830,50,20.499999999999996,0,20.499999999999996,0.050000000000000044,True,False
2831,48,20.52,0,20.52,0.050000000000000044,True,False
2832,47,20.529999999999998,0,20.529999999999998,0.050000000000000044,True,False
2833,46,20.54,0,20.54,0.050000000000000044,True,False
2834,47,20.529999999999998,0,20.529999999999998,0.050000000000000044,True,False
2835,51,20.49,0,20.49,0.050000000000000044,True,False
2836,47,20.529999999999998,0,20.529999999999998,0.050000000000000044,True,False
2837,51,20.49,0,20.49,0.050000000000000044,True,False
2838,47,20.529999999999998,0,20.529999999999998,0.050000000000000044,True,False
2839,47,20.529999999999998,0,20.529999999999998,0.050000000000000044,True,False
2840,47,20.529999999999998,0,20.529999999999998,0.050000000000000044,True,False
2841,46,20.54,0,20.54,0.050000000000000044,True,False
2842,51,20.49,0,20.49,0.050000000000000044,True,False
2843,48,20.52,0,20.52,0.050000000000000044,True,False
2844,49,20.509999999999998,0,20.509999999999998,0.050000000000000044,True,False
2845,49,20.509999999999998,0,20.509999999999998,0.050000000000000044,True,False
2846,48,20.52,0,20.52,0.050000000000000044,True,False
2847,47,20.529999999999998,0,20.529999999999998,0.050000000000000044,True,False
2848,48,20.52,0,20.52,0.050000000000000044,True,False
2849,52,20.479999999999997,0,20.479999999999997,0.050000000000000044,True,False
2850,49,20.509999999999998,0,20.509999999999998,0.050000000000000044,True,False
2851,46,20.54,0,20.54,0.050000000000000044,True,False
2852,49,20.509999999999998,0,20.509999999999998,0.050000000000000044,True,False
2853,48,20.52,0,20.52,0.050000000000000044,True,False
2854,50,20.499999999999996,0,20.499999999999996,0.050000000000000044,True,False
2855,49,20.509999999999998,0,20.509999999999998,0.050000000000000044,True,False
2856,51,20.49,0,20.49,0.050000000000000044,True,False
2857,48,20.52,0,20.52,0.050000000000000044,True,False
2858,46,20.54,0,20.54,0.050000000000000044,True,False
2859,50,20.499999999999996,0,20.499999999999996,0.050000000000000044,True,False
2860,49,20.509999999999998,0,20.509999999999998,0.050000000000000044,True,False
2861,48,20.52,0,20.52,0.050000000000000044,True,False
2862,51,20.49,0,20.49,0.050000000000000044,True,False
2863,50,20.499999999999996,0,20.499999999999996,0.050000000000000044,True,False
2864,50,20.499999999999996,0,20.499999999999996,0.050000000000000044,True,False
2865,47,20.529999999999998,0,20.529999999999998,0.050000000000000044,True,False
2866,49,20.509999999999998,0,20.509999999999998,0.050000000000000044,True,False
2867,49,20.509999999999998,0,20.509999999999998,0.050000000000000044,True,False
2868,51,20.49,0,20.49,0.050000000000000044,True,False
2869,48,20.52,0,20.52,0.050000000000000044,True,False
2870,51,20.49,0,20.49,0.050000000000000044,True,False
2871,52,20.479999999999997,0,20.479999999999997,0.050000000000000044,True,False
2872,48,20.52,0,20.52,0.050000000000000044,True,False
2873,53,20.47,0,20.47,0.050000000000000044,True,False
2874,46,20.54,0,20.54,0.050000000000000044,True,False
2875,47,20.529999999999998,0,20.529999999999998,0.050000000000000044,True,False
2876,49,20.509999999999998,0,20.509999999999998,0.050000000000000044,True,False
2877,48,20.52,0,20.52,0.050000000000000044,True,False
2878,46,20.54,0,20.54,0.050000000000000044,True,False
2879,47,20.529999999999998,0,20.529999999999998,0.050000000000000044,True,False
2880,48,20.52,0,20.52,0.050000000000000044,True,False
2881,46,20.54,0,20.54,0.050000000000000044,True,False
2882,50,20.499999999999996,0,20.499999999999996,0.050000000000000044,True,False
2883,48,20.52,0,20.52,0.050000000000000044,True,False
2884,46,20.54,0,20.54,0.050000000000000044,True,False
2885,47,20.529999999999998,0,20.529999999999998,0.050000000000000044,True,False
2886,48,20.52,0,20.52,0.050000000000000044,True,False
2887,46,20.54,0,20.54,0.050000000000000044,True,False
2888,52,20.479999999999997,0,20.479999999999997,0.050000000000000044,True,False
2889,47,20.529999999999998,0,20.529999999999998,0.050000000000000044,True,False
2890,47,20.529999999999998,0,20.529999999999998,0.050000000000000044,True,False
2891,48,20.52,0,20.52,0.050000000000000044,True,False
2892,49,20.509999999999998,0,20.509999999999998,0.050000000000000044,True,False
2893,47,20.529999999999998,0,20.529999999999998,0.050000000000000044,True,False
2894,47,20.529999999999998,0,20.529999999999998,0.050000000000000044,True,False
2895,46,20.54,0,20.54,0.050000000000000044,True,False
2896,56,20.439999999999998,0,20.439999999999998,0.050000000000000044,True,False
2897,46,20.54,0,20.54,0.050000000000000044,True,False
2898,47,20.529999999999998,0,20.529999999999998,0.050000000000000044,True,False
2899,49,20.509999999999998,0,20.509999999999998,0.050000000000000044,True,False
2900,50,20.499999999999996,0,20.499999999999996,0.050000000000000044,True,False
2901,59,20.409999999999997,0,20.409999999999997,0.050000000000000044,True,False
2902,50,20.499999999999996,0,20.499999999999996,0.050000000000000044,True,False
2903,49,20.509999999999998,0,20.509999999999998,0.050000000000000044,True,False
2904,46,20.54,0,20.54,0.050000000000000044,True,False
2905,49,20.509999999999998,0,20.509999999999998,0.050000000000000044,True,False
2906,48,20.52,0,20.52,0.050000000000000044,True,False
2907,47,20.529999999999998,0,20.529999999999998,0.050000000000000044,True,False
2908,47,20.529999999999998,0,20.529999999999998,0.050000000000000044,True,False
2909,49,20.509999999999998,0,20.509999999999998,0.050000000000000044,True,False
2910,47,20.529999999999998,0,20.529999999999998,0.050000000000000044,True,False
2911,48,20.52,0,20.52,0.050000000000000044,True,False
2912,48,20.52,0,20.52,0.050000000000000044,True,False
2913,47,20.529999999999998,0,20.529999999999998,0.050000000000000044,True,False
2914,46,20.54,0,20.54,0.050000000000000044,True,False
2915,52,20.479999999999997,0,20.479999999999997,0.050000000000000044,True,False
2916,48,20.52,0,20.52,0.050000000000000044,True,False
2917,47,20.529999999999998,0,20.529999999999998,0.050000000000000044,True,False
2918,46,20.54,0,20.54,0.050000000000000044,True,False
2919,46,20.54,0,20.54,0.050000000000000044,True,False
2920,50,20.499999999999996,0,20.499999999999996,0.050000000000000044,True,False
2921,47,20.529999999999998,0,20.529999999999998,0.050000000000000044,True,False
2922,51,20.49,0,20.49,0.050000000000000044,True,False
2923,50,20.499999999999996,0,20.499999999999996,0.050000000000000044,True,False
2924,47,20.529999999999998,0,20.529999999999998,0.050000000000000044,True,False
2925,46,20.54,0,20.54,0.050000000000000044,True,False
2926,47,20.529999999999998,0,20.529999999999998,0.050000000000000044,True,False
2927,46,20.54,0,20.54,0.050000000000000044,True,False
2928,47,20.529999999999998,0,20.529999999999998,0.050000000000000044,True,False
2929,48,20.52,0,20.52,0.050000000000000044,True,False
2930,46,20.54,0,20.54,0.050000000000000044,True,False
2931,49,20.509999999999998,0,20.509999999999998,0.050000000000000044,True,False
2932,48,20.52,0,20.52,0.050000000000000044,True,False
2933,48,20.52,0,20.52,0.050000000000000044,True,False
2934,47,20.529999999999998,0,20.529999999999998,0.050000000000000044,True,False
2935,48,20.52,0,20.52,0.050000000000000044,True,False
2936,52,20.479999999999997,0,20.479999999999997,0.050000000000000044,True,False
2937,50,20.499999999999996,0,20.499999999999996,0.050000000000000044,True,False
2938,46,20.54,0,20.54,0.050000000000000044,True,False
2939,47,20.529999999999998,0,20.529999999999998,0.050000000000000044,True,False
2940,46,20.54,0,20.54,0.050000000000000044,True,False
2941,48,20.52,0,20.52,0.050000000000000044,True,False
2942,46,20.54,0,20.54,0.050000000000000044,True,False
2943,47,20.529999999999998,0,20.529999999999998,0.050000000000000044,True,False
2944,48,20.52,0,20.52,0.050000000000000044,True,False
2945,47,20.529999999999998,0,20.529999999999998,0.050000000000000044,True,False
2946,50,20.499999999999996,0,20.499999999999996,0.050000000000000044,True,False
2947,48,20.52,0,20.52,0.050000000000000044,True,False
2948,50,20.499999999999996,0,20.499999999999996,0.050000000000000044,True,False
2949,48,20.52,0,20.52,0.050000000000000044,True,False
2950,51,20.49,0,20.49,0.050000000000000044,True,False
2951,51,20.49,0,20.49,0.050000000000000044,True,False
2952,52,20.479999999999997,0,20.479999999999997,0.050000000000000044,True,False
2953,50,20.499999999999996,0,20.499999999999996,0.050000000000000044,True,False
2954,52,20.479999999999997,0,20.479999999999997,0.050000000000000044,True,False
2955,47,20.529999999999998,0,20.529999999999998,0.050000000000000044,True,False
2956,51,20.49,0,20.49,0.050000000000000044,True,False
2957,46,20.54,0,20.54,0.050000000000000044,True,False
2958,47,20.529999999999998,0,20.529999999999998,0.050000000000000044,True,False
2959,46,20.54,0,20.54,0.050000000000000044,True,False
2960,46,20.54,0,20.54,0.050000000000000044,True,False
2961,48,20.52,0,20.52,0.050000000000000044,True,False
2962,46,20.54,0,20.54,0.050000000000000044,True,False
2963,46,20.54,0,20.54,0.050000000000000044,True,False
2964,47,20.529999999999998,0,20.529999999999998,0.050000000000000044,True,False
2965,47,20.529999999999998,0,20.529999999999998,0.050000000000000044,True,False
2966,47,20.529999999999998,0,20.529999999999998,0.050000000000000044,True,False
2967,46,20.54,0,20.54,0.050000000000000044,True,False
2968,48,20.52,0,20.52,0.050000000000000044,True,False
2969,46,20.54,0,20.54,0.050000000000000044,True,False
2970,49,20.509999999999998,0,20.509999999999998,0.050000000000000044,True,False
2971,47,20.529999999999998,0,20.529999999999998,0.050000000000000044,True,False
2972,47,20.529999999999998,0,20.529999999999998,0.050000000000000044,True,False
2973,48,20.52,0,20.52,0.050000000000000044,True,False
2974,49,20.509999999999998,0,20.509999999999998,0.050000000000000044,True,False
2975,47,20.529999999999998,0,20.529999999999998,0.050000000000000044,True,False
2976,47,20.529999999999998,0,20.529999999999998,0.050000000000000044,True,False
2977,46,20.54,0,20.54,0.050000000000000044,True,False
2978,48,20.52,0,20.52,0.050000000000000044,True,False
2979,48,20.52,0,20.52,0.050000000000000044,True,False
2980,48,20.52,0,20.52,0.050000000000000044,True,False
2981,48,20.52,0,20.52,0.050000000000000044,True,False
2982,49,20.509999999999998,0,20.509999999999998,0.050000000000000044,True,False
2983,47,20.529999999999998,0,20.529999999999998,0.050000000000000044,True,False
2984,48,20.52,0,20.52,0.050000000000000044,True,False
2985,52,20.479999999999997,0,20.479999999999997,0.050000000000000044,True,False
2986,48,20.52,0,20.52,0.050000000000000044,True,False
2987,47,20.529999999999998,0,20.529999999999998,0.050000000000000044,True,False
2988,48,20.52,0,20.52,0.050000000000000044,True,False
2989,46,20.54,0,20.54,0.050000000000000044,True,False
2990,48,20.52,0,20.52,0.050000000000000044,True,False
2991,49,20.509999999999998,0,20.509999999999998,0.050000000000000044,True,False
2992,46,20.54,0,20.54,0.050000000000000044,True,False
2993,46,20.54,0,20.54,0.050000000000000044,True,False
2994,50,20.499999999999996,0,20.499999999999996,0.050000000000000044,True,False
2995,46,20.54,0,20.54,0.050000000000000044,True,False
2996,48,20.52,0,20.52,0.050000000000000044,True,False
2997,48,20.52,0,20.52,0.050000000000000044,True,False
2998,48,20.52,0,20.52,0.050000000000000044,True,False
2999,49,20.509999999999998,0,20.509999999999998,0.050000000000000044,True,False
3000,48,20.52,0,20.52,0.050000000000000044,True,False
