episode,steps,totalEnvironmentReward,totalIntrinsicReward,totalLearningReward,epsilon,completed,died
1,400,-3.9999999999999587,0.12578596655456128,-3.8742140334453974,1.0,False,False
2,400,-3.9999999999999587,0.16104286391614445,-3.838957136083814,0.9996481481481482,False,False
3,400,-3.9999999999999587,0.1499297034670847,-3.850070296532874,0.9992962962962963,False,False
4,400,-3.9999999999999587,0.16609336097915467,-3.833906639020804,0.9989444444444444,False,False
5,400,-3.9999999999999587,0.138544967918531,-3.8614550320814276,0.9985925925925926,False,False
6,400,-3.9999999999999587,0.12280367594787271,-3.877196324052086,0.9982407407407408,False,False
7,400,-3.9999999999999587,0.1691661347601415,-3.8308338652398173,0.9978888888888889,False,False
8,400,-3.9999999999999587,0.1367888364947023,-3.863211163505256,0.997537037037037,False,False
9,400,-3.9999999999999587,0.1143349148195875,-3.885665085180371,0.9971851851851852,False,False
10,400,-3.9999999999999587,0.09720050227543109,-3.9027994977245277,0.9968333333333333,False,False
11,400,-3.9999999999999587,0.09527636373837346,-3.9047236362615854,0.9964814814814815,False,False
12,400,-3.9999999999999587,0.09653017620784025,-3.9034698237921184,0.9961296296296296,False,False
13,400,-3.9999999999999587,0.13247553092157818,-3.8675244690783805,0.9957777777777778,False,False
14,400,-3.9999999999999587,0.13866188392949558,-3.861338116070463,0.9954259259259259,False,False
15,400,-3.9999999999999587,0.12971316258662688,-3.8702868374133317,0.9950740740740741,False,False
16,400,-3.9999999999999587,0.16586863571054314,-3.8341313642894157,0.9947222222222222,False,False
17,400,-3.9999999999999587,0.16102913976682665,-3.838970860233132,0.9943703703703703,False,False
18,400,-3.9999999999999587,0.12076533044292306,-3.8792346695570354,0.9940185185185185,False,False
19,400,-3.9999999999999587,0.08464683274966406,-3.9153531672502946,0.9936666666666667,False,False
20,400,-3.9999999999999587,0.16167148647915425,-3.8383285135208043,0.9933148148148148,False,False
21,400,-3.9999999999999587,0.10367799339179613,-3.8963220066081625,0.9929629629629629,False,False
22,400,-3.9999999999999587,0.16226674068159339,-3.8377332593183655,0.9926111111111111,False,False
23,400,-3.9999999999999587,0.13942555377589982,-3.8605744462240588,0.9922592592592593,False,False
24,400,-3.9999999999999587,0.13262067398981134,-3.8673793260101474,0.9919074074074075,False,False
25,400,-3.9999999999999587,0.12496026620939636,-3.875039733790562,0.9915555555555555,False,False
26,400,-3.9999999999999587,0.13024941558745448,-3.8697505844125044,0.9912037037037037,False,False
27,400,-3.9999999999999587,0.12931798340251607,-3.8706820165974425,0.9908518518518519,False,False
28,400,-3.9999999999999587,0.13746589193546166,-3.862534108064497,0.9905,False,False
29,400,-3.9999999999999587,0.12868452351607662,-3.871315476483882,0.9901481481481481,False,False
30,400,-3.9999999999999587,0.11111799898992196,-3.8888820010100367,0.9897962962962963,False,False
31,400,-3.9999999999999587,0.11798864233846221,-3.8820113576614963,0.9894444444444445,False,False
32,400,-3.9999999999999587,0.11732840238084724,-3.8826715976191113,0.9890925925925926,False,False
33,400,-3.9999999999999587,0.11080253904191516,-3.8891974609580435,0.9887407407407407,False,False
34,400,-3.9999999999999587,0.09246823050790165,-3.9075317694920573,0.9883888888888889,False,False
35,400,-3.9999999999999587,0.1415993306005632,-3.8584006693993955,0.988037037037037,False,False
36,400,-3.9999999999999587,0.13129436419224083,-3.868705635807718,0.9876851851851852,False,False
37,400,-3.9999999999999587,0.12740790946337377,-3.872592090536585,0.9873333333333333,False,False
38,400,-3.9999999999999587,0.1176245389490773,-3.8823754610508816,0.9869814814814815,False,False
39,400,-3.9999999999999587,0.1545494960400372,-3.8454505039599214,0.9866296296296296,False,False
40,400,-3.9999999999999587,0.10028869655701395,-3.899711303442945,0.9862777777777778,False,False
41,400,-3.9999999999999587,0.14497252439802577,-3.8550274756019327,0.9859259259259259,False,False
42,400,-3.9999999999999587,0.14048652372099868,-3.85951347627896,0.985574074074074,False,False
43,400,-3.9999999999999587,0.1196647715432741,-3.8803352284566848,0.9852222222222222,False,False
44,400,-3.9999999999999587,0.11407437377914395,-3.8859256262208146,0.9848703703703704,False,False
45,400,-3.9999999999999587,0.1469866690884176,-3.853013330911541,0.9845185185185186,False,False
46,400,-3.9999999999999587,0.13599372952653813,-3.8640062704734204,0.9841666666666666,False,False
47,400,-3.9999999999999587,0.12368741083138626,-3.8763125891685726,0.9838148148148148,False,False
48,400,-3.9999999999999587,0.14611467610326115,-3.8538853238966975,0.983462962962963,False,False
49,400,-3.9999999999999587,0.11686785268349269,-3.883132147316466,0.9831111111111112,False,False
50,400,-3.9999999999999587,0.1371219449049143,-3.8628780550950443,0.9827592592592592,False,False
51,400,-3.9999999999999587,0.15137048530871838,-3.84862951469124,0.9824074074074074,False,False
52,400,-3.9999999999999587,0.1077712940608435,-3.8922287059391154,0.9820555555555556,False,False
53,400,-3.9999999999999587,0.12413985125746861,-3.87586014874249,0.9817037037037037,False,False
54,400,-3.9999999999999587,0.14716429011634444,-3.8528357098836143,0.9813518518518518,False,False
55,400,-3.9999999999999587,0.12535289400687394,-3.874647105993085,0.981,False,False
56,400,-3.9999999999999587,0.18236749358961976,-3.817632506410339,0.9806481481481482,False,False
57,400,-3.9999999999999587,0.1468693932374738,-3.853130606762485,0.9802962962962963,False,False
58,400,-3.9999999999999587,0.1618394534828485,-3.83816054651711,0.9799444444444444,False,False
59,400,-3.9999999999999587,0.12629829719845106,-3.8737017028015077,0.9795925925925926,False,False
60,400,-3.9999999999999587,0.11522415581116806,-3.8847758441887907,0.9792407407407407,False,False
61,400,-3.9999999999999587,0.11685789813561571,-3.883142101864343,0.9788888888888889,False,False
62,400,-3.9999999999999587,0.1280384730288977,-3.871961526971061,0.978537037037037,False,False
63,400,-3.9999999999999587,0.1378889322985335,-3.8621110677014254,0.9781851851851852,False,False
64,400,-3.9999999999999587,0.1436255922889437,-3.856374407711015,0.9778333333333333,False,False
65,400,-3.9999999999999587,0.1325747018512049,-3.8674252981487536,0.9774814814814815,False,False
66,400,-3.9999999999999587,0.1351723007377292,-3.8648276992622295,0.9771296296296297,False,False
67,400,-3.9999999999999587,0.12979619229501235,-3.8702038077049465,0.9767777777777777,False,False
68,400,-3.9999999999999587,0.14605484206523892,-3.85394515793472,0.9764259259259259,False,False
69,400,-3.9999999999999587,0.14307786924989094,-3.8569221307500676,0.9760740740740741,False,False
70,400,-3.9999999999999587,0.13468252758402016,-3.8653174724159385,0.9757222222222223,False,False
71,400,-3.9999999999999587,0.1685729148945545,-3.831427085105404,0.9753703703703703,False,False
72,400,-3.9999999999999587,0.14516445974579237,-3.8548355402541663,0.9750185185185185,False,False
73,400,-3.9999999999999587,0.10398372863742941,-3.8960162713625293,0.9746666666666667,False,False
74,400,-3.9999999999999587,0.17313227581668025,-3.8268677241832783,0.9743148148148149,False,False
75,400,-3.9999999999999587,0.12281836288194486,-3.8771816371180137,0.9739629629629629,False,False
76,400,-3.9999999999999587,0.12468839108043862,-3.87531160891952,0.9736111111111111,False,False
77,400,-3.9999999999999587,0.14104839444433004,-3.8589516055556286,0.9732592592592593,False,False
78,294,18.060000000000016,0.1570439385499409,18.217043938549956,0.9729074074074074,True,False
79,400,-3.9999999999999587,0.10559113183850448,-3.894408868161454,0.9725555555555555,False,False
80,400,-3.9999999999999587,0.16601023685883337,-3.8339897631411253,0.9722037037037037,False,False
81,400,-3.9999999999999587,0.16870228298980355,-3.831297717010155,0.9718518518518519,False,False
82,400,-3.9999999999999587,0.16309930423650987,-3.8369006957634486,0.9715,False,False
83,400,-3.9999999999999587,0.18028932042425969,-3.819710679575699,0.9711481481481481,False,False
84,400,-3.9999999999999587,0.10900878228010868,-3.89099121771985,0.9707962962962963,False,False
85,400,-3.9999999999999587,0.11768130461087796,-3.8823186953890807,0.9704444444444444,False,False
86,400,-3.9999999999999587,0.14597963623351906,-3.8540203637664394,0.9700925925925926,False,False
87,400,-3.9999999999999587,0.13129959481541156,-3.8687004051845473,0.9697407407407408,False,False
88,400,-3.9999999999999587,0.12460046895174799,-3.8753995310482106,0.9693888888888889,False,False
89,400,-3.9999999999999587,0.11618412295603259,-3.883815877043926,0.969037037037037,False,False
90,400,-3.9999999999999587,0.16292983957108015,-3.8370701604288784,0.9686851851851852,False,False
91,400,-3.9999999999999587,0.10680147211645995,-3.8931985278834986,0.9683333333333334,False,False
92,400,-3.9999999999999587,0.13491341138586707,-3.8650865886140915,0.9679814814814814,False,False
93,400,-3.9999999999999587,0.1377172566605387,-3.86228274333942,0.9676296296296296,False,False
94,400,-3.9999999999999587,0.18255581991135159,-3.817444180088607,0.9672777777777778,False,False
95,400,-3.9999999999999587,0.1299500724265671,-3.8700499275733917,0.966925925925926,False,False
96,400,-3.9999999999999587,0.1927531571546107,-3.807246842845348,0.966574074074074,False,False
97,400,-3.9999999999999587,0.11434003334802989,-3.8856599666519287,0.9662222222222222,False,False
98,400,-3.9999999999999587,0.15046655494446912,-3.8495334450554894,0.9658703703703704,False,False
99,400,-3.9999999999999587,0.15751616610592792,-3.842483833894031,0.9655185185185186,False,False
100,400,-3.9999999999999587,0.1441379302121981,-3.8558620697877606,0.9651666666666666,False,False
101,400,-3.9999999999999587,0.13740744485601075,-3.862592555143948,0.9648148148148148,False,False
102,400,-3.9999999999999587,0.1109094661153956,-3.889090533884563,0.964462962962963,False,False
103,400,-3.9999999999999587,0.17716935909402698,-3.8228306409059316,0.9641111111111111,False,False
104,400,-3.9999999999999587,0.1561507456067479,-3.843849254393211,0.9637592592592592,False,False
105,400,-3.9999999999999587,0.15463798996849168,-3.845362010031467,0.9634074074074074,False,False
106,400,-3.9999999999999587,0.16977698777565325,-3.8302230122243053,0.9630555555555556,False,False
107,400,-3.9999999999999587,0.15325253842576142,-3.8467474615741972,0.9627037037037037,False,False
108,400,-3.9999999999999587,0.1530148978030489,-3.8469851021969097,0.9623518518518519,False,False
109,400,-3.9999999999999587,0.15127123280272686,-3.848728767197232,0.962,False,False
110,400,-3.9999999999999587,0.11740106080608338,-3.8825989391938753,0.9616481481481481,False,False
111,400,-3.9999999999999587,0.12794775125909613,-3.8720522487408626,0.9612962962962963,False,False
112,400,-3.9999999999999587,0.17779033915136824,-3.8222096608485905,0.9609444444444445,False,False
113,400,-3.9999999999999587,0.18492471039081038,-3.8150752896091484,0.9605925925925926,False,False
114,400,-3.9999999999999587,0.13034869687150058,-3.869651303128458,0.9602407407407407,False,False
115,400,-3.9999999999999587,0.11010238756790154,-3.889897612432057,0.9598888888888889,False,False
116,400,-3.9999999999999587,0.14082037658775984,-3.859179623412199,0.9595370370370371,False,False
117,400,-3.9999999999999587,0.18181255557818815,-3.8181874444217705,0.9591851851851851,False,False
118,400,-3.9999999999999587,0.1674967379769084,-3.8325032620230504,0.9588333333333333,False,False
119,400,-3.9999999999999587,0.09926265339411265,-3.900737346605846,0.9584814814814815,False,False
120,400,-3.9999999999999587,0.16554260209458174,-3.834457397905377,0.9581296296296297,False,False
121,400,-3.9999999999999587,0.15640669062373205,-3.8435933093762267,0.9577777777777777,False,False
122,400,-3.9999999999999587,0.16103662114917983,-3.838963378850779,0.9574259259259259,False,False
123,400,-3.9999999999999587,0.12163458135647964,-3.878365418643479,0.9570740740740741,False,False
124,400,-3.9999999999999587,0.17983355216289612,-3.8201664478370625,0.9567222222222223,False,False
125,380,17.200000000000035,0.192920000340844,17.39292000034088,0.9563703703703703,True,False
126,400,-3.9999999999999587,0.15866429338224278,-3.841335706617716,0.9560185185185185,False,False
127,400,-3.9999999999999587,0.17092954394422988,-3.829070456055729,0.9556666666666667,False,False
128,400,-3.9999999999999587,0.15986230196235598,-3.8401376980376027,0.9553148148148148,False,False
129,400,-3.9999999999999587,0.13518955118236362,-3.864810448817595,0.954962962962963,False,False
130,400,-3.9999999999999587,0.13485137603664088,-3.865148623963318,0.9546111111111111,False,False
131,400,-3.9999999999999587,0.14677270850817298,-3.8532272914917858,0.9542592592592593,False,False
132,400,-3.9999999999999587,0.1823208897400945,-3.8176791102598644,0.9539074074074074,False,False
133,400,-3.9999999999999587,0.1295311561642099,-3.8704688438357486,0.9535555555555556,False,False
134,400,-3.9999999999999587,0.14519887970958767,-3.854801120290371,0.9532037037037037,False,False
135,400,-3.9999999999999587,0.1459735909561753,-3.8540264090437835,0.9528518518518518,False,False
136,400,-3.9999999999999587,0.16558685862713596,-3.834413141372823,0.9525,False,False
137,400,-3.9999999999999587,0.11715872643945979,-3.8828412735604987,0.9521481481481482,False,False
138,400,-3.9999999999999587,0.14102871083212476,-3.858971289167834,0.9517962962962963,False,False
139,400,-3.9999999999999587,0.16325821518698388,-3.836741784812975,0.9514444444444444,False,False
140,400,-3.9999999999999587,0.17953850038251037,-3.820461499617448,0.9510925925925926,False,False
141,400,-3.9999999999999587,0.18279157756865613,-3.8172084224313028,0.9507407407407408,False,False
142,400,-3.9999999999999587,0.15557022181655195,-3.844429778183407,0.9503888888888888,False,False
143,400,-3.9999999999999587,0.15231306173068232,-3.8476869382692764,0.950037037037037,False,False
144,400,-3.9999999999999587,0.1872910615092762,-3.8127089384906823,0.9496851851851852,False,False
145,400,-3.9999999999999587,0.12978888276183168,-3.870211117238127,0.9493333333333334,False,False
146,400,-3.9999999999999587,0.15448328482890253,-3.845516715171056,0.9489814814814814,False,False
147,400,-3.9999999999999587,0.16801842091955382,-3.831981579080405,0.9486296296296296,False,False
148,400,-3.9999999999999587,0.15032172939789798,-3.8496782706020607,0.9482777777777778,False,False
149,400,-3.9999999999999587,0.16074941594317776,-3.839250584056781,0.947925925925926,False,False
150,400,-3.9999999999999587,0.18412731316628222,-3.8158726868336763,0.9475740740740741,False,False
151,400,-3.9999999999999587,0.12582417169123866,-3.87417582830872,0.9472222222222222,False,False
152,400,-3.9999999999999587,0.15979940995896583,-3.840200590040993,0.9468703703703704,False,False
153,400,-3.9999999999999587,0.1761649555873627,-3.823835044412596,0.9465185185185185,False,False
154,400,-3.9999999999999587,0.1624625061044863,-3.8375374938954723,0.9461666666666667,False,False
155,400,-3.9999999999999587,0.16993749756367643,-3.830062502436282,0.9458148148148148,False,False
156,400,-3.9999999999999587,0.185733514804239,-3.8142664851957195,0.945462962962963,False,False
157,400,-3.9999999999999587,0.18162843723803584,-3.818371562761923,0.9451111111111111,False,False
158,400,-3.9999999999999587,0.1446377997624493,-3.855362200237509,0.9447592592592593,False,False
159,400,-3.9999999999999587,0.1684897849321358,-3.831510215067823,0.9444074074074074,False,False
160,344,17.560000000000027,0.18390303544971398,17.74390303544974,0.9440555555555555,True,False
161,400,-3.9999999999999587,0.19680364336381598,-3.8031963566361426,0.9437037037037037,False,False
162,400,-3.9999999999999587,0.14461025958184034,-3.8553897404181185,0.9433518518518519,False,False
163,400,-3.9999999999999587,0.12409158551692699,-3.875908414483032,0.9430000000000001,False,False
164,400,-3.9999999999999587,0.15380322350454165,-3.8461967764954172,0.9426481481481481,False,False
165,400,-3.9999999999999587,0.13709687701840487,-3.862903122981554,0.9422962962962963,False,False
166,400,-3.9999999999999587,0.1288643514490745,-3.8711356485508843,0.9419444444444445,False,False
167,400,-3.9999999999999587,0.12631327976627368,-3.873686720233685,0.9415925925925925,False,False
168,400,-3.9999999999999587,0.1440998998176576,-3.8559001001823012,0.9412407407407407,False,False
169,400,-3.9999999999999587,0.18906583695420356,-3.810934163045755,0.9408888888888889,False,False
170,400,-3.9999999999999587,0.1641717450384872,-3.8358282549614717,0.9405370370370371,False,False
171,374,17.260000000000034,0.19297993418674014,17.452979934186775,0.9401851851851852,True,False
172,400,-3.9999999999999587,0.16128051878953403,-3.8387194812104246,0.9398333333333333,False,False
173,380,17.200000000000035,0.1880837964823952,17.38808379648243,0.9394814814814815,True,False
174,400,-3.9999999999999587,0.15498983802744906,-3.8450101619725094,0.9391296296296296,False,False
175,400,-3.9999999999999587,0.1751536010664926,-3.8248463989334662,0.9387777777777778,False,False
176,400,17.00000000000004,0.18840342688358055,17.18840342688362,0.9384259259259259,True,False
177,400,-3.9999999999999587,0.15890645748827095,-3.841093542511688,0.9380740740740741,False,False
178,400,-3.9999999999999587,0.19303864946709148,-3.806961350532867,0.9377222222222222,False,False
179,400,-3.9999999999999587,0.1155712710131966,-3.8844287289867623,0.9373703703703704,False,False
180,400,-3.9999999999999587,0.19115725589000684,-3.8088427441099517,0.9370185185185185,False,False
181,400,-3.9999999999999587,0.1628241980752811,-3.8371758019246776,0.9366666666666666,False,False
182,400,-3.9999999999999587,0.1606814379844699,-3.839318562015489,0.9363148148148148,False,False
183,400,-3.9999999999999587,0.16437819936389736,-3.835621800636061,0.935962962962963,False,False
184,400,-3.9999999999999587,0.18798833825203543,-3.812011661747923,0.9356111111111111,False,False
185,400,-3.9999999999999587,0.18164352876237083,-3.8183564712375877,0.9352592592592592,False,False
186,400,-3.9999999999999587,0.19339597113978707,-3.8066040288601717,0.9349074074074074,False,False
187,400,-3.9999999999999587,0.1808586031064585,-3.8191413968935004,0.9345555555555556,False,False
188,400,-3.9999999999999587,0.13201808065296386,-3.867981919346995,0.9342037037037036,False,False
189,400,-3.9999999999999587,0.16682578001804685,-3.833174219981912,0.9338518518518518,False,False
190,400,-3.9999999999999587,0.1669531201913135,-3.833046879808645,0.9335,False,False
191,400,-3.9999999999999587,0.17103664169902985,-3.828963358300929,0.9331481481481482,False,False
192,400,-3.9999999999999587,0.15151231398426837,-3.8484876860156905,0.9327962962962963,False,False
193,400,-3.9999999999999587,0.17108550508675419,-3.8289144949132043,0.9324444444444444,False,False
194,400,-3.9999999999999587,0.1721042789845472,-3.8278957210154116,0.9320925925925926,False,False
195,400,-3.9999999999999587,0.1691062731348382,-3.8308937268651206,0.9317407407407408,False,False
196,400,-3.9999999999999587,0.13737404939453057,-3.862625950605428,0.9313888888888889,False,False
197,400,-3.9999999999999587,0.18205809181229274,-3.8179419081876658,0.931037037037037,False,False
198,400,-3.9999999999999587,0.19184244593707211,-3.8081575540628867,0.9306851851851852,False,False
199,339,17.610000000000028,0.1714306443632467,17.781430644363276,0.9303333333333333,True,False
200,400,-3.9999999999999587,0.17893152122567552,-3.8210684787742832,0.9299814814814815,False,False
201,288,18.120000000000015,0.15819940395242682,18.278199403952442,0.9296296296296296,True,False
202,400,-3.9999999999999587,0.14938923079772895,-3.8506107692022296,0.9292777777777778,False,False
203,385,17.150000000000038,0.1930144049272153,17.343014404927253,0.9289259259259259,True,False
204,400,-3.9999999999999587,0.15359590441651785,-3.846404095583441,0.9285740740740741,False,False
205,400,-3.9999999999999587,0.14238809009435396,-3.8576119099056045,0.9282222222222223,False,False
206,400,-3.9999999999999587,0.16819828220900254,-3.831801717790956,0.9278703703703703,False,False
207,400,-3.9999999999999587,0.1799758573591082,-3.8200241426408503,0.9275185185185185,False,False
208,400,-3.9999999999999587,0.14794206605929602,-3.852057933940663,0.9271666666666667,False,False
209,375,17.250000000000036,0.18744694679437598,17.437446946794413,0.9268148148148148,True,False
210,400,-3.9999999999999587,0.15175598186531136,-3.8482440181346473,0.9264629629629629,False,False
211,400,-3.9999999999999587,0.1772851715498118,-3.822714828450147,0.9261111111111111,False,False
212,400,-3.9999999999999587,0.15512472750629216,-3.8448752724936663,0.9257592592592593,False,False
213,364,17.36000000000003,0.18014079967103488,17.540140799671065,0.9254074074074075,True,False
214,371,17.290000000000035,0.1930551765000535,17.483055176500088,0.9250555555555555,True,False
215,400,-3.9999999999999587,0.17805887526180875,-3.82194112473815,0.9247037037037037,False,False
216,400,-3.9999999999999587,0.13688950581283185,-3.863110494187127,0.9243518518518519,False,False
217,400,-3.9999999999999587,0.17640006461526345,-3.8235999353846952,0.924,False,False
218,371,17.290000000000035,0.1799805988844912,17.469980598884526,0.9236481481481481,True,False
219,400,-3.9999999999999587,0.13939243085324415,-3.8606075691467145,0.9232962962962963,False,False
220,400,-3.9999999999999587,0.17913853241559177,-3.820861467584367,0.9229444444444445,False,False
221,400,-3.9999999999999587,0.18227684094079927,-3.8177231590591596,0.9225925925925926,False,False
222,315,17.850000000000023,0.17179372576930224,18.021793725769324,0.9222407407407407,True,False
223,400,-3.9999999999999587,0.15165083105232502,-3.8483491689476335,0.9218888888888889,False,False
224,400,-3.9999999999999587,0.1610584357703425,-3.838941564229616,0.921537037037037,False,False
225,400,-3.9999999999999587,0.1804866852972796,-3.819513314702679,0.9211851851851852,False,False
226,359,17.410000000000032,0.17370003250251997,17.583700032502552,0.9208333333333334,True,False
227,400,-3.9999999999999587,0.19808267082333897,-3.8019173291766197,0.9204814814814815,False,False
228,365,17.350000000000033,0.17834455476322836,17.52834455476326,0.9201296296296296,True,False
229,358,17.42000000000003,0.17939113332984158,17.59939113332987,0.9197777777777778,True,False
230,220,18.8,0.13403327344107574,18.934033273441077,0.9194259259259259,True,False
231,400,-3.9999999999999587,0.16375462725143594,-3.8362453727485226,0.919074074074074,False,False
232,400,-3.9999999999999587,0.19706469749926017,-3.8029353025006984,0.9187222222222222,False,False
233,387,17.130000000000038,0.18377196894493514,17.313771968944973,0.9183703703703704,True,False
234,400,-3.9999999999999587,0.1664836123154317,-3.833516387684527,0.9180185185185186,False,False
235,400,-3.9999999999999587,0.18771920137239287,-3.8122807986275657,0.9176666666666666,False,False
236,307,17.93000000000002,0.151709272640268,18.08170927264029,0.9173148148148148,True,False
237,341,17.59000000000003,0.17636085853178762,17.766360858531815,0.916962962962963,True,False
238,400,-3.9999999999999587,0.183688893933463,-3.816311106066496,0.9166111111111112,False,False
239,321,17.790000000000024,0.1682791597213225,17.958279159721346,0.9162592592592593,True,False
240,400,-3.9999999999999587,0.17033444184806182,-3.829665558151897,0.9159074074074074,False,False
241,400,-3.9999999999999587,0.1269255919422734,-3.8730744080576853,0.9155555555555556,False,False
242,400,-3.9999999999999587,0.16859091682854885,-3.83140908317141,0.9152037037037037,False,False
243,400,-3.9999999999999587,0.16001637227224735,-3.8399836277277113,0.9148518518518518,False,False
244,400,-3.9999999999999587,0.1800488701118431,-3.8199511298881155,0.9145,False,False
245,300,18.000000000000018,0.1639470501622886,18.163947050162307,0.9141481481481482,True,False
246,400,-3.9999999999999587,0.17647570221159317,-3.8235242977883654,0.9137962962962963,False,False
247,400,-3.9999999999999587,0.17519942072049927,-3.8248005792794593,0.9134444444444445,False,False
248,400,-3.9999999999999587,0.14955324998700714,-3.8504467500129516,0.9130925925925926,False,False
249,400,-3.9999999999999587,0.12334975718202373,-3.876650242817935,0.9127407407407407,False,False
250,385,17.150000000000038,0.1956637839626431,17.34566378396268,0.9123888888888889,True,False
251,400,-3.9999999999999587,0.1833862356559525,-3.816613764344006,0.9120370370370371,False,False
252,315,17.850000000000023,0.16690152069478717,18.01690152069481,0.9116851851851852,True,False
253,285,18.150000000000016,0.16243710276947354,18.31243710276949,0.9113333333333333,True,False
254,400,-3.9999999999999587,0.1672582621262087,-3.83274173787375,0.9109814814814815,False,False
255,400,-3.9999999999999587,0.19078485554064747,-3.809215144459311,0.9106296296296297,False,False
256,400,-3.9999999999999587,0.16668400091552077,-3.833315999084438,0.9102777777777777,False,False
257,400,-3.9999999999999587,0.18558634871299598,-3.8144136512869626,0.9099259259259259,False,False
258,400,-3.9999999999999587,0.18013155723824067,-3.819868442761718,0.9095740740740741,False,False
259,360,17.40000000000003,0.1892944208260109,17.589294420826043,0.9092222222222223,True,False
260,292,18.080000000000016,0.1497344389835268,18.22973443898354,0.9088703703703703,True,False
261,312,17.88000000000002,0.16120721425774454,18.041207214257764,0.9085185185185185,True,False
262,400,-3.9999999999999587,0.1756965478138668,-3.8243034521860917,0.9081666666666667,False,False
263,400,-3.9999999999999587,0.14643801336259996,-3.853561986637359,0.9078148148148149,False,False
264,400,-3.9999999999999587,0.1807556953042731,-3.8192443046956854,0.9074629629629629,False,False
265,400,-3.9999999999999587,0.15999496504431898,-3.84000503495564,0.9071111111111111,False,False
266,400,-3.9999999999999587,0.17682706352395153,-3.823172936476007,0.9067592592592593,False,False
267,400,-3.9999999999999587,0.1363895634213512,-3.8636104365786075,0.9064074074074074,False,False
268,400,-3.9999999999999587,0.17780750081228988,-3.822192499187669,0.9060555555555556,False,False
269,400,-3.9999999999999587,0.1673952556317953,-3.8326047443681635,0.9057037037037037,False,False
270,400,-3.9999999999999587,0.1934661962908663,-3.8065338037090926,0.9053518518518519,False,False
271,400,-3.9999999999999587,0.13579451033405482,-3.864205489665904,0.905,False,False
272,400,-3.9999999999999587,0.17507370914753814,-3.8249262908524204,0.9046481481481481,False,False
273,400,-3.9999999999999587,0.09610450909776601,-3.9038954909021926,0.9042962962962963,False,False
274,400,-3.9999999999999587,0.18234334502921246,-3.8176566549707465,0.9039444444444444,False,False
275,400,-3.9999999999999587,0.18995403371738132,-3.810045966282577,0.9035925925925926,False,False
276,400,-3.9999999999999587,0.17301461224071665,-3.826985387759242,0.9032407407407408,False,False
277,400,-3.9999999999999587,0.18604885730247445,-3.8139511426974844,0.9028888888888889,False,False
278,377,17.230000000000036,0.18287694948438413,17.41287694948442,0.902537037037037,True,False
279,400,-3.9999999999999587,0.18527419585762417,-3.8147258041423346,0.9021851851851852,False,False
280,393,17.07000000000004,0.18792121483022625,17.257921214830265,0.9018333333333334,True,False
281,227,18.730000000000004,0.13230387558386175,18.862303875583866,0.9014814814814816,True,False
282,354,17.46000000000003,0.17366888027211108,17.63366888027214,0.9011296296296296,True,False
283,400,-3.9999999999999587,0.19431285964156017,-3.8056871403583985,0.9007777777777778,False,False
284,400,-3.9999999999999587,0.17769676179291208,-3.8223032382070468,0.900425925925926,False,False
285,385,17.150000000000038,0.19154011528101883,17.341540115281056,0.900074074074074,True,False
286,215,18.85,0.13149909615638597,18.981499096156387,0.8997222222222222,True,False
287,234,18.660000000000004,0.13420977395026132,18.794209773950264,0.8993703703703704,True,False
288,400,-3.9999999999999587,0.17738052542986446,-3.8226194745700943,0.8990185185185186,False,False
289,396,17.04000000000004,0.18986273967217107,17.22986273967221,0.8986666666666667,True,False
290,400,-3.9999999999999587,0.1859178583298405,-3.8140821416701183,0.8983148148148148,False,False
291,400,-3.9999999999999587,0.16451221157321613,-3.8354877884267427,0.897962962962963,False,False
292,400,-3.9999999999999587,0.19139208476906086,-3.808607915230898,0.8976111111111111,False,False
293,316,17.84000000000002,0.16085933251430787,18.000859332514327,0.8972592592592593,True,False
294,285,18.150000000000016,0.15557914818578483,18.3055791481858,0.8969074074074074,True,False
295,387,17.130000000000038,0.18884605928580464,17.318846059285843,0.8965555555555556,True,False
296,400,-3.9999999999999587,0.17810810323862342,-3.8218918967613353,0.8962037037037037,False,False
297,400,-3.9999999999999587,0.19915837236058798,-3.800841627639371,0.8958518518518519,False,False
298,353,17.47000000000003,0.17889818729861784,17.64889818729865,0.8955,True,False
299,186,19.139999999999997,0.11994009935546124,19.259940099355457,0.8951481481481481,True,False
300,338,17.620000000000026,0.1750311845313056,17.795031184531332,0.8947962962962963,True,False
301,374,17.260000000000034,0.1851320102356808,17.445132010235714,0.8944444444444445,True,False
302,400,-3.9999999999999587,0.1525438617170684,-3.8474561382828902,0.8940925925925925,False,False
303,391,17.09000000000004,0.18033663712830103,17.27033663712834,0.8937407407407407,True,False
304,400,-3.9999999999999587,0.1677594476963349,-3.832240552303624,0.8933888888888889,False,False
305,386,17.140000000000036,0.18560243079788108,17.325602430797918,0.8930370370370371,True,False
306,400,-3.9999999999999587,0.14980998810043247,-3.8501900118995263,0.8926851851851851,False,False
307,348,17.520000000000028,0.17918724232345157,17.69918724232348,0.8923333333333333,True,False
308,224,18.76,0.12983449351208476,18.889834493512087,0.8919814814814815,True,False
309,342,17.580000000000027,0.17335125493601106,17.75335125493604,0.8916296296296297,True,False
310,400,-3.9999999999999587,0.17216062262139217,-3.8278393773785666,0.8912777777777778,False,False
311,300,18.000000000000018,0.1609573206114005,18.16095732061142,0.8909259259259259,True,False
312,400,-3.9999999999999587,0.18767915480535377,-3.812320845194605,0.8905740740740741,False,False
313,400,-3.9999999999999587,0.19683004267675885,-3.8031699573232,0.8902222222222222,False,False
314,373,17.270000000000035,0.18031019978857155,17.450310199788607,0.8898703703703703,True,False
315,400,-3.9999999999999587,0.19367875896203732,-3.8063212410379212,0.8895185185185185,False,False
316,400,-3.9999999999999587,0.15668751613304116,-3.8433124838669177,0.8891666666666667,False,False
317,345,17.55000000000003,0.17697950854543565,17.726979508545465,0.8888148148148148,True,False
318,400,-3.9999999999999587,0.17784732972082481,-3.822152670279134,0.888462962962963,False,False
319,400,-3.9999999999999587,0.1832235229750808,-3.8167764770248778,0.8881111111111111,False,False
320,400,-3.9999999999999587,0.1821711351606577,-3.817828864839301,0.8877592592592592,False,False
321,400,-3.9999999999999587,0.17746497103405212,-3.8225350289659064,0.8874074074074074,False,False
322,400,-3.9999999999999587,0.18637265335103348,-3.813627346648925,0.8870555555555556,False,False
323,396,17.04000000000004,0.19198043273137358,17.23198043273141,0.8867037037037037,True,False
324,400,-3.9999999999999587,0.18397497972832358,-3.8160250202716353,0.8863518518518518,False,False
325,287,18.130000000000017,0.15969221406829748,18.289692214068314,0.886,True,False
326,386,17.140000000000036,0.19015404852131018,17.330154048521347,0.8856481481481482,True,False
327,400,-3.9999999999999587,0.18643321018538161,-3.813566789814577,0.8852962962962962,False,False
328,255,18.45000000000001,0.14190211660498195,18.59190211660499,0.8849444444444444,True,False
329,400,-3.9999999999999587,0.17263510752977174,-3.827364892470187,0.8845925925925926,False,False
330,400,-3.9999999999999587,0.18939933403674455,-3.8106006659632143,0.8842407407407408,False,False
331,363,17.370000000000033,0.17050763139106026,17.540507631391094,0.883888888888889,True,False
332,310,17.90000000000002,0.162122133248525,18.062122133248543,0.883537037037037,True,False
333,400,-3.9999999999999587,0.1710546794408432,-3.8289453205591153,0.8831851851851852,False,False
334,315,17.850000000000023,0.16011972345385236,18.010119723453876,0.8828333333333334,True,False
335,253,18.47000000000001,0.14426993642541092,18.61426993642542,0.8824814814814815,True,False
336,222,18.78,0.1327489103003922,18.912748910300394,0.8821296296296296,True,False
337,228,18.720000000000002,0.1328516351144469,18.85285163511445,0.8817777777777778,True,False
338,241,18.590000000000007,0.13011488512877617,18.720114885128783,0.881425925925926,True,False
339,385,17.150000000000038,0.18797465722677925,17.337974657226816,0.8810740740740741,True,False
340,258,18.42000000000001,0.14667221244175221,18.566672212441762,0.8807222222222222,True,False
341,288,18.120000000000015,0.15775498831205254,18.27775498831207,0.8803703703703704,True,False
342,312,17.88000000000002,0.17194836103741334,18.051948361037432,0.8800185185185185,True,False
343,218,18.82,0.1352803093234993,18.9552803093235,0.8796666666666667,True,False
344,400,-3.9999999999999587,0.18031187561162884,-3.81968812438833,0.8793148148148149,False,False
345,368,17.320000000000032,0.17435239661826135,17.494352396618293,0.878962962962963,True,False
346,400,-3.9999999999999587,0.18784863985317485,-3.812151360146784,0.8786111111111111,False,False
347,368,17.320000000000032,0.18833758231266834,17.508337582312702,0.8782592592592593,True,False
348,400,-3.9999999999999587,0.16377271146956932,-3.8362272885303894,0.8779074074074074,False,False
349,365,17.350000000000033,0.1739669585569331,17.523966958556965,0.8775555555555555,True,False
350,231,18.690000000000005,0.1372973732092716,18.827297373209277,0.8772037037037037,True,False
351,400,-3.9999999999999587,0.15208041827645927,-3.8479195817234992,0.8768518518518519,False,False
352,400,-3.9999999999999587,0.16617747153470383,-3.8338225284652547,0.8765000000000001,False,False
353,400,-3.9999999999999587,0.18964746933650992,-3.8103525306634487,0.8761481481481481,False,False
354,400,-3.9999999999999587,0.1564589672451127,-3.843541032754846,0.8757962962962963,False,False
355,308,17.92000000000002,0.17018972565609067,18.09018972565611,0.8754444444444445,True,False
356,395,17.05000000000004,0.19220528918546914,17.24220528918551,0.8750925925925926,True,False
357,400,-3.9999999999999587,0.19073987145234486,-3.809260128547614,0.8747407407407407,False,False
358,400,-3.9999999999999587,0.1861482563548843,-3.8138517436450745,0.8743888888888889,False,False
359,364,17.36000000000003,0.18241034122221583,17.542410341222247,0.8740370370370371,True,False
360,400,-3.9999999999999587,0.16601325479880014,-3.8339867452011585,0.8736851851851852,False,False
361,400,-3.9999999999999587,0.19386684023685044,-3.806133159763108,0.8733333333333333,False,False
362,312,17.88000000000002,0.16821711286221025,18.04821711286223,0.8729814814814815,True,False
363,235,18.650000000000006,0.1390364557755065,18.789036455775513,0.8726296296296296,True,False
364,390,17.100000000000037,0.1889104202939392,17.288910420293977,0.8722777777777778,True,False
365,365,17.350000000000033,0.18193626854316236,17.531936268543195,0.871925925925926,True,False
366,330,17.700000000000024,0.16282539012451214,17.862825390124538,0.8715740740740741,True,False
367,297,18.03000000000002,0.1598576637141187,18.189857663714136,0.8712222222222222,True,False
368,400,-3.9999999999999587,0.19751771573733887,-3.80248228426262,0.8708703703703704,False,False
369,400,-3.9999999999999587,0.1898010070025765,-3.8101989929973823,0.8705185185185185,False,False
370,283,18.170000000000016,0.15136566838284282,18.32136566838286,0.8701666666666666,True,False
371,271,18.290000000000013,0.1503788540621473,18.44037885406216,0.8698148148148148,True,False
372,304,17.96000000000002,0.16180712079331241,18.12180712079333,0.869462962962963,True,False
373,400,-3.9999999999999587,0.17530912531801968,-3.824690874681939,0.8691111111111112,False,False
374,383,17.170000000000037,0.1746238483168165,17.344623848316854,0.8687592592592592,True,False
375,208,18.919999999999998,0.12727547374344306,19.04727547374344,0.8684074074074074,True,False
376,218,18.82,0.1273920065233602,18.947392006523362,0.8680555555555556,True,False
377,261,18.39000000000001,0.1457099837966484,18.53570998379666,0.8677037037037038,True,False
378,292,18.080000000000016,0.1550354489224777,18.235035448922496,0.8673518518518518,True,False
379,400,-3.9999999999999587,0.1608958049063846,-3.839104195093574,0.867,False,False
380,297,18.03000000000002,0.16077746334288762,18.190777463342908,0.8666481481481482,True,False
381,328,17.720000000000024,0.168220359843075,17.8882203598431,0.8662962962962963,True,False
382,327,17.730000000000025,0.17054408927277206,17.9005440892728,0.8659444444444444,True,False
383,349,17.51000000000003,0.1833122948483691,17.6933122948484,0.8655925925925926,True,False
384,199,19.009999999999998,0.11982950145233058,19.129829501452328,0.8652407407407408,True,False
385,352,17.48000000000003,0.18065118264795804,17.660651182647985,0.8648888888888889,True,False
386,253,18.47000000000001,0.1466697203305484,18.61666972033056,0.864537037037037,True,False
387,400,-3.9999999999999587,0.165735323183411,-3.834264676816548,0.8641851851851852,False,False
388,358,17.42000000000003,0.17546060061724278,17.595460600617272,0.8638333333333333,True,False
389,389,17.11000000000004,0.18498738232143885,17.294987382321477,0.8634814814814815,True,False
390,270,18.30000000000001,0.14993747246942343,18.449937472469436,0.8631296296296296,True,False
391,252,18.480000000000008,0.145740252300961,18.625740252300968,0.8627777777777779,True,False
392,359,17.410000000000032,0.1801093882381206,17.59010938823815,0.8624259259259259,True,False
393,400,-3.9999999999999587,0.19609567206805759,-3.803904327931901,0.8620740740740741,False,False
394,246,18.540000000000006,0.14211609415186768,18.682116094151873,0.8617222222222223,True,False
395,313,17.870000000000022,0.16770911425247204,18.037709114252493,0.8613703703703703,True,False
396,299,18.01000000000002,0.16211848520033142,18.17211848520035,0.8610185185185185,True,False
397,293,18.070000000000018,0.16350565059796945,18.233505650597987,0.8606666666666667,True,False
398,400,-3.9999999999999587,0.19069722856095989,-3.8093027714389986,0.8603148148148148,False,False
399,242,18.580000000000005,0.14398722059843808,18.723987220598442,0.859962962962963,True,False
400,400,-3.9999999999999587,0.18279273963914075,-3.817207260360818,0.8596111111111111,False,False
401,278,18.220000000000013,0.1526705675504017,18.372670567550415,0.8592592592592593,True,False
402,308,17.92000000000002,0.15857473427405355,18.078574734274074,0.8589074074074075,True,False
403,264,18.36000000000001,0.15290742630754045,18.51290742630755,0.8585555555555555,True,False
404,394,17.060000000000038,0.18229974265864124,17.24229974265868,0.8582037037037037,True,False
405,215,18.85,0.13137278873760644,18.98137278873761,0.8578518518518519,True,False
406,248,18.520000000000007,0.146111905291285,18.66611190529129,0.8575,True,False
407,250,18.500000000000007,0.14562880561175728,18.645628805611764,0.8571481481481482,True,False
408,379,17.210000000000036,0.19373183330443217,17.40373183330447,0.8567962962962963,True,False
409,342,17.580000000000027,0.17093514573228571,17.750935145732313,0.8564444444444445,True,False
410,387,17.130000000000038,0.19568288224297414,17.32568288224301,0.8560925925925926,True,False
411,262,18.38000000000001,0.1524505561192113,18.532450556119223,0.8557407407407407,True,False
412,400,-3.9999999999999587,0.19508534432683375,-3.804914655673125,0.8553888888888889,False,False
413,238,18.620000000000005,0.139691224900308,18.759691224900312,0.855037037037037,True,False
414,248,18.520000000000007,0.13848869946103926,18.658488699461046,0.8546851851851852,True,False
415,400,-3.9999999999999587,0.19575745999353222,-3.8042425400064266,0.8543333333333334,False,False
416,382,17.180000000000035,0.19373157968918395,17.37373157968922,0.8539814814814815,True,False
417,336,17.640000000000025,0.17835709675043288,17.818357096750457,0.8536296296296296,True,False
418,325,17.750000000000025,0.16955625462049345,17.919556254620517,0.8532777777777778,True,False
419,335,17.650000000000027,0.17235910621547865,17.822359106215504,0.8529259259259259,True,False
420,377,17.230000000000036,0.18450669267333802,17.414506692673374,0.8525740740740742,True,False
421,208,18.919999999999998,0.12900955329256156,19.04900955329256,0.8522222222222222,True,False
422,279,18.210000000000015,0.15485639773329268,18.36485639773331,0.8518703703703704,True,False
423,236,18.640000000000004,0.13725422804483273,18.777254228044836,0.8515185185185186,True,False
424,213,18.87,0.12447957702839874,18.9944795770284,0.8511666666666666,True,False
425,217,18.830000000000002,0.134300256370495,18.964300256370496,0.8508148148148148,True,False
426,298,18.020000000000017,0.15691884689833135,18.17691884689835,0.850462962962963,True,False
427,293,18.070000000000018,0.16647639315862467,18.236476393158643,0.8501111111111112,True,False
428,202,18.979999999999997,0.1236338515390221,19.10363385153902,0.8497592592592593,True,False
429,358,17.42000000000003,0.17171945116609946,17.591719451166128,0.8494074074074074,True,False
430,229,18.710000000000004,0.128975485210325,18.83897548521033,0.8490555555555556,True,False
431,327,17.730000000000025,0.1718394307714183,17.901839430771442,0.8487037037037037,True,False
432,325,17.750000000000025,0.16842522269359853,17.918425222693624,0.8483518518518518,True,False
433,376,17.240000000000034,0.1696788665124554,17.40967886651249,0.848,True,False
434,386,17.140000000000036,0.19189910514201658,17.331899105142053,0.8476481481481482,True,False
435,362,17.38000000000003,0.187256518630063,17.567256518630096,0.8472962962962963,True,False
436,400,-3.9999999999999587,0.19230598693757356,-3.807694013062385,0.8469444444444445,False,False
437,236,18.640000000000004,0.13698296050357558,18.77698296050358,0.8465925925925926,True,False
438,332,17.680000000000025,0.17375920781601673,17.85375920781604,0.8462407407407407,True,False
439,330,17.700000000000024,0.17127619340661002,17.871276193406633,0.8458888888888889,True,False
440,197,19.029999999999998,0.12247592785519898,19.152475927855196,0.845537037037037,True,False
441,198,19.019999999999996,0.1262176372971837,19.14621763729718,0.8451851851851852,True,False
442,167,19.33,0.10932823452803762,19.439328234528038,0.8448333333333333,True,False
443,333,17.670000000000027,0.17776376424527016,17.847763764245297,0.8444814814814815,True,False
444,334,17.660000000000025,0.17255147624047665,17.8325514762405,0.8441296296296297,True,False
445,213,18.87,0.1301120787714623,19.000112078771462,0.8437777777777777,True,False
446,261,18.39000000000001,0.1417370364539484,18.53173703645396,0.8434259259259259,True,False
447,369,17.310000000000034,0.1862968894763094,17.496296889476344,0.8430740740740741,True,False
448,325,17.750000000000025,0.16991904079219916,17.919919040792223,0.8427222222222222,True,False
449,346,17.540000000000028,0.17485973245028827,17.714859732450314,0.8423703703703704,True,False
450,365,17.350000000000033,0.18040718670291864,17.530407186702952,0.8420185185185185,True,False
451,336,17.640000000000025,0.1606163501581863,17.80061635015821,0.8416666666666667,True,False
452,229,18.710000000000004,0.1326061657952611,18.842606165795267,0.8413148148148148,True,False
453,291,18.090000000000018,0.1615442561682155,18.251544256168234,0.840962962962963,True,False
454,333,17.670000000000027,0.17337618681934067,17.843376186819366,0.8406111111111111,True,False
455,317,17.830000000000023,0.1698736040280313,17.999873604028053,0.8402592592592593,True,False
456,265,18.350000000000012,0.15116726793578839,18.501167267935802,0.8399074074074074,True,False
457,196,19.039999999999996,0.11997870190220469,19.1599787019022,0.8395555555555556,True,False
458,400,-3.9999999999999587,0.1886553549810758,-3.811344645018883,0.8392037037037037,False,False
459,320,17.800000000000022,0.16767933202477125,17.967679332024794,0.8388518518518518,True,False
460,361,17.390000000000033,0.18043492019749716,17.57043492019753,0.8385,True,False
461,175,19.249999999999996,0.1191901515350108,19.36919015153501,0.8381481481481482,True,False
462,163,19.369999999999997,0.10719551905914113,19.477195519059137,0.8377962962962963,True,False
463,199,19.009999999999998,0.1244909645950364,19.134490964595035,0.8374444444444444,True,False
464,256,18.44000000000001,0.14222235443325051,18.58222235443326,0.8370925925925926,True,False
465,264,18.36000000000001,0.15269940595478862,18.5126994059548,0.8367407407407408,True,False
466,175,19.249999999999996,0.1128095072199865,19.362809507219982,0.8363888888888888,True,False
467,350,17.50000000000003,0.18026630198692237,17.68026630198695,0.836037037037037,True,False
468,217,18.830000000000002,0.13521348880703005,18.96521348880703,0.8356851851851852,True,False
469,395,17.05000000000004,0.20065233317552447,17.250652333175566,0.8353333333333334,True,False
470,306,17.94000000000002,0.15650195813679044,18.09650195813681,0.8349814814814815,True,False
471,297,18.03000000000002,0.15703656193566587,18.187036561935685,0.8346296296296296,True,False
472,248,18.520000000000007,0.14283904712747397,18.66283904712748,0.8342777777777778,True,False
473,268,18.32000000000001,0.14907884419036635,18.469078844190378,0.833925925925926,True,False
474,231,18.690000000000005,0.14121404512424326,18.83121404512425,0.833574074074074,True,False
475,274,18.260000000000012,0.15575438142360667,18.415754381423618,0.8332222222222222,True,False
476,163,19.369999999999997,0.11184338537411752,19.481843385374116,0.8328703703703704,True,False
477,272,18.280000000000012,0.15495839897772926,18.43495839897774,0.8325185185185185,True,False
478,375,17.250000000000036,0.18108359418403194,17.431083594184066,0.8321666666666667,True,False
479,300,18.000000000000018,0.1532898764549301,18.15328987645495,0.8318148148148148,True,False
480,247,18.53000000000001,0.13953302408108026,18.669533024081087,0.831462962962963,True,False
481,229,18.710000000000004,0.13617822006630276,18.846178220066307,0.8311111111111111,True,False
482,271,18.290000000000013,0.14446062758112518,18.43446062758114,0.8307592592592593,True,False
483,188,19.119999999999997,0.12068607018239337,19.24068607018239,0.8304074074074074,True,False
484,219,18.810000000000002,0.13299272943329454,18.942992729433296,0.8300555555555555,True,False
485,276,18.240000000000013,0.15518078973313962,18.395180789733153,0.8297037037037037,True,False
486,356,17.44000000000003,0.1824423355055215,17.62244233550555,0.8293518518518519,True,False
487,329,17.710000000000026,0.17423810287790842,17.884238102877934,0.829,True,False
488,248,18.520000000000007,0.1416932177039436,18.66169321770395,0.8286481481481481,True,False
489,241,18.590000000000007,0.13926429179188657,18.729264291791893,0.8282962962962963,True,False
490,307,17.93000000000002,0.16673811977129568,18.096738119771317,0.8279444444444445,True,False
491,278,18.220000000000013,0.1497859808908878,18.3697859808909,0.8275925925925927,True,False
492,237,18.630000000000006,0.13959649063839794,18.769596490638403,0.8272407407407407,True,False
493,176,19.24,0.10901828843743373,19.34901828843743,0.8268888888888889,True,False
494,183,19.169999999999998,0.11794991418372038,19.28794991418372,0.8265370370370371,True,False
495,258,18.42000000000001,0.15030347342622125,18.57030347342623,0.8261851851851851,True,False
496,281,18.190000000000015,0.15065079807159587,18.34065079807161,0.8258333333333334,True,False
497,238,18.620000000000005,0.13901515907596232,18.759015159075968,0.8254814814814815,True,False
498,200,18.999999999999996,0.11955663577268877,19.119556635772685,0.8251296296296297,True,False
499,376,17.240000000000034,0.1763417410151022,17.416341741015135,0.8247777777777778,True,False
500,253,18.47000000000001,0.14841495596428816,18.618414955964298,0.8244259259259259,True,False
501,205,18.95,0.1279377400497005,19.0779377400497,0.8240740740740741,True,False
502,230,18.700000000000003,0.13548773387973653,18.835487733879738,0.8237222222222222,True,False
503,174,19.259999999999998,0.11371426177370038,19.3737142617737,0.8233703703703703,True,False
504,299,18.01000000000002,0.1621503185853289,18.17215031858535,0.8230185185185186,True,False
505,171,19.289999999999996,0.11243273820834207,19.402432738208336,0.8226666666666667,True,False
506,140,19.599999999999998,0.09895074721342507,19.698950747213424,0.8223148148148148,True,False
507,201,18.99,0.12393681778078397,19.113936817780782,0.821962962962963,True,False
508,210,18.9,0.12998938808780044,19.0299893880878,0.8216111111111111,True,False
509,194,19.059999999999995,0.12331078985225954,19.183310789852253,0.8212592592592592,True,False
510,173,19.269999999999996,0.11062800620040154,19.380628006200396,0.8209074074074074,True,False
511,307,17.93000000000002,0.165240610193842,18.095240610193862,0.8205555555555556,True,False
512,253,18.47000000000001,0.1482814142485468,18.618281414248557,0.8202037037037038,True,False
513,298,18.020000000000017,0.16478567926778476,18.1847856792678,0.8198518518518518,True,False
514,299,18.01000000000002,0.1689066523084101,18.17890665230843,0.8195,True,False
515,319,17.810000000000024,0.15933430509921684,17.969334305099242,0.8191481481481482,True,False
516,174,19.259999999999998,0.11269154823184718,19.372691548231845,0.8187962962962962,True,False
517,232,18.680000000000003,0.13558127655794763,18.81558127655795,0.8184444444444444,True,False
518,164,19.359999999999996,0.11101274633013103,19.47101274633013,0.8180925925925926,True,False
519,278,18.220000000000013,0.15358586441107494,18.373585864411087,0.8177407407407408,True,False
520,217,18.830000000000002,0.1301603067313441,18.960160306731346,0.8173888888888889,True,False
521,171,19.289999999999996,0.11175813487216793,19.401758134872164,0.817037037037037,True,False
522,213,18.87,0.12220530502132718,18.99220530502133,0.8166851851851852,True,False
523,224,18.76,0.13809037463130344,18.898090374631305,0.8163333333333334,True,False
524,209,18.91,0.12781202718906184,19.037812027189062,0.8159814814814814,True,False
525,168,19.319999999999997,0.11320724107009951,19.433207241070097,0.8156296296296297,True,False
526,319,17.810000000000024,0.16803019534529445,17.97803019534532,0.8152777777777778,True,False
527,169,19.31,0.11331130538358428,19.42331130538358,0.8149259259259259,True,False
528,208,18.919999999999998,0.1312194545352806,19.05121945453528,0.8145740740740741,True,False
529,295,18.05000000000002,0.15363227365201504,18.203632273652033,0.8142222222222222,True,False
530,183,19.169999999999998,0.11795227193843072,19.28795227193843,0.8138703703703704,True,False
531,366,17.340000000000032,0.18099080161909134,17.520990801619124,0.8135185185185185,True,False
532,219,18.810000000000002,0.13638782406449163,18.946387824064495,0.8131666666666667,True,False
533,313,17.870000000000022,0.1615667841331739,18.031566784133197,0.8128148148148149,True,False
534,170,19.299999999999997,0.11362773065663402,19.413627730656632,0.8124629629629629,True,False
535,187,19.129999999999995,0.11755168845801779,19.247551688458014,0.8121111111111111,True,False
536,236,18.640000000000004,0.1356686448246211,18.775668644824623,0.8117592592592593,True,False
537,332,17.680000000000025,0.16754453129447575,17.8475445312945,0.8114074074074074,True,False
538,164,19.359999999999996,0.10580433543182557,19.465804335431823,0.8110555555555555,True,False
539,163,19.369999999999997,0.11040665041478771,19.480406650414785,0.8107037037037037,True,False
540,188,19.119999999999997,0.12040287300184067,19.240402873001837,0.8103518518518519,True,False
541,215,18.85,0.1361462241634519,18.986146224163452,0.81,True,False
542,288,18.120000000000015,0.15462057325352294,18.27462057325354,0.8096481481481481,True,False
543,234,18.660000000000004,0.13508849713380197,18.795088497133804,0.8092962962962963,True,False
544,175,19.249999999999996,0.10455786665350313,19.3545578666535,0.8089444444444445,True,False
545,164,19.359999999999996,0.10867065601520697,19.468670656015203,0.8085925925925926,True,False
546,226,18.740000000000002,0.1338375869252469,18.873837586925248,0.8082407407407407,True,False
547,248,18.520000000000007,0.1443450245391104,18.664345024539116,0.8078888888888889,True,False
548,237,18.630000000000006,0.1390325238686058,18.769032523868614,0.807537037037037,True,False
549,300,18.000000000000018,0.16196265214560254,18.161962652145622,0.8071851851851852,True,False
550,307,17.93000000000002,0.1633815861199913,18.093381586120014,0.8068333333333333,True,False
551,198,19.019999999999996,0.12675745940851416,19.14675745940851,0.8064814814814815,True,False
552,199,19.009999999999998,0.12066788205220651,19.130667882052204,0.8061296296296296,True,False
553,261,18.39000000000001,0.14451138224982607,18.53451138224984,0.8057777777777778,True,False
554,282,18.180000000000014,0.1594276452982545,18.33942764529827,0.805425925925926,True,False
555,381,17.190000000000037,0.18913187960109096,17.37913187960113,0.805074074074074,True,False
556,300,18.000000000000018,0.15945141797339826,18.159451417973415,0.8047222222222222,True,False
557,288,18.120000000000015,0.15796454350303626,18.277964543503053,0.8043703703703704,True,False
558,237,18.630000000000006,0.13558852950761222,18.765588529507617,0.8040185185185186,True,False
559,210,18.9,0.12838911377486753,19.028389113774868,0.8036666666666666,True,False
560,242,18.580000000000005,0.1430253924387975,18.723025392438803,0.8033148148148148,True,False
561,181,19.189999999999998,0.1171024344747512,19.30710243447475,0.802962962962963,True,False
562,236,18.640000000000004,0.13472971501373399,18.774729715013738,0.8026111111111112,True,False
563,254,18.460000000000008,0.1403764835364564,18.600376483536465,0.8022592592592592,True,False
564,256,18.44000000000001,0.1406858607859485,18.580685860785955,0.8019074074074074,True,False
565,267,18.330000000000013,0.15147697901976884,18.48147697901978,0.8015555555555556,True,False
566,195,19.049999999999997,0.12129530506633379,19.17129530506633,0.8012037037037038,True,False
567,203,18.97,0.12731174796253483,19.097311747962532,0.8008518518518518,True,False
568,222,18.78,0.13302928828403415,18.913029288284037,0.8005,True,False
569,369,17.310000000000034,0.18399372430010388,17.49399372430014,0.8001481481481482,True,False
570,232,18.680000000000003,0.13836873908764505,18.81836873908765,0.7997962962962963,True,False
571,181,19.189999999999998,0.11902093986665105,19.30902093986665,0.7994444444444444,True,False
572,257,18.43000000000001,0.1403954686022092,18.570395468602218,0.7990925925925926,True,False
573,261,18.39000000000001,0.14256374994727572,18.532563749947286,0.7987407407407408,True,False
574,358,17.42000000000003,0.1784468628010655,17.598446862801097,0.7983888888888889,True,False
575,276,18.240000000000013,0.15474984843248152,18.394749848432493,0.7980370370370371,True,False
576,170,19.299999999999997,0.11216647139557459,19.412166471395572,0.7976851851851852,True,False
577,204,18.959999999999997,0.12683548218859375,19.08683548218859,0.7973333333333333,True,False
578,248,18.520000000000007,0.144221044898168,18.664221044898174,0.7969814814814815,True,False
579,215,18.85,0.12942701435088777,18.97942701435089,0.7966296296296296,True,False
580,282,18.180000000000014,0.1590071156579536,18.339007115657967,0.7962777777777779,True,False
581,169,19.31,0.11240557864586499,19.422405578645865,0.7959259259259259,True,False
582,178,19.22,0.11379130486613659,19.333791304866136,0.7955740740740741,True,False
583,161,19.389999999999997,0.10718430067172856,19.497184300671726,0.7952222222222223,True,False
584,242,18.580000000000005,0.14178599954420304,18.72178599954421,0.7948703703703703,True,False
585,242,18.580000000000005,0.14265730926747017,18.722657309267476,0.7945185185185185,True,False
586,348,17.520000000000028,0.18011247149972406,17.700112471499754,0.7941666666666667,True,False
587,224,18.76,0.1328118367456244,18.892811836745626,0.7938148148148149,True,False
588,206,18.939999999999998,0.13048811580895828,19.070488115808956,0.793462962962963,True,False
589,254,18.460000000000008,0.14336754032036486,18.603367540320374,0.7931111111111111,True,False
590,133,19.669999999999998,0.09492306710127146,19.764923067101268,0.7927592592592593,True,False
591,186,19.139999999999997,0.11108745969179909,19.251087459691796,0.7924074074074074,True,False
592,206,18.939999999999998,0.12879085806733465,19.06879085806733,0.7920555555555555,True,False
593,135,19.65,0.09456690256588256,19.744566902565882,0.7917037037037037,True,False
594,263,18.37000000000001,0.14992855695312063,18.519928556953133,0.7913518518518519,True,False
595,219,18.810000000000002,0.133972886254323,18.943972886254326,0.791,True,False
596,163,19.369999999999997,0.11133164292078665,19.481331642920782,0.7906481481481482,True,False
597,201,18.99,0.12341524920622501,19.113415249206223,0.7902962962962963,True,False
598,262,18.38000000000001,0.14755349139349222,18.5275534913935,0.7899444444444444,True,False
599,304,17.96000000000002,0.16624795203635997,18.12624795203638,0.7895925925925926,True,False
600,189,19.109999999999996,0.11632180409512596,19.22632180409512,0.7892407407407407,True,False
601,240,18.600000000000005,0.14471030794421239,18.744710307944217,0.788888888888889,True,False
602,233,18.670000000000005,0.13764841118032067,18.807648411180327,0.788537037037037,True,False
603,182,19.179999999999996,0.11614838263369007,19.296148382633685,0.7881851851851852,True,False
604,250,18.500000000000007,0.14330300459188436,18.643303004591893,0.7878333333333334,True,False
605,192,19.08,0.12347675455550852,19.203476754555506,0.7874814814814814,True,False
606,196,19.039999999999996,0.12286363112953472,19.16286363112953,0.7871296296296296,True,False
607,155,19.449999999999996,0.10482804124537708,19.554828041245372,0.7867777777777778,True,False
608,212,18.88,0.12413623561210123,19.0041362356121,0.7864259259259259,True,False
609,229,18.710000000000004,0.1337385419700933,18.843738541970097,0.7860740740740741,True,False
610,198,19.019999999999996,0.12255585784911002,19.142555857849107,0.7857222222222222,True,False
611,272,18.280000000000012,0.14929006533666372,18.429290065336676,0.7853703703703704,True,False
612,254,18.460000000000008,0.1438581548431712,18.60385815484318,0.7850185185185186,True,False
613,240,18.600000000000005,0.13869794347321268,18.738697943473216,0.7846666666666666,True,False
614,297,18.03000000000002,0.1631524648689316,18.19315246486895,0.7843148148148148,True,False
615,267,18.330000000000013,0.14989851992122172,18.479898519921235,0.783962962962963,True,False
616,241,18.590000000000007,0.14025436641919373,18.7302543664192,0.7836111111111111,True,False
617,221,18.790000000000003,0.12793342549132386,18.917933425491327,0.7832592592592593,True,False
618,246,18.540000000000006,0.14406643256659837,18.684066432566606,0.7829074074074074,True,False
619,271,18.290000000000013,0.15663682030151432,18.446636820301528,0.7825555555555556,True,False
620,192,19.08,0.11559634799070591,19.195596347990705,0.7822037037037037,True,False
621,136,19.639999999999997,0.09675937556630235,19.7367593755663,0.7818518518518518,True,False
622,170,19.299999999999997,0.11290176280434226,19.41290176280434,0.7815,True,False
623,179,19.209999999999997,0.11529517396232952,19.325295173962328,0.7811481481481481,True,False
624,159,19.409999999999997,0.10624296101301038,19.516242961013006,0.7807962962962963,True,False
625,254,18.460000000000008,0.14216521896107892,18.602165218961087,0.7804444444444445,True,False
626,186,19.139999999999997,0.11800657006464482,19.25800657006464,0.7800925925925926,True,False
627,254,18.460000000000008,0.13959084113657888,18.599590841136585,0.7797407407407407,True,False
628,235,18.650000000000006,0.13712798649978017,18.787127986499787,0.7793888888888889,True,False
629,220,18.8,0.13278565385938434,18.932785653859384,0.779037037037037,True,False
630,241,18.590000000000007,0.1392032684181904,18.729203268418196,0.7786851851851853,True,False
631,373,17.270000000000035,0.17190096668618945,17.441900966686223,0.7783333333333333,True,False
632,290,18.100000000000016,0.15878232433499845,18.258782324335016,0.7779814814814815,True,False
633,244,18.560000000000006,0.13573743683537756,18.695737436835383,0.7776296296296297,True,False
634,186,19.139999999999997,0.12165897081244476,19.26165897081244,0.7772777777777777,True,False
635,148,19.519999999999996,0.10071520645076068,19.620715206450758,0.7769259259259259,True,False
636,186,19.139999999999997,0.12303663955741256,19.26303663955741,0.7765740740740741,True,False
637,208,18.919999999999998,0.1243734797300286,19.044373479730027,0.7762222222222223,True,False
638,155,19.449999999999996,0.10755026403179535,19.55755026403179,0.7758703703703704,True,False
639,169,19.31,0.11073143154042803,19.42073143154043,0.7755185185185185,True,False
640,206,18.939999999999998,0.13166433552997214,19.07166433552997,0.7751666666666667,True,False
641,133,19.669999999999998,0.09278459365073442,19.762784593650732,0.7748148148148148,True,False
642,222,18.78,0.1318829943191756,18.91188299431918,0.774462962962963,True,False
643,201,18.99,0.11866635267898931,19.108666352678988,0.7741111111111111,True,False
644,240,18.600000000000005,0.1396107380917847,18.73961073809179,0.7737592592592593,True,False
645,148,19.519999999999996,0.10216821812131334,19.62216821812131,0.7734074074074074,True,False
646,192,19.08,0.12160354872388812,19.201603548723888,0.7730555555555556,True,False
647,127,19.729999999999997,0.09394031001862943,19.823940310018628,0.7727037037037037,True,False
648,171,19.289999999999996,0.11298436600702037,19.402984366007015,0.7723518518518518,True,False
649,213,18.87,0.12784455892763555,18.997844558927635,0.772,True,False
650,399,17.01000000000004,0.2012310517599933,17.211231051760034,0.7716481481481482,True,False
651,212,18.88,0.12990421862301643,19.009904218623017,0.7712962962962964,True,False
652,189,19.109999999999996,0.11753502797849164,19.227535027978487,0.7709444444444444,True,False
653,193,19.069999999999997,0.12127764088112117,19.19127764088112,0.7705925925925926,True,False
654,253,18.47000000000001,0.14458681719862357,18.61458681719863,0.7702407407407408,True,False
655,257,18.43000000000001,0.1398439437391965,18.569843943739208,0.7698888888888888,True,False
656,127,19.729999999999997,0.094782312750842,19.824782312750838,0.769537037037037,True,False
657,160,19.4,0.11031625807602934,19.510316258076028,0.7691851851851852,True,False
658,207,18.93,0.12755164332230462,19.057551643322306,0.7688333333333334,True,False
659,187,19.129999999999995,0.11836494115053312,19.248364941150527,0.7684814814814815,True,False
660,148,19.519999999999996,0.10326105097017105,19.623261050970168,0.7681296296296296,True,False
661,226,18.740000000000002,0.13792452163836644,18.87792452163837,0.7677777777777778,True,False
662,188,19.119999999999997,0.12003531668804678,19.240035316688044,0.767425925925926,True,False
663,155,19.449999999999996,0.10546402537462542,19.555464025374622,0.7670740740740741,True,False
664,134,19.659999999999997,0.0958255520565365,19.755825552056532,0.7667222222222222,True,False
665,202,18.979999999999997,0.12369196883134309,19.10369196883134,0.7663703703703704,True,False
666,220,18.8,0.1345015859566941,18.934501585956696,0.7660185185185185,True,False
667,181,19.189999999999998,0.11523667053843967,19.305236670538438,0.7656666666666667,True,False
668,296,18.040000000000017,0.16270166476934894,18.202701664769364,0.7653148148148148,True,False
669,159,19.409999999999997,0.10582303328040318,19.515823033280398,0.764962962962963,True,False
670,249,18.51000000000001,0.14002696808948212,18.65002696808949,0.7646111111111111,True,False
671,173,19.269999999999996,0.11463435421010117,19.384634354210096,0.7642592592592593,True,False
672,181,19.189999999999998,0.11491930802092779,19.304919308020924,0.7639074074074074,True,False
673,311,17.890000000000022,0.17090190290692792,18.06090190290695,0.7635555555555555,True,False
674,246,18.540000000000006,0.13997072558453097,18.679970725584536,0.7632037037037037,True,False
675,132,19.679999999999996,0.09680959283120379,19.7768095928312,0.7628518518518519,True,False
676,200,18.999999999999996,0.12621516519772322,19.12621516519772,0.7625,True,False
677,230,18.700000000000003,0.13004861649726351,18.830048616497265,0.7621481481481482,True,False
678,171,19.289999999999996,0.11314447582556689,19.403144475825563,0.7617962962962963,True,False
679,200,18.999999999999996,0.12613228331871915,19.126132283318714,0.7614444444444445,True,False
680,179,19.209999999999997,0.11143231335007181,19.32143231335007,0.7610925925925927,True,False
681,157,19.429999999999996,0.1056171756163537,19.53561717561635,0.7607407407407407,True,False
682,168,19.319999999999997,0.10751629494736223,19.42751629494736,0.7603888888888889,True,False
683,196,19.039999999999996,0.1262436965902311,19.166243696590225,0.7600370370370371,True,False
684,219,18.810000000000002,0.1315621726941554,18.94156217269416,0.7596851851851852,True,False
685,155,19.449999999999996,0.10465464059917602,19.55465464059917,0.7593333333333333,True,False
686,170,19.299999999999997,0.11006588931301954,19.410065889313017,0.7589814814814815,True,False
687,201,18.99,0.1239076064899422,19.113907606489942,0.7586296296296297,True,False
688,142,19.58,0.09782615893528102,19.67782615893528,0.7582777777777778,True,False
689,211,18.89,0.12464817756631706,19.01464817756632,0.7579259259259259,True,False
690,212,18.88,0.12799538370554261,19.00799538370554,0.7575740740740741,True,False
691,216,18.84,0.13010085380168898,18.97010085380169,0.7572222222222222,True,False
692,215,18.85,0.13676993479710362,18.986769934797106,0.7568703703703703,True,False
693,127,19.729999999999997,0.09324368257094587,19.823243682570943,0.7565185185185186,True,False
694,141,19.589999999999996,0.0985177878093446,19.688517787809342,0.7561666666666667,True,False
695,209,18.91,0.1319790182575389,19.04197901825754,0.7558148148148148,True,False
696,173,19.269999999999996,0.11554186630790737,19.385541866307904,0.755462962962963,True,False
697,231,18.690000000000005,0.13991381593988678,18.829913815939893,0.7551111111111111,True,False
698,209,18.91,0.12754743277685504,19.037547432776854,0.7547592592592594,True,False
699,311,17.890000000000022,0.1702916473723054,18.060291647372328,0.7544074074074074,True,False
700,108,19.919999999999998,0.08153202820907891,20.001532028209077,0.7540555555555556,True,False
701,173,19.269999999999996,0.11427774918697935,19.384277749186975,0.7537037037037038,True,False
702,166,19.339999999999996,0.10915666126133593,19.44915666126133,0.7533518518518518,True,False
703,277,18.230000000000015,0.15671531133626332,18.38671531133628,0.753,True,False
704,224,18.76,0.13183185584733004,18.891831855847332,0.7526481481481482,True,False
705,159,19.409999999999997,0.10653385767712635,19.51653385767712,0.7522962962962964,True,False
706,194,19.059999999999995,0.11908041085444418,19.17908041085444,0.7519444444444444,True,False
707,221,18.790000000000003,0.1351945880336819,18.925194588033683,0.7515925925925926,True,False
708,188,19.119999999999997,0.11972208567409329,19.239722085674092,0.7512407407407408,True,False
709,223,18.770000000000003,0.13395866582270674,18.90395866582271,0.7508888888888889,True,False
710,156,19.439999999999998,0.10679052320730457,19.546790523207303,0.750537037037037,True,False
711,169,19.31,0.11087992297985226,19.42087992297985,0.7501851851851852,True,False
712,174,19.259999999999998,0.10920313008000689,19.369203130080006,0.7498333333333334,True,False
713,143,19.569999999999997,0.09888196821945135,19.66888196821945,0.7494814814814814,True,False
714,201,18.99,0.12438359255498231,19.11438359255498,0.7491296296296297,True,False
715,139,19.609999999999996,0.09552719395816495,19.70552719395816,0.7487777777777778,True,False
716,247,18.53000000000001,0.1434256468294649,18.67342564682947,0.7484259259259259,True,False
717,153,19.47,0.10409189445224218,19.57409189445224,0.7480740740740741,True,False
718,214,18.86,0.12907613783998106,18.98907613783998,0.7477222222222222,True,False
719,203,18.97,0.12921470935139515,19.099214709351394,0.7473703703703705,True,False
720,206,18.939999999999998,0.12597805045611926,19.065978050456117,0.7470185185185185,True,False
721,214,18.86,0.12815646576030373,18.9881564657603,0.7466666666666667,True,False
722,154,19.459999999999997,0.10328123326278557,19.56328123326278,0.7463148148148149,True,False
723,186,19.139999999999997,0.11935938727866842,19.259359387278664,0.7459629629629629,True,False
724,238,18.620000000000005,0.13644064022973135,18.756440640229737,0.7456111111111111,True,False
725,185,19.15,0.11802967459851538,19.268029674598512,0.7452592592592593,True,False
726,115,19.849999999999998,0.08809723042819258,19.93809723042819,0.7449074074074074,True,False
727,132,19.679999999999996,0.09730877898362428,19.77730877898362,0.7445555555555556,True,False
728,152,19.479999999999997,0.10504641388051786,19.585046413880516,0.7442037037037037,True,False
729,210,18.9,0.129005959721006,19.029005959721005,0.7438518518518519,True,False
730,160,19.4,0.11083511977752057,19.510835119777518,0.7435,True,False
731,251,18.49000000000001,0.14346658706898616,18.633466587068995,0.7431481481481481,True,False
732,170,19.299999999999997,0.11464768844733869,19.414647688447335,0.7427962962962964,True,False
733,183,19.169999999999998,0.11048259420428592,19.280482594204283,0.7424444444444445,True,False
734,123,19.769999999999996,0.09032264775625945,19.860322647756256,0.7420925925925925,True,False
735,179,19.209999999999997,0.11771470695250275,19.3277147069525,0.7417407407407408,True,False
736,224,18.76,0.1334409316693521,18.893440931669353,0.7413888888888889,True,False
737,254,18.460000000000008,0.14614025765166033,18.606140257651667,0.741037037037037,True,False
738,123,19.769999999999996,0.09086218158973086,19.860862181589727,0.7406851851851852,True,False
739,178,19.22,0.11837138177553992,19.338371381775538,0.7403333333333333,True,False
740,151,19.49,0.10365267481388643,19.593652674813885,0.7399814814814815,True,False
741,157,19.429999999999996,0.10814103191584289,19.53814103191584,0.7396296296296296,True,False
742,129,19.709999999999997,0.09425592052127393,19.80425592052127,0.7392777777777778,True,False
743,139,19.609999999999996,0.09699260776877246,19.70699260776877,0.738925925925926,True,False
744,132,19.679999999999996,0.09450294070369343,19.77450294070369,0.738574074074074,True,False
745,134,19.659999999999997,0.09290581354093841,19.752905813540934,0.7382222222222222,True,False
746,156,19.439999999999998,0.10465737397502532,19.544657373975024,0.7378703703703704,True,False
747,208,18.919999999999998,0.12935026639464833,19.049350266394647,0.7375185185185185,True,False
748,100,19.999999999999996,0.07868498427557233,20.07868498427557,0.7371666666666667,True,False
749,151,19.49,0.10511521733182116,19.59511521733182,0.7368148148148148,True,False
750,171,19.289999999999996,0.11050051277005216,19.400500512770048,0.736462962962963,True,False
751,142,19.58,0.09911000851298146,19.67911000851298,0.7361111111111112,True,False
752,162,19.379999999999995,0.10945713007545001,19.489457130075447,0.7357592592592592,True,False
753,212,18.88,0.12659622937214593,19.006596229372146,0.7354074074074075,True,False
754,167,19.33,0.10700414109796023,19.437004141097958,0.7350555555555556,True,False
755,123,19.769999999999996,0.09070022067620652,19.860700220676204,0.7347037037037036,True,False
756,267,18.330000000000013,0.14981066080357697,18.47981066080359,0.7343518518518519,True,False
757,174,19.259999999999998,0.11371995519393903,19.373719955193938,0.734,True,False
758,160,19.4,0.10738305147470843,19.507383051474708,0.7336481481481482,True,False
759,169,19.31,0.11103961263303157,19.42103961263303,0.7332962962962963,True,False
760,150,19.499999999999996,0.10292396693036587,19.602923966930362,0.7329444444444444,True,False
761,132,19.679999999999996,0.09431181781465646,19.774311817814652,0.7325925925925926,True,False
762,186,19.139999999999997,0.1185254510921923,19.25852545109219,0.7322407407407407,True,False
763,219,18.810000000000002,0.1337894085508228,18.943789408550824,0.7318888888888889,True,False
764,197,19.029999999999998,0.12373486306878312,19.15373486306878,0.7315370370370371,True,False
765,161,19.389999999999997,0.10430928773279516,19.494309287732793,0.7311851851851852,True,False
766,155,19.449999999999996,0.10717790724463895,19.557177907244636,0.7308333333333333,True,False
767,175,19.249999999999996,0.11354105485257367,19.36354105485257,0.7304814814814815,True,False
768,118,19.819999999999997,0.08504877489907495,19.905048774899072,0.7301296296296296,True,False
769,155,19.449999999999996,0.10703217506006808,19.557032175060066,0.7297777777777779,True,False
770,113,19.869999999999997,0.08558830898896014,19.955588308988958,0.7294259259259259,True,False
771,213,18.87,0.13362213303652604,19.003622133036526,0.729074074074074,True,False
772,141,19.589999999999996,0.09848548414973755,19.688485484149734,0.7287222222222223,True,False
773,176,19.24,0.11334028351955315,19.35334028351955,0.7283703703703703,True,False
774,178,19.22,0.11006250217447622,19.330062502174474,0.7280185185185186,True,False
775,164,19.359999999999996,0.10743668905508755,19.467436689055084,0.7276666666666667,True,False
776,174,19.259999999999998,0.11859559045319662,19.378595590453195,0.7273148148148147,True,False
777,140,19.599999999999998,0.09725165221974341,19.69725165221974,0.726962962962963,True,False
778,136,19.639999999999997,0.09789641979849649,19.737896419798492,0.7266111111111111,True,False
779,229,18.710000000000004,0.13990255579121244,18.849902555791218,0.7262592592592593,True,False
780,169,19.31,0.11452948855176923,19.42452948855177,0.7259074074074074,True,False
781,122,19.779999999999998,0.0897942604488747,19.869794260448874,0.7255555555555556,True,False
782,223,18.770000000000003,0.13655200105484044,18.906552001054845,0.7252037037037037,True,False
783,128,19.72,0.09379894530191898,19.81379894530192,0.7248518518518519,True,False
784,129,19.709999999999997,0.09349489367511979,19.80349489367512,0.7245,True,False
785,182,19.179999999999996,0.11815552310764754,19.298155523107642,0.7241481481481482,True,False
786,165,19.349999999999998,0.1118851027910883,19.461885102791086,0.7237962962962963,True,False
787,131,19.689999999999998,0.09607157675172572,19.786071576751723,0.7234444444444444,True,False
788,225,18.750000000000004,0.13840689151628435,18.888406891516286,0.7230925925925926,True,False
789,154,19.459999999999997,0.10627517377416285,19.56627517377416,0.7227407407407407,True,False
790,133,19.669999999999998,0.09468351000548207,19.76468351000548,0.722388888888889,True,False
791,161,19.389999999999997,0.11007207834742287,19.50007207834742,0.722037037037037,True,False
792,142,19.58,0.103640635250512,19.68364063525051,0.7216851851851852,True,False
793,106,19.939999999999998,0.08199240225981479,20.021992402259812,0.7213333333333334,True,False
794,148,19.519999999999996,0.10467920729014403,19.62467920729014,0.7209814814814814,True,False
795,164,19.359999999999996,0.1115369878557157,19.47153698785571,0.7206296296296296,True,False
796,141,19.589999999999996,0.09875129534550554,19.6887512953455,0.7202777777777778,True,False
797,188,19.119999999999997,0.12038075194561387,19.24038075194561,0.719925925925926,True,False
798,127,19.729999999999997,0.09431703360992964,19.824317033609926,0.7195740740740741,True,False
799,115,19.849999999999998,0.08583854147798023,19.935838541477978,0.7192222222222222,True,False
800,115,19.849999999999998,0.08751315456370826,19.937513154563707,0.7188703703703704,True,False
801,156,19.439999999999998,0.10680887662688085,19.54680887662688,0.7185185185185186,True,False
802,218,18.82,0.13638513607147135,18.95638513607147,0.7181666666666666,True,False
803,184,19.159999999999997,0.11958814537131152,19.279588145371306,0.7178148148148148,True,False
804,276,18.240000000000013,0.14862643229443606,18.388626432294448,0.717462962962963,True,False
805,185,19.15,0.11977064646241932,19.26977064646242,0.7171111111111111,True,False
806,107,19.929999999999996,0.08247550585593733,20.012475505855935,0.7167592592592593,True,False
807,153,19.47,0.10394426088743848,19.573944260887437,0.7164074074074074,True,False
808,131,19.689999999999998,0.09700496145745328,19.787004961457452,0.7160555555555557,True,False
809,114,19.86,0.08575645046511061,19.94575645046511,0.7157037037037037,True,False
810,220,18.8,0.13216205180333843,18.93216205180334,0.7153518518518518,True,False
811,152,19.479999999999997,0.10442894368823574,19.584428943688234,0.7150000000000001,True,False
812,117,19.83,0.0887550749137064,19.918755074913705,0.7146481481481481,True,False
813,215,18.85,0.12368357750094507,18.973683577500946,0.7142962962962963,True,False
814,163,19.369999999999997,0.10930728983934586,19.479307289839344,0.7139444444444445,True,False
815,263,18.37000000000001,0.15033724149324676,18.52033724149326,0.7135925925925926,True,False
816,106,19.939999999999998,0.08112548467627331,20.021125484676272,0.7132407407407407,True,False
817,153,19.47,0.10540604299866324,19.57540604299866,0.7128888888888889,True,False
818,137,19.63,0.09787954773787694,19.727879547737874,0.7125370370370371,True,False
819,174,19.259999999999998,0.11154809983532059,19.37154809983532,0.7121851851851853,True,False
820,146,19.54,0.10173157832813898,19.641731578328137,0.7118333333333333,True,False
821,168,19.319999999999997,0.11100217013079422,19.431002170130792,0.7114814814814815,True,False
822,127,19.729999999999997,0.09397438658696887,19.823974386586965,0.7111296296296297,True,False
823,178,19.22,0.11633379514206409,19.336333795142064,0.7107777777777777,True,False
824,118,19.819999999999997,0.08736595091430079,19.907365950914297,0.710425925925926,True,False
825,161,19.389999999999997,0.10772771490029671,19.497727714900293,0.7100740740740741,True,False
826,181,19.189999999999998,0.11623988991522098,19.30623988991522,0.7097222222222221,True,False
827,164,19.359999999999996,0.11355687944547563,19.47355687944547,0.7093703703703704,True,False
828,127,19.729999999999997,0.09640916537775693,19.826409165377754,0.7090185185185185,True,False
829,130,19.699999999999996,0.09424539615121819,19.794245396151215,0.7086666666666668,True,False
830,137,19.63,0.09671543466698573,19.726715434666986,0.7083148148148148,True,False
831,186,19.139999999999997,0.12178883268399511,19.261788832683994,0.7079629629629629,True,False
832,273,18.270000000000014,0.13259499506948277,18.402594995069496,0.7076111111111112,True,False
833,156,19.439999999999998,0.10645101216831653,19.546451012168315,0.7072592592592593,True,False
834,134,19.659999999999997,0.09611346567246976,19.756113465672467,0.7069074074074074,True,False
835,163,19.369999999999997,0.10904477148425343,19.47904477148425,0.7065555555555556,True,False
836,142,19.58,0.09860963133746571,19.678609631337466,0.7062037037037037,True,False
837,131,19.689999999999998,0.09361452779579478,19.78361452779579,0.7058518518518518,True,False
838,129,19.709999999999997,0.09427676263116322,19.80427676263116,0.7055,True,False
839,147,19.529999999999998,0.10095230769263024,19.630952307692628,0.7051481481481482,True,False
840,185,19.15,0.11998259546414687,19.269982595464146,0.7047962962962964,True,False
841,143,19.569999999999997,0.09763310440613579,19.667633104406132,0.7044444444444444,True,False
842,122,19.779999999999998,0.09190904758602102,19.87190904758602,0.7040925925925926,True,False
843,164,19.359999999999996,0.1141664638851773,19.474166463885172,0.7037407407407408,True,False
844,180,19.199999999999996,0.11796406808652672,19.31796406808652,0.7033888888888888,True,False
845,138,19.619999999999997,0.0973079267264067,19.717307926726406,0.7030370370370371,True,False
846,124,19.759999999999998,0.09227715519923445,19.852277155199232,0.7026851851851852,True,False
847,164,19.359999999999996,0.11193570646208517,19.47193570646208,0.7023333333333333,True,False
848,120,19.799999999999997,0.09006237500281135,19.89006237500281,0.7019814814814815,True,False
849,176,19.24,0.11266571067597578,19.352665710675975,0.7016296296296296,True,False
850,171,19.289999999999996,0.11411799356623573,19.40411799356623,0.7012777777777778,True,False
851,148,19.519999999999996,0.10262889640127097,19.622628896401267,0.700925925925926,True,False
852,204,18.959999999999997,0.12889056275087474,19.088890562750873,0.700574074074074,True,False
853,186,19.139999999999997,0.12103470759318861,19.261034707593186,0.7002222222222223,True,False
854,104,19.959999999999997,0.07983732445167964,20.03983732445168,0.6998703703703704,True,False
855,197,19.029999999999998,0.11653351873577676,19.146533518735776,0.6995185185185185,True,False
856,149,19.509999999999998,0.10599939912297561,19.615999399122973,0.6991666666666667,True,False
857,169,19.31,0.11441097109590467,19.424410971095902,0.6988148148148148,True,False
858,90,20.099999999999998,0.07172441331761756,20.171724413317616,0.698462962962963,True,False
859,120,19.799999999999997,0.08790783574042532,19.88790783574042,0.6981111111111111,True,False
860,115,19.849999999999998,0.08641868061462366,19.936418680614622,0.6977592592592593,True,False
861,95,20.049999999999997,0.07461765633108561,20.124617656331083,0.6974074074074075,True,False
862,177,19.229999999999997,0.11481423246813659,19.344814232468135,0.6970555555555555,True,False
863,138,19.619999999999997,0.09807492686435687,19.718074926864354,0.6967037037037037,True,False
864,145,19.549999999999997,0.09990699007832012,19.649906990078318,0.6963518518518519,True,False
865,199,19.009999999999998,0.1257644066390593,19.13576440663906,0.696,True,False
866,187,19.129999999999995,0.11969740962873929,19.249697409628734,0.6956481481481482,True,False
867,172,19.279999999999998,0.11299600274932114,19.392996002749317,0.6952962962962963,True,False
868,103,19.97,0.07895661007696665,20.048956610076967,0.6949444444444444,True,False
869,122,19.779999999999998,0.09120537210053627,19.871205372100533,0.6945925925925927,True,False
870,146,19.54,0.1045736885992692,19.64457368859927,0.6942407407407407,True,False
871,131,19.689999999999998,0.09510284199765771,19.785102841997656,0.6938888888888889,True,False
872,109,19.909999999999997,0.08291233518102166,19.992912335181018,0.6935370370370371,True,False
873,181,19.189999999999998,0.11559143695375303,19.30559143695375,0.6931851851851852,True,False
874,146,19.54,0.10050428637682864,19.640504286376828,0.6928333333333334,True,False
875,164,19.359999999999996,0.11102046118785934,19.471020461187855,0.6924814814814815,True,False
876,128,19.72,0.09056196958037052,19.81056196958037,0.6921296296296297,True,False
877,195,19.049999999999997,0.12005594339409865,19.170055943394097,0.6917777777777778,True,False
878,119,19.81,0.08860726883012031,19.89860726883012,0.6914259259259259,True,False
879,153,19.47,0.10346546713285712,19.573465467132856,0.6910740740740741,True,False
880,194,19.059999999999995,0.12407132004253837,19.184071320042534,0.6907222222222222,True,False
881,130,19.699999999999996,0.0950598728899935,19.79505987288999,0.6903703703703703,True,False
882,165,19.349999999999998,0.11010848712811276,19.46010848712811,0.6900185185185186,True,False
883,81,20.189999999999998,0.06849298858481684,20.258492988584816,0.6896666666666667,True,False
884,145,19.549999999999997,0.10415890720579361,19.65415890720579,0.6893148148148148,True,False
885,135,19.65,0.09388951959912166,19.74388951959912,0.688962962962963,True,False
886,142,19.58,0.09936432271572937,19.679364322715728,0.6886111111111111,True,False
887,131,19.689999999999998,0.09661321087551783,19.786613210875515,0.6882592592592593,True,False
888,135,19.65,0.09570580518660902,19.745705805186606,0.6879074074074074,True,False
889,121,19.79,0.09021900778166957,19.88021900778167,0.6875555555555556,True,False
890,153,19.47,0.10626822978369822,19.576268229783697,0.6872037037037038,True,False
891,161,19.389999999999997,0.10709247307436566,19.497092473074364,0.6868518518518518,True,False
892,154,19.459999999999997,0.10387810721571528,19.56387810721571,0.6865,True,False
893,140,19.599999999999998,0.09430504339282565,19.694305043392824,0.6861481481481482,True,False
894,175,19.249999999999996,0.11078113057403202,19.36078113057403,0.6857962962962963,True,False
895,138,19.619999999999997,0.09725285940959238,19.71725285940959,0.6854444444444444,True,False
896,133,19.669999999999998,0.09485124330847576,19.764851243308474,0.6850925925925926,True,False
897,135,19.65,0.09696398738395796,19.746963987383957,0.6847407407407408,True,False
898,217,18.830000000000002,0.13267224542103442,18.962672245421036,0.6843888888888889,True,False
899,161,19.389999999999997,0.1088928593605634,19.49889285936056,0.684037037037037,True,False
900,134,19.659999999999997,0.09458582765499499,19.754585827654992,0.6836851851851853,True,False
901,124,19.759999999999998,0.09065283129143538,19.850652831291434,0.6833333333333333,True,False
902,183,19.169999999999998,0.11731215193916852,19.287312151939165,0.6829814814814814,True,False
903,101,19.99,0.08010356017903136,20.070103560179028,0.6826296296296297,True,False
904,126,19.74,0.0912343627481579,19.831234362748155,0.6822777777777778,True,False
905,111,19.889999999999997,0.08410245242752898,19.974102452427527,0.681925925925926,True,False
906,192,19.08,0.11939497252340119,19.1993949725234,0.6815740740740741,True,False
907,120,19.799999999999997,0.08939215956638327,19.88939215956638,0.6812222222222222,True,False
908,176,19.24,0.11628080897945205,19.356280808979452,0.6808703703703705,True,False
909,175,19.249999999999996,0.11907289537386823,19.369072895373865,0.6805185185185185,True,False
910,108,19.919999999999998,0.08284882464835389,20.002848824648353,0.6801666666666667,True,False
911,158,19.419999999999998,0.10847707868110051,19.5284770786811,0.6798148148148149,True,False
912,150,19.499999999999996,0.10623649028434733,19.606236490284342,0.6794629629629629,True,False
913,137,19.63,0.09685449246811435,19.726854492468114,0.6791111111111111,True,False
914,102,19.979999999999997,0.08060841216609164,20.06060841216609,0.6787592592592593,True,False
915,159,19.409999999999997,0.10883736287355171,19.518837362873548,0.6784074074074075,True,False
916,149,19.509999999999998,0.1022470016933911,19.61224700169339,0.6780555555555556,True,False
917,101,19.99,0.08111529054366,20.07111529054366,0.6777037037037037,True,False
918,127,19.729999999999997,0.09252235959600735,19.822522359596004,0.6773518518518519,True,False
919,149,19.509999999999998,0.10381724659437337,19.613817246594373,0.677,True,False
920,127,19.729999999999997,0.09221110967535014,19.822211109675347,0.6766481481481481,True,False
921,192,19.08,0.1256967366933256,19.205696736693323,0.6762962962962964,True,False
922,118,19.819999999999997,0.08708582568605361,19.90708582568605,0.6759444444444445,True,False
923,143,19.569999999999997,0.10348980522706784,19.673489805227064,0.6755925925925925,True,False
924,141,19.589999999999996,0.10001500539272762,19.690015005392723,0.6752407407407408,True,False
925,175,19.249999999999996,0.11487253649699795,19.364872536496993,0.6748888888888889,True,False
926,143,19.569999999999997,0.10101787439067346,19.67101787439067,0.674537037037037,True,False
927,142,19.58,0.10188592847969287,19.68188592847969,0.6741851851851852,True,False
928,103,19.97,0.07950988144046836,20.049509881440468,0.6738333333333333,True,False
929,107,19.929999999999996,0.081695299482189,20.011695299482184,0.6734814814814816,True,False
930,158,19.419999999999998,0.10474250502774232,19.524742505027742,0.6731296296296296,True,False
931,147,19.529999999999998,0.10281094131766261,19.63281094131766,0.6727777777777778,True,False
932,116,19.839999999999996,0.08815911336910293,19.928159113369098,0.672425925925926,True,False
933,176,19.24,0.11644826021524322,19.35644826021524,0.672074074074074,True,False
934,117,19.83,0.08561971673266082,19.91561971673266,0.6717222222222222,True,False
935,118,19.819999999999997,0.08777367350648675,19.907773673506483,0.6713703703703704,True,False
936,160,19.4,0.10866678978980472,19.508666789789803,0.6710185185185186,True,False
937,134,19.659999999999997,0.0945622332872309,19.754562233287228,0.6706666666666667,True,False
938,150,19.499999999999996,0.1040770717323874,19.604077071732384,0.6703148148148148,True,False
939,133,19.669999999999998,0.09592168020955932,19.76592168020956,0.669962962962963,True,False
940,111,19.889999999999997,0.08422577509459381,19.97422577509459,0.6696111111111112,True,False
941,154,19.459999999999997,0.10426179872804794,19.564261798728044,0.6692592592592592,True,False
942,130,19.699999999999996,0.0937532793963057,19.793753279396302,0.6689074074074075,True,False
943,192,19.08,0.11735196186623416,19.197351961866232,0.6685555555555556,True,False
944,111,19.889999999999997,0.08634833674094028,19.976348336740937,0.6682037037037036,True,False
945,147,19.529999999999998,0.10043667693479758,19.630436676934796,0.6678518518518519,True,False
946,128,19.72,0.09559014035396833,19.81559014035397,0.6675,True,False
947,135,19.65,0.09509421642651608,19.745094216426516,0.6671481481481482,True,False
948,156,19.439999999999998,0.10543656600321076,19.545436566003207,0.6667962962962963,True,False
949,139,19.609999999999996,0.10276230925286792,19.712762309252863,0.6664444444444444,True,False
950,145,19.549999999999997,0.1021440529519728,19.65214405295197,0.6660925925925926,True,False
951,105,19.95,0.08081967106315927,20.03081967106316,0.6657407407407407,True,False
952,106,19.939999999999998,0.08317384983118785,20.023173849831185,0.6653888888888889,True,False
953,128,19.72,0.09471825074055157,19.81471825074055,0.6650370370370371,True,False
954,128,19.72,0.09100035829938138,19.81100035829938,0.6646851851851852,True,False
955,111,19.889999999999997,0.08454881728831332,19.97454881728831,0.6643333333333333,True,False
956,104,19.959999999999997,0.08207094030759723,20.042070940307596,0.6639814814814815,True,False
957,94,20.06,0.07762238061788425,20.137622380617884,0.6636296296296296,True,False
958,113,19.869999999999997,0.08528824450366457,19.955288244503663,0.6632777777777779,True,False
959,177,19.229999999999997,0.11489161176548589,19.344891611765483,0.6629259259259259,True,False
960,136,19.639999999999997,0.09830725618329307,19.73830725618329,0.6625740740740741,True,False
961,135,19.65,0.09568455045182342,19.745684550451823,0.6622222222222223,True,False
962,136,19.639999999999997,0.09792899227301441,19.737928992273012,0.6618703703703703,True,False
963,95,20.049999999999997,0.07677807654597493,20.12677807654597,0.6615185185185186,True,False
964,173,19.269999999999996,0.11312128962827221,19.383121289628267,0.6611666666666667,True,False
965,163,19.369999999999997,0.10838055779534252,19.47838055779534,0.6608148148148147,True,False
966,120,19.799999999999997,0.08594888667336352,19.88594888667336,0.660462962962963,True,False
967,140,19.599999999999998,0.0979033426444103,19.69790334264441,0.6601111111111111,True,False
968,207,18.93,0.12632725939244188,19.056327259392443,0.6597592592592593,True,False
969,148,19.519999999999996,0.10099025250185859,19.620990252501855,0.6594074074074074,True,False
970,142,19.58,0.09918432875280027,19.6791843287528,0.6590555555555556,True,False
971,126,19.74,0.09192673307314227,19.83192673307314,0.6587037037037037,True,False
972,142,19.58,0.09837913023261657,19.678379130232614,0.6583518518518519,True,False
973,157,19.429999999999996,0.10841905353281513,19.538419053532813,0.658,True,False
974,149,19.509999999999998,0.10115223340786532,19.611152233407864,0.6576481481481482,True,False
975,125,19.749999999999996,0.09117658130854547,19.84117658130854,0.6572962962962963,True,False
976,134,19.659999999999997,0.09689477461965573,19.756894774619653,0.6569444444444444,True,False
977,112,19.88,0.0856385138474831,19.96563851384748,0.6565925925925926,True,False
978,120,19.799999999999997,0.0889932154041787,19.888993215404177,0.6562407407407407,True,False
979,131,19.689999999999998,0.09305406748803355,19.78305406748803,0.655888888888889,True,False
980,95,20.049999999999997,0.07612566466465895,20.126125664664656,0.655537037037037,True,False
981,91,20.089999999999996,0.07453868491509265,20.16453868491509,0.6551851851851852,True,False
982,163,19.369999999999997,0.10845204968386057,19.47845204968386,0.6548333333333334,True,False
983,128,19.72,0.09498502230380647,19.814985022303805,0.6544814814814814,True,False
984,152,19.479999999999997,0.10156350940324266,19.58156350940324,0.6541296296296297,True,False
985,173,19.269999999999996,0.11483924402883915,19.384839244028836,0.6537777777777778,True,False
986,186,19.139999999999997,0.11794202300320702,19.257942023003203,0.653425925925926,True,False
987,119,19.81,0.0877535870005113,19.89775358700051,0.6530740740740741,True,False
988,174,19.259999999999998,0.11572567367517299,19.37572567367517,0.6527222222222222,True,False
989,179,19.209999999999997,0.11871285585021889,19.328712855850217,0.6523703703703704,True,False
990,124,19.759999999999998,0.08833627146581541,19.848336271465815,0.6520185185185186,True,False
991,165,19.349999999999998,0.10756555178387427,19.457565551783873,0.6516666666666667,True,False
992,109,19.909999999999997,0.08386287242990413,19.9938628724299,0.6513148148148148,True,False
993,93,20.069999999999997,0.07579113732205336,20.14579113732205,0.650962962962963,True,False
994,139,19.609999999999996,0.09927835404452043,19.709278354044518,0.6506111111111111,True,False
995,118,19.819999999999997,0.08744398557170958,19.907443985571707,0.6502592592592593,True,False
996,138,19.619999999999997,0.0962740739364254,19.71627407393642,0.6499074074074074,True,False
997,119,19.81,0.08864933663979921,19.8986493366398,0.6495555555555557,True,False
998,122,19.779999999999998,0.09248459700215937,19.872484597002156,0.6492037037037037,True,False
999,120,19.799999999999997,0.08977985347518165,19.88977985347518,0.6488518518518518,True,False
1000,119,19.81,0.08979060881963913,19.89979060881964,0.6485000000000001,True,False
1001,141,19.589999999999996,0.09835641407503676,19.688356414075034,0.6481481481481481,True,False
1002,115,19.849999999999998,0.08622056885480599,19.936220568854804,0.6477962962962963,True,False
1003,132,19.679999999999996,0.09512465018711669,19.775124650187113,0.6474444444444445,True,False
1004,109,19.909999999999997,0.08408194533937809,19.994081945339374,0.6470925925925926,True,False
1005,128,19.72,0.09410482227685016,19.81410482227685,0.6467407407407407,True,False
1006,124,19.759999999999998,0.0899807432967474,19.849980743296744,0.6463888888888889,True,False
1007,156,19.439999999999998,0.10674441996806691,19.546744419968064,0.6460370370370371,True,False
1008,130,19.699999999999996,0.09192778267849781,19.791927782678492,0.6456851851851853,True,False
1009,94,20.06,0.07649186378250182,20.1364918637825,0.6453333333333333,True,False
1010,122,19.779999999999998,0.09006530591526922,19.87006530591527,0.6449814814814815,True,False
1011,177,19.229999999999997,0.10894469183714349,19.338944691837142,0.6446296296296297,True,False
1012,108,19.919999999999998,0.08392868472334652,20.003928684723345,0.6442777777777777,True,False
1013,161,19.389999999999997,0.11019987311611026,19.500199873116106,0.643925925925926,True,False
1014,99,20.009999999999998,0.07713257803276502,20.08713257803276,0.6435740740740741,True,False
1015,121,19.79,0.0908302766254729,19.88083027662547,0.6432222222222223,True,False
1016,114,19.86,0.08498041690053822,19.94498041690054,0.6428703703703704,True,False
1017,97,20.029999999999998,0.07677498027201152,20.10677498027201,0.6425185185185185,True,False
1018,104,19.959999999999997,0.08061619349990244,20.0406161934999,0.6421666666666668,True,False
1019,164,19.359999999999996,0.10646285950813653,19.466462859508134,0.6418148148148148,True,False
1020,124,19.759999999999998,0.09054627986728155,19.85054627986728,0.6414629629629629,True,False
1021,197,19.029999999999998,0.12572040960691458,19.15572040960691,0.6411111111111112,True,False
1022,130,19.699999999999996,0.09301033285667294,19.793010332856667,0.6407592592592593,True,False
1023,107,19.929999999999996,0.08326502119984143,20.01326502119984,0.6404074074074074,True,False
1024,147,19.529999999999998,0.10126020139329979,19.631260201393296,0.6400555555555556,True,False
1025,82,20.18,0.06949260842312409,20.249492608423125,0.6397037037037037,True,False
1026,126,19.74,0.09071223419552742,19.830712234195527,0.6393518518518518,True,False
1027,152,19.479999999999997,0.10754208275460438,19.587542082754602,0.639,True,False
1028,140,19.599999999999998,0.10019337592112645,19.700193375921124,0.6386481481481482,True,False
1029,165,19.349999999999998,0.10947083191164696,19.459470831911645,0.6382962962962964,True,False
1030,120,19.799999999999997,0.08921858576228993,19.889218585762286,0.6379444444444444,True,False
1031,167,19.33,0.10813454966451944,19.438134549664518,0.6375925925925926,True,False
1032,87,20.13,0.07226900946675571,20.202269009466754,0.6372407407407408,True,False
1033,119,19.81,0.08846631489746112,19.89846631489746,0.6368888888888888,True,False
1034,142,19.58,0.10141532395582407,19.68141532395582,0.6365370370370371,True,False
1035,109,19.909999999999997,0.08464455586421532,19.994644555864213,0.6361851851851852,True,False
1036,129,19.709999999999997,0.09312482344841057,19.803124823448407,0.6358333333333333,True,False
1037,129,19.709999999999997,0.09187676172131626,19.801876761721314,0.6354814814814815,True,False
1038,173,19.269999999999996,0.1131258098571773,19.383125809857173,0.6351296296296296,True,False
1039,137,19.63,0.09754271975290739,19.727542719752908,0.6347777777777779,True,False
1040,110,19.9,0.08449087322880412,19.984490873228804,0.634425925925926,True,False
1041,142,19.58,0.09906165921956625,19.679061659219563,0.634074074074074,True,False
1042,123,19.769999999999996,0.09014580667994906,19.860145806679945,0.6337222222222223,True,False
1043,135,19.65,0.096122636300506,19.746122636300505,0.6333703703703704,True,False
1044,143,19.569999999999997,0.09652902306555493,19.66652902306555,0.6330185185185185,True,False
1045,137,19.63,0.09556492515376251,19.725564925153762,0.6326666666666667,True,False
1046,91,20.089999999999996,0.07435614199859568,20.164356141998592,0.6323148148148148,True,False
1047,103,19.97,0.08173966212463024,20.05173966212463,0.631962962962963,True,False
1048,128,19.72,0.09342917451247916,19.81342917451248,0.6316111111111111,True,False
1049,104,19.959999999999997,0.08125214266322776,20.041252142663225,0.6312592592592593,True,False
1050,182,19.179999999999996,0.1162076261723249,19.296207626172322,0.6309074074074075,True,False
1051,123,19.769999999999996,0.0924488808567619,19.862448880856757,0.6305555555555555,True,False
1052,126,19.74,0.0930867385154577,19.833086738515455,0.6302037037037037,True,False
1053,127,19.729999999999997,0.09113635814189033,19.82113635814189,0.6298518518518519,True,False
1054,153,19.47,0.10530321079224107,19.57530321079224,0.6295,True,False
1055,125,19.749999999999996,0.09193379369017536,19.84193379369017,0.6291481481481482,True,False
1056,108,19.919999999999998,0.08244622355547192,20.00244622355547,0.6287962962962963,True,False
1057,109,19.909999999999997,0.08517785921081036,19.995177859210806,0.6284444444444444,True,False
1058,145,19.549999999999997,0.10179919975547069,19.65179919975547,0.6280925925925926,True,False
1059,119,19.81,0.08632238657561593,19.896322386575616,0.6277407407407407,True,False
1060,98,20.019999999999996,0.07771035575716197,20.097710355757158,0.6273888888888889,True,False
1061,144,19.56,0.09832664354164099,19.65832664354164,0.6270370370370371,True,False
1062,110,19.9,0.08268808608288225,19.98268808608288,0.6266851851851852,True,False
1063,163,19.369999999999997,0.10836855758957568,19.478368557589572,0.6263333333333334,True,False
1064,98,20.019999999999996,0.07723116297991515,20.09723116297991,0.6259814814814815,True,False
1065,98,20.019999999999996,0.07680082715123474,20.09680082715123,0.6256296296296296,True,False
1066,114,19.86,0.08681328096351584,19.946813280963514,0.6252777777777778,True,False
1067,110,19.9,0.08380030989003158,19.98380030989003,0.6249259259259259,True,False
1068,124,19.759999999999998,0.09021739798369711,19.850217397983695,0.6245740740740741,True,False
1069,130,19.699999999999996,0.09571960951739807,19.795719609517395,0.6242222222222222,True,False
1070,107,19.929999999999996,0.08295940222668793,20.012959402226684,0.6238703703703704,True,False
1071,99,20.009999999999998,0.07766829417816253,20.08766829417816,0.6235185185185186,True,False
1072,94,20.06,0.07442595905559049,20.13442595905559,0.6231666666666666,True,False
1073,117,19.83,0.08798002267420983,19.917980022674207,0.6228148148148148,True,False
1074,138,19.619999999999997,0.0981198241090216,19.71811982410902,0.622462962962963,True,False
1075,102,19.979999999999997,0.08087364524625215,20.06087364524625,0.6221111111111111,True,False
1076,123,19.769999999999996,0.09112053375910616,19.861120533759102,0.6217592592592593,True,False
1077,116,19.839999999999996,0.08142298555719468,19.92142298555719,0.6214074074074074,True,False
1078,137,19.63,0.09796559686313691,19.727965596863136,0.6210555555555556,True,False
1079,141,19.589999999999996,0.09902865274036807,19.689028652740365,0.6207037037037038,True,False
1080,156,19.439999999999998,0.1033838233147708,19.54338382331477,0.6203518518518518,True,False
1081,118,19.819999999999997,0.08809578437268437,19.90809578437268,0.62,True,False
1082,109,19.909999999999997,0.08222219940085806,19.992222199400853,0.6196481481481482,True,False
1083,132,19.679999999999996,0.09410863595363705,19.774108635953635,0.6192962962962963,True,False
1084,154,19.459999999999997,0.104632935558401,19.564632935558397,0.6189444444444445,True,False
1085,92,20.08,0.07520740673212564,20.155207406732124,0.6185925925925926,True,False
1086,91,20.089999999999996,0.07453329998406596,20.16453329998406,0.6182407407407408,True,False
1087,111,19.889999999999997,0.0823018196900531,19.97230181969005,0.6178888888888889,True,False
1088,121,19.79,0.0907324068617539,19.880732406861753,0.617537037037037,True,False
1089,120,19.799999999999997,0.08942744825657341,19.88942744825657,0.6171851851851853,True,False
1090,156,19.439999999999998,0.10502871211081943,19.545028712110817,0.6168333333333333,True,False
1091,107,19.929999999999996,0.08295810057509635,20.012958100575094,0.6164814814814814,True,False
1092,155,19.449999999999996,0.10549513040036723,19.555495130400363,0.6161296296296297,True,False
1093,129,19.709999999999997,0.09245917098136665,19.802459170981365,0.6157777777777778,True,False
1094,97,20.029999999999998,0.07697287262165023,20.106972872621647,0.615425925925926,True,False
1095,121,19.79,0.08986556531566302,19.87986556531566,0.6150740740740741,True,False
1096,116,19.839999999999996,0.08760742230972678,19.927607422309723,0.6147222222222222,True,False
1097,154,19.459999999999997,0.10793340528740125,19.5679334052874,0.6143703703703705,True,False
1098,134,19.659999999999997,0.09556314026561219,19.755563140265608,0.6140185185185185,True,False
1099,142,19.58,0.09977614611188046,19.67977614611188,0.6136666666666667,True,False
1100,125,19.749999999999996,0.0883259132693779,19.838325913269376,0.6133148148148149,True,False
1101,110,19.9,0.08127119756859262,19.981271197568592,0.6129629629629629,True,False
1102,150,19.499999999999996,0.10532801471786594,19.605328014717863,0.6126111111111111,True,False
1103,110,19.9,0.08254839248630305,19.9825483924863,0.6122592592592593,True,False
1104,107,19.929999999999996,0.08427136663344341,20.01427136663344,0.6119074074074075,True,False
1105,110,19.9,0.08239714321712625,19.982397143217124,0.6115555555555556,True,False
1106,186,19.139999999999997,0.11724869045546489,19.257248690455462,0.6112037037037037,True,False
1107,99,20.009999999999998,0.07803596810548917,20.088035968105487,0.6108518518518519,True,False
1108,103,19.97,0.08057407157209832,20.050574071572097,0.6105,True,False
1109,143,19.569999999999997,0.09991196968120031,19.6699119696812,0.6101481481481481,True,False
1110,90,20.099999999999998,0.07429357333144532,20.174293573331443,0.6097962962962964,True,False
1111,91,20.089999999999996,0.07437016327724945,20.164370163277244,0.6094444444444445,True,False
1112,117,19.83,0.08790389901258439,19.917903899012583,0.6090925925925925,True,False
1113,137,19.63,0.10085547140094438,19.730855471400943,0.6087407407407408,True,False
1114,131,19.689999999999998,0.09423420144047796,19.784234201440476,0.6083888888888889,True,False
1115,106,19.939999999999998,0.08235748809280871,20.022357488092805,0.6080370370370372,True,False
1116,95,20.049999999999997,0.0765480870160502,20.126548087016047,0.6076851851851852,True,False
1117,103,19.97,0.08065228367971487,20.050652283679714,0.6073333333333333,True,False
1118,125,19.749999999999996,0.0912993728605279,19.841299372860526,0.6069814814814816,True,False
1119,91,20.089999999999996,0.07405690334618024,20.164056903346175,0.6066296296296296,True,False
1120,107,19.929999999999996,0.08400956495238626,20.01400956495238,0.6062777777777778,True,False
1121,119,19.81,0.08569665936001722,19.895696659360016,0.605925925925926,True,False
1122,147,19.529999999999998,0.10270802838681714,19.632708028386816,0.605574074074074,True,False
1123,97,20.029999999999998,0.07725194474099975,20.107251944740998,0.6052222222222222,True,False
1124,101,19.99,0.07802994871545467,20.068029948715452,0.6048703703703704,True,False
1125,119,19.81,0.08890922982548578,19.898909229825485,0.6045185185185186,True,False
1126,96,20.04,0.07637492213350794,20.116374922133506,0.6041666666666667,True,False
1127,148,19.519999999999996,0.10209285554874875,19.622092855548743,0.6038148148148148,True,False
1128,143,19.569999999999997,0.1030905253516748,19.67309052535167,0.603462962962963,True,False
1129,98,20.019999999999996,0.0772500571715313,20.09725005717153,0.6031111111111112,True,False
1130,139,19.609999999999996,0.09971291637942421,19.70971291637942,0.6027592592592592,True,False
1131,115,19.849999999999998,0.08656890548920171,19.9365689054892,0.6024074074074075,True,False
1132,139,19.609999999999996,0.09613920716045278,19.706139207160447,0.6020555555555556,True,False
1133,97,20.029999999999998,0.07689892429437284,20.10689892429437,0.6017037037037036,True,False
1134,132,19.679999999999996,0.09478163325528141,19.774781633255277,0.6013518518518519,True,False
1135,119,19.81,0.08837386681440516,19.898373866814403,0.601,True,False
1136,114,19.86,0.08550857964182745,19.945508579641828,0.6006481481481482,True,False
1137,125,19.749999999999996,0.08954002086907631,19.839540020869073,0.6002962962962963,True,False
1138,113,19.869999999999997,0.08597766579772985,19.95597766579773,0.5999444444444444,True,False
1139,100,19.999999999999996,0.07999397020010034,20.079993970200096,0.5995925925925927,True,False
1140,128,19.72,0.09352632383567547,19.813526323835674,0.5992407407407407,True,False
1141,118,19.819999999999997,0.08750655423885997,19.907506554238857,0.5988888888888889,True,False
1142,94,20.06,0.07601008221358942,20.136010082213588,0.5985370370370371,True,False
1143,95,20.049999999999997,0.07639376663936372,20.12639376663936,0.5981851851851852,True,False
1144,125,19.749999999999996,0.09334678448341792,19.843346784483415,0.5978333333333333,True,False
1145,125,19.749999999999996,0.09121381380232012,19.841213813802316,0.5974814814814815,True,False
1146,109,19.909999999999997,0.08487980844038932,19.994879808440388,0.5971296296296297,True,False
1147,112,19.88,0.08573026555701924,19.965730265557017,0.5967777777777779,True,False
1148,121,19.79,0.08962834787491412,19.879628347874913,0.5964259259259259,True,False
1149,107,19.929999999999996,0.08371123940562997,20.013711239405627,0.5960740740740741,True,False
1150,93,20.069999999999997,0.07540854824140297,20.1454085482414,0.5957222222222223,True,False
1151,110,19.9,0.0811344990457562,19.981134499045755,0.5953703703703703,True,False
1152,114,19.86,0.08563778013039568,19.945637780130394,0.5950185185185186,True,False
1153,115,19.849999999999998,0.08829417478503607,19.938294174785035,0.5946666666666667,True,False
1154,119,19.81,0.09022030648484915,19.900220306484847,0.5943148148148147,True,False
1155,109,19.909999999999997,0.08432120954625368,19.99432120954625,0.593962962962963,True,False
1156,104,19.959999999999997,0.0821856096530076,20.042185609653004,0.5936111111111111,True,False
1157,100,19.999999999999996,0.07902819300235778,20.079028193002355,0.5932592592592593,True,False
1158,87,20.13,0.07170987762865369,20.20170987762865,0.5929074074074074,True,False
1159,93,20.069999999999997,0.07483448201898805,20.144834482018986,0.5925555555555556,True,False
1160,95,20.049999999999997,0.07542280243282243,20.12542280243282,0.5922037037037037,True,False
1161,106,19.939999999999998,0.08124741256094478,20.021247412560943,0.5918518518518519,True,False
1162,88,20.119999999999997,0.07156709522771447,20.19156709522771,0.5915,True,False
1163,97,20.029999999999998,0.07801818336028832,20.108018183360286,0.5911481481481482,True,False
1164,124,19.759999999999998,0.08878424538470084,19.8487842453847,0.5907962962962963,True,False
1165,89,20.11,0.0746498428343092,20.184649842834308,0.5904444444444444,True,False
1166,72,20.279999999999998,0.06229602854521014,20.342296028545206,0.5900925925925926,True,False
1167,120,19.799999999999997,0.08816088729817995,19.888160887298177,0.5897407407407407,True,False
1168,110,19.9,0.08351776133502596,19.983517761335026,0.589388888888889,True,False
1169,102,19.979999999999997,0.07930768017053613,20.059307680170534,0.589037037037037,True,False
1170,130,19.699999999999996,0.096176967321261,19.796176967321255,0.5886851851851852,True,False
1171,96,20.04,0.07499613778316026,20.11499613778316,0.5883333333333334,True,False
1172,130,19.699999999999996,0.09369884453087111,19.793698844530866,0.5879814814814814,True,False
1173,103,19.97,0.08174713779049224,20.051747137790493,0.5876296296296297,True,False
1174,107,19.929999999999996,0.08166095265751626,20.01166095265751,0.5872777777777778,True,False
1175,107,19.929999999999996,0.0822782348615951,20.01227823486159,0.586925925925926,True,False
1176,125,19.749999999999996,0.09348410919814736,19.843484109198144,0.5865740740740741,True,False
1177,116,19.839999999999996,0.08799980633566098,19.927999806335656,0.5862222222222222,True,False
1178,128,19.72,0.09428091866578153,19.81428091866578,0.5858703703703704,True,False
1179,156,19.439999999999998,0.10892530414070238,19.5489253041407,0.5855185185185185,True,False
1180,132,19.679999999999996,0.0960939326837753,19.77609393268377,0.5851666666666667,True,False
1181,100,19.999999999999996,0.07686178302525196,20.076861783025247,0.5848148148148148,True,False
1182,115,19.849999999999998,0.08760670712629566,19.937606707126292,0.584462962962963,True,False
1183,121,19.79,0.0893971644391188,19.87939716443912,0.5841111111111111,True,False
1184,103,19.97,0.08077154887290819,20.050771548872905,0.5837592592592593,True,False
1185,132,19.679999999999996,0.09471256711634503,19.774712567116342,0.5834074074074074,True,False
1186,115,19.849999999999998,0.08533325580503322,19.93533325580503,0.5830555555555557,True,False
1187,123,19.769999999999996,0.09113374119018045,19.861133741190176,0.5827037037037037,True,False
1188,115,19.849999999999998,0.0871088430010853,19.937108843001084,0.5823518518518518,True,False
1189,88,20.119999999999997,0.07110819640754022,20.191108196407537,0.5820000000000001,True,False
1190,121,19.79,0.0905260783436779,19.880526078343678,0.5816481481481481,True,False
1191,128,19.72,0.09336113138456133,19.81336113138456,0.5812962962962963,True,False
1192,96,20.04,0.07583677067605134,20.11583677067605,0.5809444444444445,True,False
1193,117,19.83,0.08963757128463283,19.919637571284632,0.5805925925925925,True,False
1194,131,19.689999999999998,0.0936902159735524,19.78369021597355,0.5802407407407408,True,False
1195,89,20.11,0.07369127903587334,20.183691279035873,0.5798888888888889,True,False
1196,120,19.799999999999997,0.08871382648495359,19.88871382648495,0.5795370370370371,True,False
1197,106,19.939999999999998,0.07959533510743601,20.019595335107432,0.5791851851851852,True,False
1198,126,19.74,0.09177103939613072,19.83177103939613,0.5788333333333333,True,False
1199,95,20.049999999999997,0.07647921805525223,20.12647921805525,0.5784814814814815,True,False
1200,110,19.9,0.08442147745131758,19.984421477451317,0.5781296296296297,True,False
1201,91,20.089999999999996,0.0733131673139371,20.163313167313934,0.5777777777777778,True,False
1202,116,19.839999999999996,0.08674990467946539,19.92674990467946,0.577425925925926,True,False
1203,124,19.759999999999998,0.09063841388618794,19.850638413886188,0.5770740740740741,True,False
1204,128,19.72,0.09240678210593889,19.81240678210594,0.5767222222222222,True,False
1205,108,19.919999999999998,0.08247937637087245,20.00247937637087,0.5763703703703704,True,False
1206,85,20.15,0.0699133551919105,20.21991335519191,0.5760185185185185,True,False
1207,109,19.909999999999997,0.0815842689869791,19.991584268986976,0.5756666666666668,True,False
1208,132,19.679999999999996,0.09614109839358989,19.776141098393587,0.5753148148148148,True,False
1209,112,19.88,0.0855381280472817,19.96553812804728,0.5749629629629629,True,False
1210,127,19.729999999999997,0.09365298407370902,19.823652984073707,0.5746111111111112,True,False
1211,102,19.979999999999997,0.07885697336482239,20.05885697336482,0.5742592592592592,True,False
1212,95,20.049999999999997,0.0754592789016054,20.1254592789016,0.5739074074074074,True,False
1213,86,20.139999999999997,0.07163849263137333,20.21163849263137,0.5735555555555556,True,False
1214,84,20.159999999999997,0.07006995869231372,20.23006995869231,0.5732037037037037,True,False
1215,92,20.08,0.07468975623554214,20.15468975623554,0.5728518518518518,True,False
1216,86,20.139999999999997,0.07176824914337024,20.21176824914337,0.5725,True,False
1217,77,20.229999999999997,0.06600066442986863,20.296000664429865,0.5721481481481482,True,False
1218,101,19.99,0.08004622366063399,20.070046223660633,0.5717962962962964,True,False
1219,84,20.159999999999997,0.06971793363539824,20.229717933635396,0.5714444444444444,True,False
1220,137,19.63,0.1001384001176427,19.730138400117642,0.5710925925925926,True,False
1221,112,19.88,0.08373639996468195,19.96373639996468,0.5707407407407408,True,False
1222,128,19.72,0.09149926080658002,19.811499260806578,0.5703888888888888,True,False
1223,91,20.089999999999996,0.07398727406199676,20.16398727406199,0.5700370370370371,True,False
1224,94,20.06,0.07576362996567404,20.135763629965673,0.5696851851851852,True,False
1225,107,19.929999999999996,0.08178070575812316,20.01178070575812,0.5693333333333334,True,False
1226,134,19.659999999999997,0.09810263883229088,19.758102638832288,0.5689814814814815,True,False
1227,91,20.089999999999996,0.07138360389734441,20.16138360389734,0.5686296296296296,True,False
1228,94,20.06,0.07554778145150297,20.135547781451503,0.5682777777777779,True,False
1229,108,19.919999999999998,0.08300182543372382,20.00300182543372,0.567925925925926,True,False
1230,121,19.79,0.09157535332198408,19.881575353321985,0.567574074074074,True,False
1231,83,20.169999999999998,0.0683137297150946,20.23831372971509,0.5672222222222223,True,False
1232,144,19.56,0.10269828755965858,19.662698287559657,0.5668703703703704,True,False
1233,103,19.97,0.08035423903657168,20.050354239036572,0.5665185185185185,True,False
1234,105,19.95,0.08226573638327256,20.032265736383273,0.5661666666666667,True,False
1235,147,19.529999999999998,0.1000888020203348,19.63008880202033,0.5658148148148148,True,False
1236,94,20.06,0.07542714683418333,20.135427146834182,0.565462962962963,True,False
1237,106,19.939999999999998,0.08249878258055283,20.022498782580552,0.5651111111111111,True,False
1238,106,19.939999999999998,0.08122552305424056,20.021225523054238,0.5647592592592593,True,False
1239,114,19.86,0.08681414892922058,19.94681414892922,0.5644074074074075,True,False
1240,114,19.86,0.08806423039506571,19.948064230395065,0.5640555555555555,True,False
1241,106,19.939999999999998,0.0820831934667756,20.022083193466774,0.5637037037037037,True,False
1242,103,19.97,0.08163144769710343,20.0516314476971,0.5633518518518519,True,False
1243,99,20.009999999999998,0.0776390311086863,20.087639031108683,0.563,True,False
1244,142,19.58,0.09838825212729385,19.67838825212729,0.5626481481481482,True,False
1245,133,19.669999999999998,0.09609852198320253,19.7660985219832,0.5622962962962963,True,False
1246,94,20.06,0.07660759901584499,20.136607599015843,0.5619444444444444,True,False
1247,115,19.849999999999998,0.08817667143221751,19.938176671432217,0.5615925925925926,True,False
1248,105,19.95,0.08235677290937755,20.032356772909377,0.5612407407407407,True,False
1249,99,20.009999999999998,0.07819110232975518,20.088191102329752,0.560888888888889,True,False
1250,104,19.959999999999997,0.08274466689396416,20.042744666893963,0.5605370370370371,True,False
1251,110,19.9,0.08303063997504127,19.98303063997504,0.5601851851851852,True,False
1252,97,20.029999999999998,0.07780932086600484,20.107809320866004,0.5598333333333334,True,False
1253,106,19.939999999999998,0.08298690958306723,20.022986909583064,0.5594814814814815,True,False
1254,127,19.729999999999997,0.09509824150066722,19.825098241500665,0.5591296296296296,True,False
1255,87,20.13,0.07170934468468734,20.201709344684687,0.5587777777777778,True,False
1256,73,20.27,0.06337972424800173,20.333379724248,0.558425925925926,True,False
1257,107,19.929999999999996,0.08123435749694906,20.011234357496946,0.5580740740740741,True,False
1258,113,19.869999999999997,0.08668939718655758,19.956689397186555,0.5577222222222222,True,False
1259,91,20.089999999999996,0.07391736457153301,20.163917364571528,0.5573703703703704,True,False
1260,118,19.819999999999997,0.09009016981115947,19.910090169811156,0.5570185185185186,True,False
1261,98,20.019999999999996,0.07889129574283565,20.09889129574283,0.5566666666666666,True,False
1262,122,19.779999999999998,0.09184256869392617,19.871842568693925,0.5563148148148148,True,False
1263,101,19.99,0.07923616774924908,20.06923616774925,0.555962962962963,True,False
1264,96,20.04,0.07526957670392698,20.115269576703927,0.5556111111111111,True,False
1265,100,19.999999999999996,0.07947040172512221,20.079470401725118,0.5552592592592593,True,False
1266,94,20.06,0.07533729749273989,20.13533729749274,0.5549074074074074,True,False
1267,117,19.83,0.08816968541232988,19.918169685412327,0.5545555555555556,True,False
1268,99,20.009999999999998,0.07720250020586229,20.087202500205862,0.5542037037037038,True,False
1269,90,20.099999999999998,0.07358608638856602,20.173586086388564,0.5538518518518518,True,False
1270,97,20.029999999999998,0.07773601496697544,20.107736014966974,0.5535000000000001,True,False
1271,107,19.929999999999996,0.0826909200902904,20.012690920090286,0.5531481481481482,True,False
1272,92,20.08,0.07374445113541273,20.15374445113541,0.5527962962962963,True,False
1273,106,19.939999999999998,0.08008256239098087,20.02008256239098,0.5524444444444445,True,False
1274,108,19.919999999999998,0.08384818395866667,20.003848183958667,0.5520925925925926,True,False
1275,125,19.749999999999996,0.0876120156585477,19.837612015658543,0.5517407407407408,True,False
1276,101,19.99,0.07987226969484795,20.069872269694848,0.5513888888888889,True,False
1277,109,19.909999999999997,0.08508839003105967,19.995088390031057,0.551037037037037,True,False
1278,116,19.839999999999996,0.08342765160395513,19.92342765160395,0.5506851851851853,True,False
1279,67,20.33,0.0602004598449329,20.39020045984493,0.5503333333333333,True,False
1280,102,19.979999999999997,0.08016597606390809,20.060165976063907,0.5499814814814815,True,False
1281,100,19.999999999999996,0.07917212357528208,20.07917212357528,0.5496296296296297,True,False
1282,112,19.88,0.08602831632744026,19.96602831632744,0.5492777777777778,True,False
1283,88,20.119999999999997,0.07166656792225672,20.191666567922255,0.548925925925926,True,False
1284,93,20.069999999999997,0.07474445113541271,20.14474445113541,0.5485740740740741,True,False
1285,101,19.99,0.08042643165075218,20.070426431650752,0.5482222222222222,True,False
1286,117,19.83,0.0886397071594225,19.91863970715942,0.5478703703703705,True,False
1287,98,20.019999999999996,0.07749781664803257,20.09749781664803,0.5475185185185185,True,False
1288,126,19.74,0.08937748899344963,19.829377488993448,0.5471666666666667,True,False
1289,85,20.15,0.07041063897623827,20.220410638976237,0.5468148148148149,True,False
1290,105,19.95,0.08064713155805232,20.03064713155805,0.5464629629629629,True,False
1291,129,19.709999999999997,0.09506336796270752,19.805063367962706,0.5461111111111111,True,False
1292,130,19.699999999999996,0.09357277033992013,19.793572770339917,0.5457592592592593,True,False
1293,86,20.139999999999997,0.0720534665171319,20.21205346651713,0.5454074074074075,True,False
1294,83,20.169999999999998,0.06786260599805176,20.23786260599805,0.5450555555555556,True,False
1295,136,19.639999999999997,0.09787054003387458,19.73787054003387,0.5447037037037037,True,False
1296,92,20.08,0.07376076107112978,20.15376076107113,0.5443518518518519,True,False
1297,99,20.009999999999998,0.07612814109453359,20.08612814109453,0.544,True,False
1298,100,19.999999999999996,0.0778936193904367,20.077893619390434,0.5436481481481481,True,False
1299,111,19.889999999999997,0.08622492566254533,19.976224925662542,0.5432962962962964,True,False
1300,85,20.15,0.07111392876668372,20.221113928766684,0.5429444444444445,True,False
1301,117,19.83,0.08591600524162923,19.915916005241627,0.5425925925925926,True,False
1302,128,19.72,0.09273469492488595,19.812734694924885,0.5422407407407408,True,False
1303,87,20.13,0.06963414850626744,20.199634148506266,0.5418888888888889,True,False
1304,107,19.929999999999996,0.0834730884836033,20.0134730884836,0.5415370370370372,True,False
1305,109,19.909999999999997,0.08212848567175735,19.992128485671753,0.5411851851851852,True,False
1306,68,20.319999999999997,0.06002635309687323,20.38002635309687,0.5408333333333333,True,False
1307,127,19.729999999999997,0.09346336232419887,19.823463362324194,0.5404814814814816,True,False
1308,99,20.009999999999998,0.07903406573739642,20.089034065737394,0.5401296296296296,True,False
1309,89,20.11,0.07363005646293604,20.183630056462935,0.5397777777777778,True,False
1310,100,19.999999999999996,0.08015657396295052,20.080156573962945,0.539425925925926,True,False
1311,99,20.009999999999998,0.07900240636853763,20.089002406368536,0.539074074074074,True,False
1312,90,20.099999999999998,0.07344192843622256,20.17344192843622,0.5387222222222222,True,False
1313,99,20.009999999999998,0.0790793764760345,20.089079376476032,0.5383703703703704,True,False
1314,102,19.979999999999997,0.0810998232153807,20.06109982321538,0.5380185185185186,True,False
1315,82,20.18,0.06961430892837647,20.249614308928376,0.5376666666666667,True,False
1316,112,19.88,0.085610138525399,19.9656101385254,0.5373148148148148,True,False
1317,102,19.979999999999997,0.08081872296696242,20.06081872296696,0.536962962962963,True,False
1318,81,20.189999999999998,0.0690889847403014,20.2590889847403,0.5366111111111111,True,False
1319,70,20.299999999999997,0.06170045984493291,20.36170045984493,0.5362592592592592,True,False
1320,109,19.909999999999997,0.08396082291804645,19.993960822918044,0.5359074074074075,True,False
1321,74,20.259999999999998,0.06447610056517905,20.324476100565178,0.5355555555555556,True,False
1322,97,20.029999999999998,0.07754846717774296,20.10754846717774,0.5352037037037036,True,False
1323,82,20.18,0.06903023306389212,20.24903023306389,0.5348518518518519,True,False
1324,79,20.209999999999997,0.067578394860751,20.277578394860747,0.5345,True,False
1325,91,20.089999999999996,0.07450029995093911,20.164500299950934,0.5341481481481483,True,False
1326,111,19.889999999999997,0.08641296125578983,19.976412961255786,0.5337962962962963,True,False
1327,111,19.889999999999997,0.08293210301873856,19.972932103018735,0.5334444444444444,True,False
1328,102,19.979999999999997,0.08163812815244378,20.061638128152442,0.5330925925925927,True,False
1329,95,20.049999999999997,0.07493939999336167,20.12493939999336,0.5327407407407407,True,False
1330,101,19.99,0.07867535409786278,20.068675354097863,0.5323888888888889,True,False
1331,88,20.119999999999997,0.07215671106246092,20.19215671106246,0.5320370370370371,True,False
1332,87,20.13,0.07183963414065063,20.20183963414065,0.5316851851851851,True,False
1333,103,19.97,0.08026807243725209,20.05026807243725,0.5313333333333333,True,False
1334,102,19.979999999999997,0.07962462966833975,20.05962462966834,0.5309814814814815,True,False
1335,103,19.97,0.07971417274790307,20.0497141727479,0.5306296296296297,True,False
1336,111,19.889999999999997,0.0852624578698444,19.975262457869842,0.5302777777777778,True,False
1337,97,20.029999999999998,0.07730297543240287,20.1073029754324,0.5299259259259259,True,False
1338,92,20.08,0.07570144146021643,20.155701441460216,0.5295740740740741,True,False
1339,71,20.29,0.06166627203321322,20.351666272033214,0.5292222222222223,True,False
1340,72,20.279999999999998,0.0635288869696791,20.343528886969676,0.5288703703703703,True,False
1341,106,19.939999999999998,0.08239152865560136,20.0223915286556,0.5285185185185186,True,False
1342,83,20.169999999999998,0.0691659075542837,20.23916590755428,0.5281666666666667,True,False
1343,83,20.169999999999998,0.06878931863267862,20.238789318632676,0.5278148148148147,True,False
1344,130,19.699999999999996,0.09297784389503745,19.792977843895034,0.527462962962963,True,False
1345,93,20.069999999999997,0.07566806126539681,20.145668061265393,0.5271111111111111,True,False
1346,83,20.169999999999998,0.06921831379709098,20.23921831379709,0.5267592592592593,True,False
1347,87,20.13,0.07091373535360324,20.200913735353602,0.5264074074074074,True,False
1348,106,19.939999999999998,0.08127895004502625,20.021278950045023,0.5260555555555556,True,False
1349,121,19.79,0.09078734708076866,19.88078734708077,0.5257037037037038,True,False
1350,73,20.27,0.06363923727199558,20.333639237271996,0.5253518518518518,True,False
1351,83,20.169999999999998,0.0697000953660034,20.239700095366,0.525,True,False
1352,88,20.119999999999997,0.07084639472648303,20.19084639472648,0.5246481481481482,True,False
1353,101,19.99,0.07991085483819133,20.06991085483819,0.5242962962962964,True,False
1354,74,20.259999999999998,0.06365821602646868,20.323658216026466,0.5239444444444445,True,False
1355,111,19.889999999999997,0.08450203174019146,19.97450203174019,0.5235925925925926,True,False
1356,124,19.759999999999998,0.0913068875390664,19.851306887539064,0.5232407407407407,True,False
1357,93,20.069999999999997,0.07458952321761436,20.14458952321761,0.522888888888889,True,False
1358,106,19.939999999999998,0.08213979686201672,20.022139796862014,0.522537037037037,True,False
1359,77,20.229999999999997,0.06557204942714902,20.295572049427147,0.5221851851851853,True,False
1360,78,20.22,0.0670450146659314,20.28704501466593,0.5218333333333334,True,False
1361,84,20.159999999999997,0.06994020218031681,20.229940202180313,0.5214814814814815,True,False
1362,89,20.11,0.0738839843767134,20.183883984376713,0.5211296296296296,True,False
1363,92,20.08,0.07538994964862263,20.155389949648622,0.5207777777777778,True,False
1364,86,20.139999999999997,0.07150873611937639,20.211508736119374,0.520425925925926,True,False
1365,93,20.069999999999997,0.07518341080194015,20.145183410801938,0.5200740740740741,True,False
1366,91,20.089999999999996,0.07217935402540147,20.162179354025398,0.5197222222222222,True,False
1367,97,20.029999999999998,0.07687474059137601,20.106874740591373,0.5193703703703705,True,False
1368,128,19.72,0.09400606459288559,19.814006064592885,0.5190185185185185,True,False
1369,87,20.13,0.07206152252387643,20.202061522523877,0.5186666666666666,True,False
1370,106,19.939999999999998,0.08110865776149083,20.021108657761488,0.5183148148148149,True,False
1371,88,20.119999999999997,0.07305308635543914,20.193053086355437,0.517962962962963,True,False
1372,78,20.22,0.06616418129837791,20.28616418129838,0.5176111111111111,True,False
1373,103,19.97,0.08019882331476132,20.05019882331476,0.5172592592592593,True,False
1374,86,20.139999999999997,0.07028931863267862,20.210289318632675,0.5169074074074075,True,False
1375,77,20.229999999999997,0.06633828804643759,20.296338288046435,0.5165555555555557,True,False
1376,85,20.15,0.06923056695626936,20.219230566956266,0.5162037037037037,True,False
1377,103,19.97,0.08026073161393865,20.05026073161394,0.5158518518518518,True,False
1378,100,19.999999999999996,0.07983964982341384,20.07983964982341,0.5155000000000001,True,False
1379,85,20.15,0.0699964254138652,20.219996425413864,0.5151481481481481,True,False
1380,113,19.869999999999997,0.08257944991112155,19.95257944991112,0.5147962962962964,True,False
1381,75,20.249999999999996,0.064534424786381,20.314534424786377,0.5144444444444445,True,False
1382,94,20.06,0.07602486381562869,20.136024863815628,0.5140925925925925,True,False
1383,92,20.08,0.07545289847746572,20.155452898477463,0.5137407407407407,True,False
1384,78,20.22,0.06629393781037483,20.286293937810374,0.5133888888888889,True,False
1385,99,20.009999999999998,0.07933926966172108,20.089339269661718,0.5130370370370371,True,False
1386,94,20.06,0.07542104671972552,20.135421046719724,0.5126851851851852,True,False
1387,127,19.729999999999997,0.08855335067437822,19.818553350674375,0.5123333333333333,True,False
1388,91,20.089999999999996,0.07444789370813182,20.16444789370813,0.5119814814814816,True,False
1389,89,20.11,0.07418284286743605,20.184182842867436,0.5116296296296297,True,False
1390,103,19.97,0.08184523493363031,20.05184523493363,0.5112777777777777,True,False
1391,78,20.22,0.06640891272033249,20.286408912720333,0.510925925925926,True,False
1392,89,20.11,0.0737601931366257,20.183760193136624,0.5105740740740741,True,False
1393,78,20.22,0.06720777121105516,20.287207771211055,0.5102222222222222,True,False
1394,87,20.13,0.07199433467902987,20.20199433467903,0.5098703703703704,True,False
1395,88,20.119999999999997,0.07150452656056408,20.19150452656056,0.5095185185185186,True,False
1396,68,20.319999999999997,0.060648053602125614,20.380648053602123,0.5091666666666667,True,False
1397,85,20.15,0.07046400572162088,20.22046400572162,0.5088148148148148,True,False
1398,85,20.15,0.07152852249074956,20.221528522490747,0.5084629629629629,True,False
1399,94,20.06,0.07483620284494888,20.134836202844948,0.5081111111111112,True,False
1400,75,20.249999999999996,0.0651308011035583,20.315130801103553,0.5077592592592592,True,False
1401,93,20.069999999999997,0.07447596899901521,20.14447596899901,0.5074074074074075,True,False
1402,98,20.019999999999996,0.07845734094904375,20.09845734094904,0.5070555555555556,True,False
1403,81,20.189999999999998,0.06873772000677143,20.25873772000677,0.5067037037037037,True,False
1404,86,20.139999999999997,0.0716384926313733,20.21163849263137,0.5063518518518518,True,False
1405,87,20.13,0.07202217705714758,20.202022177057145,0.506,True,False
1406,82,20.18,0.06940644182380443,20.249406441823805,0.5056481481481482,True,False
1407,92,20.08,0.07485614199859567,20.154856141998593,0.5052962962962964,True,False
1408,95,20.049999999999997,0.0757060661712592,20.125706066171258,0.5049444444444444,True,False
1409,86,20.139999999999997,0.07130338505128676,20.211303385051284,0.5045925925925927,True,False
1410,91,20.089999999999996,0.07424525875231279,20.16424525875231,0.5042407407407408,True,False
1411,117,19.83,0.08480554369593249,19.91480554369593,0.5038888888888888,True,False
1412,92,20.08,0.07353734435422618,20.153537344354223,0.5035370370370371,True,False
1413,99,20.009999999999998,0.07865076147331489,20.088650761473314,0.5031851851851852,True,False
1414,79,20.209999999999997,0.06681850167506441,20.276818501675063,0.5028333333333334,True,False
1415,95,20.049999999999997,0.07614235476206874,20.126142354762067,0.5024814814814815,True,False
1416,95,20.049999999999997,0.07656324877978223,20.126563248779778,0.5021296296296297,True,False
1417,101,19.99,0.08139167590452838,20.071391675904525,0.5017777777777778,True,False
1418,105,19.95,0.08135256335056523,20.031352563350566,0.5014259259259259,True,False
1419,105,19.95,0.0802318233478882,20.030231823347886,0.501074074074074,True,False
1420,92,20.08,0.07269566396111854,20.15269566396112,0.5007222222222223,True,False
1421,79,20.209999999999997,0.06788225812080761,20.277882258120805,0.5003703703703704,True,False
1422,93,20.069999999999997,0.07444330398762673,20.144443303987625,0.5000185185185186,True,False
1423,96,20.04,0.07789973191127293,20.117899731911272,0.4996666666666667,True,False
1424,83,20.169999999999998,0.06866728310568787,20.238667283105688,0.49931481481481477,True,False
1425,110,19.9,0.08483523082490747,19.984835230824906,0.49896296296296294,True,False
1426,102,19.979999999999997,0.0800734112041253,20.060073411204122,0.4986111111111111,True,False
1427,106,19.939999999999998,0.08265004628988377,20.022650046289883,0.4982592592592593,True,False
1428,78,20.22,0.06712236493512101,20.28712236493512,0.49790740740740747,True,False
1429,81,20.189999999999998,0.06738988667234481,20.257389886672343,0.49755555555555564,True,False
1430,96,20.04,0.07628260872014714,20.116282608720148,0.4972037037037038,True,False
1431,93,20.069999999999997,0.07556324877978222,20.14556324877978,0.4968518518518519,True,False
1432,95,20.049999999999997,0.07668762036075245,20.126687620360748,0.49650000000000005,True,False
1433,85,20.15,0.07165789884105374,20.221657898841052,0.4961481481481481,True,False
1434,97,20.029999999999998,0.07676042604939139,20.106760426049387,0.4957962962962963,True,False
1435,96,20.04,0.07831394547364603,20.118313945473645,0.49544444444444447,True,False
1436,82,20.18,0.06804420704903132,20.24804420704903,0.49509259259259264,True,False
1437,108,19.919999999999998,0.08288522836195371,20.00288522836195,0.4947407407407408,True,False
1438,96,20.04,0.0779060773448749,20.117906077344873,0.4943888888888889,True,False
1439,122,19.779999999999998,0.09152679352710902,19.871526793527106,0.49403703703703705,True,False
1440,90,20.099999999999998,0.07446729991781223,20.17446729991781,0.4936851851851852,True,False
1441,107,19.929999999999996,0.08222295349356414,20.01222295349356,0.4933333333333334,True,False
1442,82,20.18,0.06910758333308176,20.249107583333082,0.4929814814814816,True,False
1443,106,19.939999999999998,0.08187036673282401,20.021870366732823,0.49262962962962964,True,False
1444,100,19.999999999999996,0.0797239145900707,20.079723914590065,0.4922777777777777,True,False
1445,79,20.209999999999997,0.0678822581208076,20.277882258120805,0.4919259259259259,True,False
1446,104,19.959999999999997,0.08188227933691743,20.041882279336914,0.49157407407407405,True,False
1447,86,20.139999999999997,0.07150873611937639,20.211508736119374,0.4912222222222222,True,False
1448,91,20.089999999999996,0.07517440669899879,20.165174406698995,0.4908703703703704,True,False
1449,85,20.15,0.07169165919756611,20.221691659197564,0.4905185185185186,True,False
1450,84,20.159999999999997,0.0705221770571476,20.230522177057143,0.49016666666666675,True,False
1451,76,20.24,0.06447529294827897,20.30447529294828,0.4898148148148148,True,False
1452,93,20.069999999999997,0.07419891301735551,20.14419891301735,0.489462962962963,True,False
1453,109,19.909999999999997,0.0834690317070646,19.99346903170706,0.48911111111111116,True,False
1454,95,20.049999999999997,0.07629629497706251,20.12629629497706,0.4887592592592592,True,False
1455,81,20.189999999999998,0.06752002334603449,20.257520023346032,0.4884074074074074,True,False
1456,92,20.08,0.07500029995093913,20.155000299950938,0.4880555555555556,True,False
1457,72,20.279999999999998,0.06319202367649562,20.343192023676494,0.48770370370370375,True,False
1458,85,20.15,0.07007339552136206,20.22007339552136,0.4873518518518518,True,False
1459,96,20.04,0.07608941557529507,20.116089415575296,0.487,True,False
1460,95,20.049999999999997,0.07706286861808949,20.127062868618086,0.48664814814814816,True,False
1461,96,20.04,0.07528689512718403,20.115286895127184,0.48629629629629634,True,False
1462,94,20.06,0.07496595935694579,20.134965959356943,0.4859444444444445,True,False
1463,72,20.279999999999998,0.06237337881439976,20.342373378814397,0.4855925925925927,True,False
1464,101,19.99,0.07897803027665938,20.068978030276657,0.48524074074074086,True,False
1465,98,20.019999999999996,0.07648837494046722,20.096488374940463,0.4848888888888888,True,False
1466,63,20.369999999999997,0.05755419547499094,20.42755419547499,0.484537037037037,True,False
1467,69,20.31,0.060681433796945225,20.370681433796943,0.48418518518518516,True,False
1468,74,20.259999999999998,0.06371062226927597,20.323710622269274,0.48383333333333334,True,False
1469,100,19.999999999999996,0.079531061896902,20.079531061896898,0.4834814814814815,True,False
1470,90,20.099999999999998,0.07253681141025983,20.172536811410257,0.4831296296296297,True,False
1471,95,20.049999999999997,0.0771156550225895,20.127115655022585,0.48277777777777786,True,False
1472,113,19.869999999999997,0.0866074223097268,19.956607422309723,0.4824259259259259,True,False
1473,112,19.88,0.08694753465914726,19.966947534659145,0.4820740740740741,True,False
1474,68,20.319999999999997,0.06083021635692982,20.380830216356927,0.4817222222222223,True,False
1475,91,20.089999999999996,0.072800716226648,20.162800716226645,0.48137037037037045,True,False
1476,79,20.209999999999997,0.06704677037902831,20.277046770379027,0.4810185185185185,True,False
1477,80,20.2,0.06778550164193756,20.26778550164194,0.4806666666666667,True,False
1478,113,19.869999999999997,0.08545376230101333,19.955453762301012,0.48031481481481486,True,False
1479,85,20.15,0.07081507027596105,20.22081507027596,0.4799629629629629,True,False
1480,108,19.919999999999998,0.08392640219356104,20.00392640219356,0.4796111111111111,True,False
1481,84,20.159999999999997,0.06925903481522402,20.22925903481522,0.4792592592592593,True,False
1482,116,19.839999999999996,0.08452585909933451,19.92452585909933,0.47890740740740745,True,False
1483,88,20.119999999999997,0.07322084766989685,20.193220847669895,0.4785555555555556,True,False
1484,104,19.959999999999997,0.08199359003840762,20.041993590038405,0.4782037037037038,True,False
1485,107,19.929999999999996,0.08220936590079714,20.012209365900794,0.47785185185185197,True,False
1486,98,20.019999999999996,0.07863216288053455,20.09863216288053,0.47750000000000004,True,False
1487,87,20.13,0.07099776607813324,20.20099776607813,0.4771481481481481,True,False
1488,78,20.22,0.06607204942714903,20.286072049427148,0.4767962962962963,True,False
1489,89,20.11,0.07252909042525367,20.182529090425252,0.47644444444444445,True,False
1490,85,20.15,0.0708544157426899,20.22085441574269,0.4760925925925926,True,False
1491,92,20.08,0.07513005646293604,20.155130056462934,0.4757407407407408,True,False
1492,80,20.2,0.06832350644439833,20.268323506444396,0.47538888888888897,True,False
1493,85,20.15,0.07003577088059404,20.220035770880592,0.47503703703703704,True,False
1494,71,20.29,0.06222540387131524,20.352225403871316,0.4746851851851852,True,False
1495,106,19.939999999999998,0.07945288547715601,20.019452885477154,0.4743333333333334,True,False
1496,116,19.839999999999996,0.0892730477493948,19.92927304774939,0.47398148148148156,True,False
1497,66,20.339999999999996,0.05928624628255982,20.399286246282557,0.4736296296296296,True,False
1498,70,20.299999999999997,0.06219202367649562,20.362192023676492,0.4732777777777778,True,False
1499,92,20.08,0.0752077868938184,20.15520778689382,0.47292592592592597,True,False
1500,86,20.139999999999997,0.07189838581705987,20.211898385817058,0.47257407407407404,True,False
1501,90,20.099999999999998,0.07311908642169289,20.17311908642169,0.4722222222222222,True,False
1502,129,19.709999999999997,0.09496648336249797,19.804966483362495,0.4718703703703704,True,False
1503,89,20.11,0.07384597957425261,20.18384597957425,0.47151851851851856,True,False
1504,90,20.099999999999998,0.07294101533056346,20.17294101533056,0.47116666666666673,True,False
1505,79,20.209999999999997,0.06562230738878819,20.275622307388787,0.4708148148148149,True,False
1506,78,20.22,0.06637090791787172,20.28637090791787,0.47046296296296297,True,False
1507,78,20.22,0.06704539482762414,20.287045394827622,0.47011111111111115,True,False
1508,76,20.24,0.06524996773600482,20.305249967736003,0.4697592592592592,True,False
1509,86,20.139999999999997,0.07192332984344221,20.21192332984344,0.4694074074074074,True,False
1510,72,20.279999999999998,0.06225802374274936,20.342258023742747,0.46905555555555556,True,False
1511,107,19.929999999999996,0.0819345924489229,20.01193459244892,0.46870370370370373,True,False
1512,108,19.919999999999998,0.08207371233630767,20.002073712336305,0.4683518518518519,True,False
1513,108,19.919999999999998,0.08497133277050636,20.004971332770506,0.46799999999999997,True,False
1514,86,20.139999999999997,0.07092542057827753,20.210925420578274,0.46764814814814815,True,False
1515,81,20.189999999999998,0.06841525815393447,20.25841525815393,0.4672962962962963,True,False
1516,85,20.15,0.0702264149437899,20.220226414943788,0.4669444444444445,True,False
1517,88,20.119999999999997,0.07262447135271953,20.192624471352715,0.46659259259259267,True,False
1518,89,20.11,0.07307130478652674,20.183071304786527,0.46624074074074084,True,False
1519,82,20.18,0.06791445053703439,20.247914450537035,0.4658888888888889,True,False
1520,76,20.24,0.06659780107043144,20.30659780107043,0.46553703703703697,True,False
1521,97,20.029999999999998,0.07647440095532806,20.106474400955324,0.46518518518518515,True,False
1522,129,19.709999999999997,0.09240557072928708,19.802405570729285,0.4648333333333333,True,False
1523,76,20.24,0.06602045080124182,20.306020450801242,0.4644814814814815,True,False
1524,87,20.13,0.07247611624794227,20.20247611624794,0.46412962962962967,True,False
1525,77,20.229999999999997,0.06605383099606142,20.29605383099606,0.46377777777777784,True,False
1526,83,20.169999999999998,0.06893385674671483,20.238933856746712,0.463425925925926,True,False
1527,102,19.979999999999997,0.08001975683392047,20.060019756833917,0.4630740740740741,True,False
1528,77,20.229999999999997,0.06609145563682946,20.296091455636827,0.46272222222222226,True,False
1529,70,20.299999999999997,0.061771464680520555,20.36177146468052,0.46237037037037043,True,False
1530,89,20.11,0.0732538477030237,20.183253847703025,0.4620185185185185,True,False
1531,115,19.849999999999998,0.08949460111088224,19.93949460111088,0.46166666666666667,True,False
1532,72,20.279999999999998,0.06332178018849254,20.34332178018849,0.46131481481481484,True,False
1533,85,20.15,0.06933003965081165,20.21933003965081,0.460962962962963,True,False
1534,86,20.139999999999997,0.07122465923069297,20.21122465923069,0.4606111111111111,True,False
1535,97,20.029999999999998,0.07808743248277905,20.108087432482776,0.46025925925925926,True,False
1536,70,20.299999999999997,0.06177781011412254,20.36177781011412,0.45990740740740743,True,False
1537,74,20.259999999999998,0.06434596389148939,20.32434596389149,0.4595555555555556,True,False
1538,74,20.259999999999998,0.0638403787812729,20.32384037878127,0.4592037037037038,True,False
1539,84,20.159999999999997,0.06991907514467556,20.22991907514467,0.45885185185185196,True,False
1540,104,19.959999999999997,0.08097474553255184,20.040974745532548,0.4585,True,False
1541,82,20.18,0.06787510507030553,20.247875105070307,0.4581481481481481,True,False
1542,102,19.979999999999997,0.07985027469350198,20.0598502746935,0.45779629629629626,True,False
1543,81,20.189999999999998,0.06836285191112718,20.258362851911127,0.45744444444444443,True,False
1544,77,20.229999999999997,0.06646766439674176,20.29646766439674,0.4570925925925926,True,False
1545,80,20.2,0.06782350644439834,20.267823506444397,0.4567407407407408,True,False
1546,71,20.29,0.06196551068562865,20.351965510685627,0.45638888888888896,True,False
1547,83,20.169999999999998,0.06960295872544059,20.23960295872544,0.45603703703703713,True,False
1548,72,20.279999999999998,0.06272502370962249,20.34272502370962,0.4556851851851852,True,False
1549,81,20.189999999999998,0.06760433427684476,20.25760433427684,0.45533333333333337,True,False
1550,102,19.979999999999997,0.07938571003868794,20.059385710038686,0.45498148148148154,True,False
1551,59,20.409999999999997,0.055062631643428214,20.465062631643423,0.4546296296296296,True,False
1552,81,20.189999999999998,0.06864730896150334,20.2586473089615,0.4542777777777778,True,False
1553,103,19.97,0.08237861512844993,20.05237861512845,0.45392592592592595,True,False
1554,101,19.99,0.0800558531410107,20.07005585314101,0.45357407407407413,True,False
1555,90,20.099999999999998,0.0710087920358162,20.171008792035813,0.4532222222222222,True,False
1556,90,20.099999999999998,0.07170104276486737,20.171701042764866,0.45287037037037037,True,False
1557,70,20.299999999999997,0.06177781011412253,20.36177781011412,0.45251851851851854,True,False
1558,110,19.9,0.08486002206901616,19.984860022069014,0.4521666666666667,True,False
1559,75,20.249999999999996,0.06454748556245944,20.314547485562457,0.4518148148148149,True,False
1560,85,20.15,0.07035579129409407,20.220355791294093,0.45146296296296307,True,False
1561,86,20.139999999999997,0.07189838581705991,20.211898385817058,0.45111111111111124,True,False
1562,74,20.259999999999998,0.0650728570440491,20.32507285704405,0.4507592592592592,True,False
1563,90,20.099999999999998,0.07279894811305535,20.172798948113055,0.45040740740740737,True,False
1564,93,20.069999999999997,0.0756546203276256,20.145654620327623,0.45005555555555554,True,False
1565,84,20.159999999999997,0.07048455241637956,20.230484552416375,0.4497037037037037,True,False
1566,97,20.029999999999998,0.07636133454074093,20.10636133454074,0.4493518518518519,True,False
1567,84,20.159999999999997,0.07061392876668372,20.23061392876668,0.44900000000000007,True,False
1568,73,20.27,0.06356188700280595,20.333561887002805,0.44864814814814813,True,False
1569,76,20.24,0.06495669435549861,20.304956694355496,0.4482962962962963,True,False
1570,69,20.31,0.06162310957574328,20.371623109575744,0.4479444444444445,True,False
1571,89,20.11,0.072458085589666,20.182458085589666,0.44759259259259265,True,False
1572,72,20.279999999999998,0.06352888696967908,20.343528886969676,0.4472407407407408,True,False
1573,84,20.159999999999997,0.06955017232094053,20.229550172320938,0.4468888888888889,True,False
1574,84,20.159999999999997,0.07082103554787028,20.230821035547866,0.44653703703703707,True,False
1575,77,20.229999999999997,0.06637128807956447,20.296371288079563,0.44618518518518513,True,False
1576,91,20.089999999999996,0.07496729991781224,20.16496729991781,0.4458333333333333,True,False
1577,71,20.29,0.06214942915352978,20.352149429153528,0.4454814814814815,True,False
1578,84,20.159999999999997,0.06958855728509405,20.22958855728509,0.44512962962962965,True,False
1579,89,20.11,0.07126323196765785,20.18126323196766,0.4447777777777778,True,False
1580,86,20.139999999999997,0.07163887279306606,20.211638872793063,0.444425925925926,True,False
1581,71,20.29,0.06248453673361633,20.352484536733616,0.4440740740740742,True,False
1582,75,20.249999999999996,0.06500986092169142,20.315009860921688,0.44372222222222224,True,False
1583,87,20.13,0.07089918113098312,20.200899181130982,0.4433703703703704,True,False
1584,94,20.06,0.07535751754999984,20.13535751755,0.4430185185185185,True,False
1585,78,20.22,0.06561277044528205,20.28561277044528,0.44266666666666665,True,False
1586,91,20.089999999999996,0.07356533951461755,20.163565339514612,0.4423148148148148,True,False
1587,76,20.24,0.06507204942714903,20.305072049427146,0.441962962962963,True,False
1588,89,20.11,0.07300205566403603,20.183002055664037,0.4416111111111112,True,False
1589,65,20.349999999999998,0.058501789232183646,20.408501789232183,0.44125925925925924,True,False
1590,93,20.069999999999997,0.07455189857684633,20.144551898576843,0.4409074074074074,True,False
1591,97,20.029999999999998,0.07749664127581823,20.107496641275816,0.4405555555555556,True,False
1592,68,20.319999999999997,0.06083021635692981,20.380830216356927,0.44020370370370376,True,False
1593,85,20.15,0.06924638908797442,20.219246389087974,0.43985185185185194,True,False
1594,79,20.209999999999997,0.06748664315121486,20.277486643151214,0.4395,True,False
1595,96,20.04,0.0762449840793791,20.11624498407938,0.4391481481481482,True,False
1596,84,20.159999999999997,0.06971869395878373,20.22971869395878,0.43879629629629624,True,False
1597,71,20.29,0.06314767344043286,20.353147673440432,0.4384444444444444,True,False
1598,84,20.159999999999997,0.06958817712340132,20.229588177123397,0.4380925925925926,True,False
1599,67,20.33,0.0602528660877402,20.39025286608774,0.43774074074074076,True,False
1600,74,20.259999999999998,0.063879344086309,20.323879344086308,0.43738888888888894,True,False
1601,71,20.29,0.06209526719762557,20.352095267197626,0.4370370370370371,True,False
1602,75,20.249999999999996,0.06534634405318213,20.31534634405318,0.4366851851851853,True,False
1603,74,20.259999999999998,0.0636726174668152,20.323672617466812,0.43633333333333335,True,False
1604,77,20.229999999999997,0.06620853153444067,20.296208531534436,0.4359814814814815,True,False
1605,72,20.279999999999998,0.0632444299193029,20.343244429919302,0.4356296296296296,True,False
1606,73,20.27,0.06389913045768217,20.33389913045768,0.43527777777777776,True,False
1607,87,20.13,0.07187859944568672,20.201878599445685,0.43492592592592594,True,False
1608,81,20.189999999999998,0.06886285191112718,20.258862851911125,0.4345740740740741,True,False
1609,65,20.349999999999998,0.05870889601337019,20.40870889601337,0.4342222222222223,True,False
1610,84,20.159999999999997,0.07056957853062097,20.230569578530616,0.43387037037037035,True,False
1611,61,20.389999999999997,0.056476845205801304,20.446476845205797,0.4335185185185185,True,False
1612,77,20.229999999999997,0.06657839486075101,20.29657839486075,0.4331666666666667,True,False
1613,88,20.119999999999997,0.07344273605312264,20.19344273605312,0.4328148148148149,True,False
1614,87,20.13,0.0711208421347898,20.201120842134788,0.43246296296296305,True,False
1615,60,20.4,0.055510225400620915,20.45551022540062,0.4321111111111112,True,False
1616,69,20.31,0.06094094682093907,20.370940946820937,0.4317592592592593,True,False
1617,77,20.229999999999997,0.06603904939402218,20.296039049394018,0.43140740740740735,True,False
1618,80,20.2,0.06840720214718993,20.268407202147188,0.4310555555555555,True,False
1619,72,20.279999999999998,0.06293251065250179,20.3429325106525,0.4307037037037037,True,False
1620,78,20.22,0.06771912141399107,20.28771912141399,0.4303518518518519,True,False
1621,74,20.259999999999998,0.06421620737949245,20.32421620737949,0.43000000000000005,True,False
1622,91,20.089999999999996,0.07407130478652676,20.164071304786525,0.4296481481481482,True,False
1623,77,20.229999999999997,0.0663382880464376,20.296338288046435,0.4292962962962964,True,False
1624,76,20.24,0.06465783586477594,20.304657835864774,0.42894444444444446,True,False
1625,76,20.24,0.06526937394568524,20.305269373945684,0.42859259259259264,True,False
1626,78,20.22,0.06639206984064906,20.286392069840648,0.4282407407407408,True,False
1627,72,20.279999999999998,0.0635288869696791,20.343528886969676,0.4278888888888889,True,False
1628,72,20.279999999999998,0.06313923727199558,20.343139237271995,0.42753703703703705,True,False
1629,72,20.279999999999998,0.06352850680798634,20.343528506807985,0.4271851851851852,True,False
1630,91,20.089999999999996,0.07359571586894272,20.16359571586894,0.4268333333333333,True,False
1631,78,20.22,0.06620218610083868,20.286202186100837,0.42648148148148146,True,False
1632,98,20.019999999999996,0.07867822368973988,20.098678223689735,0.42612962962962964,True,False
1633,78,20.22,0.06709780107043144,20.28709780107043,0.4257777777777778,True,False
1634,88,20.119999999999997,0.0713743898868744,20.19137438988687,0.425425925925926,True,False
1635,75,20.249999999999996,0.06475459234364599,20.314754592343643,0.42507407407407416,True,False
1636,76,20.24,0.06589069428924489,20.305890694289243,0.42472222222222233,True,False
1637,66,20.339999999999996,0.05920889601337019,20.399208896013366,0.4243703703703704,True,False
1638,86,20.139999999999997,0.07189876597875265,20.21189876597875,0.42401851851851846,True,False
1639,78,20.22,0.06689069428924489,20.286890694289244,0.42366666666666664,True,False
1640,90,20.099999999999998,0.07396905563090916,20.173969055630906,0.4233148148148148,True,False
1641,88,20.119999999999997,0.07228722789784334,20.19228722789784,0.422962962962963,True,False
1642,84,20.159999999999997,0.07115789884105375,20.23115789884105,0.42261111111111116,True,False
1643,75,20.249999999999996,0.06505345083436867,20.315053450834366,0.42225925925925933,True,False
1644,64,20.36,0.058131545744180564,20.41813154574418,0.4219074074074074,True,False
1645,88,20.119999999999997,0.07397573608624952,20.193975736086248,0.42155555555555557,True,False
1646,76,20.24,0.0654240744840645,20.305424074484062,0.42120370370370375,True,False
1647,81,20.189999999999998,0.0685699586923137,20.258569958692313,0.4208518518518519,True,False
1648,59,20.409999999999997,0.054725768350244744,20.46472576835024,0.4205,True,False
1649,78,20.22,0.06650104459156138,20.28650104459156,0.42014814814814816,True,False
1650,74,20.259999999999998,0.06468358750805833,20.324683587508055,0.41979629629629633,True,False
1651,101,19.99,0.07981895034638156,20.06981895034638,0.4194444444444444,True,False
1652,79,20.209999999999997,0.06712412064821793,20.277124120648214,0.41909259259259257,True,False
1653,77,20.229999999999997,0.0674346643636149,20.29743466436361,0.41874074074074075,True,False
1654,85,20.15,0.07072465923069299,20.22072465923069,0.4183888888888889,True,False
1655,78,20.22,0.06725212144711794,20.287252121447118,0.4180370370370371,True,False
1656,93,20.069999999999997,0.07600068011263185,20.14600068011263,0.41768518518518527,True,False
1657,86,20.139999999999997,0.07019890758741058,20.210198907587408,0.41733333333333344,True,False
1658,66,20.339999999999996,0.059208896013370184,20.399208896013366,0.4169814814814815,True,False
1659,77,20.229999999999997,0.06633790788474483,20.29633790788474,0.41662962962962957,True,False
1660,79,20.209999999999997,0.06741525815393447,20.277415258153933,0.41627777777777775,True,False
1661,70,20.299999999999997,0.06232178018849255,20.36232178018849,0.4159259259259259,True,False
1662,73,20.27,0.06342616521889981,20.3334261652189,0.4155740740740741,True,False
1663,90,20.099999999999998,0.07290567934685874,20.172905679346858,0.41522222222222227,True,False
1664,72,20.279999999999998,0.06339913045768217,20.34339913045768,0.41487037037037044,True,False
1665,70,20.299999999999997,0.06203732313811637,20.362037323138114,0.4145185185185185,True,False
1666,64,20.36,0.05800178923218364,20.418001789232182,0.4141666666666667,True,False
1667,71,20.29,0.06194056665924631,20.351940566659245,0.41381481481481486,True,False
1668,73,20.27,0.06397610056517905,20.333976100565177,0.41346296296296303,True,False
1669,68,20.319999999999997,0.060830216356929825,20.380830216356927,0.4131111111111112,True,False
1670,91,20.089999999999996,0.07411065025325561,20.164110650253253,0.41275925925925927,True,False
1671,99,20.009999999999998,0.07751603507912017,20.08751603507912,0.41240740740740744,True,False
1672,78,20.22,0.06637128807956445,20.286371288079565,0.4120555555555555,True,False
1673,75,20.249999999999996,0.0646392372719956,20.314639237271994,0.4117037037037037,True,False
1674,61,20.389999999999997,0.05608757566981055,20.446087575669807,0.41135185185185186,True,False
1675,74,20.259999999999998,0.0650288869696791,20.325028886969676,0.41100000000000003,True,False
1676,79,20.209999999999997,0.06711639966321178,20.27711639966321,0.4106481481481482,True,False
1677,83,20.169999999999998,0.06943982201862406,20.23943982201862,0.4102962962962964,True,False
1678,82,20.18,0.06893385674671482,20.248933856746714,0.40994444444444456,True,False
1679,83,20.169999999999998,0.07052852249074956,20.24052852249075,0.4095925925925926,True,False
1680,72,20.279999999999998,0.06285516038331215,20.34285516038331,0.4092407407407408,True,False
1681,72,20.279999999999998,0.0630622671644987,20.343062267164495,0.40888888888888886,True,False
1682,57,20.43,0.053518661569058205,20.483518661569057,0.40853703703703703,True,False
1683,68,20.319999999999997,0.06103732313811637,20.381037323138113,0.4081851851851852,True,False
1684,73,20.27,0.06423599375086564,20.334235993750866,0.4078333333333334,True,False
1685,81,20.189999999999998,0.06828588180363028,20.258285881803626,0.40748148148148156,True,False
1686,91,20.089999999999996,0.07410968975068029,20.164109689750678,0.4071296296296296,True,False
1687,108,19.919999999999998,0.08383602603542906,20.003836026035426,0.4067777777777778,True,False
1688,68,20.319999999999997,0.061459972868926745,20.381459972868925,0.40642592592592597,True,False
1689,76,20.24,0.06563118126525105,20.305631181265248,0.40607407407407414,True,False
1690,68,20.319999999999997,0.060830216356929825,20.380830216356927,0.4057222222222223,True,False
1691,81,20.189999999999998,0.06836285191112718,20.258362851911127,0.4053703703703705,True,False
1692,68,20.319999999999997,0.060363216390056686,20.38036321639005,0.40501851851851844,True,False
1693,69,20.31,0.060719058437713254,20.37071905843771,0.4046666666666666,True,False
1694,91,20.089999999999996,0.07258378532512427,20.162583785325122,0.4043148148148148,True,False
1695,81,20.189999999999998,0.06844020218031681,20.258440202180314,0.40396296296296297,True,False
1696,76,20.24,0.0664346643636149,20.306434664363614,0.40361111111111114,True,False
1697,94,20.06,0.07627807654597489,20.136278076545974,0.4032592592592593,True,False
1698,76,20.24,0.06639069428924489,20.30639069428924,0.4029074074074075,True,False
1699,69,20.31,0.06127781011412254,20.371277810114123,0.40255555555555556,True,False
1700,86,20.139999999999997,0.07215193356914452,20.212151933569142,0.40220370370370373,True,False
1701,100,19.999999999999996,0.07929491942565835,20.079294919425656,0.4018518518518519,True,False
1702,76,20.24,0.06596804455843452,20.305968044558433,0.4015000000000001,True,False
1703,68,20.319999999999997,0.060064357899334016,20.380064357899332,0.40114814814814814,True,False
1704,76,20.24,0.06537090791787172,20.30537090791787,0.4007962962962963,True,False
1705,88,20.119999999999997,0.07197668418244636,20.191976684182443,0.4004444444444445,True,False
1706,72,20.279999999999998,0.06277781011412253,20.34277781011412,0.40009259259259256,True,False
1707,57,20.43,0.05318179827587474,20.483181798275876,0.39974074074074073,True,False
1708,84,20.159999999999997,0.07082103554787028,20.230821035547866,0.3993888888888889,True,False
1709,68,20.319999999999997,0.06057032317124324,20.38057032317124,0.3990370370370371,True,False
1710,94,20.06,0.07523510186131632,20.135235101861316,0.39868518518518525,True,False
1711,61,20.389999999999997,0.05601022540062092,20.446010225400617,0.39833333333333343,True,False
1712,63,20.369999999999997,0.057761302256177476,20.427761302256176,0.3979814814814816,True,False
1713,59,20.409999999999997,0.05446587516455817,20.464465875164557,0.39762962962962967,True,False
1714,71,20.29,0.062614673407306,20.352614673407306,0.39727777777777773,True,False
1715,66,20.339999999999996,0.059545759306553654,20.39954575930655,0.3969259259259259,True,False
1716,80,20.2,0.06774115140587479,20.267741151405875,0.3965740740740741,True,False
1717,78,20.22,0.0672858818036303,20.28728588180363,0.39622222222222225,True,False
1718,80,20.2,0.06668930686689215,20.26668930686689,0.39587037037037043,True,False
1719,85,20.15,0.07113849263137331,20.221138492631372,0.3955185185185186,True,False
1720,72,20.279999999999998,0.061829028578337004,20.341829028578335,0.39516666666666667,True,False
1721,71,20.29,0.06324442991930292,20.353244429919304,0.39481481481481484,True,False
1722,90,20.099999999999998,0.07232160348237436,20.172321603482374,0.394462962962963,True,False
1723,71,20.29,0.06222502370962249,20.35222502370962,0.3941111111111112,True,False
1724,86,20.139999999999997,0.07189876597875264,20.21189876597875,0.39375925925925925,True,False
1725,72,20.279999999999998,0.06238816041643902,20.342388160416437,0.39340740740740743,True,False
1726,67,20.33,0.060330216356929825,20.39033021635693,0.3930555555555556,True,False
1727,76,20.24,0.06576055761555522,20.305760557615553,0.39270370370370367,True,False
1728,79,20.209999999999997,0.06639760765735096,20.276397607657348,0.39235185185185184,True,False
1729,78,20.22,0.06697648072687179,20.28697648072687,0.392,True,False
1730,63,20.369999999999997,0.05763154574418057,20.427631545744177,0.3916481481481482,True,False
1731,72,20.279999999999998,0.06285516038331217,20.34285516038331,0.39129629629629636,True,False
1732,82,20.18,0.06961430892837647,20.249614308928376,0.39094444444444454,True,False
1733,80,20.2,0.0683822581208076,20.268382258120806,0.3905925925925927,True,False
1734,81,20.189999999999998,0.06916633500949103,20.25916633500949,0.3902407407407408,True,False
1735,74,20.259999999999998,0.06404748556245943,20.324047485562456,0.38988888888888884,True,False
1736,68,20.319999999999997,0.06057070333293598,20.380570703332932,0.389537037037037,True,False
1737,69,20.31,0.06094094682093907,20.370940946820937,0.3891851851851852,True,False
1738,74,20.259999999999998,0.06434634405318214,20.32434634405318,0.38883333333333336,True,False
1739,81,20.189999999999998,0.06895960838999723,20.258959608389993,0.38848148148148154,True,False
1740,65,20.349999999999998,0.0593052723305475,20.409305272330545,0.3881296296296297,True,False
1741,76,20.24,0.0653269378435017,20.3053269378435,0.3877777777777778,True,False
1742,71,20.29,0.062432510652501785,20.352432510652502,0.38742592592592595,True,False
1743,66,20.339999999999996,0.05915610960887015,20.399156109608867,0.3870740740740741,True,False
1744,71,20.29,0.062355160383312166,20.35235516038331,0.3867222222222223,True,False
1745,97,20.029999999999998,0.07686729981265017,20.10686729981265,0.3863703703703705,True,False
1746,61,20.389999999999997,0.05601022540062092,20.446010225400617,0.38601851851851854,True,False
1747,73,20.27,0.06397648072687179,20.33397648072687,0.3856666666666667,True,False
1748,75,20.249999999999996,0.06526093777724797,20.315260937777243,0.3853148148148148,True,False
1749,62,20.38,0.05671733218180748,20.436717332181807,0.38496296296296295,True,False
1750,75,20.249999999999996,0.06508683102918829,20.315086831029184,0.3846111111111111,True,False
1751,88,20.119999999999997,0.07103084613835059,20.191030846138347,0.3842592592592593,True,False
1752,74,20.259999999999998,0.06406188700280596,20.324061887002802,0.3839074074074075,True,False
1753,65,20.349999999999998,0.05837203272018673,20.408372032720184,0.38355555555555565,True,False
1754,59,20.409999999999997,0.05459563167655508,20.464595631676552,0.3832037037037037,True,False
1755,82,20.18,0.06873271523743751,20.248732715237438,0.3828518518518519,True,False
1756,84,20.159999999999997,0.0701153043180879,20.230115304318083,0.38250000000000006,True,False
1757,73,20.27,0.0639764807268718,20.33397648072687,0.3821481481481481,True,False
1758,68,20.319999999999997,0.06062310957574328,20.38062310957574,0.3817962962962963,True,False
1759,83,20.169999999999998,0.06922603478209714,20.239226034782096,0.3814444444444445,True,False
1760,82,20.18,0.06906995869231372,20.249069958692314,0.38109259259259265,True,False
1761,92,20.08,0.0741141616794494,20.15411416167945,0.3807407407407407,True,False
1762,85,20.15,0.0704331415632837,20.220433141563284,0.3803888888888889,True,False
1763,80,20.2,0.06786285191112718,20.267862851911126,0.38003703703703706,True,False
1764,83,20.169999999999998,0.06868206470772713,20.238682064707724,0.37968518518518524,True,False
1765,80,20.2,0.06782350644439833,20.267823506444397,0.3793333333333334,True,False
1766,68,20.319999999999997,0.06120045984493291,20.38120045984493,0.3789814814814816,True,False
1767,68,20.319999999999997,0.06023384003975252,20.38023384003975,0.37862962962962965,True,False
1768,95,20.049999999999997,0.07627348682546987,20.12627348682547,0.3782777777777777,True,False
1769,81,20.189999999999998,0.06869971520431063,20.25869971520431,0.3779259259259259,True,False
1770,77,20.229999999999997,0.0654422929151521,20.295442292915148,0.37757407407407406,True,False
1771,91,20.089999999999996,0.07470144146021641,20.164701441460213,0.37722222222222224,True,False
1772,86,20.139999999999997,0.07169165919756611,20.211691659197562,0.3768703703703704,True,False
1773,61,20.389999999999997,0.055957819157813636,20.44595781915781,0.3765185185185186,True,False
1774,84,20.159999999999997,0.06951158717759719,20.229511587177594,0.37616666666666676,True,False
1775,77,20.229999999999997,0.06592369432237176,20.29592369432237,0.3758148148148148,True,False
1776,62,20.38,0.05705419547499093,20.43705419547499,0.375462962962963,True,False
1777,71,20.29,0.062017916928435946,20.352017916928435,0.3751111111111112,True,False
1778,61,20.389999999999997,0.05545147372421165,20.44545147372421,0.37475925925925924,True,False
1779,68,20.319999999999997,0.06052635309687324,20.38052635309687,0.3744074074074074,True,False
1780,77,20.229999999999997,0.06579393781037483,20.295793937810373,0.3740555555555556,True,False
1781,81,20.189999999999998,0.0675062022465705,20.257506202246567,0.37370370370370376,True,False
1782,61,20.389999999999997,0.0552443669430251,20.445244366943022,0.3733518518518518,True,False
1783,67,20.33,0.058890251151274324,20.388890251151274,0.373,True,False
1784,72,20.279999999999998,0.06293213049080904,20.342932130490805,0.3726481481481482,True,False
1785,86,20.139999999999997,0.07143138585018675,20.211431385850183,0.37229629629629635,True,False
1786,69,20.31,0.061200459844932914,20.371200459844932,0.3719444444444445,True,False
1787,77,20.229999999999997,0.06522884070036358,20.29522884070036,0.3715925925925927,True,False
1788,69,20.31,0.06127781011412255,20.371277810114123,0.37124074074074087,True,False
1789,69,20.31,0.060389916129535946,20.370389916129536,0.3708888888888888,True,False
1790,68,20.319999999999997,0.059949382989376354,20.379949382989373,0.370537037037037,True,False
1791,73,20.27,0.06367724207445635,20.333677242074454,0.3701851851851852,True,False
1792,74,20.259999999999998,0.0615039306403199,20.32150393064032,0.36983333333333335,True,False
1793,79,20.209999999999997,0.06775212144711794,20.277752121447115,0.3694814814814815,True,False
1794,73,20.27,0.06397648072687179,20.33397648072687,0.3691296296296297,True,False
1795,79,20.209999999999997,0.06664977985803139,20.27664977985803,0.36877777777777787,True,False
1796,83,20.169999999999998,0.06994482678795796,20.239944826787955,0.36842592592592593,True,False
1797,68,20.319999999999997,0.06036359655174943,20.380363596551746,0.3680740740740741,True,False
1798,68,20.319999999999997,0.05980446471364742,20.379804464713644,0.3677222222222223,True,False
1799,68,20.319999999999997,0.06049335306374637,20.38049335306374,0.36737037037037046,True,False
1800,71,20.29,0.062484536733616335,20.352484536733616,0.3670185185185185,True,False
1801,62,20.38,0.05671733218180747,20.436717332181807,0.3666666666666667,True,False
1802,66,20.339999999999996,0.05928624628255982,20.399286246282557,0.36631481481481487,True,False
1803,61,20.389999999999997,0.05588046888862401,20.44588046888862,0.36596296296296293,True,False
1804,72,20.279999999999998,0.06272540387131524,20.342725403871313,0.3656111111111111,True,False
1805,80,20.2,0.06858898474030141,20.2685889847403,0.3652592592592593,True,False
1806,69,20.31,0.061614673407306,20.371614673407304,0.36490740740740746,True,False
1807,77,20.229999999999997,0.06561139489387786,20.295611394893875,0.36455555555555563,True,False
1808,89,20.11,0.0741051124365537,20.18410511243655,0.3642037037037038,True,False
1809,83,20.169999999999998,0.06974544099177757,20.239745440991776,0.363851851851852,True,False
1810,71,20.29,0.060983576334442624,20.350983576334443,0.36350000000000005,True,False
1811,76,20.24,0.06672755758242835,20.306727557582427,0.3631481481481481,True,False
1812,74,20.259999999999998,0.06426937394568526,20.324269373945683,0.3627962962962963,True,False
1813,61,20.389999999999997,0.05634708869380439,20.446347088693802,0.36244444444444446,True,False
1814,73,20.27,0.06300313532639668,20.333003135326397,0.36209259259259263,True,False
1815,63,20.369999999999997,0.0570871955081178,20.427087195508115,0.3617407407407408,True,False
1816,63,20.369999999999997,0.057372032720186726,20.427372032720186,0.36138888888888887,True,False
1817,78,20.22,0.06637166824125722,20.286371668241255,0.36103703703703705,True,False
1818,83,20.169999999999998,0.06829160116246412,20.238291601162462,0.3606851851851852,True,False
1819,78,20.22,0.06670815137274792,20.286708151372746,0.3603333333333334,True,False
1820,78,20.22,0.0659106684334294,20.285910668433427,0.35998148148148157,True,False
1821,75,20.249999999999996,0.06492369432237174,20.314923694322367,0.35962962962962963,True,False
1822,60,20.4,0.05551022540062092,20.45551022540062,0.3592777777777778,True,False
1823,69,20.31,0.06094056665924632,20.370940566659247,0.35892592592592587,True,False
1824,95,20.049999999999997,0.07523548202300907,20.125235482023005,0.35857407407407405,True,False
1825,64,20.36,0.057664925939000175,20.417664925939,0.3582222222222222,True,False
1826,72,20.279999999999998,0.06298491689530908,20.342984916895308,0.3578703703703704,True,False
1827,81,20.189999999999998,0.06869971520431062,20.25869971520431,0.35751851851851857,True,False
1828,84,20.159999999999997,0.07114730896150336,20.2311473089615,0.35716666666666674,True,False
1829,66,20.339999999999996,0.05852038782496399,20.39852038782496,0.3568148148148149,True,False
1830,65,20.349999999999998,0.05904575930655366,20.40904575930655,0.356462962962963,True,False
1831,67,20.33,0.06058972938092366,20.39058972938092,0.35611111111111116,True,False
1832,78,20.22,0.06683790788474485,20.286837907884745,0.3557592592592592,True,False
1833,76,20.24,0.065578394860751,20.30557839486075,0.3554074074074074,True,False
1834,64,20.36,0.057871652558493976,20.417871652558492,0.35505555555555557,True,False
1835,62,20.38,0.05628833701739513,20.436288337017395,0.35470370370370374,True,False
1836,74,20.259999999999998,0.06378797253846559,20.323787972538465,0.3543518518518519,True,False
1837,72,20.279999999999998,0.06326937394568524,20.343269373945684,0.354,True,False
1838,68,20.319999999999997,0.059896596584876304,20.379896596584874,0.35364814814814816,True,False
1839,73,20.27,0.0640288869696791,20.33402888696968,0.35329629629629633,True,False
1840,74,20.259999999999998,0.06276803338481879,20.32276803338482,0.3529444444444445,True,False
1841,80,20.2,0.06817515133962106,20.26817515133962,0.3525925925925927,True,False
1842,67,20.33,0.05931924631568668,20.389319246315686,0.35224074074074085,True,False
1843,60,20.4,0.05530311861943439,20.455303118619433,0.3518888888888889,True,False
1844,67,20.33,0.05877527624131666,20.388775276241315,0.351537037037037,True,False
1845,75,20.249999999999996,0.06484672421487488,20.31484672421487,0.35118518518518516,True,False
1846,83,20.169999999999998,0.07011430892837649,20.240114308928376,0.35083333333333333,True,False
1847,67,20.33,0.06033021635692983,20.39033021635693,0.3504814814814815,True,False
1848,67,20.33,0.06033021635692982,20.39033021635693,0.3501296296296297,True,False
1849,86,20.139999999999997,0.07143138585018677,20.211431385850183,0.34977777777777785,True,False
1850,72,20.279999999999998,0.06298453673361633,20.342984536733614,0.34942592592592603,True,False
1851,63,20.369999999999997,0.0578910587681744,20.42789105876817,0.3490740740740741,True,False
1852,75,20.249999999999996,0.0643801044096945,20.31438010440969,0.34872222222222227,True,False
1853,59,20.409999999999997,0.054803118619434384,20.464803118619432,0.34837037037037044,True,False
1854,78,20.22,0.06577319093642635,20.285773190936425,0.3480185185185185,True,False
1855,73,20.27,0.0630885867422852,20.333088586742285,0.3476666666666667,True,False
1856,73,20.27,0.06231462713799049,20.33231462713799,0.34731481481481485,True,False
1857,78,20.22,0.06751201463280451,20.287512014632803,0.34696296296296303,True,False
1858,67,20.33,0.06033021635692982,20.39033021635693,0.3466111111111111,True,False
1859,76,20.24,0.06576093777724797,20.305760937777247,0.34625925925925927,True,False
1860,93,20.069999999999997,0.074803202811822,20.14480320281182,0.34590740740740744,True,False
1861,72,20.279999999999998,0.06335516038331215,20.34335516038331,0.3455555555555556,True,False
1862,77,20.229999999999997,0.06620815137274792,20.296208151372745,0.3452037037037038,True,False
1863,55,20.45,0.05210444800668511,20.502104448006683,0.34485185185185196,True,False
1864,68,20.319999999999997,0.060830216356929825,20.380830216356927,0.34450000000000003,True,False
1865,60,20.4,0.05589949493661168,20.45589949493661,0.3441481481481481,True,False
1866,61,20.389999999999997,0.056347088693804386,20.446347088693802,0.34379629629629627,True,False
1867,63,20.369999999999997,0.05716454577730743,20.427164545777305,0.34344444444444444,True,False
1868,66,20.339999999999996,0.05941600279455673,20.399416002794553,0.3430925925925926,True,False
1869,65,20.349999999999998,0.05837203272018673,20.408372032720184,0.3427407407407408,True,False
1870,75,20.249999999999996,0.06492369432237174,20.314923694322367,0.34238888888888896,True,False
1871,68,20.319999999999997,0.06041600279455673,20.380416002794554,0.34203703703703714,True,False
1872,83,20.169999999999998,0.06990682198549718,20.239906821985496,0.3416851851851852,True,False
1873,71,20.29,0.06222540387131524,20.352225403871316,0.3413333333333334,True,False
1874,77,20.229999999999997,0.06480603818727956,20.294806038187275,0.34098148148148155,True,False
1875,69,20.31,0.06203732313811638,20.372037323138116,0.3406296296296296,True,False
1876,64,20.36,0.058131545744180564,20.41813154574418,0.3402777777777778,True,False
1877,70,20.299999999999997,0.06224442991930291,20.3622444299193,0.33992592592592596,True,False
1878,69,20.31,0.06148491689530908,20.37148491689531,0.33957407407407403,True,False
1879,72,20.279999999999998,0.06309526719762557,20.343095267197622,0.3392222222222222,True,False
1880,58,20.419999999999998,0.05435552486224167,20.47435552486224,0.3388703703703704,True,False
1881,96,20.04,0.07870994060493153,20.11870994060493,0.33851851851851855,True,False
1882,60,20.4,0.05538046888862401,20.455380468888624,0.3381666666666667,True,False
1883,81,20.189999999999998,0.06699351137936657,20.256993511379363,0.3378148148148149,True,False
1884,70,20.299999999999997,0.06177781011412255,20.36177781011412,0.3374629629629631,True,False
1885,62,20.38,0.05671733218180746,20.436717332181807,0.33711111111111114,True,False
1886,80,20.2,0.06785650647752518,20.267856506477525,0.3367592592592592,True,False
1887,63,20.369999999999997,0.057164925939000175,20.427164925938996,0.3364074074074074,True,False
1888,71,20.29,0.06269202367649562,20.352692023676497,0.33605555555555555,True,False
1889,70,20.299999999999997,0.062114673407306,20.3621146734073,0.3357037037037037,True,False
1890,59,20.409999999999997,0.05472576835024475,20.46472576835024,0.3353518518518519,True,False
1891,59,20.409999999999997,0.05480311861943437,20.464803118619432,0.3350000000000001,True,False
1892,60,20.4,0.055562631643428215,20.455562631643428,0.33464814814814814,True,False
1893,62,20.38,0.056717332181807474,20.436717332181807,0.3342962962962963,True,False
1894,85,20.15,0.07042542057827754,20.220425420578277,0.3339444444444445,True,False
1895,62,20.38,0.05692443896299402,20.436924438962993,0.33359259259259266,True,False
1896,73,20.27,0.06418358750805835,20.334183587508058,0.33324074074074084,True,False
1897,67,20.33,0.06054575930655366,20.39054575930655,0.3328888888888889,True,False
1898,71,20.29,0.06290756662611945,20.35290756662612,0.3325370370370371,True,False
1899,72,20.279999999999998,0.06296551068562865,20.342965510685627,0.33218518518518514,True,False
1900,72,20.279999999999998,0.06277781011412253,20.34277781011412,0.3318333333333333,True,False
1901,69,20.31,0.061330216356929826,20.371330216356927,0.3314814814814815,True,False
1902,59,20.409999999999997,0.05459601183824783,20.464596011838246,0.33112962962962966,True,False
1903,59,20.409999999999997,0.05485552486224167,20.464855524862237,0.33077777777777784,True,False
1904,92,20.08,0.07408784210166294,20.15408784210166,0.330425925925926,True,False
1905,65,20.349999999999998,0.05824189604649706,20.408241896046494,0.3300740740740742,True,False
1906,72,20.279999999999998,0.06306226716449871,20.343062267164495,0.32972222222222225,True,False
1907,68,20.319999999999997,0.060025972935180485,20.380025972935176,0.3293703703703704,True,False
1908,65,20.349999999999998,0.05904575930655365,20.40904575930655,0.3290185185185185,True,False
1909,75,20.249999999999996,0.06544310053205218,20.31544310053205,0.32866666666666666,True,False
1910,67,20.33,0.059656489770562905,20.389656489770562,0.32831481481481484,True,False
1911,72,20.279999999999998,0.06255592173089672,20.342555921730895,0.327962962962963,True,False
1912,74,20.259999999999998,0.06419202367649564,20.324192023676492,0.3276111111111112,True,False
1913,61,20.389999999999997,0.05660660171779823,20.446606601717797,0.32725925925925925,True,False
1914,74,20.259999999999998,0.06408086575727906,20.324080865757278,0.3269074074074074,True,False
1915,65,20.349999999999998,0.0592088960133702,20.409208896013368,0.3265555555555556,True,False
1916,77,20.229999999999997,0.06600104459156138,20.29600104459156,0.3262037037037038,True,False
1917,67,20.33,0.05986321639005669,20.389863216390054,0.32585185185185195,True,False
1918,63,20.369999999999997,0.057164545777307424,20.427164545777305,0.3255,True,False
1919,63,20.369999999999997,0.057761302256177476,20.427761302256176,0.3251481481481482,True,False
1920,73,20.27,0.06254423650622244,20.332544236506223,0.32479629629629625,True,False
1921,72,20.279999999999998,0.06335478022161942,20.343354780221617,0.3244444444444444,True,False
1922,65,20.349999999999998,0.059045759306553654,20.40904575930655,0.3240925925925926,True,False
1923,70,20.299999999999997,0.062321780188492534,20.36232178018849,0.3237407407407408,True,False
1924,76,20.24,0.06555345083436867,20.305553450834367,0.32338888888888895,True,False
1925,65,20.349999999999998,0.05870889601337019,20.40870889601337,0.3230370370370371,True,False
1926,67,20.33,0.06033021635692983,20.39033021635693,0.3226851851851853,True,False
1927,57,20.43,0.05381155478787166,20.48381155478787,0.32233333333333336,True,False
1928,55,20.45,0.05210444800668511,20.502104448006683,0.32198148148148154,True,False
1929,64,20.36,0.058001789232183645,20.418001789232182,0.3216296296296296,True,False
1930,74,20.259999999999998,0.06400948075999865,20.324009480759997,0.3212777777777778,True,False
1931,68,20.319999999999997,0.060363596551749436,20.380363596551746,0.32092592592592595,True,False
1932,62,20.38,0.056535169427003255,20.436535169427003,0.3205740740740741,True,False
1933,65,20.349999999999998,0.05870889601337018,20.40870889601337,0.3202222222222223,True,False
1934,66,20.339999999999996,0.05949335306374636,20.399493353063743,0.31987037037037036,True,False
1935,68,20.319999999999997,0.06057070333293598,20.380570703332932,0.31951851851851854,True,False
1936,79,20.209999999999997,0.06690929288202524,20.276909292882024,0.3191666666666667,True,False
1937,60,20.4,0.05530311861943438,20.455303118619433,0.3188148148148149,True,False
1938,59,20.409999999999997,0.05506263164342821,20.465062631643423,0.31846296296296306,True,False
1939,72,20.279999999999998,0.06280237397881212,20.34280237397881,0.31811111111111123,True,False
1940,64,20.36,0.05800178923218365,20.418001789232182,0.3177592592592592,True,False
1941,67,20.33,0.059786246282559824,20.389786246282558,0.31740740740740736,True,False
1942,68,20.319999999999997,0.06064805360212562,20.380648053602123,0.31705555555555553,True,False
1943,65,20.349999999999998,0.058838652525367116,20.408838652525365,0.3167037037037037,True,False
1944,66,20.339999999999996,0.05855973329169284,20.398559733291687,0.3163518518518519,True,False
1945,51,20.49,0.04940577739393584,20.539405777393934,0.31600000000000006,True,False
1946,71,20.29,0.062432510652501785,20.352432510652502,0.31564814814814823,True,False
1947,71,20.29,0.06227781011412254,20.35227781011412,0.3152962962962963,True,False
1948,66,20.339999999999996,0.0597528660877402,20.399752866087738,0.31494444444444447,True,False
1949,59,20.409999999999997,0.05506263164342822,20.465062631643423,0.31459259259259265,True,False
1950,70,20.299999999999997,0.0612584039044421,20.36125840390444,0.3142407407407408,True,False
1951,66,20.339999999999996,0.05941600279455675,20.399416002794553,0.3138888888888889,True,False
1952,75,20.249999999999996,0.06462483583164907,20.314624835831644,0.31353703703703706,True,False
1953,65,20.349999999999998,0.05900178923218363,20.409001789232182,0.31318518518518523,True,False
1954,69,20.31,0.06107032317124324,20.371070323171242,0.3128333333333333,True,False
1955,71,20.29,0.0625622671644987,20.352562267164497,0.31248148148148147,True,False
1956,79,20.209999999999997,0.06803695865918687,20.278036958659182,0.31212962962962965,True,False
1957,65,20.349999999999998,0.0586564897705629,20.40865648977056,0.3117777777777778,True,False
1958,68,20.319999999999997,0.060959972868926744,20.380959972868922,0.311425925925926,True,False
1959,64,20.36,0.05846840903736403,20.418468409037363,0.31107407407407417,True,False
1960,65,20.349999999999998,0.058708896013370176,20.40870889601337,0.31072222222222234,True,False
1961,72,20.279999999999998,0.06369202367649562,20.343692023676493,0.3103703703703704,True,False
1962,69,20.31,0.060993353063746356,20.370993353063746,0.31001851851851847,True,False
1963,67,20.33,0.05943460138733708,20.389434601387336,0.30966666666666665,True,False
1964,64,20.36,0.05800178923218364,20.418001789232182,0.3093148148148148,True,False
1965,68,20.319999999999997,0.06077781011412253,20.380777810114118,0.308962962962963,True,False
1966,59,20.409999999999997,0.05459601183824783,20.464596011838246,0.30861111111111117,True,False
1967,80,20.2,0.06578553663247526,20.265785536632475,0.30825925925925934,True,False
1968,66,20.339999999999996,0.0591564897705629,20.399156489770558,0.3079074074074074,True,False
1969,57,20.43,0.053181798275874735,20.483181798275876,0.3075555555555556,True,False
1970,68,20.319999999999997,0.060493353063746355,20.38049335306374,0.30720370370370376,True,False
1971,66,20.339999999999996,0.05950178923218363,20.39950178923218,0.30685185185185193,True,False
1972,56,20.439999999999998,0.052734204518682035,20.49273420451868,0.3065,True,False
1973,74,20.259999999999998,0.06419164351480289,20.3241916435148,0.30614814814814817,True,False
1974,71,20.29,0.06243251065250179,20.352432510652502,0.30579629629629634,True,False
1975,80,20.2,0.0686603697375818,20.26866036973758,0.3054444444444444,True,False
1976,69,20.31,0.06030484487534016,20.37030484487534,0.3050925925925926,True,False
1977,55,20.45,0.05189734122549857,20.501897341225497,0.30474074074074076,True,False
1978,78,20.22,0.0668382880464376,20.286838288046436,0.30438888888888893,True,False
1979,68,20.319999999999997,0.0603108101472494,20.380310810147247,0.3040370370370371,True,False
1980,69,20.31,0.06190756662611946,20.371907566626117,0.3036851851851853,True,False
1981,78,20.22,0.06637128807956447,20.286371288079565,0.30333333333333345,True,False
1982,57,20.43,0.053518661569058205,20.483518661569057,0.3029814814814815,True,False
1983,63,20.369999999999997,0.057501789232183645,20.42750178923218,0.3026296296296296,True,False
1984,60,20.4,0.05559601183824783,20.455596011838246,0.30227777777777776,True,False
1985,65,20.349999999999998,0.058449382989376346,20.408449382989374,0.30192592592592593,True,False
1986,63,20.369999999999997,0.05755419547499093,20.42755419547499,0.3015740740740741,True,False
1987,59,20.409999999999997,0.0549328751314313,20.464932875131428,0.3012222222222223,True,False
1988,74,20.259999999999998,0.06434672421487488,20.324346724214873,0.30087037037037045,True,False
1989,65,20.349999999999998,0.058501789232183646,20.408501789232183,0.3005185185185185,True,False
1990,85,20.15,0.0705497921592478,20.220549792159247,0.3001666666666667,True,False
1991,59,20.409999999999997,0.05472576835024475,20.46472576835024,0.29981481481481487,True,False
1992,68,20.319999999999997,0.060026353096873215,20.38002635309687,0.29946296296296304,True,False
1993,54,20.459999999999997,0.05139734122549856,20.511397341225496,0.2991111111111112,True,False
1994,55,20.45,0.052234204518682034,20.502234204518683,0.2987592592592593,True,False
1995,74,20.259999999999998,0.06468358750805835,20.324683587508055,0.29840740740740745,True,False
1996,58,20.419999999999998,0.053888905057061294,20.47388890505706,0.2980555555555555,True,False
1997,68,20.319999999999997,0.06133021635692983,20.381330216356925,0.2977037037037037,True,False
1998,60,20.4,0.05483611865256124,20.45483611865256,0.29735185185185187,True,False
1999,60,20.4,0.055173362107437465,20.455173362107438,0.29700000000000004,True,False
2000,73,20.27,0.06371658754118521,20.333716587541186,0.2966481481481482,True,False
2001,77,20.229999999999997,0.06600104459156136,20.29600104459156,0.2962962962962964,True,False
2002,65,20.349999999999998,0.058631545744180565,20.40863154574418,0.29594444444444445,True,False
2003,77,20.229999999999997,0.06603904939402216,20.296039049394018,0.29559259259259263,True,False
2004,54,20.459999999999997,0.051397341225498556,20.511397341225496,0.2952407407407408,True,False
2005,69,20.31,0.06039659658487632,20.370396596584875,0.29488888888888887,True,False
2006,60,20.4,0.05530311861943438,20.455303118619433,0.29453703703703704,True,False
2007,55,20.45,0.0526568542494924,20.50265685424949,0.2941851851851852,True,False
2008,64,20.36,0.05833865252536711,20.418338652525367,0.2938333333333334,True,False
2009,81,20.189999999999998,0.06862236493512101,20.258622364935118,0.29348148148148145,True,False
2010,66,20.339999999999996,0.059416002794556735,20.399416002794553,0.29312962962962963,True,False
2011,63,20.369999999999997,0.05750178923218364,20.42750178923218,0.2927777777777778,True,False
2012,60,20.4,0.05576973842461476,20.455769738424614,0.292425925925926,True,False
2013,69,20.31,0.06153732313811637,20.371537323138114,0.29207407407407415,True,False
2014,61,20.389999999999997,0.0563470886938044,20.446347088693802,0.2917222222222223,True,False
2015,54,20.459999999999997,0.051656854249492415,20.51165685424949,0.2913703703703704,True,False
2016,71,20.29,0.06188816041643903,20.35188816041644,0.29101851851851845,True,False
2017,71,20.29,0.06328839999367293,20.353288399993673,0.29066666666666663,True,False
2018,71,20.29,0.061290063273300915,20.3512900632733,0.2903148148148148,True,False
2019,64,20.36,0.05826130225617748,20.418261302256177,0.289962962962963,True,False
2020,59,20.409999999999997,0.054181798275874736,20.46418179827587,0.28961111111111115,True,False
2021,73,20.27,0.06343251065250179,20.3334325106525,0.2892592592592593,True,False
2022,58,20.419999999999998,0.05388890505706129,20.47388890505706,0.2889074074074075,True,False
2023,78,20.22,0.0669240744840645,20.286924074484062,0.28855555555555557,True,False
2024,54,20.459999999999997,0.05152709773749549,20.511527097737492,0.28820370370370374,True,False
2025,71,20.29,0.062614673407306,20.352614673407306,0.2878518518518519,True,False
2026,62,20.38,0.05692443896299401,20.436924438962993,0.2875000000000001,True,False
2027,68,20.319999999999997,0.06049335306374636,20.38049335306374,0.28714814814814815,True,False
2028,70,20.299999999999997,0.061647673440432864,20.36164767344043,0.2867962962962963,True,False
2029,61,20.389999999999997,0.056347088693804386,20.446347088693802,0.2864444444444445,True,False
2030,66,20.339999999999996,0.06017551581855057,20.400175515818546,0.28609259259259257,True,False
2031,58,20.419999999999998,0.054096011838247825,20.474096011838245,0.28574074074074074,True,False
2032,69,20.31,0.061070703332936,20.371070703332936,0.2853888888888889,True,False
2033,69,20.31,0.06136359655174944,20.37136359655175,0.2850370370370371,True,False
2034,65,20.349999999999998,0.059045759306553654,20.40904575930655,0.28468518518518526,True,False
2035,62,20.38,0.056639981912617834,20.436639981912617,0.28433333333333344,True,False
2036,72,20.279999999999998,0.06352888696967908,20.343528886969676,0.2839814814814816,True,False
2037,57,20.43,0.053518661569058205,20.483518661569057,0.2836296296296297,True,False
2038,68,20.319999999999997,0.0601564897705629,20.38015648977056,0.28327777777777774,True,False
2039,68,20.319999999999997,0.06044056665924632,20.380440566659242,0.2829259259259259,True,False
2040,65,20.349999999999998,0.058786246282559816,20.408786246282556,0.2825740740740741,True,False
2041,70,20.299999999999997,0.060882195144529805,20.360882195144526,0.28222222222222226,True,False
2042,63,20.369999999999997,0.05742443896299401,20.42742443896299,0.28187037037037044,True,False
2043,69,20.31,0.06114767344043286,20.371147673440433,0.2815185185185186,True,False
2044,62,20.38,0.05638046888862401,20.436380468888622,0.2811666666666667,True,False
2045,55,20.45,0.05236396103067895,20.502363961030678,0.28081481481481485,True,False
2046,65,20.349999999999998,0.05857913950137327,20.40857913950137,0.280462962962963,True,False
2047,63,20.369999999999997,0.05716492593900017,20.427164925938996,0.2801111111111112,True,False
2048,74,20.259999999999998,0.06434672421487488,20.324346724214873,0.27975925925925926,True,False
2049,66,20.339999999999996,0.05936359655174944,20.399363596551744,0.27940740740740744,True,False
2050,67,20.33,0.05994094682093907,20.389940946820936,0.2790555555555556,True,False
2051,59,20.409999999999997,0.05472576835024476,20.46472576835024,0.2787037037037037,True,False
2052,62,20.38,0.05666492593900018,20.436664925939,0.27835185185185185,True,False
2053,57,20.43,0.053181798275874735,20.483181798275876,0.278,True,False
2054,70,20.299999999999997,0.06134881494971019,20.361348814949707,0.2776481481481482,True,False
2055,63,20.369999999999997,0.05729468245099709,20.427294682450995,0.2772962962962964,True,False
2056,63,20.369999999999997,0.057372032720186726,20.427372032720186,0.27694444444444455,True,False
2057,64,20.36,0.05745781915781364,20.417457819157814,0.2765925925925926,True,False
2058,61,20.389999999999997,0.05601022540062092,20.446010225400617,0.2762407407407408,True,False
2059,64,20.36,0.0583386525253671,20.418338652525367,0.27588888888888885,True,False
2060,58,20.419999999999998,0.05414841808105512,20.474148418081054,0.275537037037037,True,False
2061,68,20.319999999999997,0.06070045984493291,20.38070045984493,0.2751851851851852,True,False
2062,66,20.339999999999996,0.05954575930655367,20.39954575930655,0.2748333333333334,True,False
2063,78,20.22,0.06616418129837791,20.28616418129838,0.27448148148148155,True,False
2064,77,20.229999999999997,0.06607839486075101,20.296078394860746,0.2741296296296296,True,False
2065,58,20.419999999999998,0.05435552486224167,20.47435552486224,0.2737777777777778,True,False
2066,67,20.33,0.059916002794556736,20.389916002794553,0.27342592592592596,True,False
2067,53,20.47,0.050819990956308944,20.52081999095631,0.27307407407407414,True,False
2068,68,20.319999999999997,0.060700459844932914,20.38070045984493,0.2727222222222223,True,False
2069,58,20.419999999999998,0.05388890505706129,20.47388890505706,0.2723703703703705,True,False
2070,58,20.419999999999998,0.0545186615690582,20.474518661569057,0.27201851851851855,True,False
2071,62,20.38,0.05692443896299401,20.436924438962993,0.2716666666666666,True,False
2072,63,20.369999999999997,0.05686568728658473,20.426865687286583,0.2713148148148148,True,False
2073,69,20.31,0.061200459844932914,20.371200459844932,0.27096296296296296,True,False
2074,66,20.339999999999996,0.05941600279455674,20.399416002794553,0.27061111111111114,True,False
2075,65,20.349999999999998,0.05917551581855057,20.40917551581855,0.2702592592592593,True,False
2076,67,20.33,0.05986359655174944,20.38986359655175,0.2699074074074075,True,False
2077,71,20.29,0.063158643481676,20.353158643481674,0.26955555555555566,True,False
2078,67,20.33,0.06007070333293598,20.390070703332935,0.2692037037037037,True,False
2079,69,20.31,0.06173384003975251,20.371733840039752,0.2688518518518519,True,False
2080,57,20.43,0.053648418081055124,20.483648418081057,0.26850000000000007,True,False
2081,67,20.33,0.05991600279455673,20.389916002794553,0.26814814814814814,True,False
2082,54,20.459999999999997,0.05152709773749549,20.511527097737492,0.2677962962962963,True,False
2083,72,20.279999999999998,0.06348491689530908,20.343484916895306,0.2674444444444445,True,False
2084,57,20.43,0.053648418081055124,20.483648418081057,0.26709259259259266,True,False
2085,59,20.409999999999997,0.054932875131431295,20.464932875131428,0.2667407407407407,True,False
2086,65,20.349999999999998,0.05824189604649705,20.408241896046494,0.2663888888888889,True,False
2087,64,20.36,0.05766492593900019,20.417664925939,0.26603703703703707,True,False
2088,74,20.259999999999998,0.06421658754118521,20.324216587541184,0.26568518518518525,True,False
2089,73,20.27,0.06224537801549976,20.3322453780155,0.2653333333333334,True,False
2090,58,20.419999999999998,0.05435552486224166,20.47435552486224,0.2649814814814816,True,False
2091,57,20.43,0.053648418081055124,20.483648418081057,0.26462962962962966,True,False
2092,66,20.339999999999996,0.05954575930655366,20.39954575930655,0.2642777777777777,True,False
2093,64,20.36,0.057404652591620836,20.41740465259162,0.2639259259259259,True,False
2094,55,20.45,0.05236396103067895,20.502363961030678,0.26357407407407407,True,False
2095,63,20.369999999999997,0.057631545744180564,20.427631545744177,0.26322222222222225,True,False
2096,74,20.259999999999998,0.06455383099606143,20.32455383099606,0.2628703703703704,True,False
2097,58,20.419999999999998,0.05435552486224167,20.47435552486224,0.2625185185185186,True,False
2098,64,20.36,0.05833865252536711,20.418338652525367,0.26216666666666677,True,False
2099,50,20.499999999999996,0.04882842712474622,20.548828427124743,0.26181481481481483,True,False
2100,64,20.36,0.05826130225617748,20.418261302256177,0.261462962962963,True,False
2101,51,20.49,0.049828427124746215,20.539828427124746,0.2611111111111112,True,False
2102,64,20.36,0.05792443896299401,20.417924438962995,0.26075925925925925,True,False
2103,59,20.409999999999997,0.05438890505706129,20.464388905057056,0.2604074074074074,True,False
2104,69,20.31,0.06135516038331215,20.37135516038331,0.2600555555555556,True,False
2105,60,20.4,0.05551022540062092,20.45551022540062,0.25970370370370377,True,False
2106,49,20.509999999999998,0.048121320343559676,20.558121320343556,0.25935185185185183,True,False
2107,67,20.33,0.05965572944717739,20.389655729447174,0.259,True,False
2108,70,20.299999999999997,0.0626607342165113,20.362660734216508,0.2586481481481482,True,False
2109,67,20.33,0.06028624628255981,20.390286246282557,0.25829629629629636,True,False
2110,72,20.279999999999998,0.06264805360212561,20.342648053602122,0.25794444444444453,True,False
2111,66,20.339999999999996,0.05962310957574328,20.39962310957574,0.2575925925925927,True,False
2112,60,20.4,0.05466701667383549,20.454667016673834,0.2572407407407409,True,False
2113,65,20.349999999999998,0.05837203272018673,20.408372032720184,0.25688888888888883,True,False
2114,67,20.33,0.05999335306374636,20.389993353063744,0.256537037037037,True,False
2115,62,20.38,0.05718395198698786,20.437183951986988,0.2561851851851852,True,False
2116,62,20.38,0.0569328751314313,20.43693287513143,0.25583333333333336,True,False
2117,57,20.43,0.05394131129986857,20.48394131129987,0.25548148148148153,True,False
2118,66,20.339999999999996,0.059079139501373265,20.39907913950137,0.2551296296296297,True,False
2119,67,20.33,0.06088262259973713,20.390882622599737,0.25477777777777777,True,False
2120,66,20.339999999999996,0.059752866087740206,20.399752866087738,0.25442592592592594,True,False
2121,57,20.43,0.05351866156905821,20.483518661569057,0.2540740740740741,True,False
2122,65,20.349999999999998,0.058838652525367116,20.408838652525365,0.2537222222222223,True,False
2123,74,20.259999999999998,0.06393213049080904,20.323932130490807,0.25337037037037047,True,False
2124,57,20.43,0.053518661569058205,20.483518661569057,0.25301851851851853,True,False
2125,61,20.389999999999997,0.05608757566981055,20.446087575669807,0.2526666666666667,True,False
2126,65,20.349999999999998,0.05831924631568668,20.408319246315685,0.25231481481481477,True,False
2127,72,20.279999999999998,0.06313923727199558,20.343139237271995,0.25196296296296294,True,False
2128,61,20.389999999999997,0.05601022540062092,20.446010225400617,0.2516111111111111,True,False
2129,64,20.36,0.058131545744180564,20.41813154574418,0.2512592592592593,True,False
2130,61,20.389999999999997,0.05634708869380439,20.446347088693802,0.25090740740740747,True,False
2131,73,20.27,0.06254423650622244,20.332544236506223,0.25055555555555564,True,False
2132,63,20.369999999999997,0.05766492593900018,20.427664925939,0.2502037037037038,True,False
2133,63,20.369999999999997,0.05750178923218365,20.42750178923218,0.24985185185185188,True,False
2134,57,20.43,0.053648418081055124,20.483648418081057,0.24950000000000006,True,False
2135,58,20.419999999999998,0.054355524862241676,20.47435552486224,0.24914814814814812,True,False
2136,65,20.349999999999998,0.058409657360954756,20.408409657360952,0.2487962962962963,True,False
2137,63,20.369999999999997,0.05669792597212705,20.426697925972125,0.24844444444444447,True,False
2138,62,20.38,0.05692443896299402,20.436924438962993,0.24809259259259264,True,False
2139,70,20.299999999999997,0.060597738094153614,20.36059773809415,0.24774074074074082,True,False
2140,61,20.389999999999997,0.05608757566981056,20.446087575669807,0.24738888888888888,True,False
2141,62,20.38,0.0567946824509971,20.436794682450998,0.24703703703703705,True,False
2142,65,20.349999999999998,0.05857913950137327,20.40857913950137,0.24668518518518523,True,False
2143,60,20.4,0.0554328751314313,20.45543287513143,0.2463333333333334,True,False
2144,64,20.36,0.05813154574418057,20.41813154574418,0.24598148148148158,True,False
2145,67,20.33,0.060382622599737125,20.390382622599734,0.24562962962962964,True,False
2146,53,20.47,0.05081999095630894,20.52081999095631,0.24527777777777782,True,False
2147,60,20.4,0.054836118652561244,20.45483611865256,0.24492592592592588,True,False
2148,58,20.419999999999998,0.054225768350244744,20.474225768350244,0.24457407407407405,True,False
2149,54,20.459999999999997,0.05152709773749549,20.511527097737492,0.24422222222222223,True,False
2150,67,20.33,0.05974227620818981,20.38974227620819,0.2438703703703704,True,False
2151,59,20.409999999999997,0.054803118619434384,20.464803118619432,0.24351851851851858,True,False
2152,50,20.499999999999996,0.048828427124746214,20.548828427124743,0.24316666666666675,True,False
2153,61,20.389999999999997,0.05593287513143129,20.44593287513143,0.24281481481481493,True,False
2154,62,20.38,0.05658757566981054,20.436587575669808,0.242462962962963,True,False
2155,62,20.38,0.05692443896299402,20.436924438962993,0.24211111111111117,True,False
2156,54,20.459999999999997,0.05181999095630894,20.511819990956305,0.24175925925925923,True,False
2157,64,20.36,0.05779468245099711,20.417794682450996,0.2414074074074074,True,False
2158,65,20.349999999999998,0.05803478926531051,20.408034789265308,0.24105555555555558,True,False
2159,64,20.36,0.05774189604649706,20.417741896046497,0.24070370370370375,True,False
2160,61,20.389999999999997,0.056010225400620915,20.446010225400617,0.24035185185185193,True,False
2161,69,20.31,0.061200459844932914,20.371200459844932,0.24,True,False
2162,61,20.389999999999997,0.055880468888624,20.44588046888862,0.23964814814814817,True,False
2163,58,20.419999999999998,0.0540186615690582,20.474018661569055,0.23929629629629634,True,False
2164,57,20.43,0.053518661569058205,20.483518661569057,0.23894444444444451,True,False
2165,53,20.47,0.05069023444431201,20.52069023444431,0.2385925925925927,True,False
2166,53,20.47,0.050819990956308944,20.52081999095631,0.23824074074074086,True,False
2167,63,20.369999999999997,0.0578910587681744,20.42789105876817,0.23788888888888893,True,False
2168,55,20.45,0.05210444800668511,20.502104448006683,0.237537037037037,True,False
2169,71,20.29,0.06235478022161941,20.352354780221617,0.23718518518518517,True,False
2170,65,20.349999999999998,0.059045759306553654,20.40904575930655,0.23683333333333334,True,False
2171,56,20.439999999999998,0.052941311299868586,20.492941311299866,0.23648148148148151,True,False
2172,60,20.4,0.05551022540062093,20.45551022540062,0.2361296296296297,True,False
2173,67,20.33,0.05986321639005669,20.389863216390054,0.23577777777777786,True,False
2174,60,20.4,0.05551022540062093,20.45551022540062,0.23542592592592604,True,False
2175,63,20.369999999999997,0.057501789232183645,20.42750178923218,0.2350740740740741,True,False
2176,67,20.33,0.060719485892920595,20.39071948589292,0.23472222222222228,True,False
2177,58,20.419999999999998,0.05435552486224167,20.47435552486224,0.23437037037037045,True,False
2178,60,20.4,0.055432875131431296,20.45543287513143,0.23401851851851851,True,False
2179,54,20.459999999999997,0.05152709773749549,20.511527097737492,0.2336666666666667,True,False
2180,65,20.349999999999998,0.05824189604649706,20.408241896046494,0.23331481481481486,True,False
2181,53,20.47,0.05081999095630894,20.52081999095631,0.23296296296296293,True,False
2182,54,20.459999999999997,0.0516568542494924,20.51165685424949,0.2326111111111111,True,False
2183,56,20.439999999999998,0.053071067811865505,20.49307106781186,0.23225925925925928,True,False
2184,56,20.439999999999998,0.05294131129986857,20.492941311299866,0.23190740740740745,True,False
2185,64,20.36,0.05787203272018673,20.417872032720187,0.23155555555555563,True,False
2186,54,20.459999999999997,0.051656854249492394,20.51165685424949,0.2312037037037038,True,False
2187,62,20.38,0.05671733218180748,20.436717332181807,0.23085185185185197,True,False
2188,59,20.409999999999997,0.055192388155425126,20.465192388155423,0.23050000000000004,True,False
2189,57,20.43,0.05364841808105512,20.483648418081057,0.2301481481481481,True,False
2190,50,20.499999999999996,0.0486986706127493,20.548698670612747,0.22979629629629628,True,False
2191,54,20.459999999999997,0.05152709773749548,20.511527097737492,0.22944444444444445,True,False
2192,59,20.409999999999997,0.05459601183824783,20.464596011838246,0.22909259259259263,True,False
2193,55,20.45,0.05223420451868203,20.502234204518683,0.2287407407407408,True,False
2194,64,20.36,0.057535169427003256,20.417535169427,0.22838888888888897,True,False
2195,61,20.389999999999997,0.05601022540062093,20.446010225400617,0.22803703703703704,True,False
2196,50,20.499999999999996,0.048828427124746214,20.548828427124743,0.2276851851851852,True,False
2197,61,20.389999999999997,0.056510225400620916,20.44651022540062,0.2273333333333334,True,False
2198,55,20.45,0.052104448006685115,20.502104448006683,0.22698148148148156,True,False
2199,61,20.389999999999997,0.055710986748205495,20.445710986748203,0.22662962962962963,True,False
2200,67,20.33,0.060200459844932906,20.39020045984493,0.2262777777777778,True,False
2201,63,20.369999999999997,0.057631545744180564,20.427631545744177,0.22592592592592597,True,False
2202,60,20.4,0.05530311861943438,20.455303118619433,0.22557407407407404,True,False
2203,52,20.479999999999997,0.05011288417512239,20.530112884175118,0.2252222222222222,True,False
2204,57,20.43,0.05331155478787166,20.48331155478787,0.2248703703703704,True,False
2205,58,20.419999999999998,0.054096011838247846,20.474096011838245,0.22451851851851856,True,False
2206,53,20.47,0.050819990956308944,20.52081999095631,0.22416666666666674,True,False
2207,65,20.349999999999998,0.05824189604649706,20.408241896046494,0.2238148148148149,True,False
2208,75,20.249999999999996,0.06529393781037482,20.31529393781037,0.22346296296296309,True,False
2209,64,20.36,0.0583386525253671,20.418338652525367,0.22311111111111115,True,False
2210,65,20.349999999999998,0.05811213953450014,20.4081121395345,0.2227592592592592,True,False
2211,58,20.419999999999998,0.054778174593052044,20.47477817459305,0.2224074074074074,True,False
2212,58,20.419999999999998,0.05422576835024475,20.474225768350244,0.22205555555555556,True,False
2213,55,20.45,0.05223420451868203,20.502234204518683,0.22170370370370374,True,False
2214,65,20.349999999999998,0.05857875933968052,20.40857875933968,0.2213518518518519,True,False
2215,56,20.439999999999998,0.05294131129986858,20.492941311299866,0.22100000000000009,True,False
2216,76,20.24,0.06568358750805835,20.305683587508057,0.22064814814814815,True,False
2217,55,20.45,0.052234204518682034,20.502234204518683,0.22029629629629632,True,False
2218,64,20.36,0.05774189604649706,20.417741896046497,0.2199444444444445,True,False
2219,55,20.45,0.05236396103067896,20.502363961030678,0.21959259259259267,True,False
2220,60,20.4,0.05491346892175087,20.45491346892175,0.21924074074074085,True,False
2221,61,20.389999999999997,0.05656263164342822,20.446562631643424,0.2188888888888889,True,False
2222,62,20.38,0.057347088693804386,20.437347088693805,0.21853703703703709,True,False
2223,77,20.229999999999997,0.06626093777724798,20.296260937777244,0.21818518518518515,True,False
2224,62,20.38,0.05658757566981055,20.436587575669808,0.21783333333333332,True,False
2225,56,20.439999999999998,0.052604448006685116,20.492604448006684,0.2174814814814815,True,False
2226,53,20.47,0.050819990956308944,20.52081999095631,0.21712962962962967,True,False
2227,56,20.439999999999998,0.052681798275874735,20.49268179827587,0.21677777777777785,True,False
2228,57,20.43,0.05351866156905822,20.483518661569057,0.21642592592592602,True,False
2229,60,20.4,0.055769738424614766,20.455769738424614,0.2160740740740742,True,False
2230,58,20.419999999999998,0.05409601183824783,20.474096011838245,0.21572222222222226,True,False
2231,69,20.31,0.060940566659246326,20.370940566659247,0.21537037037037043,True,False
2232,54,20.459999999999997,0.051527097737495496,20.511527097737492,0.2150185185185185,True,False
2233,56,20.439999999999998,0.052734204518682035,20.49273420451868,0.21466666666666667,True,False
2234,57,20.43,0.053648418081055124,20.483648418081057,0.21431481481481485,True,False
2235,57,20.43,0.05318179827587474,20.483181798275876,0.21396296296296302,True,False
2236,56,20.439999999999998,0.05281155478787167,20.49281155478787,0.2136111111111112,True,False
2237,63,20.369999999999997,0.05742443896299401,20.42742443896299,0.21325925925925926,True,False
2238,57,20.43,0.05377817459305205,20.483778174593052,0.21290740740740743,True,False
2239,73,20.27,0.06356188700280596,20.333561887002805,0.2125555555555556,True,False
2240,56,20.439999999999998,0.05281155478787166,20.49281155478787,0.21220370370370378,True,False
2241,56,20.439999999999998,0.05294131129986857,20.492941311299866,0.21185185185185196,True,False
2242,58,20.419999999999998,0.05409601183824784,20.474096011838245,0.21150000000000002,True,False
2243,67,20.33,0.05952635309687323,20.389526353096873,0.21114814814814808,True,False
2244,52,20.479999999999997,0.0501128841751224,20.530112884175118,0.21079629629629626,True,False
2245,53,20.47,0.05069023444431202,20.52069023444431,0.21044444444444443,True,False
2246,56,20.439999999999998,0.0530710678118655,20.49307106781186,0.2100925925925926,True,False
2247,55,20.45,0.05223420451868203,20.502234204518683,0.20974074074074078,True,False
2248,57,20.43,0.053648418081055124,20.483648418081057,0.20938888888888896,True,False
2249,60,20.4,0.05504360559544054,20.45504360559544,0.20903703703703713,True,False
2250,56,20.439999999999998,0.052941311299868586,20.492941311299866,0.2086851851851852,True,False
2251,60,20.4,0.055303118619434384,20.455303118619433,0.20833333333333337,True,False
2252,58,20.419999999999998,0.05422576835024476,20.474225768350244,0.20798148148148154,True,False
2253,66,20.339999999999996,0.059208896013370184,20.399208896013366,0.2076296296296296,True,False
2254,54,20.459999999999997,0.05152709773749548,20.511527097737492,0.20727777777777778,True,False
2255,60,20.4,0.055380468888624,20.455380468888624,0.20692592592592596,True,False
2256,60,20.4,0.05622576835024476,20.456225768350244,0.20657407407407413,True,False
2257,56,20.439999999999998,0.05281155478787166,20.49281155478787,0.2062222222222222,True,False
2258,52,20.479999999999997,0.05011288417512239,20.530112884175118,0.20587037037037037,True,False
2259,56,20.439999999999998,0.05323420451868202,20.49323420451868,0.20551851851851854,True,False
2260,59,20.409999999999997,0.05467336210743746,20.464673362107433,0.20516666666666672,True,False
2261,53,20.47,0.050819990956308944,20.52081999095631,0.2048148148148149,True,False
2262,60,20.4,0.055432875131431296,20.45543287513143,0.20446296296296307,True,False
2263,61,20.389999999999997,0.055880468888624,20.44588046888862,0.20411111111111124,True,False
2264,67,20.33,0.0586307381272805,20.38863073812728,0.2037592592592592,True,False
2265,55,20.45,0.052104448006685115,20.502104448006683,0.20340740740740737,True,False
2266,53,20.47,0.05094974746830586,20.520949747468304,0.20305555555555554,True,False
2267,56,20.439999999999998,0.052941311299868586,20.492941311299866,0.20270370370370372,True,False
2268,52,20.479999999999997,0.05011288417512239,20.530112884175118,0.2023518518518519,True,False
2269,65,20.349999999999998,0.05939105876817441,20.409391058768172,0.20200000000000007,True,False
2270,64,20.36,0.05826130225617748,20.418261302256177,0.20164814814814824,True,False
2271,51,20.49,0.04953553390593276,20.53953553390593,0.2012962962962963,True,False
2272,58,20.419999999999998,0.05409601183824783,20.474096011838245,0.20094444444444448,True,False
2273,60,20.4,0.055303118619434384,20.455303118619433,0.20059259259259266,True,False
2274,54,20.459999999999997,0.05119023444431202,20.51119023444431,0.20024074074074083,True,False
2275,54,20.459999999999997,0.05152709773749548,20.511527097737492,0.1998888888888889,True,False
2276,53,20.47,0.05081999095630894,20.52081999095631,0.19953703703703707,True,False
2277,57,20.43,0.053181798275874735,20.483181798275876,0.19918518518518524,True,False
2278,58,20.419999999999998,0.054355524862241676,20.47435552486224,0.1988333333333333,True,False
2279,59,20.409999999999997,0.054803118619434384,20.464803118619432,0.19848148148148148,True,False
2280,55,20.45,0.052104448006685115,20.502104448006683,0.19812962962962966,True,False
2281,60,20.4,0.05517336210743746,20.455173362107438,0.19777777777777783,True,False
2282,51,20.49,0.04940577739393584,20.539405777393934,0.197425925925926,True,False
2283,55,20.45,0.05202709773749548,20.502027097737496,0.19707407407407418,True,False
2284,51,20.49,0.04940577739393584,20.539405777393934,0.19672222222222235,True,False
2285,52,20.479999999999997,0.0501128841751224,20.530112884175118,0.19637037037037042,True,False
2286,60,20.4,0.05576973842461477,20.455769738424614,0.19601851851851848,True,False
2287,51,20.49,0.049405777393935854,20.539405777393934,0.19566666666666666,True,False
2288,56,20.439999999999998,0.05307106781186549,20.49307106781186,0.19531481481481483,True,False
2289,57,20.43,0.05364841808105514,20.483648418081057,0.194962962962963,True,False
2290,60,20.4,0.055769738424614766,20.455769738424614,0.19461111111111118,True,False
2291,66,20.339999999999996,0.058872032720186714,20.398872032720185,0.19425925925925935,True,False
2292,63,20.369999999999997,0.057164925939000175,20.427164925938996,0.19390740740740742,True,False
2293,54,20.459999999999997,0.05152709773749549,20.511527097737492,0.1935555555555556,True,False
2294,65,20.349999999999998,0.05963154574418056,20.40963154574418,0.19320370370370377,True,False
2295,68,20.319999999999997,0.061200459844932914,20.38120045984493,0.19285185185185194,True,False
2296,50,20.499999999999996,0.04882842712474622,20.548828427124743,0.1925,True,False
2297,52,20.479999999999997,0.05024264068711931,20.530242640687117,0.19214814814814818,True,False
2298,62,20.38,0.056717332181807474,20.436717332181807,0.19179629629629635,True,False
2299,58,20.419999999999998,0.05422576835024475,20.474225768350244,0.19144444444444442,True,False
2300,58,20.419999999999998,0.05409601183824784,20.474096011838245,0.1910925925925926,True,False
2301,66,20.339999999999996,0.059752866087740206,20.399752866087738,0.19074074074074077,True,False
2302,57,20.43,0.053311554787871654,20.48331155478787,0.19038888888888894,True,False
2303,52,20.479999999999997,0.05024264068711932,20.530242640687117,0.19003703703703712,True,False
2304,62,20.38,0.05632806264581671,20.436328062645817,0.1896851851851853,True,False
2305,56,20.439999999999998,0.05307106781186549,20.49307106781186,0.18933333333333335,True,False
2306,61,20.389999999999997,0.056476845205801304,20.446476845205797,0.18898148148148153,True,False
2307,57,20.43,0.05364841808105512,20.483648418081057,0.1886296296296296,True,False
2308,52,20.479999999999997,0.050112884175122385,20.530112884175118,0.18827777777777777,True,False
2309,52,20.479999999999997,0.05024264068711931,20.530242640687117,0.18792592592592594,True,False
2310,53,20.47,0.05081999095630894,20.52081999095631,0.18757407407407412,True,False
2311,59,20.409999999999997,0.054673362107437465,20.464673362107433,0.1872222222222223,True,False
2312,53,20.47,0.050819990956308944,20.52081999095631,0.18687037037037035,True,False
2313,56,20.439999999999998,0.0530710678118655,20.49307106781186,0.18651851851851853,True,False
2314,57,20.43,0.053518661569058205,20.483518661569057,0.1861666666666667,True,False
2315,63,20.369999999999997,0.057501789232183645,20.42750178923218,0.18581481481481488,True,False
2316,52,20.479999999999997,0.05024264068711931,20.530242640687117,0.18546296296296305,True,False
2317,50,20.499999999999996,0.04882842712474623,20.548828427124743,0.18511111111111123,True,False
2318,58,20.419999999999998,0.05422576835024476,20.474225768350244,0.1847592592592593,True,False
2319,58,20.419999999999998,0.054018661569058206,20.474018661569055,0.18440740740740735,True,False
2320,62,20.38,0.05697684520580131,20.436976845205802,0.18405555555555553,True,False
2321,60,20.4,0.05563998191261785,20.455639981912615,0.1837037037037037,True,False
2322,66,20.339999999999996,0.05894900282768361,20.39894900282768,0.18335185185185188,True,False
2323,67,20.33,0.059916002794556736,20.389916002794553,0.18300000000000005,True,False
2324,63,20.369999999999997,0.057087575669810556,20.42708757566981,0.18264814814814823,True,False
2325,61,20.389999999999997,0.05588046888862401,20.44588046888862,0.1822962962962964,True,False
2326,57,20.43,0.05351866156905821,20.483518661569057,0.18194444444444446,True,False
2327,55,20.45,0.05223420451868204,20.502234204518683,0.18159259259259264,True,False
2328,48,20.52,0.04741421356237313,20.567414213562373,0.1812407407407408,True,False
2329,51,20.49,0.049535533905932766,20.53953553390593,0.18088888888888888,True,False
2330,53,20.47,0.05081999095630894,20.52081999095631,0.18053703703703705,True,False
2331,59,20.409999999999997,0.054725768350244744,20.46472576835024,0.18018518518518523,True,False
2332,53,20.47,0.05081999095630893,20.52081999095631,0.1798333333333334,True,False
2333,60,20.4,0.05517336210743746,20.455173362107438,0.17948148148148146,True,False
2334,51,20.49,0.049535533905932766,20.53953553390593,0.17912962962962964,True,False
2335,56,20.439999999999998,0.05260444800668511,20.492604448006684,0.1787777777777778,True,False
2336,60,20.4,0.055173362107437465,20.455173362107438,0.178425925925926,True,False
2337,63,20.369999999999997,0.05755419547499093,20.42755419547499,0.17807407407407416,True,False
2338,57,20.43,0.05331155478787166,20.48331155478787,0.17772222222222234,True,False
2339,55,20.45,0.05236396103067896,20.502363961030678,0.1773703703703704,True,False
2340,58,20.419999999999998,0.05422576835024475,20.474225768350244,0.17701851851851846,True,False
2341,58,20.419999999999998,0.05409601183824784,20.474096011838245,0.17666666666666664,True,False
2342,58,20.419999999999998,0.05435552486224167,20.47435552486224,0.1763148148148148,True,False
2343,59,20.409999999999997,0.054932875131431295,20.464932875131428,0.175962962962963,True,False
2344,59,20.409999999999997,0.05459601183824783,20.464596011838246,0.17561111111111116,True,False
2345,59,20.409999999999997,0.05459563167655508,20.464595631676552,0.17525925925925934,True,False
2346,50,20.499999999999996,0.04882842712474622,20.548828427124743,0.1749074074074075,True,False
2347,55,20.45,0.05210444800668512,20.502104448006683,0.17455555555555557,True,False
2348,52,20.479999999999997,0.0501128841751224,20.530112884175118,0.17420370370370375,True,False
2349,49,20.509999999999998,0.048121320343559676,20.558121320343556,0.17385185185185192,True,False
2350,52,20.479999999999997,0.05024264068711931,20.530242640687117,0.1735,True,False
2351,56,20.439999999999998,0.052941311299868586,20.492941311299866,0.17314814814814816,True,False
2352,53,20.47,0.050949747468305856,20.520949747468304,0.17279629629629634,True,False
2353,59,20.409999999999997,0.05485552486224167,20.464855524862237,0.1724444444444445,True,False
2354,55,20.45,0.05236396103067895,20.502363961030678,0.17209259259259257,True,False
2355,58,20.419999999999998,0.054355524862241676,20.47435552486224,0.17174074074074075,True,False
2356,59,20.409999999999997,0.05459601183824783,20.464596011838246,0.17138888888888892,True,False
2357,57,20.43,0.053518661569058205,20.483518661569057,0.1710370370370371,True,False
2358,51,20.49,0.049198670612749296,20.53919867061275,0.17068518518518527,True,False
2359,57,20.43,0.05394131129986857,20.48394131129987,0.17033333333333345,True,False
2360,60,20.4,0.05551022540062092,20.45551022540062,0.16998148148148162,True,False
2361,59,20.409999999999997,0.05438890505706129,20.464388905057056,0.16962962962962957,True,False
2362,58,20.419999999999998,0.05435552486224167,20.47435552486224,0.16927777777777775,True,False
2363,65,20.349999999999998,0.05896840903736403,20.40896840903736,0.16892592592592592,True,False
2364,58,20.419999999999998,0.05409601183824783,20.474096011838245,0.1685740740740741,True,False
2365,56,20.439999999999998,0.05273420451868203,20.49273420451868,0.16822222222222227,True,False
2366,57,20.43,0.0529746914946882,20.48297469149469,0.16787037037037045,True,False
2367,52,20.479999999999997,0.05011288417512239,20.530112884175118,0.1675185185185185,True,False
2368,59,20.409999999999997,0.05472576835024476,20.46472576835024,0.16716666666666669,True,False
2369,49,20.509999999999998,0.048121320343559676,20.558121320343556,0.16681481481481486,True,False
2370,61,20.389999999999997,0.05647684520580131,20.446476845205797,0.16646296296296303,True,False
2371,56,20.439999999999998,0.05281155478787166,20.49281155478787,0.1661111111111112,True,False
2372,57,20.43,0.05338890505706129,20.483388905057062,0.16575925925925927,True,False
2373,50,20.499999999999996,0.04882842712474622,20.548828427124743,0.16540740740740745,True,False
2374,51,20.49,0.049535533905932766,20.53953553390593,0.1650555555555555,True,False
2375,58,20.419999999999998,0.05396625532625091,20.47396625532625,0.16470370370370369,True,False
2376,54,20.459999999999997,0.05165685424949241,20.51165685424949,0.16435185185185186,True,False
2377,55,20.45,0.05210444800668511,20.502104448006683,0.16400000000000003,True,False
2378,54,20.459999999999997,0.05152709773749549,20.511527097737492,0.1636481481481482,True,False
2379,50,20.499999999999996,0.048828427124746214,20.548828427124743,0.16329629629629638,True,False
2380,55,20.45,0.05210444800668511,20.502104448006683,0.16294444444444456,True,False
2381,51,20.49,0.04940577739393585,20.539405777393934,0.16259259259259262,True,False
2382,54,20.459999999999997,0.051656854249492415,20.51165685424949,0.1622407407407408,True,False
2383,55,20.45,0.05223420451868203,20.502234204518683,0.16188888888888886,True,False
2384,59,20.409999999999997,0.05462939203306745,20.464629392033064,0.16153703703703703,True,False
2385,58,20.419999999999998,0.054225768350244744,20.474225768350244,0.1611851851851852,True,False
2386,48,20.52,0.047414213562373124,20.567414213562373,0.16083333333333338,True,False
2387,57,20.43,0.05325914854506436,20.483259148545063,0.16048148148148156,True,False
2388,52,20.479999999999997,0.0501128841751224,20.530112884175118,0.16012962962962962,True,False
2389,56,20.439999999999998,0.052941311299868586,20.492941311299866,0.1597777777777778,True,False
2390,50,20.499999999999996,0.048828427124746214,20.548828427124743,0.15942592592592597,True,False
2391,55,20.45,0.052363961030678946,20.502363961030678,0.15907407407407415,True,False
2392,58,20.419999999999998,0.054225768350244744,20.474225768350244,0.15872222222222232,True,False
2393,62,20.38,0.05692443896299402,20.436924438962993,0.1583703703703705,True,False
2394,49,20.509999999999998,0.04812132034355967,20.558121320343556,0.15801851851851856,True,False
2395,48,20.52,0.047414213562373124,20.567414213562373,0.15766666666666662,True,False
2396,52,20.479999999999997,0.05024264068711931,20.530242640687117,0.1573148148148148,True,False
2397,51,20.49,0.049535533905932766,20.53953553390593,0.15696296296296297,True,False
2398,57,20.43,0.0535186615690582,20.483518661569057,0.15661111111111115,True,False
2399,53,20.47,0.050949747468305856,20.520949747468304,0.15625925925925932,True,False
2400,54,20.459999999999997,0.0516568542494924,20.51165685424949,0.1559074074074075,True,False
2401,59,20.409999999999997,0.05493287513143131,20.464932875131428,0.15555555555555567,True,False
2402,55,20.45,0.052363961030678946,20.502363961030678,0.15520370370370373,True,False
2403,50,20.499999999999996,0.04882842712474622,20.548828427124743,0.1548518518518519,True,False
2404,54,20.459999999999997,0.05152709773749549,20.511527097737492,0.15450000000000008,True,False
2405,51,20.49,0.0491986706127493,20.53919867061275,0.15414814814814815,True,False
2406,58,20.419999999999998,0.05448528137423859,20.474485281374236,0.15379629629629632,True,False
2407,58,20.419999999999998,0.053966255326250906,20.47396625532625,0.1534444444444445,True,False
2408,58,20.419999999999998,0.05409601183824783,20.474096011838245,0.15309259259259267,True,False
2409,59,20.409999999999997,0.05506263164342822,20.465062631643423,0.15274074074074073,True,False
2410,52,20.479999999999997,0.05053553390593277,20.53053553390593,0.1523888888888889,True,False
2411,52,20.479999999999997,0.05024264068711932,20.530242640687117,0.15203703703703708,True,False
2412,51,20.49,0.04940577739393585,20.539405777393934,0.15168518518518526,True,False
2413,53,20.47,0.050949747468305856,20.520949747468304,0.15133333333333343,True,False
2414,57,20.43,0.053518661569058205,20.483518661569057,0.1509814814814816,True,False
2415,56,20.439999999999998,0.053071067811865505,20.49307106781186,0.15062962962962967,True,False
2416,48,20.52,0.04741421356237313,20.567414213562373,0.15027777777777773,True,False
2417,58,20.419999999999998,0.05435552486224167,20.47435552486224,0.1499259259259259,True,False
2418,59,20.409999999999997,0.05485552486224167,20.464855524862237,0.14957407407407408,True,False
2419,57,20.43,0.05364841808105514,20.483648418081057,0.14922222222222226,True,False
2420,51,20.49,0.04940577739393585,20.539405777393934,0.14887037037037043,True,False
2421,57,20.43,0.05377817459305206,20.483778174593052,0.1485185185185186,True,False
2422,59,20.409999999999997,0.05519238815542513,20.465192388155423,0.14816666666666678,True,False
2423,51,20.49,0.049535533905932766,20.53953553390593,0.14781481481481484,True,False
2424,52,20.479999999999997,0.05011288417512239,20.530112884175118,0.14746296296296302,True,False
2425,62,20.38,0.056088951221214725,20.436088951221215,0.1471111111111112,True,False
2426,54,20.459999999999997,0.05165685424949241,20.51165685424949,0.14675925925925926,True,False
2427,58,20.419999999999998,0.05422576835024476,20.474225768350244,0.14640740740740743,True,False
2428,57,20.43,0.053648418081055124,20.483648418081057,0.1460555555555556,True,False
2429,50,20.499999999999996,0.04882842712474623,20.548828427124743,0.14570370370370367,True,False
2430,56,20.439999999999998,0.05294131129986858,20.492941311299866,0.14535185185185184,True,False
2431,55,20.45,0.05176758471350165,20.5017675847135,0.14500000000000002,True,False
2432,57,20.43,0.05364841808105513,20.483648418081057,0.1446481481481482,True,False
2433,55,20.45,0.052363961030678946,20.502363961030678,0.14429629629629637,True,False
2434,53,20.47,0.050949747468305856,20.520949747468304,0.14394444444444454,True,False
2435,57,20.43,0.05331155478787166,20.48331155478787,0.14359259259259272,True,False
2436,58,20.419999999999998,0.05401866156905821,20.474018661569055,0.14324074074074078,True,False
2437,53,20.47,0.050949747468305856,20.520949747468304,0.14288888888888884,True,False
2438,53,20.47,0.050949747468305856,20.520949747468304,0.14253703703703702,True,False
2439,48,20.52,0.047414213562373124,20.567414213562373,0.1421851851851852,True,False
2440,48,20.52,0.047414213562373124,20.567414213562373,0.14183333333333337,True,False
2441,54,20.459999999999997,0.051527097737495475,20.511527097737492,0.14148148148148154,True,False
2442,60,20.4,0.054836118652561244,20.45483611865256,0.14112962962962972,True,False
2443,49,20.509999999999998,0.04812132034355967,20.558121320343556,0.14077777777777778,True,False
2444,50,20.499999999999996,0.048828427124746214,20.548828427124743,0.14042592592592595,True,False
2445,54,20.459999999999997,0.05165685424949241,20.51165685424949,0.14007407407407413,True,False
2446,48,20.52,0.047414213562373124,20.567414213562373,0.1397222222222223,True,False
2447,50,20.499999999999996,0.04882842712474622,20.548828427124743,0.13937037037037048,True,False
2448,48,20.52,0.04741421356237313,20.567414213562373,0.13901851851851854,True,False
2449,55,20.45,0.05210444800668511,20.502104448006683,0.13866666666666672,True,False
2450,56,20.439999999999998,0.05294131129986858,20.492941311299866,0.13831481481481478,True,False
2451,51,20.49,0.04953553390593277,20.53953553390593,0.13796296296296295,True,False
2452,50,20.499999999999996,0.048828427124746214,20.548828427124743,0.13761111111111113,True,False
2453,57,20.43,0.053518661569058205,20.483518661569057,0.1372592592592593,True,False
2454,51,20.49,0.04953553390593276,20.53953553390593,0.13690740740740748,True,False
2455,53,20.47,0.05061288417512239,20.520612884175122,0.13655555555555565,True,False
2456,55,20.45,0.0520270977374955,20.502027097737496,0.13620370370370383,True,False
2457,52,20.479999999999997,0.050535533905932774,20.53053553390593,0.1358518518518519,True,False
2458,54,20.459999999999997,0.05139734122549856,20.511397341225496,0.13550000000000006,True,False
2459,57,20.43,0.053648418081055124,20.483648418081057,0.13514814814814813,True,False
2460,50,20.499999999999996,0.04882842712474622,20.548828427124743,0.1347962962962963,True,False
2461,52,20.479999999999997,0.05011288417512239,20.530112884175118,0.13444444444444448,True,False
2462,53,20.47,0.05094974746830587,20.520949747468304,0.13409259259259265,True,False
2463,51,20.49,0.049535533905932766,20.53953553390593,0.13374074074074083,True,False
2464,52,20.479999999999997,0.0501128841751224,20.530112884175118,0.1333888888888889,True,False
2465,56,20.439999999999998,0.052941311299868586,20.492941311299866,0.13303703703703706,True,False
2466,52,20.479999999999997,0.05024264068711931,20.530242640687117,0.13268518518518524,True,False
2467,51,20.49,0.04940577739393585,20.539405777393934,0.1323333333333334,True,False
2468,54,20.459999999999997,0.05152709773749548,20.511527097737492,0.1319814814814816,True,False
2469,51,20.49,0.04953553390593277,20.53953553390593,0.13162962962962965,True,False
2470,48,20.52,0.047414213562373124,20.567414213562373,0.13127777777777783,True,False
2471,53,20.47,0.05081999095630894,20.52081999095631,0.1309259259259259,True,False
2472,61,20.389999999999997,0.055932875131431296,20.44593287513143,0.13057407407407406,True,False
2473,50,20.499999999999996,0.04882842712474623,20.548828427124743,0.13022222222222224,True,False
2474,54,20.459999999999997,0.05152709773749549,20.511527097737492,0.1298703703703704,True,False
2475,56,20.439999999999998,0.05294131129986858,20.492941311299866,0.1295185185185186,True,False
2476,55,20.45,0.05223420451868204,20.502234204518683,0.12916666666666676,True,False
2477,58,20.419999999999998,0.054225768350244764,20.474225768350244,0.12881481481481494,True,False
2478,58,20.419999999999998,0.054225768350244744,20.474225768350244,0.128462962962963,True,False
2479,55,20.45,0.0520270977374955,20.502027097737496,0.12811111111111118,True,False
2480,48,20.52,0.04741421356237313,20.567414213562373,0.12775925925925924,True,False
2481,52,20.479999999999997,0.05011288417512239,20.530112884175118,0.1274074074074074,True,False
2482,52,20.479999999999997,0.05011288417512239,20.530112884175118,0.1270555555555556,True,False
2483,50,20.499999999999996,0.0486986706127493,20.548698670612747,0.12670370370370376,True,False
2484,51,20.49,0.049535533905932766,20.53953553390593,0.12635185185185194,True,False
2485,52,20.479999999999997,0.05024264068711932,20.530242640687117,0.126,True,False
2486,48,20.52,0.04741421356237313,20.567414213562373,0.12564814814814818,True,False
2487,54,20.459999999999997,0.05165685424949241,20.51165685424949,0.12529629629629635,True,False
2488,53,20.47,0.05094974746830586,20.520949747468304,0.12494444444444452,True,False
2489,51,20.49,0.049535533905932766,20.53953553390593,0.1245925925925927,True,False
2490,55,20.45,0.0515604779323151,20.501560477932316,0.12424074074074087,True,False
2491,53,20.47,0.050949747468305856,20.520949747468304,0.12388888888888883,True,False
2492,55,20.45,0.05236396103067896,20.502363961030678,0.123537037037037,True,False
2493,52,20.479999999999997,0.0501128841751224,20.530112884175118,0.12318518518518518,True,False
2494,49,20.509999999999998,0.04812132034355967,20.558121320343556,0.12283333333333335,True,False
2495,51,20.49,0.04953553390593276,20.53953553390593,0.12248148148148152,True,False
2496,48,20.52,0.047414213562373124,20.567414213562373,0.1221296296296297,True,False
2497,54,20.459999999999997,0.05181999095630894,20.511819990956305,0.12177777777777787,True,False
2498,52,20.479999999999997,0.05024264068711932,20.530242640687117,0.12142592592592594,True,False
2499,51,20.49,0.04953553390593276,20.53953553390593,0.12107407407407411,True,False
2500,51,20.49,0.049535533905932766,20.53953553390593,0.12072222222222229,True,False
2501,53,20.47,0.050690234444312025,20.52069023444431,0.12037037037037046,True,False
2502,52,20.479999999999997,0.050242640687119304,20.530242640687117,0.12001851851851852,True,False
2503,53,20.47,0.05094974746830586,20.520949747468304,0.1196666666666667,True,False
2504,51,20.49,0.049535533905932766,20.53953553390593,0.11931481481481487,True,False
2505,53,20.47,0.05081999095630894,20.52081999095631,0.11896296296296294,True,False
2506,49,20.509999999999998,0.04812132034355967,20.558121320343556,0.11861111111111111,True,False
2507,54,20.459999999999997,0.05139734122549856,20.511397341225496,0.11825925925925929,True,False
2508,59,20.409999999999997,0.05506263164342823,20.465062631643423,0.11790740740740746,True,False
2509,48,20.52,0.04741421356237313,20.567414213562373,0.11755555555555564,True,False
2510,51,20.49,0.04953553390593277,20.53953553390593,0.11720370370370381,True,False
2511,65,20.349999999999998,0.05857913950137327,20.40857913950137,0.11685185185185198,True,False
2512,55,20.45,0.05223420451868204,20.502234204518683,0.11650000000000005,True,False
2513,48,20.52,0.047414213562373124,20.567414213562373,0.11614814814814811,True,False
2514,51,20.49,0.04953553390593276,20.53953553390593,0.11579629629629629,True,False
2515,53,20.47,0.050949747468305856,20.520949747468304,0.11544444444444446,True,False
2516,50,20.499999999999996,0.04912132034355967,20.549121320343556,0.11509259259259264,True,False
2517,54,20.459999999999997,0.0516568542494924,20.51165685424949,0.11474074074074081,True,False
2518,51,20.49,0.049535533905932766,20.53953553390593,0.11438888888888898,True,False
2519,47,20.529999999999998,0.04670710678118658,20.576707106781186,0.11403703703703705,True,False
2520,51,20.49,0.04953553390593276,20.53953553390593,0.11368518518518522,True,False
2521,52,20.479999999999997,0.050242640687119304,20.530242640687117,0.1133333333333334,True,False
2522,51,20.49,0.04940577739393585,20.539405777393934,0.11298148148148157,True,False
2523,53,20.47,0.05094974746830586,20.520949747468304,0.11262962962962964,True,False
2524,56,20.439999999999998,0.0530710678118655,20.49307106781186,0.11227777777777781,True,False
2525,52,20.479999999999997,0.05011288417512239,20.530112884175118,0.11192592592592598,True,False
2526,53,20.47,0.05069023444431201,20.52069023444431,0.11157407407407405,True,False
2527,48,20.52,0.047414213562373124,20.567414213562373,0.11122222222222222,True,False
2528,48,20.52,0.047414213562373124,20.567414213562373,0.1108703703703704,True,False
2529,51,20.49,0.049535533905932766,20.53953553390593,0.11051851851851857,True,False
2530,48,20.52,0.04770710678118658,20.567707106781185,0.11016666666666675,True,False
2531,47,20.529999999999998,0.04670710678118658,20.576707106781186,0.10981481481481492,True,False
2532,56,20.439999999999998,0.05281155478787166,20.49281155478787,0.1094629629629631,True,False
2533,57,20.43,0.053518661569058205,20.483518661569057,0.10911111111111116,True,False
2534,50,20.499999999999996,0.048828427124746214,20.548828427124743,0.10875925925925922,True,False
2535,54,20.459999999999997,0.051397341225498556,20.511397341225496,0.1084074074074074,True,False
2536,55,20.45,0.052104448006685115,20.502104448006683,0.10805555555555557,True,False
2537,55,20.45,0.05189734122549856,20.501897341225497,0.10770370370370375,True,False
2538,47,20.529999999999998,0.04670710678118658,20.576707106781186,0.10735185185185192,True,False
2539,53,20.47,0.05094974746830586,20.520949747468304,0.1070000000000001,True,False
2540,48,20.52,0.04741421356237313,20.567414213562373,0.10664814814814816,True,False
2541,56,20.439999999999998,0.05273420451868204,20.49273420451868,0.10629629629629633,True,False
2542,47,20.529999999999998,0.04670710678118658,20.576707106781186,0.10594444444444451,True,False
2543,56,20.439999999999998,0.05294131129986857,20.492941311299866,0.10559259259259268,True,False
2544,51,20.49,0.04940577739393585,20.539405777393934,0.10524074074074086,True,False
2545,51,20.49,0.049535533905932766,20.53953553390593,0.10488888888888892,True,False
2546,56,20.439999999999998,0.053071067811865505,20.49307106781186,0.1045370370370371,True,False
2547,56,20.439999999999998,0.052941311299868586,20.492941311299866,0.10418518518518516,True,False
2548,48,20.52,0.047414213562373124,20.567414213562373,0.10383333333333333,True,False
2549,53,20.47,0.05081999095630894,20.52081999095631,0.10348148148148151,True,False
2550,57,20.43,0.05325914854506437,20.483259148545063,0.10312962962962968,True,False
2551,54,20.459999999999997,0.051190234444312026,20.51119023444431,0.10277777777777786,True,False
2552,49,20.509999999999998,0.048121320343559676,20.558121320343556,0.10242592592592603,True,False
2553,47,20.529999999999998,0.04670710678118658,20.576707106781186,0.1020740740740741,True,False
2554,48,20.52,0.047414213562373124,20.567414213562373,0.10172222222222227,True,False
2555,49,20.509999999999998,0.04812132034355967,20.558121320343556,0.10137037037037044,True,False
2556,50,20.499999999999996,0.048828427124746214,20.548828427124743,0.10101851851851851,True,False
2557,49,20.509999999999998,0.04812132034355967,20.558121320343556,0.10066666666666668,True,False
2558,57,20.43,0.05364841808105513,20.483648418081057,0.10031481481481486,True,False
2559,47,20.529999999999998,0.04670710678118658,20.576707106781186,0.09996296296296303,True,False
2560,48,20.52,0.047414213562373124,20.567414213562373,0.0996111111111111,True,False
2561,50,20.499999999999996,0.04882842712474622,20.548828427124743,0.09925925925925927,True,False
2562,51,20.49,0.04940577739393585,20.539405777393934,0.09890740740740744,True,False
2563,58,20.419999999999998,0.05422576835024475,20.474225768350244,0.09855555555555562,True,False
2564,54,20.459999999999997,0.05139734122549856,20.511397341225496,0.09820370370370379,True,False
2565,48,20.52,0.047414213562373124,20.567414213562373,0.09785185185185197,True,False
2566,54,20.459999999999997,0.051267584713501645,20.511267584713497,0.09750000000000003,True,False
2567,53,20.47,0.05081999095630894,20.52081999095631,0.0971481481481481,True,False
2568,48,20.52,0.04741421356237313,20.567414213562373,0.09679629629629627,True,False
2569,49,20.509999999999998,0.04799156383156276,20.55799156383156,0.09644444444444444,True,False
2570,49,20.509999999999998,0.04812132034355967,20.558121320343556,0.09609259259259262,True,False
2571,51,20.49,0.04953553390593277,20.53953553390593,0.09574074074074079,True,False
2572,51,20.49,0.04940577739393585,20.539405777393934,0.09538888888888897,True,False
2573,50,20.499999999999996,0.04882842712474622,20.548828427124743,0.09503703703703714,True,False
2574,50,20.499999999999996,0.04882842712474622,20.548828427124743,0.0946851851851852,True,False
2575,50,20.499999999999996,0.04882842712474623,20.548828427124743,0.09433333333333338,True,False
2576,51,20.49,0.049535533905932766,20.53953553390593,0.09398148148148155,True,False
2577,57,20.43,0.053311554787871654,20.48331155478787,0.09362962962962962,True,False
2578,55,20.45,0.052234204518682034,20.502234204518683,0.09327777777777779,True,False
2579,46,20.54,0.046000000000000034,20.586,0.09292592592592597,True,False
2580,57,20.43,0.053518661569058205,20.483518661569057,0.09257407407407414,True,False
2581,51,20.49,0.049535533905932766,20.53953553390593,0.0922222222222222,True,False
2582,50,20.499999999999996,0.04882842712474622,20.548828427124743,0.09187037037037038,True,False
2583,49,20.509999999999998,0.04799156383156275,20.55799156383156,0.09151851851851855,True,False
2584,53,20.47,0.050949747468305856,20.520949747468304,0.09116666666666673,True,False
2585,53,20.47,0.05069023444431202,20.52069023444431,0.0908148148148149,True,False
2586,49,20.509999999999998,0.04812132034355967,20.558121320343556,0.09046296296296308,True,False
2587,50,20.499999999999996,0.0486986706127493,20.548698670612747,0.09011111111111125,True,False
2588,51,20.49,0.04953553390593277,20.53953553390593,0.0897592592592592,True,False
2589,49,20.509999999999998,0.04812132034355967,20.558121320343556,0.08940740740740738,True,False
2590,55,20.45,0.05223420451868203,20.502234204518683,0.08905555555555555,True,False
2591,50,20.499999999999996,0.048828427124746214,20.548828427124743,0.08870370370370373,True,False
2592,46,20.54,0.046000000000000034,20.586,0.0883518518518519,True,False
2593,55,20.45,0.05236396103067895,20.502363961030678,0.08800000000000008,True,False
2594,53,20.47,0.05081999095630894,20.52081999095631,0.08764814814814825,True,False
2595,49,20.509999999999998,0.048121320343559676,20.558121320343556,0.08729629629629632,True,False
2596,49,20.509999999999998,0.04812132034355967,20.558121320343556,0.08694444444444449,True,False
2597,48,20.52,0.047414213562373124,20.567414213562373,0.08659259259259267,True,False
2598,46,20.54,0.046000000000000034,20.586,0.08624074074074084,True,False
2599,52,20.479999999999997,0.05024264068711931,20.530242640687117,0.0858888888888889,True,False
2600,53,20.47,0.050690234444312025,20.52069023444431,0.08553703703703708,True,False
2601,53,20.47,0.050949747468305856,20.520949747468304,0.08518518518518525,True,False
2602,47,20.529999999999998,0.04670710678118658,20.576707106781186,0.08483333333333332,True,False
2603,48,20.52,0.047414213562373124,20.567414213562373,0.08448148148148149,True,False
2604,52,20.479999999999997,0.05024264068711931,20.530242640687117,0.08412962962962967,True,False
2605,50,20.499999999999996,0.04882842712474622,20.548828427124743,0.08377777777777784,True,False
2606,50,20.499999999999996,0.04882842712474622,20.548828427124743,0.08342592592592601,True,False
2607,49,20.509999999999998,0.04799156383156275,20.55799156383156,0.08307407407407419,True,False
2608,50,20.499999999999996,0.04882842712474622,20.548828427124743,0.08272222222222236,True,False
2609,50,20.499999999999996,0.048828427124746214,20.548828427124743,0.08237037037037043,True,False
2610,46,20.54,0.046000000000000034,20.586,0.08201851851851849,True,False
2611,47,20.529999999999998,0.04670710678118658,20.576707106781186,0.08166666666666667,True,False
2612,49,20.509999999999998,0.048121320343559676,20.558121320343556,0.08131481481481484,True,False
2613,50,20.499999999999996,0.048698670612749295,20.548698670612747,0.08096296296296301,True,False
2614,54,20.459999999999997,0.05152709773749548,20.511527097737492,0.08061111111111119,True,False
2615,48,20.52,0.04741421356237313,20.567414213562373,0.08025925925925925,True,False
2616,48,20.52,0.04741421356237313,20.567414213562373,0.07990740740740743,True,False
2617,48,20.52,0.047414213562373124,20.567414213562373,0.0795555555555556,True,False
2618,48,20.52,0.04741421356237313,20.567414213562373,0.07920370370370378,True,False
2619,49,20.509999999999998,0.04812132034355967,20.558121320343556,0.07885185185185195,True,False
2620,49,20.509999999999998,0.048121320343559676,20.558121320343556,0.07850000000000001,True,False
2621,51,20.49,0.04940577739393584,20.539405777393934,0.07814814814814819,True,False
2622,47,20.529999999999998,0.04670710678118658,20.576707106781186,0.07779629629629625,True,False
2623,50,20.499999999999996,0.048828427124746214,20.548828427124743,0.07744444444444443,True,False
2624,48,20.52,0.04741421356237313,20.567414213562373,0.0770925925925926,True,False
2625,49,20.509999999999998,0.04812132034355967,20.558121320343556,0.07674074074074078,True,False
2626,53,20.47,0.05094974746830586,20.520949747468304,0.07638888888888895,True,False
2627,47,20.529999999999998,0.04670710678118658,20.576707106781186,0.07603703703703713,True,False
2628,54,20.459999999999997,0.05152709773749548,20.511527097737492,0.0756851851851853,True,False
2629,48,20.52,0.047414213562373124,20.567414213562373,0.07533333333333336,True,False
2630,52,20.479999999999997,0.05024264068711931,20.530242640687117,0.07498148148148154,True,False
2631,54,20.459999999999997,0.05152709773749549,20.511527097737492,0.0746296296296296,True,False
2632,49,20.509999999999998,0.04799156383156275,20.55799156383156,0.07427777777777778,True,False
2633,48,20.52,0.04741421356237313,20.567414213562373,0.07392592592592595,True,False
2634,49,20.509999999999998,0.04812132034355967,20.558121320343556,0.07357407407407413,True,False
2635,48,20.52,0.04741421356237313,20.567414213562373,0.0732222222222223,True,False
2636,50,20.499999999999996,0.04849156383156276,20.548491563831558,0.07287037037037036,True,False
2637,48,20.52,0.047284457050376205,20.567284457050377,0.07251851851851854,True,False
2638,50,20.499999999999996,0.0486986706127493,20.548698670612747,0.07216666666666671,True,False
2639,51,20.49,0.04940577739393585,20.539405777393934,0.07181481481481489,True,False
2640,47,20.529999999999998,0.04670710678118658,20.576707106781186,0.07146296296296306,True,False
2641,50,20.499999999999996,0.04882842712474622,20.548828427124743,0.07111111111111124,True,False
2642,46,20.54,0.046000000000000034,20.586,0.0707592592592593,True,False
2643,52,20.479999999999997,0.04990577739393584,20.52990577739393,0.07040740740740736,True,False
2644,48,20.52,0.047414213562373124,20.567414213562373,0.07005555555555554,True,False
2645,48,20.52,0.047414213562373124,20.567414213562373,0.06970370370370371,True,False
2646,50,20.499999999999996,0.04882842712474622,20.548828427124743,0.06935185185185189,True,False
2647,47,20.529999999999998,0.04670710678118658,20.576707106781186,0.06900000000000006,True,False
2648,49,20.509999999999998,0.048121320343559676,20.558121320343556,0.06864814814814824,True,False
2649,48,20.52,0.047414213562373124,20.567414213562373,0.06829629629629641,True,False
2650,49,20.509999999999998,0.048121320343559676,20.558121320343556,0.06794444444444447,True,False
2651,48,20.52,0.047414213562373124,20.567414213562373,0.06759259259259265,True,False
2652,46,20.54,0.046000000000000034,20.586,0.06724074074074082,True,False
2653,47,20.529999999999998,0.04670710678118658,20.576707106781186,0.06688888888888889,True,False
2654,51,20.49,0.049828427124746215,20.539828427124746,0.06653703703703706,True,False
2655,51,20.49,0.04982842712474622,20.539828427124746,0.06618518518518524,True,False
2656,49,20.509999999999998,0.048121320343559676,20.558121320343556,0.06583333333333341,True,False
2657,47,20.529999999999998,0.04670710678118658,20.576707106781186,0.06548148148148147,True,False
2658,48,20.52,0.04741421356237313,20.567414213562373,0.06512962962962965,True,False
2659,50,20.499999999999996,0.04882842712474622,20.548828427124743,0.06477777777777782,True,False
2660,50,20.499999999999996,0.048828427124746214,20.548828427124743,0.064425925925926,True,False
2661,50,20.499999999999996,0.048698670612749295,20.548698670612747,0.06407407407407417,True,False
2662,48,20.52,0.04741421356237313,20.567414213562373,0.06372222222222235,True,False
2663,46,20.54,0.046000000000000034,20.586,0.06337037037037041,True,False
2664,51,20.49,0.04953553390593277,20.53953553390593,0.06301851851851847,True,False
2665,47,20.529999999999998,0.04670710678118658,20.576707106781186,0.06266666666666665,True,False
2666,48,20.52,0.047414213562373124,20.567414213562373,0.06231481481481482,True,False
2667,49,20.509999999999998,0.048121320343559676,20.558121320343556,0.061962962962963,True,False
2668,50,20.499999999999996,0.048828427124746214,20.548828427124743,0.06161111111111117,True,False
2669,48,20.52,0.047414213562373124,20.567414213562373,0.06125925925925935,True,False
2670,47,20.529999999999998,0.04670710678118658,20.576707106781186,0.06090740740740752,True,False
2671,50,20.499999999999996,0.04882842712474623,20.548828427124743,0.060555555555555585,True,False
2672,55,20.45,0.052234204518682034,20.502234204518683,0.06020370370370376,True,False
2673,47,20.529999999999998,0.04670710678118658,20.576707106781186,0.059851851851851934,True,False
2674,51,20.49,0.04953553390593277,20.53953553390593,0.0595,True,False
2675,52,20.479999999999997,0.05024264068711932,20.530242640687117,0.05914814814814817,True,False
2676,50,20.499999999999996,0.048828427124746214,20.548828427124743,0.058796296296296346,True,False
2677,52,20.479999999999997,0.050535533905932774,20.53053553390593,0.05844444444444441,True,False
2678,54,20.459999999999997,0.05165685424949241,20.51165685424949,0.058092592592592585,True,False
2679,52,20.479999999999997,0.05024264068711932,20.530242640687117,0.05774074074074076,True,False
2680,46,20.54,0.046000000000000034,20.586,0.057388888888888934,True,False
2681,48,20.52,0.04741421356237313,20.567414213562373,0.05703703703703711,True,False
2682,48,20.52,0.04770710678118658,20.567707106781185,0.05668518518518528,True,False
2683,48,20.52,0.047414213562373124,20.567414213562373,0.05633333333333346,True,False
2684,46,20.54,0.046000000000000034,20.586,0.05598148148148152,True,False
2685,50,20.499999999999996,0.04882842712474622,20.548828427124743,0.055629629629629584,True,False
2686,48,20.52,0.047414213562373124,20.567414213562373,0.05527777777777776,True,False
2687,48,20.52,0.04741421356237313,20.567414213562373,0.054925925925925934,True,False
2688,47,20.529999999999998,0.04670710678118658,20.576707106781186,0.05457407407407411,True,False
2689,48,20.52,0.04741421356237313,20.567414213562373,0.05422222222222228,True,False
2690,48,20.52,0.047414213562373124,20.567414213562373,0.05387037037037046,True,False
2691,46,20.54,0.046000000000000034,20.586,0.05351851851851852,True,False
2692,46,20.54,0.046000000000000034,20.586,0.053166666666666695,True,False
2693,46,20.54,0.046000000000000034,20.586,0.05281481481481487,True,False
2694,48,20.52,0.047414213562373124,20.567414213562373,0.052462962962963045,True,False
2695,46,20.54,0.046000000000000034,20.586,0.05211111111111122,True,False
2696,48,20.52,0.047414213562373124,20.567414213562373,0.05175925925925928,True,False
2697,51,20.49,0.04940577739393585,20.539405777393934,0.05140740740740746,True,False
2698,47,20.529999999999998,0.04670710678118658,20.576707106781186,0.05105555555555552,True,False
2699,47,20.529999999999998,0.04670710678118658,20.576707106781186,0.050703703703703695,True,False
2700,47,20.529999999999998,0.04670710678118658,20.576707106781186,0.05035185185185187,True,False
2701,49,20.509999999999998,0.04812132034355967,20.558121320343556,0.050000000000000044,True,False
2702,47,20.529999999999998,0.04670710678118658,20.576707106781186,0.050000000000000044,True,False
2703,47,20.529999999999998,0.04670710678118658,20.576707106781186,0.050000000000000044,True,False
2704,49,20.509999999999998,0.048121320343559676,20.558121320343556,0.050000000000000044,True,False
2705,49,20.509999999999998,0.04812132034355967,20.558121320343556,0.050000000000000044,True,False
2706,46,20.54,0.046000000000000034,20.586,0.050000000000000044,True,False
2707,47,20.529999999999998,0.04670710678118658,20.576707106781186,0.050000000000000044,True,False
2708,48,20.52,0.047414213562373124,20.567414213562373,0.050000000000000044,True,False
2709,47,20.529999999999998,0.04670710678118658,20.576707106781186,0.050000000000000044,True,False
2710,51,20.49,0.049535533905932766,20.53953553390593,0.050000000000000044,True,False
2711,51,20.49,0.049535533905932766,20.53953553390593,0.050000000000000044,True,False
2712,47,20.529999999999998,0.04670710678118658,20.576707106781186,0.050000000000000044,True,False
2713,49,20.509999999999998,0.048121320343559676,20.558121320343556,0.050000000000000044,True,False
2714,46,20.54,0.046000000000000034,20.586,0.050000000000000044,True,False
2715,47,20.529999999999998,0.04670710678118658,20.576707106781186,0.050000000000000044,True,False
2716,51,20.49,0.04940577739393585,20.539405777393934,0.050000000000000044,True,False
2717,49,20.509999999999998,0.04812132034355967,20.558121320343556,0.050000000000000044,True,False
2718,46,20.54,0.046000000000000034,20.586,0.050000000000000044,True,False
2719,46,20.54,0.046000000000000034,20.586,0.050000000000000044,True,False
2720,53,20.47,0.050612884175122386,20.520612884175122,0.050000000000000044,True,False
2721,49,20.509999999999998,0.048121320343559676,20.558121320343556,0.050000000000000044,True,False
2722,50,20.499999999999996,0.04882842712474622,20.548828427124743,0.050000000000000044,True,False
2723,46,20.54,0.046000000000000034,20.586,0.050000000000000044,True,False
2724,48,20.52,0.04741421356237313,20.567414213562373,0.050000000000000044,True,False
2725,48,20.52,0.047414213562373124,20.567414213562373,0.050000000000000044,True,False
2726,46,20.54,0.046000000000000034,20.586,0.050000000000000044,True,False
2727,48,20.52,0.047414213562373124,20.567414213562373,0.050000000000000044,True,False
2728,48,20.52,0.047414213562373124,20.567414213562373,0.050000000000000044,True,False
2729,49,20.509999999999998,0.048121320343559676,20.558121320343556,0.050000000000000044,True,False
2730,47,20.529999999999998,0.04670710678118658,20.576707106781186,0.050000000000000044,True,False
2731,48,20.52,0.047414213562373124,20.567414213562373,0.050000000000000044,True,False
2732,50,20.499999999999996,0.04882842712474622,20.548828427124743,0.050000000000000044,True,False
2733,49,20.509999999999998,0.048121320343559676,20.558121320343556,0.050000000000000044,True,False
2734,46,20.54,0.046000000000000034,20.586,0.050000000000000044,True,False
2735,50,20.499999999999996,0.04882842712474623,20.548828427124743,0.050000000000000044,True,False
2736,49,20.509999999999998,0.04812132034355967,20.558121320343556,0.050000000000000044,True,False
2737,50,20.499999999999996,0.0486986706127493,20.548698670612747,0.050000000000000044,True,False
2738,48,20.52,0.047414213562373124,20.567414213562373,0.050000000000000044,True,False
2739,48,20.52,0.04741421356237313,20.567414213562373,0.050000000000000044,True,False
2740,51,20.49,0.04953553390593277,20.53953553390593,0.050000000000000044,True,False
2741,48,20.52,0.047414213562373124,20.567414213562373,0.050000000000000044,True,False
2742,48,20.52,0.047414213562373124,20.567414213562373,0.050000000000000044,True,False
2743,48,20.52,0.047414213562373124,20.567414213562373,0.050000000000000044,True,False
2744,49,20.509999999999998,0.048121320343559676,20.558121320343556,0.050000000000000044,True,False
2745,50,20.499999999999996,0.048828427124746214,20.548828427124743,0.050000000000000044,True,False
2746,47,20.529999999999998,0.04670710678118658,20.576707106781186,0.050000000000000044,True,False
2747,49,20.509999999999998,0.04812132034355967,20.558121320343556,0.050000000000000044,True,False
2748,48,20.52,0.047414213562373124,20.567414213562373,0.050000000000000044,True,False
2749,47,20.529999999999998,0.04670710678118658,20.576707106781186,0.050000000000000044,True,False
2750,47,20.529999999999998,0.04670710678118658,20.576707106781186,0.050000000000000044,True,False
2751,51,20.49,0.04953553390593277,20.53953553390593,0.050000000000000044,True,False
2752,51,20.49,0.04940577739393585,20.539405777393934,0.050000000000000044,True,False
2753,50,20.499999999999996,0.04882842712474622,20.548828427124743,0.050000000000000044,True,False
2754,46,20.54,0.046000000000000034,20.586,0.050000000000000044,True,False
2755,49,20.509999999999998,0.04812132034355967,20.558121320343556,0.050000000000000044,True,False
2756,47,20.529999999999998,0.04670710678118658,20.576707106781186,0.050000000000000044,True,False
2757,47,20.529999999999998,0.04670710678118658,20.576707106781186,0.050000000000000044,True,False
2758,50,20.499999999999996,0.048828427124746214,20.548828427124743,0.050000000000000044,True,False
2759,47,20.529999999999998,0.04670710678118658,20.576707106781186,0.050000000000000044,True,False
2760,49,20.509999999999998,0.048121320343559676,20.558121320343556,0.050000000000000044,True,False
2761,51,20.49,0.04940577739393585,20.539405777393934,0.050000000000000044,True,False
2762,51,20.49,0.049535533905932766,20.53953553390593,0.050000000000000044,True,False
2763,48,20.52,0.047414213562373124,20.567414213562373,0.050000000000000044,True,False
2764,47,20.529999999999998,0.04670710678118658,20.576707106781186,0.050000000000000044,True,False
2765,47,20.529999999999998,0.04670710678118658,20.576707106781186,0.050000000000000044,True,False
2766,49,20.509999999999998,0.04812132034355967,20.558121320343556,0.050000000000000044,True,False
2767,47,20.529999999999998,0.04670710678118658,20.576707106781186,0.050000000000000044,True,False
2768,48,20.52,0.047414213562373124,20.567414213562373,0.050000000000000044,True,False
2769,46,20.54,0.046000000000000034,20.586,0.050000000000000044,True,False
2770,47,20.529999999999998,0.04670710678118658,20.576707106781186,0.050000000000000044,True,False
2771,46,20.54,0.046000000000000034,20.586,0.050000000000000044,True,False
2772,51,20.49,0.049535533905932766,20.53953553390593,0.050000000000000044,True,False
2773,52,20.479999999999997,0.05024264068711931,20.530242640687117,0.050000000000000044,True,False
2774,48,20.52,0.047414213562373124,20.567414213562373,0.050000000000000044,True,False
2775,48,20.52,0.04741421356237313,20.567414213562373,0.050000000000000044,True,False
2776,50,20.499999999999996,0.04882842712474622,20.548828427124743,0.050000000000000044,True,False
2777,49,20.509999999999998,0.04812132034355967,20.558121320343556,0.050000000000000044,True,False
2778,52,20.479999999999997,0.05053553390593277,20.53053553390593,0.050000000000000044,True,False
2779,47,20.529999999999998,0.04670710678118658,20.576707106781186,0.050000000000000044,True,False
2780,48,20.52,0.04741421356237313,20.567414213562373,0.050000000000000044,True,False
2781,49,20.509999999999998,0.04799156383156275,20.55799156383156,0.050000000000000044,True,False
2782,49,20.509999999999998,0.048121320343559676,20.558121320343556,0.050000000000000044,True,False
2783,50,20.499999999999996,0.048698670612749295,20.548698670612747,0.050000000000000044,True,False
2784,49,20.509999999999998,0.04812132034355967,20.558121320343556,0.050000000000000044,True,False
2785,49,20.509999999999998,0.04799156383156275,20.55799156383156,0.050000000000000044,True,False
2786,47,20.529999999999998,0.04670710678118658,20.576707106781186,0.050000000000000044,True,False
2787,47,20.529999999999998,0.04670710678118658,20.576707106781186,0.050000000000000044,True,False
2788,54,20.459999999999997,0.0516568542494924,20.51165685424949,0.050000000000000044,True,False
2789,50,20.499999999999996,0.04882842712474622,20.548828427124743,0.050000000000000044,True,False
2790,51,20.49,0.04953553390593277,20.53953553390593,0.050000000000000044,True,False
2791,50,20.499999999999996,0.048698670612749295,20.548698670612747,0.050000000000000044,True,False
2792,47,20.529999999999998,0.04670710678118658,20.576707106781186,0.050000000000000044,True,False
2793,46,20.54,0.046000000000000034,20.586,0.050000000000000044,True,False
2794,49,20.509999999999998,0.048121320343559676,20.558121320343556,0.050000000000000044,True,False
2795,47,20.529999999999998,0.04670710678118658,20.576707106781186,0.050000000000000044,True,False
2796,48,20.52,0.047414213562373124,20.567414213562373,0.050000000000000044,True,False
2797,50,20.499999999999996,0.04882842712474623,20.548828427124743,0.050000000000000044,True,False
2798,47,20.529999999999998,0.04670710678118658,20.576707106781186,0.050000000000000044,True,False
2799,50,20.499999999999996,0.048698670612749295,20.548698670612747,0.050000000000000044,True,False
2800,49,20.509999999999998,0.04799156383156276,20.55799156383156,0.050000000000000044,True,False
2801,50,20.499999999999996,0.04882842712474623,20.548828427124743,0.050000000000000044,True,False
2802,47,20.529999999999998,0.04670710678118658,20.576707106781186,0.050000000000000044,True,False
2803,51,20.49,0.04953553390593277,20.53953553390593,0.050000000000000044,True,False
2804,52,20.479999999999997,0.049983127663125466,20.529983127663122,0.050000000000000044,True,False
2805,48,20.52,0.047414213562373124,20.567414213562373,0.050000000000000044,True,False
2806,48,20.52,0.047414213562373124,20.567414213562373,0.050000000000000044,True,False
2807,48,20.52,0.04741421356237313,20.567414213562373,0.050000000000000044,True,False
2808,46,20.54,0.046000000000000034,20.586,0.050000000000000044,True,False
2809,50,20.499999999999996,0.04882842712474622,20.548828427124743,0.050000000000000044,True,False
2810,48,20.52,0.04741421356237313,20.567414213562373,0.050000000000000044,True,False
2811,51,20.49,0.049405777393935854,20.539405777393934,0.050000000000000044,True,False
2812,49,20.509999999999998,0.048121320343559676,20.558121320343556,0.050000000000000044,True,False
2813,49,20.509999999999998,0.04799156383156275,20.55799156383156,0.050000000000000044,True,False
2814,46,20.54,0.046000000000000034,20.586,0.050000000000000044,True,False
2815,51,20.49,0.04940577739393584,20.539405777393934,0.050000000000000044,True,False
2816,48,20.52,0.047414213562373124,20.567414213562373,0.050000000000000044,True,False
2817,47,20.529999999999998,0.04670710678118658,20.576707106781186,0.050000000000000044,True,False
2818,47,20.529999999999998,0.04670710678118658,20.576707106781186,0.050000000000000044,True,False
2819,46,20.54,0.046000000000000034,20.586,0.050000000000000044,True,False
2820,51,20.49,0.04940577739393584,20.539405777393934,0.050000000000000044,True,False
2821,48,20.52,0.04741421356237313,20.567414213562373,0.050000000000000044,True,False
2822,48,20.52,0.047414213562373124,20.567414213562373,0.050000000000000044,True,False
2823,53,20.47,0.05069023444431202,20.52069023444431,0.050000000000000044,True,False
2824,47,20.529999999999998,0.04670710678118658,20.576707106781186,0.050000000000000044,True,False
2825,51,20.49,0.049535533905932766,20.53953553390593,0.050000000000000044,True,False
2826,48,20.52,0.04741421356237313,20.567414213562373,0.050000000000000044,True,False
2827,49,20.509999999999998,0.04812132034355967,20.558121320343556,0.050000000000000044,True,False
2828,49,20.509999999999998,0.04812132034355967,20.558121320343556,0.050000000000000044,True,False
2829,46,20.54,0.046000000000000034,20.586,0.050000000000000044,True,False
2830,50,20.499999999999996,0.048698670612749295,20.548698670612747,0.050000000000000044,True,False
2831,48,20.52,0.047284457050376205,20.567284457050377,0.050000000000000044,True,False
2832,47,20.529999999999998,0.04670710678118658,20.576707106781186,0.050000000000000044,True,False
2833,46,20.54,0.046000000000000034,20.586,0.050000000000000044,True,False
2834,47,20.529999999999998,0.04670710678118658,20.576707106781186,0.050000000000000044,True,False
2835,51,20.49,0.04953553390593276,20.53953553390593,0.050000000000000044,True,False
2836,47,20.529999999999998,0.04670710678118658,20.576707106781186,0.050000000000000044,True,False
2837,51,20.49,0.04940577739393584,20.539405777393934,0.050000000000000044,True,False
2838,47,20.529999999999998,0.04670710678118658,20.576707106781186,0.050000000000000044,True,False
2839,47,20.529999999999998,0.04670710678118658,20.576707106781186,0.050000000000000044,True,False
2840,47,20.529999999999998,0.04670710678118658,20.576707106781186,0.050000000000000044,True,False
2841,46,20.54,0.046000000000000034,20.586,0.050000000000000044,True,False
2842,51,20.49,0.049535533905932766,20.53953553390593,0.050000000000000044,True,False
2843,48,20.52,0.047414213562373124,20.567414213562373,0.050000000000000044,True,False
2844,49,20.509999999999998,0.048121320343559676,20.558121320343556,0.050000000000000044,True,False
2845,49,20.509999999999998,0.048121320343559676,20.558121320343556,0.050000000000000044,True,False
2846,48,20.52,0.047414213562373124,20.567414213562373,0.050000000000000044,True,False
2847,47,20.529999999999998,0.04670710678118658,20.576707106781186,0.050000000000000044,True,False
2848,48,20.52,0.047414213562373124,20.567414213562373,0.050000000000000044,True,False
2849,52,20.479999999999997,0.050112884175122385,20.530112884175118,0.050000000000000044,True,False
2850,49,20.509999999999998,0.048121320343559676,20.558121320343556,0.050000000000000044,True,False
2851,46,20.54,0.046000000000000034,20.586,0.050000000000000044,True,False
2852,49,20.509999999999998,0.048121320343559676,20.558121320343556,0.050000000000000044,True,False
2853,48,20.52,0.047414213562373124,20.567414213562373,0.050000000000000044,True,False
2854,50,20.499999999999996,0.04882842712474622,20.548828427124743,0.050000000000000044,True,False
2855,49,20.509999999999998,0.048121320343559676,20.558121320343556,0.050000000000000044,True,False
2856,51,20.49,0.04940577739393585,20.539405777393934,0.050000000000000044,True,False
2857,48,20.52,0.047414213562373124,20.567414213562373,0.050000000000000044,True,False
2858,46,20.54,0.046000000000000034,20.586,0.050000000000000044,True,False
2859,50,20.499999999999996,0.048698670612749295,20.548698670612747,0.050000000000000044,True,False
2860,49,20.509999999999998,0.04812132034355967,20.558121320343556,0.050000000000000044,True,False
2861,48,20.52,0.047414213562373124,20.567414213562373,0.050000000000000044,True,False
2862,51,20.49,0.049535533905932766,20.53953553390593,0.050000000000000044,True,False
2863,50,20.499999999999996,0.04882842712474622,20.548828427124743,0.050000000000000044,True,False
2864,50,20.499999999999996,0.048828427124746214,20.548828427124743,0.050000000000000044,True,False
2865,47,20.529999999999998,0.04670710678118658,20.576707106781186,0.050000000000000044,True,False
2866,49,20.509999999999998,0.04812132034355967,20.558121320343556,0.050000000000000044,True,False
2867,49,20.509999999999998,0.048121320343559676,20.558121320343556,0.050000000000000044,True,False
2868,51,20.49,0.04927602088193893,20.53927602088194,0.050000000000000044,True,False
2869,48,20.52,0.047414213562373124,20.567414213562373,0.050000000000000044,True,False
2870,51,20.49,0.049828427124746215,20.539828427124746,0.050000000000000044,True,False
2871,52,20.479999999999997,0.05024264068711932,20.530242640687117,0.050000000000000044,True,False
2872,48,20.52,0.047414213562373124,20.567414213562373,0.050000000000000044,True,False
2873,53,20.47,0.05081999095630893,20.52081999095631,0.050000000000000044,True,False
2874,46,20.54,0.046000000000000034,20.586,0.050000000000000044,True,False
2875,47,20.529999999999998,0.04670710678118658,20.576707106781186,0.050000000000000044,True,False
2876,49,20.509999999999998,0.048121320343559676,20.558121320343556,0.050000000000000044,True,False
2877,48,20.52,0.04741421356237313,20.567414213562373,0.050000000000000044,True,False
2878,46,20.54,0.046000000000000034,20.586,0.050000000000000044,True,False
2879,47,20.529999999999998,0.04670710678118658,20.576707106781186,0.050000000000000044,True,False
2880,48,20.52,0.04770710678118658,20.567707106781185,0.050000000000000044,True,False
2881,46,20.54,0.046000000000000034,20.586,0.050000000000000044,True,False
2882,50,20.499999999999996,0.04882842712474622,20.548828427124743,0.050000000000000044,True,False
2883,48,20.52,0.047414213562373124,20.567414213562373,0.050000000000000044,True,False
2884,46,20.54,0.046000000000000034,20.586,0.050000000000000044,True,False
2885,47,20.529999999999998,0.04670710678118658,20.576707106781186,0.050000000000000044,True,False
2886,48,20.52,0.04741421356237313,20.567414213562373,0.050000000000000044,True,False
2887,46,20.54,0.046000000000000034,20.586,0.050000000000000044,True,False
2888,52,20.479999999999997,0.05024264068711931,20.530242640687117,0.050000000000000044,True,False
2889,47,20.529999999999998,0.04670710678118658,20.576707106781186,0.050000000000000044,True,False
2890,47,20.529999999999998,0.04670710678118658,20.576707106781186,0.050000000000000044,True,False
2891,48,20.52,0.047414213562373124,20.567414213562373,0.050000000000000044,True,False
2892,49,20.509999999999998,0.048121320343559676,20.558121320343556,0.050000000000000044,True,False
2893,47,20.529999999999998,0.04670710678118658,20.576707106781186,0.050000000000000044,True,False
2894,47,20.529999999999998,0.04670710678118658,20.576707106781186,0.050000000000000044,True,False
2895,46,20.54,0.046000000000000034,20.586,0.050000000000000044,True,False
2896,56,20.439999999999998,0.052811554787871653,20.49281155478787,0.050000000000000044,True,False
2897,46,20.54,0.046000000000000034,20.586,0.050000000000000044,True,False
2898,47,20.529999999999998,0.04670710678118658,20.576707106781186,0.050000000000000044,True,False
2899,49,20.509999999999998,0.048121320343559676,20.558121320343556,0.050000000000000044,True,False
2900,50,20.499999999999996,0.04882842712474623,20.548828427124743,0.050000000000000044,True,False
2901,59,20.409999999999997,0.054932875131431295,20.464932875131428,0.050000000000000044,True,False
2902,50,20.499999999999996,0.04882842712474622,20.548828427124743,0.050000000000000044,True,False
2903,49,20.509999999999998,0.048121320343559676,20.558121320343556,0.050000000000000044,True,False
2904,46,20.54,0.046000000000000034,20.586,0.050000000000000044,True,False
2905,49,20.509999999999998,0.04812132034355967,20.558121320343556,0.050000000000000044,True,False
2906,48,20.52,0.047414213562373124,20.567414213562373,0.050000000000000044,True,False
2907,47,20.529999999999998,0.04670710678118658,20.576707106781186,0.050000000000000044,True,False
2908,47,20.529999999999998,0.04670710678118658,20.576707106781186,0.050000000000000044,True,False
2909,49,20.509999999999998,0.04812132034355967,20.558121320343556,0.050000000000000044,True,False
2910,47,20.529999999999998,0.04670710678118658,20.576707106781186,0.050000000000000044,True,False
2911,48,20.52,0.047414213562373124,20.567414213562373,0.050000000000000044,True,False
2912,48,20.52,0.047414213562373124,20.567414213562373,0.050000000000000044,True,False
2913,47,20.529999999999998,0.04670710678118658,20.576707106781186,0.050000000000000044,True,False
2914,46,20.54,0.046000000000000034,20.586,0.050000000000000044,True,False
2915,52,20.479999999999997,0.05024264068711932,20.530242640687117,0.050000000000000044,True,False
2916,48,20.52,0.047414213562373124,20.567414213562373,0.050000000000000044,True,False
2917,47,20.529999999999998,0.04670710678118658,20.576707106781186,0.050000000000000044,True,False
2918,46,20.54,0.046000000000000034,20.586,0.050000000000000044,True,False
2919,46,20.54,0.046000000000000034,20.586,0.050000000000000044,True,False
2920,50,20.499999999999996,0.04882842712474622,20.548828427124743,0.050000000000000044,True,False
2921,47,20.529999999999998,0.04670710678118658,20.576707106781186,0.050000000000000044,True,False
2922,51,20.49,0.04940577739393584,20.539405777393934,0.050000000000000044,True,False
2923,50,20.499999999999996,0.04882842712474623,20.548828427124743,0.050000000000000044,True,False
2924,47,20.529999999999998,0.04670710678118658,20.576707106781186,0.050000000000000044,True,False
2925,46,20.54,0.046000000000000034,20.586,0.050000000000000044,True,False
2926,47,20.529999999999998,0.04670710678118658,20.576707106781186,0.050000000000000044,True,False
2927,46,20.54,0.046000000000000034,20.586,0.050000000000000044,True,False
2928,47,20.529999999999998,0.04670710678118658,20.576707106781186,0.050000000000000044,True,False
2929,48,20.52,0.047414213562373124,20.567414213562373,0.050000000000000044,True,False
2930,46,20.54,0.046000000000000034,20.586,0.050000000000000044,True,False
2931,49,20.509999999999998,0.04812132034355967,20.558121320343556,0.050000000000000044,True,False
2932,48,20.52,0.047414213562373124,20.567414213562373,0.050000000000000044,True,False
2933,48,20.52,0.047414213562373124,20.567414213562373,0.050000000000000044,True,False
2934,47,20.529999999999998,0.04670710678118658,20.576707106781186,0.050000000000000044,True,False
2935,48,20.52,0.047414213562373124,20.567414213562373,0.050000000000000044,True,False
2936,52,20.479999999999997,0.05024264068711932,20.530242640687117,0.050000000000000044,True,False
2937,50,20.499999999999996,0.04882842712474622,20.548828427124743,0.050000000000000044,True,False
2938,46,20.54,0.046000000000000034,20.586,0.050000000000000044,True,False
2939,47,20.529999999999998,0.04670710678118658,20.576707106781186,0.050000000000000044,True,False
2940,46,20.54,0.046000000000000034,20.586,0.050000000000000044,True,False
2941,48,20.52,0.04741421356237313,20.567414213562373,0.050000000000000044,True,False
2942,46,20.54,0.046000000000000034,20.586,0.050000000000000044,True,False
2943,47,20.529999999999998,0.04670710678118658,20.576707106781186,0.050000000000000044,True,False
2944,48,20.52,0.04741421356237313,20.567414213562373,0.050000000000000044,True,False
2945,47,20.529999999999998,0.04670710678118658,20.576707106781186,0.050000000000000044,True,False
2946,50,20.499999999999996,0.048828427124746214,20.548828427124743,0.050000000000000044,True,False
2947,48,20.52,0.04741421356237313,20.567414213562373,0.050000000000000044,True,False
2948,50,20.499999999999996,0.04882842712474622,20.548828427124743,0.050000000000000044,True,False
2949,48,20.52,0.04741421356237313,20.567414213562373,0.050000000000000044,True,False
2950,51,20.49,0.049535533905932766,20.53953553390593,0.050000000000000044,True,False
2951,51,20.49,0.04940577739393585,20.539405777393934,0.050000000000000044,True,False
2952,52,20.479999999999997,0.05024264068711932,20.530242640687117,0.050000000000000044,True,False
2953,50,20.499999999999996,0.04882842712474622,20.548828427124743,0.050000000000000044,True,False
2954,52,20.479999999999997,0.05024264068711932,20.530242640687117,0.050000000000000044,True,False
2955,47,20.529999999999998,0.04670710678118658,20.576707106781186,0.050000000000000044,True,False
2956,51,20.49,0.049535533905932766,20.53953553390593,0.050000000000000044,True,False
2957,46,20.54,0.046000000000000034,20.586,0.050000000000000044,True,False
2958,47,20.529999999999998,0.04670710678118658,20.576707106781186,0.050000000000000044,True,False
2959,46,20.54,0.046000000000000034,20.586,0.050000000000000044,True,False
2960,46,20.54,0.046000000000000034,20.586,0.050000000000000044,True,False
2961,48,20.52,0.047414213562373124,20.567414213562373,0.050000000000000044,True,False
2962,46,20.54,0.046000000000000034,20.586,0.050000000000000044,True,False
2963,46,20.54,0.046000000000000034,20.586,0.050000000000000044,True,False
2964,47,20.529999999999998,0.04670710678118658,20.576707106781186,0.050000000000000044,True,False
2965,47,20.529999999999998,0.04670710678118658,20.576707106781186,0.050000000000000044,True,False
2966,47,20.529999999999998,0.04670710678118658,20.576707106781186,0.050000000000000044,True,False
2967,46,20.54,0.046000000000000034,20.586,0.050000000000000044,True,False
2968,48,20.52,0.04741421356237313,20.567414213562373,0.050000000000000044,True,False
2969,46,20.54,0.046000000000000034,20.586,0.050000000000000044,True,False
2970,49,20.509999999999998,0.048121320343559676,20.558121320343556,0.050000000000000044,True,False
2971,47,20.529999999999998,0.04670710678118658,20.576707106781186,0.050000000000000044,True,False
2972,47,20.529999999999998,0.04670710678118658,20.576707106781186,0.050000000000000044,True,False
2973,48,20.52,0.047414213562373124,20.567414213562373,0.050000000000000044,True,False
2974,49,20.509999999999998,0.04812132034355967,20.558121320343556,0.050000000000000044,True,False
2975,47,20.529999999999998,0.04670710678118658,20.576707106781186,0.050000000000000044,True,False
2976,47,20.529999999999998,0.04670710678118658,20.576707106781186,0.050000000000000044,True,False
2977,46,20.54,0.046000000000000034,20.586,0.050000000000000044,True,False
2978,48,20.52,0.047414213562373124,20.567414213562373,0.050000000000000044,True,False
2979,48,20.52,0.04741421356237313,20.567414213562373,0.050000000000000044,True,False
2980,48,20.52,0.04741421356237313,20.567414213562373,0.050000000000000044,True,False
2981,48,20.52,0.047414213562373124,20.567414213562373,0.050000000000000044,True,False
2982,49,20.509999999999998,0.04812132034355967,20.558121320343556,0.050000000000000044,True,False
2983,47,20.529999999999998,0.04670710678118658,20.576707106781186,0.050000000000000044,True,False
2984,48,20.52,0.047414213562373124,20.567414213562373,0.050000000000000044,True,False
2985,52,20.479999999999997,0.05024264068711931,20.530242640687117,0.050000000000000044,True,False
2986,48,20.52,0.047414213562373124,20.567414213562373,0.050000000000000044,True,False
2987,47,20.529999999999998,0.04670710678118658,20.576707106781186,0.050000000000000044,True,False
2988,48,20.52,0.047414213562373124,20.567414213562373,0.050000000000000044,True,False
2989,46,20.54,0.046000000000000034,20.586,0.050000000000000044,True,False
2990,48,20.52,0.04741421356237313,20.567414213562373,0.050000000000000044,True,False
2991,49,20.509999999999998,0.048121320343559676,20.558121320343556,0.050000000000000044,True,False
2992,46,20.54,0.046000000000000034,20.586,0.050000000000000044,True,False
2993,46,20.54,0.046000000000000034,20.586,0.050000000000000044,True,False
2994,50,20.499999999999996,0.04882842712474622,20.548828427124743,0.050000000000000044,True,False
2995,46,20.54,0.046000000000000034,20.586,0.050000000000000044,True,False
2996,48,20.52,0.04741421356237313,20.567414213562373,0.050000000000000044,True,False
2997,48,20.52,0.047414213562373124,20.567414213562373,0.050000000000000044,True,False
2998,48,20.52,0.047414213562373124,20.567414213562373,0.050000000000000044,True,False
2999,49,20.509999999999998,0.04812132034355967,20.558121320343556,0.050000000000000044,True,False
3000,48,20.52,0.047414213562373124,20.567414213562373,0.050000000000000044,True,False
