episode,steps,totalReward,epsilon,completed,died
1,57,0,1.0,False,True
2,48,0,0.9996481481481482,False,True
3,169,0,0.9992962962962963,False,True
4,7,0,0.9989444444444444,False,True
5,79,0,0.9985925925925926,False,True
6,281,0,0.9982407407407408,False,True
7,45,0,0.9978888888888889,False,True
8,238,0,0.997537037037037,False,True
9,105,0,0.9971851851851852,False,True
10,83,0,0.9968333333333333,False,True
11,33,0,0.9964814814814815,False,True
12,97,0,0.9961296296296296,False,True
13,20,0,0.9957777777777778,False,True
14,134,0,0.9954259259259259,False,True
15,225,1,0.9950740740740741,True,False
16,24,0,0.9947222222222222,False,True
17,87,0,0.9943703703703703,False,True
18,242,1,0.9940185185185185,True,False
19,121,0,0.9936666666666667,False,True
20,380,0,0.9933148148148148,False,True
21,32,0,0.9929629629629629,False,True
22,67,0,0.9926111111111111,False,True
23,400,0,0.9922592592592593,False,False
24,38,0,0.9919074074074075,False,True
25,37,0,0.9915555555555555,False,True
26,400,0,0.9912037037037037,False,True
27,220,1,0.9908518518518519,True,False
28,285,0,0.9905,False,True
29,294,0,0.9901481481481481,False,True
30,307,0,0.9897962962962963,False,True
31,400,0,0.9894444444444445,False,False
32,80,0,0.9890925925925926,False,True
33,34,0,0.9887407407407407,False,True
34,161,1,0.9883888888888889,True,False
35,119,0,0.988037037037037,False,True
36,85,1,0.9876851851851852,True,False
37,22,0,0.9873333333333333,False,True
38,102,0,0.9869814814814815,False,True
39,37,0,0.9866296296296296,False,True
40,375,0,0.9862777777777778,False,True
41,106,0,0.9859259259259259,False,True
42,26,0,0.985574074074074,False,True
43,400,0,0.9852222222222222,False,False
44,133,0,0.9848703703703704,False,True
45,329,0,0.9845185185185186,False,True
46,309,0,0.9841666666666666,False,True
47,90,0,0.9838148148148148,False,True
48,186,0,0.983462962962963,False,True
49,311,0,0.9831111111111112,False,True
50,239,0,0.9827592592592592,False,True
51,42,0,0.9824074074074074,False,True
52,330,0,0.9820555555555556,False,True
53,366,0,0.9817037037037037,False,True
54,400,0,0.9813518518518518,False,False
55,400,0,0.981,False,False
56,182,1,0.9806481481481482,True,False
57,17,0,0.9802962962962963,False,True
58,79,0,0.9799444444444444,False,True
59,95,0,0.9795925925925926,False,True
60,400,0,0.9792407407407407,False,False
61,204,0,0.9788888888888889,False,True
62,59,0,0.978537037037037,False,True
63,28,0,0.9781851851851852,False,True
64,140,0,0.9778333333333333,False,True
65,173,0,0.9774814814814815,False,True
66,392,0,0.9771296296296297,False,True
67,133,1,0.9767777777777777,True,False
68,160,0,0.9764259259259259,False,True
69,214,0,0.9760740740740741,False,True
70,65,0,0.9757222222222223,False,True
71,137,0,0.9753703703703703,False,True
72,156,0,0.9750185185185185,False,True
73,149,0,0.9746666666666667,False,True
74,146,0,0.9743148148148149,False,True
75,71,0,0.9739629629629629,False,True
76,196,0,0.9736111111111111,False,True
77,116,0,0.9732592592592593,False,True
78,11,0,0.9729074074074074,False,True
79,400,0,0.9725555555555555,False,False
80,280,0,0.9722037037037037,False,True
81,98,0,0.9718518518518519,False,True
82,34,0,0.9715,False,True
83,181,1,0.9711481481481481,True,False
84,288,1,0.9707962962962963,True,False
85,60,0,0.9704444444444444,False,True
86,267,0,0.9700925925925926,False,True
87,203,0,0.9697407407407408,False,True
88,400,0,0.9693888888888889,False,False
89,400,0,0.969037037037037,False,False
90,195,1,0.9686851851851852,True,False
91,12,0,0.9683333333333334,False,True
92,36,0,0.9679814814814814,False,True
93,64,0,0.9676296296296296,False,True
94,38,0,0.9672777777777778,False,True
95,105,0,0.966925925925926,False,True
96,315,1,0.966574074074074,True,False
97,87,0,0.9662222222222222,False,True
98,89,0,0.9658703703703704,False,True
99,77,0,0.9655185185185186,False,True
100,304,0,0.9651666666666666,False,True
101,234,1,0.9648148148148148,True,False
102,146,0,0.964462962962963,False,True
103,173,0,0.9641111111111111,False,True
104,86,0,0.9637592592592592,False,True
105,400,0,0.9634074074074074,False,False
106,117,0,0.9630555555555556,False,True
107,213,0,0.9627037037037037,False,True
108,20,0,0.9623518518518519,False,True
109,400,0,0.962,False,False
110,80,0,0.9616481481481481,False,True
111,59,0,0.9612962962962963,False,True
112,31,0,0.9609444444444445,False,True
113,44,0,0.9605925925925926,False,True
114,18,0,0.9602407407407407,False,True
115,400,0,0.9598888888888889,False,False
116,22,0,0.9595370370370371,False,True
117,97,0,0.9591851851851851,False,True
118,217,0,0.9588333333333333,False,True
119,400,0,0.9584814814814815,False,False
120,119,0,0.9581296296296297,False,True
121,81,0,0.9577777777777777,False,True
122,44,0,0.9574259259259259,False,True
123,28,0,0.9570740740740741,False,True
124,80,0,0.9567222222222223,False,True
125,105,0,0.9563703703703703,False,True
126,156,0,0.9560185185185185,False,True
127,29,0,0.9556666666666667,False,True
128,65,0,0.9553148148148148,False,True
129,82,0,0.954962962962963,False,True
130,50,0,0.9546111111111111,False,True
131,400,0,0.9542592592592593,False,False
132,145,1,0.9539074074074074,True,False
133,283,0,0.9535555555555556,False,True
134,127,0,0.9532037037037037,False,True
135,196,0,0.9528518518518518,False,True
136,154,0,0.9525,False,True
137,61,0,0.9521481481481482,False,True
138,284,1,0.9517962962962963,True,False
139,256,1,0.9514444444444444,True,False
140,279,0,0.9510925925925926,False,True
141,204,0,0.9507407407407408,False,True
142,148,0,0.9503888888888888,False,True
143,146,0,0.950037037037037,False,True
144,104,1,0.9496851851851852,True,False
145,12,0,0.9493333333333334,False,True
146,15,0,0.9489814814814814,False,True
147,120,0,0.9486296296296296,False,True
148,164,0,0.9482777777777778,False,True
149,400,0,0.947925925925926,False,False
150,400,0,0.9475740740740741,False,False
151,126,0,0.9472222222222222,False,True
152,400,0,0.9468703703703704,False,False
153,299,1,0.9465185185185185,True,False
154,198,1,0.9461666666666667,True,False
155,27,0,0.9458148148148148,False,True
156,101,0,0.945462962962963,False,True
157,51,0,0.9451111111111111,False,True
158,366,0,0.9447592592592593,False,True
159,400,0,0.9444074074074074,False,False
160,400,0,0.9440555555555555,False,False
161,400,0,0.9437037037037037,False,False
162,91,0,0.9433518518518519,False,True
163,72,0,0.9430000000000001,False,True
164,166,0,0.9426481481481481,False,True
165,360,0,0.9422962962962963,False,True
166,144,0,0.9419444444444445,False,True
167,119,0,0.9415925925925925,False,True
168,197,0,0.9412407407407407,False,True
169,40,0,0.9408888888888889,False,True
170,103,0,0.9405370370370371,False,True
171,40,0,0.9401851851851852,False,True
172,33,0,0.9398333333333333,False,True
173,80,0,0.9394814814814815,False,True
174,48,0,0.9391296296296296,False,True
175,196,0,0.9387777777777778,False,True
176,304,0,0.9384259259259259,False,True
177,200,0,0.9380740740740741,False,True
178,63,0,0.9377222222222222,False,True
179,56,0,0.9373703703703704,False,True
180,15,0,0.9370185185185185,False,True
181,38,0,0.9366666666666666,False,True
182,110,0,0.9363148148148148,False,True
183,34,0,0.935962962962963,False,True
184,400,0,0.9356111111111111,False,False
185,395,0,0.9352592592592592,False,True
186,115,0,0.9349074074074074,False,True
187,58,0,0.9345555555555556,False,True
188,104,0,0.9342037037037036,False,True
189,400,0,0.9338518518518518,False,False
190,55,0,0.9335,False,True
191,337,0,0.9331481481481482,False,True
192,387,0,0.9327962962962963,False,True
193,151,0,0.9324444444444444,False,True
194,143,1,0.9320925925925926,True,False
195,116,1,0.9317407407407408,True,False
196,182,0,0.9313888888888889,False,True
197,127,1,0.931037037037037,True,False
198,279,0,0.9306851851851852,False,True
199,107,1,0.9303333333333333,True,False
200,25,0,0.9299814814814815,False,True
201,73,1,0.9296296296296296,True,False
202,127,0,0.9292777777777778,False,True
203,112,0,0.9289259259259259,False,True
204,226,0,0.9285740740740741,False,True
205,400,0,0.9282222222222223,False,False
206,68,0,0.9278703703703703,False,True
207,400,0,0.9275185185185185,False,False
208,153,0,0.9271666666666667,False,True
209,65,0,0.9268148148148148,False,True
210,302,0,0.9264629629629629,False,True
211,304,1,0.9261111111111111,True,False
212,68,0,0.9257592592592593,False,True
213,25,0,0.9254074074074075,False,True
214,355,0,0.9250555555555555,False,True
215,400,0,0.9247037037037037,False,False
216,68,0,0.9243518518518519,False,True
217,301,0,0.924,False,True
218,87,0,0.9236481481481481,False,True
219,381,0,0.9232962962962963,False,True
220,20,0,0.9229444444444445,False,True
221,74,0,0.9225925925925926,False,True
222,60,0,0.9222407407407407,False,True
223,16,0,0.9218888888888889,False,True
224,400,0,0.921537037037037,False,False
225,21,0,0.9211851851851852,False,True
226,96,1,0.9208333333333334,True,False
227,386,0,0.9204814814814815,False,True
228,172,0,0.9201296296296296,False,True
229,248,0,0.9197777777777778,False,True
230,43,0,0.9194259259259259,False,True
231,58,0,0.919074074074074,False,True
232,50,0,0.9187222222222222,False,True
233,275,1,0.9183703703703704,True,False
234,148,0,0.9180185185185186,False,True
235,137,1,0.9176666666666666,True,False
236,151,0,0.9173148148148148,False,True
237,162,0,0.916962962962963,False,True
238,168,1,0.9166111111111112,True,False
239,240,1,0.9162592592592593,True,False
240,400,0,0.9159074074074074,False,False
241,332,1,0.9155555555555556,True,False
242,121,1,0.9152037037037037,True,False
243,203,0,0.9148518518518518,False,True
244,110,0,0.9145,False,True
245,50,0,0.9141481481481482,False,True
246,248,0,0.9137962962962963,False,True
247,285,0,0.9134444444444445,False,True
248,56,0,0.9130925925925926,False,True
249,117,0,0.9127407407407407,False,True
250,214,0,0.9123888888888889,False,True
251,29,0,0.9120370370370371,False,True
252,297,1,0.9116851851851852,True,False
253,144,0,0.9113333333333333,False,True
254,74,0,0.9109814814814815,False,True
255,42,0,0.9106296296296297,False,True
256,19,0,0.9102777777777777,False,True
257,100,1,0.9099259259259259,True,False
258,221,1,0.9095740740740741,True,False
259,20,0,0.9092222222222223,False,True
260,201,0,0.9088703703703703,False,True
261,339,0,0.9085185185185185,False,True
262,63,0,0.9081666666666667,False,True
263,44,0,0.9078148148148149,False,True
264,29,0,0.9074629629629629,False,True
265,62,0,0.9071111111111111,False,True
266,307,0,0.9067592592592593,False,True
267,81,0,0.9064074074074074,False,True
268,8,0,0.9060555555555556,False,True
269,41,0,0.9057037037037037,False,True
270,98,0,0.9053518518518519,False,True
271,28,0,0.905,False,True
272,65,0,0.9046481481481481,False,True
273,311,0,0.9042962962962963,False,True
274,56,0,0.9039444444444444,False,True
275,74,1,0.9035925925925926,True,False
276,212,0,0.9032407407407408,False,True
277,221,1,0.9028888888888889,True,False
278,179,0,0.902537037037037,False,True
279,271,0,0.9021851851851852,False,True
280,16,0,0.9018333333333334,False,True
281,10,0,0.9014814814814816,False,True
282,133,0,0.9011296296296296,False,True
283,152,0,0.9007777777777778,False,True
284,163,0,0.900425925925926,False,True
285,46,0,0.900074074074074,False,True
286,81,1,0.8997222222222222,True,False
287,88,0,0.8993703703703704,False,True
288,306,0,0.8990185185185186,False,True
289,85,0,0.8986666666666667,False,True
290,27,0,0.8983148148148148,False,True
291,300,0,0.897962962962963,False,True
292,306,0,0.8976111111111111,False,True
293,400,0,0.8972592592592593,False,False
294,165,1,0.8969074074074074,True,False
295,34,0,0.8965555555555556,False,True
296,45,0,0.8962037037037037,False,True
297,105,0,0.8958518518518519,False,True
298,95,0,0.8955,False,True
299,392,0,0.8951481481481481,False,True
300,128,0,0.8947962962962963,False,True
301,183,0,0.8944444444444445,False,True
302,21,0,0.8940925925925925,False,True
303,400,0,0.8937407407407407,False,False
304,131,1,0.8933888888888889,True,False
305,50,0,0.8930370370370371,False,True
306,36,0,0.8926851851851851,False,True
307,78,0,0.8923333333333333,False,True
308,133,0,0.8919814814814815,False,True
309,65,0,0.8916296296296297,False,True
310,150,0,0.8912777777777778,False,True
311,86,1,0.8909259259259259,True,False
312,84,0,0.8905740740740741,False,True
313,54,0,0.8902222222222222,False,True
314,48,0,0.8898703703703703,False,True
315,206,1,0.8895185185185185,True,False
316,57,0,0.8891666666666667,False,True
317,400,0,0.8888148148148148,False,False
318,279,0,0.888462962962963,False,True
319,26,0,0.8881111111111111,False,True
320,27,0,0.8877592592592592,False,True
321,263,1,0.8874074074074074,True,False
322,80,0,0.8870555555555556,False,True
323,99,1,0.8867037037037037,True,False
324,218,1,0.8863518518518518,True,False
325,73,0,0.886,False,True
326,182,0,0.8856481481481482,False,True
327,400,0,0.8852962962962962,False,False
328,223,0,0.8849444444444444,False,True
329,123,0,0.8845925925925926,False,True
330,353,0,0.8842407407407408,False,True
331,173,1,0.883888888888889,True,False
332,240,0,0.883537037037037,False,True
333,400,0,0.8831851851851852,False,False
334,400,0,0.8828333333333334,False,False
335,252,1,0.8824814814814815,True,False
336,18,0,0.8821296296296296,False,True
337,49,0,0.8817777777777778,False,True
338,176,0,0.881425925925926,False,True
339,400,0,0.8810740740740741,False,False
340,24,0,0.8807222222222222,False,True
341,68,0,0.8803703703703704,False,True
342,357,1,0.8800185185185185,True,False
343,118,0,0.8796666666666667,False,True
344,112,0,0.8793148148148149,False,True
345,77,0,0.878962962962963,False,True
346,257,0,0.8786111111111111,False,True
347,236,0,0.8782592592592593,False,True
348,81,0,0.8779074074074074,False,True
349,207,0,0.8775555555555555,False,True
350,56,0,0.8772037037037037,False,True
351,34,0,0.8768518518518519,False,True
352,120,0,0.8765000000000001,False,True
353,65,0,0.8761481481481481,False,True
354,179,0,0.8757962962962963,False,True
355,400,0,0.8754444444444445,False,False
356,129,1,0.8750925925925926,True,False
357,27,0,0.8747407407407407,False,True
358,317,0,0.8743888888888889,False,True
359,113,0,0.8740370370370371,False,True
360,151,1,0.8736851851851852,True,False
361,230,0,0.8733333333333333,False,True
362,107,0,0.8729814814814815,False,True
363,93,0,0.8726296296296296,False,True
364,196,0,0.8722777777777778,False,True
365,98,0,0.871925925925926,False,True
366,35,0,0.8715740740740741,False,True
367,400,0,0.8712222222222222,False,False
368,216,0,0.8708703703703704,False,True
369,386,1,0.8705185185185185,True,False
370,15,0,0.8701666666666666,False,True
371,241,0,0.8698148148148148,False,True
372,80,0,0.869462962962963,False,True
373,255,0,0.8691111111111112,False,True
374,42,0,0.8687592592592592,False,True
375,182,0,0.8684074074074074,False,True
376,400,0,0.8680555555555556,False,False
377,18,0,0.8677037037037038,False,True
378,242,0,0.8673518518518518,False,True
379,71,0,0.867,False,True
380,360,1,0.8666481481481482,True,False
381,69,0,0.8662962962962963,False,True
382,37,0,0.8659444444444444,False,True
383,312,0,0.8655925925925926,False,True
384,101,0,0.8652407407407408,False,True
385,400,0,0.8648888888888889,False,False
386,141,1,0.864537037037037,True,False
387,293,0,0.8641851851851852,False,True
388,400,0,0.8638333333333333,False,False
389,50,0,0.8634814814814815,False,True
390,68,0,0.8631296296296296,False,True
391,128,1,0.8627777777777779,True,False
392,92,0,0.8624259259259259,False,True
393,366,0,0.8620740740740741,False,True
394,387,0,0.8617222222222223,False,True
395,36,0,0.8613703703703703,False,True
396,348,1,0.8610185185185185,True,False
397,24,0,0.8606666666666667,False,True
398,111,0,0.8603148148148148,False,True
399,100,1,0.859962962962963,True,False
400,400,0,0.8596111111111111,False,False
401,84,0,0.8592592592592593,False,True
402,392,0,0.8589074074074075,False,True
403,279,1,0.8585555555555555,True,False
404,26,0,0.8582037037037037,False,True
405,400,0,0.8578518518518519,False,False
406,310,0,0.8575,False,True
407,171,0,0.8571481481481482,False,True
408,59,0,0.8567962962962963,False,True
409,158,0,0.8564444444444445,False,True
410,56,0,0.8560925925925926,False,True
411,42,0,0.8557407407407407,False,True
412,232,1,0.8553888888888889,True,False
413,20,0,0.855037037037037,False,True
414,63,0,0.8546851851851852,False,True
415,168,0,0.8543333333333334,False,True
416,156,0,0.8539814814814815,False,True
417,86,0,0.8536296296296296,False,True
418,141,1,0.8532777777777778,True,False
419,124,0,0.8529259259259259,False,True
420,82,1,0.8525740740740742,True,False
421,60,0,0.8522222222222222,False,True
422,400,0,0.8518703703703704,False,False
423,169,0,0.8515185185185186,False,True
424,11,0,0.8511666666666666,False,True
425,318,0,0.8508148148148148,False,True
426,41,0,0.850462962962963,False,True
427,39,0,0.8501111111111112,False,True
428,13,0,0.8497592592592593,False,True
429,299,1,0.8494074074074074,True,False
430,130,0,0.8490555555555556,False,True
431,400,0,0.8487037037037037,False,False
432,24,0,0.8483518518518518,False,True
433,32,0,0.848,False,True
434,224,0,0.8476481481481482,False,True
435,379,0,0.8472962962962963,False,True
436,93,0,0.8469444444444445,False,True
437,157,0,0.8465925925925926,False,True
438,280,1,0.8462407407407407,True,False
439,84,0,0.8458888888888889,False,True
440,21,0,0.845537037037037,False,True
441,113,0,0.8451851851851852,False,True
442,80,0,0.8448333333333333,False,True
443,74,0,0.8444814814814815,False,True
444,96,1,0.8441296296296297,True,False
445,301,1,0.8437777777777777,True,False
446,180,0,0.8434259259259259,False,True
447,149,0,0.8430740740740741,False,True
448,70,0,0.8427222222222222,False,True
449,123,1,0.8423703703703704,True,False
450,270,1,0.8420185185185185,True,False
451,168,1,0.8416666666666667,True,False
452,357,0,0.8413148148148148,False,True
453,166,0,0.840962962962963,False,True
454,184,0,0.8406111111111111,False,True
455,210,0,0.8402592592592593,False,True
456,91,0,0.8399074074074074,False,True
457,275,1,0.8395555555555556,True,False
458,55,0,0.8392037037037037,False,True
459,301,0,0.8388518518518518,False,True
460,400,0,0.8385,False,False
461,56,0,0.8381481481481482,False,True
462,400,0,0.8377962962962963,False,False
463,137,1,0.8374444444444444,True,False
464,24,0,0.8370925925925926,False,True
465,48,0,0.8367407407407408,False,True
466,220,1,0.8363888888888888,True,False
467,214,0,0.836037037037037,False,True
468,299,0,0.8356851851851852,False,True
469,164,1,0.8353333333333334,True,False
470,143,1,0.8349814814814815,True,False
471,43,0,0.8346296296296296,False,True
472,369,0,0.8342777777777778,False,True
473,13,0,0.833925925925926,False,True
474,55,0,0.833574074074074,False,True
475,400,0,0.8332222222222222,False,False
476,189,1,0.8328703703703704,True,False
477,50,0,0.8325185185185185,False,True
478,37,0,0.8321666666666667,False,True
479,309,1,0.8318148148148148,True,False
480,189,0,0.831462962962963,False,True
481,223,0,0.8311111111111111,False,True
482,270,0,0.8307592592592593,False,True
483,65,0,0.8304074074074074,False,True
484,338,1,0.8300555555555555,True,False
485,400,0,0.8297037037037037,False,False
486,60,0,0.8293518518518519,False,True
487,224,0,0.829,False,True
488,247,0,0.8286481481481481,False,True
489,79,0,0.8282962962962963,False,True
490,395,0,0.8279444444444445,False,True
491,336,0,0.8275925925925927,False,True
492,121,1,0.8272407407407407,True,False
493,304,0,0.8268888888888889,False,True
494,24,0,0.8265370370370371,False,True
495,74,0,0.8261851851851851,False,True
496,33,0,0.8258333333333334,False,True
497,365,0,0.8254814814814815,False,True
498,23,0,0.8251296296296297,False,True
499,81,0,0.8247777777777778,False,True
500,172,0,0.8244259259259259,False,True
501,140,0,0.8240740740740741,False,True
502,180,0,0.8237222222222222,False,True
503,313,0,0.8233703703703703,False,True
504,400,0,0.8230185185185186,False,False
505,125,0,0.8226666666666667,False,True
506,23,0,0.8223148148148148,False,True
507,90,1,0.821962962962963,True,False
508,83,0,0.8216111111111111,False,True
509,165,1,0.8212592592592592,True,False
510,352,0,0.8209074074074074,False,True
511,400,0,0.8205555555555556,False,False
512,128,0,0.8202037037037038,False,True
513,375,0,0.8198518518518518,False,True
514,160,1,0.8195,True,False
515,144,1,0.8191481481481482,True,False
516,24,0,0.8187962962962962,False,True
517,22,0,0.8184444444444444,False,True
518,400,0,0.8180925925925926,False,False
519,181,1,0.8177407407407408,True,False
520,400,0,0.8173888888888889,False,False
521,96,0,0.817037037037037,False,True
522,195,0,0.8166851851851852,False,True
523,36,0,0.8163333333333334,False,True
524,56,1,0.8159814814814814,True,False
525,133,1,0.8156296296296297,True,False
526,113,0,0.8152777777777778,False,True
527,15,0,0.8149259259259259,False,True
528,206,1,0.8145740740740741,True,False
529,135,0,0.8142222222222222,False,True
530,155,0,0.8138703703703704,False,True
531,390,1,0.8135185185185185,True,False
532,400,0,0.8131666666666667,False,False
533,79,0,0.8128148148148149,False,True
534,243,0,0.8124629629629629,False,True
535,33,0,0.8121111111111111,False,True
536,73,0,0.8117592592592593,False,True
537,78,0,0.8114074074074074,False,True
538,251,0,0.8110555555555555,False,True
539,107,0,0.8107037037037037,False,True
540,146,0,0.8103518518518519,False,True
541,33,0,0.81,False,True
542,289,0,0.8096481481481481,False,True
543,45,0,0.8092962962962963,False,True
544,23,0,0.8089444444444445,False,True
545,50,0,0.8085925925925926,False,True
546,336,0,0.8082407407407407,False,True
547,15,0,0.8078888888888889,False,True
548,101,0,0.807537037037037,False,True
549,85,0,0.8071851851851852,False,True
550,130,0,0.8068333333333333,False,True
551,52,0,0.8064814814814815,False,True
552,30,0,0.8061296296296296,False,True
553,78,0,0.8057777777777778,False,True
554,29,0,0.805425925925926,False,True
555,146,0,0.805074074074074,False,True
556,227,1,0.8047222222222222,True,False
557,284,0,0.8043703703703704,False,True
558,400,0,0.8040185185185186,False,False
559,112,0,0.8036666666666666,False,True
560,52,0,0.8033148148148148,False,True
561,17,0,0.802962962962963,False,True
562,24,0,0.8026111111111112,False,True
563,400,0,0.8022592592592592,False,False
564,7,0,0.8019074074074074,False,True
565,152,0,0.8015555555555556,False,True
566,168,1,0.8012037037037038,True,False
567,87,0,0.8008518518518518,False,True
568,285,0,0.8005,False,True
569,152,0,0.8001481481481482,False,True
570,159,1,0.7997962962962963,True,False
571,271,0,0.7994444444444444,False,True
572,227,0,0.7990925925925926,False,True
573,23,0,0.7987407407407408,False,True
574,200,0,0.7983888888888889,False,True
575,40,0,0.7980370370370371,False,True
576,98,1,0.7976851851851852,True,False
577,215,1,0.7973333333333333,True,False
578,400,0,0.7969814814814815,False,False
579,375,0,0.7966296296296296,False,True
580,285,0,0.7962777777777779,False,True
581,20,0,0.7959259259259259,False,True
582,20,0,0.7955740740740741,False,True
583,58,0,0.7952222222222223,False,True
584,252,0,0.7948703703703703,False,True
585,400,0,0.7945185185185185,False,False
586,166,1,0.7941666666666667,True,False
587,381,0,0.7938148148148149,False,True
588,68,0,0.793462962962963,False,True
589,27,0,0.7931111111111111,False,True
590,62,0,0.7927592592592593,False,True
591,38,0,0.7924074074074074,False,True
592,37,0,0.7920555555555555,False,True
593,17,0,0.7917037037037037,False,True
594,51,0,0.7913518518518519,False,True
595,57,0,0.791,False,True
596,54,1,0.7906481481481482,True,False
597,107,0,0.7902962962962963,False,True
598,47,0,0.7899444444444444,False,True
599,52,0,0.7895925925925926,False,True
600,246,1,0.7892407407407407,True,False
601,64,0,0.788888888888889,False,True
602,80,0,0.788537037037037,False,True
603,127,0,0.7881851851851852,False,True
604,95,0,0.7878333333333334,False,True
605,56,0,0.7874814814814814,False,True
606,400,0,0.7871296296296296,False,False
607,102,0,0.7867777777777778,False,True
608,353,0,0.7864259259259259,False,True
609,79,0,0.7860740740740741,False,True
610,128,0,0.7857222222222222,False,True
611,19,0,0.7853703703703704,False,True
612,92,1,0.7850185185185186,True,False
613,110,0,0.7846666666666666,False,True
614,400,0,0.7843148148148148,False,False
615,50,0,0.783962962962963,False,True
616,245,0,0.7836111111111111,False,True
617,211,1,0.7832592592592593,True,False
618,101,0,0.7829074074074074,False,True
619,205,0,0.7825555555555556,False,True
620,150,1,0.7822037037037037,True,False
621,275,0,0.7818518518518518,False,True
622,400,0,0.7815,False,False
623,367,0,0.7811481481481481,False,True
624,283,0,0.7807962962962963,False,True
625,400,0,0.7804444444444445,False,False
626,100,0,0.7800925925925926,False,True
627,400,0,0.7797407407407407,False,False
628,222,0,0.7793888888888889,False,True
629,76,0,0.779037037037037,False,True
630,129,0,0.7786851851851853,False,True
631,400,0,0.7783333333333333,False,True
632,263,0,0.7779814814814815,False,True
633,340,0,0.7776296296296297,False,True
634,122,0,0.7772777777777777,False,True
635,307,0,0.7769259259259259,False,True
636,100,0,0.7765740740740741,False,True
637,82,0,0.7762222222222223,False,True
638,350,0,0.7758703703703704,False,True
639,165,0,0.7755185185185185,False,True
640,188,0,0.7751666666666667,False,True
641,216,1,0.7748148148148148,True,False
642,18,0,0.774462962962963,False,True
643,99,0,0.7741111111111111,False,True
644,172,1,0.7737592592592593,True,False
645,118,0,0.7734074074074074,False,True
646,73,0,0.7730555555555556,False,True
647,192,1,0.7727037037037037,True,False
648,37,0,0.7723518518518518,False,True
649,181,0,0.772,False,True
650,400,0,0.7716481481481482,False,False
651,198,0,0.7712962962962964,False,True
652,179,0,0.7709444444444444,False,True
653,152,0,0.7705925925925926,False,True
654,93,0,0.7702407407407408,False,True
655,184,0,0.7698888888888888,False,True
656,18,0,0.769537037037037,False,True
657,62,0,0.7691851851851852,False,True
658,117,0,0.7688333333333334,False,True
659,34,0,0.7684814814814815,False,True
660,400,0,0.7681296296296296,False,False
661,209,0,0.7677777777777778,False,True
662,249,1,0.767425925925926,True,False
663,138,1,0.7670740740740741,True,False
664,146,1,0.7667222222222222,True,False
665,271,0,0.7663703703703704,False,True
666,33,0,0.7660185185185185,False,True
667,44,0,0.7656666666666667,False,True
668,106,1,0.7653148148148148,True,False
669,27,0,0.764962962962963,False,True
670,242,0,0.7646111111111111,False,True
671,86,1,0.7642592592592593,True,False
672,400,0,0.7639074074074074,False,False
673,334,0,0.7635555555555555,False,True
674,63,0,0.7632037037037037,False,True
675,59,0,0.7628518518518519,False,True
676,400,0,0.7625,False,False
677,264,0,0.7621481481481482,False,True
678,58,0,0.7617962962962963,False,True
679,400,0,0.7614444444444445,False,False
680,25,0,0.7610925925925927,False,True
681,76,0,0.7607407407407407,False,True
682,157,0,0.7603888888888889,False,True
683,151,1,0.7600370370370371,True,False
684,12,0,0.7596851851851852,False,True
685,347,0,0.7593333333333333,False,True
686,114,0,0.7589814814814815,False,True
687,135,0,0.7586296296296297,False,True
688,33,0,0.7582777777777778,False,True
689,179,1,0.7579259259259259,True,False
690,400,0,0.7575740740740741,False,False
691,115,1,0.7572222222222222,True,False
692,67,0,0.7568703703703703,False,True
693,326,1,0.7565185185185186,True,False
694,117,0,0.7561666666666667,False,True
695,65,0,0.7558148148148148,False,True
696,23,0,0.755462962962963,False,True
697,95,0,0.7551111111111111,False,True
698,35,0,0.7547592592592594,False,True
699,44,0,0.7544074074074074,False,True
700,166,1,0.7540555555555556,True,False
701,8,0,0.7537037037037038,False,True
702,178,1,0.7533518518518518,True,False
703,336,1,0.753,True,False
704,24,0,0.7526481481481482,False,True
705,81,0,0.7522962962962964,False,True
706,41,0,0.7519444444444444,False,True
707,18,0,0.7515925925925926,False,True
708,38,0,0.7512407407407408,False,True
709,112,1,0.7508888888888889,True,False
710,118,0,0.750537037037037,False,True
711,107,0,0.7501851851851852,False,True
712,73,0,0.7498333333333334,False,True
713,160,0,0.7494814814814814,False,True
714,400,0,0.7491296296296297,False,False
715,85,0,0.7487777777777778,False,True
716,312,0,0.7484259259259259,False,True
717,109,0,0.7480740740740741,False,True
718,400,0,0.7477222222222222,False,False
719,172,1,0.7473703703703705,True,False
720,400,0,0.7470185185185185,False,False
721,118,0,0.7466666666666667,False,True
722,400,0,0.7463148148148149,False,False
723,168,0,0.7459629629629629,False,True
724,142,0,0.7456111111111111,False,True
725,47,0,0.7452592592592593,False,True
726,53,0,0.7449074074074074,False,True
727,32,0,0.7445555555555556,False,True
728,50,0,0.7442037037037037,False,True
729,111,0,0.7438518518518519,False,True
730,47,0,0.7435,False,True
731,20,0,0.7431481481481481,False,True
732,384,0,0.7427962962962964,False,True
733,73,1,0.7424444444444445,True,False
734,400,0,0.7420925925925925,False,False
735,56,0,0.7417407407407408,False,True
736,27,0,0.7413888888888889,False,True
737,182,0,0.741037037037037,False,True
738,25,0,0.7406851851851852,False,True
739,23,0,0.7403333333333333,False,True
740,275,0,0.7399814814814815,False,True
741,400,0,0.7396296296296296,False,False
742,182,0,0.7392777777777778,False,True
743,147,0,0.738925925925926,False,True
744,147,0,0.738574074074074,False,True
745,400,0,0.7382222222222222,False,False
746,37,0,0.7378703703703704,False,True
747,180,1,0.7375185185185185,True,False
748,67,0,0.7371666666666667,False,True
749,148,0,0.7368148148148148,False,True
750,241,0,0.736462962962963,False,True
751,381,0,0.7361111111111112,False,True
752,129,1,0.7357592592592592,True,False
753,35,0,0.7354074074074075,False,True
754,146,0,0.7350555555555556,False,True
755,9,0,0.7347037037037036,False,True
756,74,0,0.7343518518518519,False,True
757,116,0,0.734,False,True
758,51,0,0.7336481481481482,False,True
759,245,0,0.7332962962962963,False,True
760,400,0,0.7329444444444444,False,False
761,49,0,0.7325925925925926,False,True
762,96,0,0.7322407407407407,False,True
763,46,0,0.7318888888888889,False,True
764,376,1,0.7315370370370371,True,False
765,133,1,0.7311851851851852,True,False
766,237,0,0.7308333333333333,False,True
767,163,0,0.7304814814814815,False,True
768,344,0,0.7301296296296296,False,True
769,400,0,0.7297777777777779,False,False
770,313,0,0.7294259259259259,False,True
771,171,1,0.729074074074074,True,False
772,288,0,0.7287222222222223,False,True
773,65,0,0.7283703703703703,False,True
774,142,1,0.7280185185185186,True,False
775,203,0,0.7276666666666667,False,True
776,191,0,0.7273148148148147,False,True
777,237,0,0.726962962962963,False,True
778,160,0,0.7266111111111111,False,True
779,17,0,0.7262592592592593,False,True
780,177,0,0.7259074074074074,False,True
781,36,0,0.7255555555555556,False,True
782,65,0,0.7252037037037037,False,True
783,281,0,0.7248518518518519,False,True
784,55,0,0.7245,False,True
785,103,0,0.7241481481481482,False,True
786,139,0,0.7237962962962963,False,True
787,84,0,0.7234444444444444,False,True
788,52,0,0.7230925925925926,False,True
789,25,0,0.7227407407407407,False,True
790,308,0,0.722388888888889,False,True
791,44,0,0.722037037037037,False,True
792,400,0,0.7216851851851852,False,False
793,85,1,0.7213333333333334,True,False
794,61,0,0.7209814814814814,False,True
795,164,1,0.7206296296296296,True,False
796,114,0,0.7202777777777778,False,True
797,64,1,0.719925925925926,True,False
798,49,0,0.7195740740740741,False,True
799,38,0,0.7192222222222222,False,True
800,89,0,0.7188703703703704,False,True
801,73,0,0.7185185185185186,False,True
802,10,0,0.7181666666666666,False,True
803,105,0,0.7178148148148148,False,True
804,77,0,0.717462962962963,False,True
805,163,0,0.7171111111111111,False,True
806,18,0,0.7167592592592593,False,True
807,27,0,0.7164074074074074,False,True
808,128,1,0.7160555555555557,True,False
809,38,0,0.7157037037037037,False,True
810,193,1,0.7153518518518518,True,False
811,33,0,0.7150000000000001,False,True
812,400,0,0.7146481481481481,False,False
813,20,0,0.7142962962962963,False,True
814,69,0,0.7139444444444445,False,True
815,33,0,0.7135925925925926,False,True
816,61,0,0.7132407407407407,False,True
817,167,1,0.7128888888888889,True,False
818,106,0,0.7125370370370371,False,True
819,81,0,0.7121851851851853,False,True
820,25,0,0.7118333333333333,False,True
821,71,0,0.7114814814814815,False,True
822,400,0,0.7111296296296297,False,False
823,94,0,0.7107777777777777,False,True
824,400,0,0.710425925925926,False,False
825,25,0,0.7100740740740741,False,True
826,101,0,0.7097222222222221,False,True
827,82,0,0.7093703703703704,False,True
828,357,0,0.7090185185185185,False,True
829,324,1,0.7086666666666668,True,False
830,216,0,0.7083148148148148,False,True
831,264,0,0.7079629629629629,False,True
832,164,0,0.7076111111111112,False,True
833,380,0,0.7072592592592593,False,True
834,104,1,0.7069074074074074,True,False
835,100,0,0.7065555555555556,False,True
836,400,0,0.7062037037037037,False,False
837,355,0,0.7058518518518518,False,True
838,67,0,0.7055,False,True
839,268,0,0.7051481481481482,False,True
840,252,1,0.7047962962962964,True,False
841,224,0,0.7044444444444444,False,True
842,13,0,0.7040925925925926,False,True
843,36,0,0.7037407407407408,False,True
844,33,0,0.7033888888888888,False,True
845,140,0,0.7030370370370371,False,True
846,400,0,0.7026851851851852,False,False
847,198,0,0.7023333333333333,False,True
848,121,0,0.7019814814814815,False,True
849,113,0,0.7016296296296296,False,True
850,45,0,0.7012777777777778,False,True
851,400,0,0.700925925925926,False,False
852,98,1,0.700574074074074,True,False
853,400,0,0.7002222222222223,False,False
854,124,0,0.6998703703703704,False,True
855,231,0,0.6995185185185185,False,True
856,183,1,0.6991666666666667,True,False
857,137,0,0.6988148148148148,False,True
858,161,0,0.698462962962963,False,True
859,31,0,0.6981111111111111,False,True
860,166,0,0.6977592592592593,False,True
861,400,0,0.6974074074074075,False,False
862,390,0,0.6970555555555555,False,True
863,127,0,0.6967037037037037,False,True
864,261,1,0.6963518518518519,True,False
865,26,0,0.696,False,True
866,177,0,0.6956481481481482,False,True
867,147,0,0.6952962962962963,False,True
868,400,0,0.6949444444444444,False,False
869,59,0,0.6945925925925927,False,True
870,217,0,0.6942407407407407,False,True
871,227,0,0.6938888888888889,False,True
872,203,1,0.6935370370370371,True,False
873,84,0,0.6931851851851852,False,True
874,201,0,0.6928333333333334,False,True
875,17,0,0.6924814814814815,False,True
876,126,0,0.6921296296296297,False,True
877,400,0,0.6917777777777778,False,False
878,307,0,0.6914259259259259,False,True
879,221,0,0.6910740740740741,False,True
880,180,0,0.6907222222222222,False,True
881,14,0,0.6903703703703703,False,True
882,26,0,0.6900185185185186,False,True
883,90,0,0.6896666666666667,False,True
884,54,0,0.6893148148148148,False,True
885,56,0,0.688962962962963,False,True
886,281,0,0.6886111111111111,False,True
887,273,0,0.6882592592592593,False,True
888,189,1,0.6879074074074074,True,False
889,132,0,0.6875555555555556,False,True
890,386,1,0.6872037037037038,True,False
891,381,1,0.6868518518518518,True,False
892,18,0,0.6865,False,True
893,107,0,0.6861481481481482,False,True
894,57,0,0.6857962962962963,False,True
895,400,0,0.6854444444444444,False,False
896,56,0,0.6850925925925926,False,True
897,28,0,0.6847407407407408,False,True
898,55,0,0.6843888888888889,False,True
899,205,1,0.684037037037037,True,False
900,202,1,0.6836851851851853,True,False
901,52,0,0.6833333333333333,False,True
902,90,0,0.6829814814814814,False,True
903,84,1,0.6826296296296297,True,False
904,400,0,0.6822777777777778,False,False
905,134,0,0.681925925925926,False,True
906,161,0,0.6815740740740741,False,True
907,92,0,0.6812222222222222,False,True
908,179,0,0.6808703703703705,False,True
909,182,0,0.6805185185185185,False,True
910,316,0,0.6801666666666667,False,True
911,50,0,0.6798148148148149,False,True
912,75,0,0.6794629629629629,False,True
913,93,0,0.6791111111111111,False,True
914,400,0,0.6787592592592593,False,False
915,400,0,0.6784074074074075,False,False
916,234,1,0.6780555555555556,True,False
917,70,0,0.6777037037037037,False,True
918,118,1,0.6773518518518519,True,False
919,126,0,0.677,False,True
920,400,0,0.6766481481481481,False,False
921,43,0,0.6762962962962964,False,True
922,49,0,0.6759444444444445,False,True
923,174,0,0.6755925925925925,False,True
924,92,0,0.6752407407407408,False,True
925,28,0,0.6748888888888889,False,True
926,174,1,0.674537037037037,True,False
927,73,0,0.6741851851851852,False,True
928,310,1,0.6738333333333333,True,False
929,276,0,0.6734814814814816,False,True
930,48,1,0.6731296296296296,True,False
931,184,1,0.6727777777777778,True,False
932,202,0,0.672425925925926,False,True
933,245,0,0.672074074074074,False,True
934,180,0,0.6717222222222222,False,True
935,400,0,0.6713703703703704,False,False
936,126,1,0.6710185185185186,True,False
937,31,0,0.6706666666666667,False,True
938,276,0,0.6703148148148148,False,True
939,57,1,0.669962962962963,True,False
940,111,0,0.6696111111111112,False,True
941,78,0,0.6692592592592592,False,True
942,270,0,0.6689074074074075,False,True
943,291,0,0.6685555555555556,False,True
944,74,0,0.6682037037037036,False,True
945,400,0,0.6678518518518519,False,False
946,400,0,0.6675,False,False
947,93,0,0.6671481481481482,False,True
948,161,1,0.6667962962962963,True,False
949,328,0,0.6664444444444444,False,True
950,285,0,0.6660925925925926,False,True
951,123,1,0.6657407407407407,True,False
952,400,0,0.6653888888888889,False,False
953,35,0,0.6650370370370371,False,True
954,53,0,0.6646851851851852,False,True
955,77,0,0.6643333333333333,False,True
956,200,0,0.6639814814814815,False,True
957,203,1,0.6636296296296296,True,False
958,32,0,0.6632777777777779,False,True
959,52,0,0.6629259259259259,False,True
960,378,0,0.6625740740740741,False,True
961,88,0,0.6622222222222223,False,True
962,126,0,0.6618703703703703,False,True
963,54,0,0.6615185185185186,False,True
964,18,0,0.6611666666666667,False,True
965,25,0,0.6608148148148147,False,True
966,400,0,0.660462962962963,False,False
967,80,0,0.6601111111111111,False,True
968,20,0,0.6597592592592593,False,True
969,22,0,0.6594074074074074,False,True
970,109,1,0.6590555555555556,True,False
971,15,0,0.6587037037037037,False,True
972,289,1,0.6583518518518519,True,False
973,80,0,0.658,False,True
974,47,0,0.6576481481481482,False,True
975,286,0,0.6572962962962963,False,True
976,261,0,0.6569444444444444,False,True
977,366,0,0.6565925925925926,False,True
978,99,0,0.6562407407407407,False,True
979,349,0,0.655888888888889,False,True
980,269,0,0.655537037037037,False,True
981,115,1,0.6551851851851852,True,False
982,10,0,0.6548333333333334,False,True
983,59,0,0.6544814814814814,False,True
984,400,0,0.6541296296296297,False,False
985,86,0,0.6537777777777778,False,True
986,243,0,0.653425925925926,False,True
987,29,0,0.6530740740740741,False,True
988,43,0,0.6527222222222222,False,True
989,45,0,0.6523703703703704,False,True
990,400,0,0.6520185185185186,False,False
991,150,0,0.6516666666666667,False,True
992,216,0,0.6513148148148148,False,True
993,68,0,0.650962962962963,False,True
994,337,1,0.6506111111111111,True,False
995,269,0,0.6502592592592593,False,True
996,37,0,0.6499074074074074,False,True
997,42,0,0.6495555555555557,False,True
998,206,0,0.6492037037037037,False,True
999,53,0,0.6488518518518518,False,True
1000,17,0,0.6485000000000001,False,True
1001,400,0,0.6481481481481481,False,False
1002,214,0,0.6477962962962963,False,True
1003,183,1,0.6474444444444445,True,False
1004,23,0,0.6470925925925926,False,True
1005,400,0,0.6467407407407407,False,False
1006,166,1,0.6463888888888889,True,False
1007,321,0,0.6460370370370371,False,True
1008,241,0,0.6456851851851853,False,True
1009,321,0,0.6453333333333333,False,True
1010,52,0,0.6449814814814815,False,True
1011,30,0,0.6446296296296297,False,True
1012,15,0,0.6442777777777777,False,True
1013,72,0,0.643925925925926,False,True
1014,205,1,0.6435740740740741,True,False
1015,65,0,0.6432222222222223,False,True
1016,194,1,0.6428703703703704,True,False
1017,45,0,0.6425185185185185,False,True
1018,26,0,0.6421666666666668,False,True
1019,317,0,0.6418148148148148,False,True
1020,9,0,0.6414629629629629,False,True
1021,100,0,0.6411111111111112,False,True
1022,144,1,0.6407592592592593,True,False
1023,147,0,0.6404074074074074,False,True
1024,126,1,0.6400555555555556,True,False
1025,49,0,0.6397037037037037,False,True
1026,175,0,0.6393518518518518,False,True
1027,42,0,0.639,False,True
1028,68,0,0.6386481481481482,False,True
1029,132,1,0.6382962962962964,True,False
1030,22,0,0.6379444444444444,False,True
1031,119,0,0.6375925925925926,False,True
1032,42,0,0.6372407407407408,False,True
1033,99,0,0.6368888888888888,False,True
1034,50,0,0.6365370370370371,False,True
1035,155,0,0.6361851851851852,False,True
1036,94,0,0.6358333333333333,False,True
1037,232,1,0.6354814814814815,True,False
1038,207,1,0.6351296296296296,True,False
1039,40,0,0.6347777777777779,False,True
1040,39,0,0.634425925925926,False,True
1041,116,0,0.634074074074074,False,True
1042,286,0,0.6337222222222223,False,True
1043,155,1,0.6333703703703704,True,False
1044,103,0,0.6330185185185185,False,True
1045,45,0,0.6326666666666667,False,True
1046,235,1,0.6323148148148148,True,False
1047,24,0,0.631962962962963,False,True
1048,400,0,0.6316111111111111,False,False
1049,303,0,0.6312592592592593,False,True
1050,239,0,0.6309074074074075,False,True
1051,94,0,0.6305555555555555,False,True
1052,163,1,0.6302037037037037,True,False
1053,27,0,0.6298518518518519,False,True
1054,164,0,0.6295,False,True
1055,104,1,0.6291481481481482,True,False
1056,109,0,0.6287962962962963,False,True
1057,400,0,0.6284444444444444,False,False
1058,315,0,0.6280925925925926,False,True
1059,93,1,0.6277407407407407,True,False
1060,110,0,0.6273888888888889,False,True
1061,54,0,0.6270370370370371,False,True
1062,33,0,0.6266851851851852,False,True
1063,69,0,0.6263333333333334,False,True
1064,118,0,0.6259814814814815,False,True
1065,118,1,0.6256296296296296,True,False
1066,31,0,0.6252777777777778,False,True
1067,363,0,0.6249259259259259,False,True
1068,280,0,0.6245740740740741,False,True
1069,186,0,0.6242222222222222,False,True
1070,105,0,0.6238703703703704,False,True
1071,63,0,0.6235185185185186,False,True
1072,228,1,0.6231666666666666,True,False
1073,126,0,0.6228148148148148,False,True
1074,219,0,0.622462962962963,False,True
1075,97,1,0.6221111111111111,True,False
1076,35,0,0.6217592592592593,False,True
1077,114,0,0.6214074074074074,False,True
1078,78,0,0.6210555555555556,False,True
1079,102,0,0.6207037037037038,False,True
1080,204,1,0.6203518518518518,True,False
1081,37,0,0.62,False,True
1082,43,0,0.6196481481481482,False,True
1083,73,0,0.6192962962962963,False,True
1084,107,1,0.6189444444444445,True,False
1085,24,0,0.6185925925925926,False,True
1086,195,1,0.6182407407407408,True,False
1087,89,1,0.6178888888888889,True,False
1088,72,0,0.617537037037037,False,True
1089,400,0,0.6171851851851853,False,False
1090,89,0,0.6168333333333333,False,True
1091,71,0,0.6164814814814814,False,True
1092,112,1,0.6161296296296297,True,False
1093,173,0,0.6157777777777778,False,True
1094,225,0,0.615425925925926,False,True
1095,203,1,0.6150740740740741,True,False
1096,93,0,0.6147222222222222,False,True
1097,66,0,0.6143703703703705,False,True
1098,255,0,0.6140185185185185,False,True
1099,65,1,0.6136666666666667,True,False
1100,196,1,0.6133148148148149,True,False
1101,156,0,0.6129629629629629,False,True
1102,49,0,0.6126111111111111,False,True
1103,23,0,0.6122592592592593,False,True
1104,125,1,0.6119074074074075,True,False
1105,44,0,0.6115555555555556,False,True
1106,222,0,0.6112037037037037,False,True
1107,278,0,0.6108518518518519,False,True
1108,68,0,0.6105,False,True
1109,52,0,0.6101481481481481,False,True
1110,174,0,0.6097962962962964,False,True
1111,16,0,0.6094444444444445,False,True
1112,400,0,0.6090925925925925,False,False
1113,130,0,0.6087407407407408,False,True
1114,400,0,0.6083888888888889,False,False
1115,48,0,0.6080370370370372,False,True
1116,400,0,0.6076851851851852,False,False
1117,337,0,0.6073333333333333,False,True
1118,156,1,0.6069814814814816,True,False
1119,145,0,0.6066296296296296,False,True
1120,44,0,0.6062777777777778,False,True
1121,40,0,0.605925925925926,False,True
1122,207,0,0.605574074074074,False,True
1123,186,1,0.6052222222222222,True,False
1124,22,0,0.6048703703703704,False,True
1125,62,0,0.6045185185185186,False,True
1126,164,0,0.6041666666666667,False,True
1127,23,0,0.6038148148148148,False,True
1128,143,0,0.603462962962963,False,True
1129,80,0,0.6031111111111112,False,True
1130,264,0,0.6027592592592592,False,True
1131,130,0,0.6024074074074075,False,True
1132,400,0,0.6020555555555556,False,False
1133,160,1,0.6017037037037036,True,False
1134,200,0,0.6013518518518519,False,True
1135,150,0,0.601,False,True
1136,381,0,0.6006481481481482,False,True
1137,104,0,0.6002962962962963,False,True
1138,34,0,0.5999444444444444,False,True
1139,24,0,0.5995925925925927,False,True
1140,400,0,0.5992407407407407,False,False
1141,170,1,0.5988888888888889,True,False
1142,63,0,0.5985370370370371,False,True
1143,48,0,0.5981851851851852,False,True
1144,292,0,0.5978333333333333,False,True
1145,58,0,0.5974814814814815,False,True
1146,125,0,0.5971296296296297,False,True
1147,157,1,0.5967777777777779,True,False
1148,85,1,0.5964259259259259,True,False
1149,38,0,0.5960740740740741,False,True
1150,33,0,0.5957222222222223,False,True
1151,377,1,0.5953703703703703,True,False
1152,400,0,0.5950185185185186,False,False
1153,194,1,0.5946666666666667,True,False
1154,123,0,0.5943148148148147,False,True
1155,147,0,0.593962962962963,False,True
1156,101,0,0.5936111111111111,False,True
1157,225,1,0.5932592592592593,True,False
1158,400,0,0.5929074074074074,False,False
1159,400,0,0.5925555555555556,False,False
1160,251,1,0.5922037037037037,True,False
1161,64,0,0.5918518518518519,False,True
1162,28,0,0.5915,False,True
1163,31,0,0.5911481481481482,False,True
1164,85,0,0.5907962962962963,False,True
1165,10,0,0.5904444444444444,False,True
1166,94,1,0.5900925925925926,True,False
1167,148,1,0.5897407407407407,True,False
1168,36,0,0.589388888888889,False,True
1169,280,0,0.589037037037037,False,True
1170,292,0,0.5886851851851852,False,True
1171,234,0,0.5883333333333334,False,True
1172,25,0,0.5879814814814814,False,True
1173,177,0,0.5876296296296297,False,True
1174,129,0,0.5872777777777778,False,True
1175,52,0,0.586925925925926,False,True
1176,81,0,0.5865740740740741,False,True
1177,22,0,0.5862222222222222,False,True
1178,70,0,0.5858703703703704,False,True
1179,45,0,0.5855185185185185,False,True
1180,23,0,0.5851666666666667,False,True
1181,227,1,0.5848148148148148,True,False
1182,48,0,0.584462962962963,False,True
1183,281,1,0.5841111111111111,True,False
1184,78,0,0.5837592592592593,False,True
1185,41,0,0.5834074074074074,False,True
1186,54,0,0.5830555555555557,False,True
1187,168,0,0.5827037037037037,False,True
1188,164,0,0.5823518518518518,False,True
1189,46,0,0.5820000000000001,False,True
1190,400,0,0.5816481481481481,False,False
1191,189,0,0.5812962962962963,False,True
1192,27,0,0.5809444444444445,False,True
1193,12,0,0.5805925925925925,False,True
1194,211,1,0.5802407407407408,True,False
1195,124,0,0.5798888888888889,False,True
1196,254,0,0.5795370370370371,False,True
1197,105,0,0.5791851851851852,False,True
1198,33,0,0.5788333333333333,False,True
1199,94,1,0.5784814814814815,True,False
1200,18,0,0.5781296296296297,False,True
1201,41,0,0.5777777777777778,False,True
1202,27,0,0.577425925925926,False,True
1203,131,0,0.5770740740740741,False,True
1204,174,0,0.5767222222222222,False,True
1205,400,0,0.5763703703703704,False,False
1206,47,0,0.5760185185185185,False,True
1207,17,0,0.5756666666666668,False,True
1208,17,0,0.5753148148148148,False,True
1209,162,0,0.5749629629629629,False,True
1210,41,0,0.5746111111111112,False,True
1211,72,0,0.5742592592592592,False,True
1212,100,0,0.5739074074074074,False,True
1213,98,0,0.5735555555555556,False,True
1214,400,0,0.5732037037037037,False,False
1215,118,0,0.5728518518518518,False,True
1216,223,1,0.5725,True,False
1217,128,0,0.5721481481481482,False,True
1218,130,0,0.5717962962962964,False,True
1219,232,0,0.5714444444444444,False,True
1220,139,1,0.5710925925925926,True,False
1221,150,1,0.5707407407407408,True,False
1222,60,0,0.5703888888888888,False,True
1223,138,0,0.5700370370370371,False,True
1224,69,0,0.5696851851851852,False,True
1225,18,0,0.5693333333333334,False,True
1226,63,0,0.5689814814814815,False,True
1227,400,0,0.5686296296296296,False,False
1228,132,1,0.5682777777777779,True,False
1229,56,0,0.567925925925926,False,True
1230,77,0,0.567574074074074,False,True
1231,190,0,0.5672222222222223,False,True
1232,40,0,0.5668703703703704,False,True
1233,104,0,0.5665185185185185,False,True
1234,247,1,0.5661666666666667,True,False
1235,29,0,0.5658148148148148,False,True
1236,32,0,0.565462962962963,False,True
1237,18,0,0.5651111111111111,False,True
1238,79,0,0.5647592592592593,False,True
1239,243,0,0.5644074074074075,False,True
1240,324,0,0.5640555555555555,False,True
1241,150,1,0.5637037037037037,True,False
1242,32,0,0.5633518518518519,False,True
1243,54,0,0.563,False,True
1244,53,0,0.5626481481481482,False,True
1245,130,0,0.5622962962962963,False,True
1246,236,0,0.5619444444444444,False,True
1247,39,0,0.5615925925925926,False,True
1248,298,1,0.5612407407407407,True,False
1249,43,1,0.560888888888889,True,False
1250,79,0,0.5605370370370371,False,True
1251,68,0,0.5601851851851852,False,True
1252,311,0,0.5598333333333334,False,True
1253,64,0,0.5594814814814815,False,True
1254,46,0,0.5591296296296296,False,True
1255,85,0,0.5587777777777778,False,True
1256,198,0,0.558425925925926,False,True
1257,236,0,0.5580740740740741,False,True
1258,113,0,0.5577222222222222,False,True
1259,91,0,0.5573703703703704,False,True
1260,93,0,0.5570185185185186,False,True
1261,321,0,0.5566666666666666,False,True
1262,133,0,0.5563148148148148,False,True
1263,19,0,0.555962962962963,False,True
1264,275,0,0.5556111111111111,False,True
1265,222,0,0.5552592592592593,False,True
1266,38,0,0.5549074074074074,False,True
1267,52,0,0.5545555555555556,False,True
1268,236,0,0.5542037037037038,False,True
1269,400,0,0.5538518518518518,False,False
1270,92,0,0.5535000000000001,False,True
1271,156,0,0.5531481481481482,False,True
1272,189,0,0.5527962962962963,False,True
1273,400,0,0.5524444444444445,False,False
1274,124,1,0.5520925925925926,True,False
1275,19,0,0.5517407407407408,False,True
1276,70,0,0.5513888888888889,False,True
1277,147,1,0.551037037037037,True,False
1278,22,0,0.5506851851851853,False,True
1279,91,0,0.5503333333333333,False,True
1280,53,0,0.5499814814814815,False,True
1281,286,1,0.5496296296296297,True,False
1282,47,0,0.5492777777777778,False,True
1283,44,0,0.548925925925926,False,True
1284,184,1,0.5485740740740741,True,False
1285,51,0,0.5482222222222222,False,True
1286,46,1,0.5478703703703705,True,False
1287,102,0,0.5475185185185185,False,True
1288,134,0,0.5471666666666667,False,True
1289,76,0,0.5468148148148149,False,True
1290,320,1,0.5464629629629629,True,False
1291,400,0,0.5461111111111111,False,False
1292,28,0,0.5457592592592593,False,True
1293,66,1,0.5454074074074075,True,False
1294,341,1,0.5450555555555556,True,False
1295,79,1,0.5447037037037037,True,False
1296,30,0,0.5443518518518519,False,True
1297,175,0,0.544,False,True
1298,298,0,0.5436481481481481,False,True
1299,97,0,0.5432962962962964,False,True
1300,133,0,0.5429444444444445,False,True
1301,26,0,0.5425925925925926,False,True
1302,37,0,0.5422407407407408,False,True
1303,139,1,0.5418888888888889,True,False
1304,172,1,0.5415370370370372,True,False
1305,176,0,0.5411851851851852,False,True
1306,131,0,0.5408333333333333,False,True
1307,15,0,0.5404814814814816,False,True
1308,124,1,0.5401296296296296,True,False
1309,98,0,0.5397777777777778,False,True
1310,90,0,0.539425925925926,False,True
1311,97,0,0.539074074074074,False,True
1312,64,1,0.5387222222222222,True,False
1313,45,0,0.5383703703703704,False,True
1314,129,0,0.5380185185185186,False,True
1315,54,1,0.5376666666666667,True,False
1316,65,0,0.5373148148148148,False,True
1317,84,0,0.536962962962963,False,True
1318,400,0,0.5366111111111111,False,False
1319,229,0,0.5362592592592592,False,True
1320,238,0,0.5359074074074075,False,True
1321,213,0,0.5355555555555556,False,True
1322,27,0,0.5352037037037036,False,True
1323,25,0,0.5348518518518519,False,True
1324,400,0,0.5345,False,False
1325,251,0,0.5341481481481483,False,True
1326,61,0,0.5337962962962963,False,True
1327,30,0,0.5334444444444444,False,True
1328,54,0,0.5330925925925927,False,True
1329,21,0,0.5327407407407407,False,True
1330,38,0,0.5323888888888889,False,True
1331,293,0,0.5320370370370371,False,True
1332,66,0,0.5316851851851851,False,True
1333,35,0,0.5313333333333333,False,True
1334,20,0,0.5309814814814815,False,True
1335,400,0,0.5306296296296297,False,False
1336,400,0,0.5302777777777778,False,False
1337,400,0,0.5299259259259259,False,False
1338,18,0,0.5295740740740741,False,True
1339,107,0,0.5292222222222223,False,True
1340,52,0,0.5288703703703703,False,True
1341,31,0,0.5285185185185186,False,True
1342,132,0,0.5281666666666667,False,True
1343,179,1,0.5278148148148147,True,False
1344,120,0,0.527462962962963,False,True
1345,61,0,0.5271111111111111,False,True
1346,75,0,0.5267592592592593,False,True
1347,171,0,0.5264074074074074,False,True
1348,112,0,0.5260555555555556,False,True
1349,60,0,0.5257037037037038,False,True
1350,46,0,0.5253518518518518,False,True
1351,94,1,0.525,True,False
1352,150,0,0.5246481481481482,False,True
1353,69,0,0.5242962962962964,False,True
1354,400,0,0.5239444444444445,False,False
1355,109,0,0.5235925925925926,False,True
1356,353,1,0.5232407407407407,True,False
1357,120,1,0.522888888888889,True,False
1358,113,0,0.522537037037037,False,True
1359,302,0,0.5221851851851853,False,True
1360,37,0,0.5218333333333334,False,True
1361,83,0,0.5214814814814815,False,True
1362,69,0,0.5211296296296296,False,True
1363,297,0,0.5207777777777778,False,True
1364,35,0,0.520425925925926,False,True
1365,379,1,0.5200740740740741,True,False
1366,400,0,0.5197222222222222,False,False
1367,157,0,0.5193703703703705,False,True
1368,53,1,0.5190185185185185,True,False
1369,261,0,0.5186666666666666,False,True
1370,86,0,0.5183148148148149,False,True
1371,45,0,0.517962962962963,False,True
1372,191,1,0.5176111111111111,True,False
1373,79,0,0.5172592592592593,False,True
1374,63,0,0.5169074074074075,False,True
1375,400,0,0.5165555555555557,False,False
1376,300,0,0.5162037037037037,False,True
1377,44,0,0.5158518518518518,False,True
1378,43,0,0.5155000000000001,False,True
1379,89,0,0.5151481481481481,False,True
1380,297,0,0.5147962962962964,False,True
1381,164,1,0.5144444444444445,True,False
1382,10,0,0.5140925925925925,False,True
1383,43,0,0.5137407407407407,False,True
1384,59,0,0.5133888888888889,False,True
1385,18,0,0.5130370370370371,False,True
1386,123,1,0.5126851851851852,True,False
1387,76,0,0.5123333333333333,False,True
1388,195,0,0.5119814814814816,False,True
1389,146,0,0.5116296296296297,False,True
1390,116,1,0.5112777777777777,True,False
1391,50,0,0.510925925925926,False,True
1392,158,1,0.5105740740740741,True,False
1393,340,0,0.5102222222222222,False,True
1394,116,1,0.5098703703703704,True,False
1395,61,0,0.5095185185185186,False,True
1396,41,0,0.5091666666666667,False,True
1397,214,1,0.5088148148148148,True,False
1398,198,0,0.5084629629629629,False,True
1399,82,0,0.5081111111111112,False,True
1400,44,0,0.5077592592592592,False,True
1401,57,1,0.5074074074074075,True,False
1402,221,1,0.5070555555555556,True,False
1403,170,1,0.5067037037037037,True,False
1404,246,0,0.5063518518518518,False,True
1405,85,0,0.506,False,True
1406,157,0,0.5056481481481482,False,True
1407,27,0,0.5052962962962964,False,True
1408,258,1,0.5049444444444444,True,False
1409,400,0,0.5045925925925927,False,False
1410,249,1,0.5042407407407408,True,False
1411,38,0,0.5038888888888888,False,True
1412,88,0,0.5035370370370371,False,True
1413,179,1,0.5031851851851852,True,False
1414,22,0,0.5028333333333334,False,True
1415,159,0,0.5024814814814815,False,True
1416,277,0,0.5021296296296297,False,True
1417,400,0,0.5017777777777778,False,False
1418,10,0,0.5014259259259259,False,True
1419,110,1,0.501074074074074,True,False
1420,75,0,0.5007222222222223,False,True
1421,300,0,0.5003703703703704,False,True
1422,239,0,0.5000185185185186,False,True
1423,50,0,0.4996666666666667,False,True
1424,146,1,0.49931481481481477,True,False
1425,125,1,0.49896296296296294,True,False
1426,114,1,0.4986111111111111,True,False
1427,57,0,0.4982592592592593,False,True
1428,208,1,0.49790740740740747,True,False
1429,186,0,0.49755555555555564,False,True
1430,18,0,0.4972037037037038,False,True
1431,273,0,0.4968518518518519,False,True
1432,202,0,0.49650000000000005,False,True
1433,56,0,0.4961481481481481,False,True
1434,134,0,0.4957962962962963,False,True
1435,86,1,0.49544444444444447,True,False
1436,346,1,0.49509259259259264,True,False
1437,21,0,0.4947407407407408,False,True
1438,122,1,0.4943888888888889,True,False
1439,136,1,0.49403703703703705,True,False
1440,257,0,0.4936851851851852,False,True
1441,234,0,0.4933333333333334,False,True
1442,24,0,0.4929814814814816,False,True
1443,27,0,0.49262962962962964,False,True
1444,80,0,0.4922777777777777,False,True
1445,225,0,0.4919259259259259,False,True
1446,283,1,0.49157407407407405,True,False
1447,320,0,0.4912222222222222,False,True
1448,115,0,0.4908703703703704,False,True
1449,97,0,0.4905185185185186,False,True
1450,31,0,0.49016666666666675,False,True
1451,18,0,0.4898148148148148,False,True
1452,64,0,0.489462962962963,False,True
1453,63,0,0.48911111111111116,False,True
1454,36,0,0.4887592592592592,False,True
1455,152,1,0.4884074074074074,True,False
1456,400,0,0.4880555555555556,False,False
1457,63,0,0.48770370370370375,False,True
1458,45,0,0.4873518518518518,False,True
1459,400,0,0.487,False,False
1460,177,0,0.48664814814814816,False,True
1461,236,0,0.48629629629629634,False,True
1462,236,1,0.4859444444444445,True,False
1463,108,0,0.4855925925925927,False,True
1464,101,1,0.48524074074074086,True,False
1465,64,0,0.4848888888888888,False,True
1466,400,0,0.484537037037037,False,False
1467,11,0,0.48418518518518516,False,True
1468,200,1,0.48383333333333334,True,False
1469,136,0,0.4834814814814815,False,True
1470,191,0,0.4831296296296297,False,True
1471,165,0,0.48277777777777786,False,True
1472,50,0,0.4824259259259259,False,True
1473,170,0,0.4820740740740741,False,True
1474,138,1,0.4817222222222223,True,False
1475,125,0,0.48137037037037045,False,True
1476,207,1,0.4810185185185185,True,False
1477,229,1,0.4806666666666667,True,False
1478,91,0,0.48031481481481486,False,True
1479,107,0,0.4799629629629629,False,True
1480,279,1,0.4796111111111111,True,False
1481,187,1,0.4792592592592593,True,False
1482,29,0,0.47890740740740745,False,True
1483,216,1,0.4785555555555556,True,False
1484,63,0,0.4782037037037038,False,True
1485,335,1,0.47785185185185197,True,False
1486,154,1,0.47750000000000004,True,False
1487,345,0,0.4771481481481481,False,True
1488,10,0,0.4767962962962963,False,True
1489,161,0,0.47644444444444445,False,True
1490,51,0,0.4760925925925926,False,True
1491,79,0,0.4757407407407408,False,True
1492,210,1,0.47538888888888897,True,False
1493,184,0,0.47503703703703704,False,True
1494,128,0,0.4746851851851852,False,True
1495,18,0,0.4743333333333334,False,True
1496,53,1,0.47398148148148156,True,False
1497,20,0,0.4736296296296296,False,True
1498,205,0,0.4732777777777778,False,True
1499,51,0,0.47292592592592597,False,True
1500,67,0,0.47257407407407404,False,True
1501,36,0,0.4722222222222222,False,True
1502,110,1,0.4718703703703704,True,False
1503,172,0,0.47151851851851856,False,True
1504,119,0,0.47116666666666673,False,True
1505,37,0,0.4708148148148149,False,True
1506,44,0,0.47046296296296297,False,True
1507,55,0,0.47011111111111115,False,True
1508,34,0,0.4697592592592592,False,True
1509,132,0,0.4694074074074074,False,True
1510,214,1,0.46905555555555556,True,False
1511,136,1,0.46870370370370373,True,False
1512,107,0,0.4683518518518519,False,True
1513,237,0,0.46799999999999997,False,True
1514,53,1,0.46764814814814815,True,False
1515,299,1,0.4672962962962963,True,False
1516,67,0,0.4669444444444445,False,True
1517,135,1,0.46659259259259267,True,False
1518,21,0,0.46624074074074084,False,True
1519,135,0,0.4658888888888889,False,True
1520,126,1,0.46553703703703697,True,False
1521,87,0,0.46518518518518515,False,True
1522,88,0,0.4648333333333333,False,True
1523,212,1,0.4644814814814815,True,False
1524,29,0,0.46412962962962967,False,True
1525,109,0,0.46377777777777784,False,True
1526,257,0,0.463425925925926,False,True
1527,100,1,0.4630740740740741,True,False
1528,180,1,0.46272222222222226,True,False
1529,198,1,0.46237037037037043,True,False
1530,183,1,0.4620185185185185,True,False
1531,84,0,0.46166666666666667,False,True
1532,43,0,0.46131481481481484,False,True
1533,246,0,0.460962962962963,False,True
1534,73,0,0.4606111111111111,False,True
1535,60,1,0.46025925925925926,True,False
1536,120,0,0.45990740740740743,False,True
1537,307,0,0.4595555555555556,False,True
1538,13,0,0.4592037037037038,False,True
1539,116,0,0.45885185185185196,False,True
1540,124,1,0.4585,True,False
1541,391,1,0.4581481481481481,True,False
1542,204,1,0.45779629629629626,True,False
1543,66,0,0.45744444444444443,False,True
1544,106,1,0.4570925925925926,True,False
1545,30,0,0.4567407407407408,False,True
1546,164,1,0.45638888888888896,True,False
1547,156,0,0.45603703703703713,False,True
1548,137,0,0.4556851851851852,False,True
1549,22,0,0.45533333333333337,False,True
1550,20,0,0.45498148148148154,False,True
1551,85,0,0.4546296296296296,False,True
1552,25,0,0.4542777777777778,False,True
1553,162,0,0.45392592592592595,False,True
1554,131,0,0.45357407407407413,False,True
1555,117,1,0.4532222222222222,True,False
1556,32,0,0.45287037037037037,False,True
1557,400,0,0.45251851851851854,False,False
1558,400,0,0.4521666666666667,False,False
1559,147,0,0.4518148148148149,False,True
1560,122,1,0.45146296296296307,True,False
1561,92,1,0.45111111111111124,True,False
1562,279,1,0.4507592592592592,True,False
1563,81,0,0.45040740740740737,False,True
1564,26,0,0.45005555555555554,False,True
1565,129,0,0.4497037037037037,False,True
1566,395,1,0.4493518518518519,True,False
1567,31,0,0.44900000000000007,False,True
1568,58,0,0.44864814814814813,False,True
1569,20,0,0.4482962962962963,False,True
1570,55,0,0.4479444444444445,False,True
1571,34,0,0.44759259259259265,False,True
1572,60,0,0.4472407407407408,False,True
1573,86,1,0.4468888888888889,True,False
1574,103,0,0.44653703703703707,False,True
1575,350,0,0.44618518518518513,False,True
1576,164,1,0.4458333333333333,True,False
1577,400,0,0.4454814814814815,False,False
1578,10,0,0.44512962962962965,False,True
1579,138,0,0.4447777777777778,False,True
1580,10,0,0.444425925925926,False,True
1581,111,0,0.4440740740740742,False,True
1582,400,0,0.44372222222222224,False,False
1583,330,1,0.4433703703703704,True,False
1584,20,0,0.4430185185185185,False,True
1585,307,1,0.44266666666666665,True,False
1586,213,0,0.4423148148148148,False,True
1587,269,0,0.441962962962963,False,True
1588,378,0,0.4416111111111112,False,True
1589,51,0,0.44125925925925924,False,True
1590,24,0,0.4409074074074074,False,True
1591,158,0,0.4405555555555556,False,True
1592,54,0,0.44020370370370376,False,True
1593,8,0,0.43985185185185194,False,True
1594,35,0,0.4395,False,True
1595,126,0,0.4391481481481482,False,True
1596,48,0,0.43879629629629624,False,True
1597,75,1,0.4384444444444444,True,False
1598,400,0,0.4380925925925926,False,False
1599,14,0,0.43774074074074076,False,True
1600,251,1,0.43738888888888894,True,False
1601,262,1,0.4370370370370371,True,False
1602,27,0,0.4366851851851853,False,True
1603,48,0,0.43633333333333335,False,True
1604,132,0,0.4359814814814815,False,True
1605,123,0,0.4356296296296296,False,True
1606,135,1,0.43527777777777776,True,False
1607,65,0,0.43492592592592594,False,True
1608,27,0,0.4345740740740741,False,True
1609,38,0,0.4342222222222223,False,True
1610,400,0,0.43387037037037035,False,False
1611,176,0,0.4335185185185185,False,True
1612,59,0,0.4331666666666667,False,True
1613,179,0,0.4328148148148149,False,True
1614,146,0,0.43246296296296305,False,True
1615,24,0,0.4321111111111112,False,True
1616,301,1,0.4317592592592593,True,False
1617,24,0,0.43140740740740735,False,True
1618,216,0,0.4310555555555555,False,True
1619,145,0,0.4307037037037037,False,True
1620,159,0,0.4303518518518519,False,True
1621,94,0,0.43000000000000005,False,True
1622,36,0,0.4296481481481482,False,True
1623,285,1,0.4292962962962964,True,False
1624,103,1,0.42894444444444446,True,False
1625,141,0,0.42859259259259264,False,True
1626,93,1,0.4282407407407408,True,False
1627,84,1,0.4278888888888889,True,False
1628,318,0,0.42753703703703705,False,True
1629,82,0,0.4271851851851852,False,True
1630,10,0,0.4268333333333333,False,True
1631,132,0,0.42648148148148146,False,True
1632,98,0,0.42612962962962964,False,True
1633,219,1,0.4257777777777778,True,False
1634,153,1,0.425425925925926,True,False
1635,371,1,0.42507407407407416,True,False
1636,58,0,0.42472222222222233,False,True
1637,31,0,0.4243703703703704,False,True
1638,12,0,0.42401851851851846,False,True
1639,216,1,0.42366666666666664,True,False
1640,86,1,0.4233148148148148,True,False
1641,117,1,0.422962962962963,True,False
1642,185,0,0.42261111111111116,False,True
1643,68,0,0.42225925925925933,False,True
1644,178,1,0.4219074074074074,True,False
1645,232,1,0.42155555555555557,True,False
1646,75,1,0.42120370370370375,True,False
1647,151,0,0.4208518518518519,False,True
1648,90,0,0.4205,False,True
1649,81,0,0.42014814814814816,False,True
1650,173,0,0.41979629629629633,False,True
1651,13,0,0.4194444444444444,False,True
1652,335,1,0.41909259259259257,True,False
1653,198,1,0.41874074074074075,True,False
1654,170,0,0.4183888888888889,False,True
1655,35,0,0.4180370370370371,False,True
1656,97,0,0.41768518518518527,False,True
1657,17,0,0.41733333333333344,False,True
1658,188,0,0.4169814814814815,False,True
1659,195,0,0.41662962962962957,False,True
1660,116,0,0.41627777777777775,False,True
1661,274,1,0.4159259259259259,True,False
1662,150,1,0.4155740740740741,True,False
1663,125,0,0.41522222222222227,False,True
1664,147,0,0.41487037037037044,False,True
1665,62,0,0.4145185185185185,False,True
1666,43,0,0.4141666666666667,False,True
1667,66,0,0.41381481481481486,False,True
1668,47,0,0.41346296296296303,False,True
1669,95,1,0.4131111111111112,True,False
1670,273,0,0.41275925925925927,False,True
1671,38,0,0.41240740740740744,False,True
1672,8,0,0.4120555555555555,False,True
1673,76,1,0.4117037037037037,True,False
1674,257,0,0.41135185185185186,False,True
1675,132,1,0.41100000000000003,True,False
1676,242,1,0.4106481481481482,True,False
1677,400,0,0.4102962962962964,False,False
1678,39,0,0.40994444444444456,False,True
1679,239,0,0.4095925925925926,False,True
1680,39,0,0.4092407407407408,False,True
1681,125,1,0.40888888888888886,True,False
1682,400,0,0.40853703703703703,False,False
1683,41,0,0.4081851851851852,False,True
1684,108,0,0.4078333333333334,False,True
1685,6,0,0.40748148148148156,False,True
1686,86,0,0.4071296296296296,False,True
1687,276,1,0.4067777777777778,True,False
1688,123,0,0.40642592592592597,False,True
1689,28,0,0.40607407407407414,False,True
1690,81,0,0.4057222222222223,False,True
1691,26,0,0.4053703703703705,False,True
1692,306,0,0.40501851851851844,False,True
1693,180,1,0.4046666666666666,True,False
1694,62,0,0.4043148148148148,False,True
1695,44,0,0.40396296296296297,False,True
1696,118,1,0.40361111111111114,True,False
1697,24,0,0.4032592592592593,False,True
1698,63,0,0.4029074074074075,False,True
1699,135,0,0.40255555555555556,False,True
1700,172,0,0.40220370370370373,False,True
1701,143,0,0.4018518518518519,False,True
1702,220,0,0.4015000000000001,False,True
1703,75,1,0.40114814814814814,True,False
1704,257,1,0.4007962962962963,True,False
1705,76,1,0.4004444444444445,True,False
1706,79,0,0.40009259259259256,False,True
1707,306,0,0.39974074074074073,False,True
1708,53,0,0.3993888888888889,False,True
1709,79,1,0.3990370370370371,True,False
1710,310,1,0.39868518518518525,True,False
1711,167,0,0.39833333333333343,False,True
1712,39,0,0.3979814814814816,False,True
1713,87,1,0.39762962962962967,True,False
1714,116,1,0.39727777777777773,True,False
1715,261,1,0.3969259259259259,True,False
1716,35,0,0.3965740740740741,False,True
1717,36,0,0.39622222222222225,False,True
1718,100,1,0.39587037037037043,True,False
1719,111,0,0.3955185185185186,False,True
1720,75,1,0.39516666666666667,True,False
1721,70,0,0.39481481481481484,False,True
1722,134,0,0.394462962962963,False,True
1723,193,1,0.3941111111111112,True,False
1724,33,0,0.39375925925925925,False,True
1725,90,0,0.39340740740740743,False,True
1726,136,1,0.3930555555555556,True,False
1727,197,0,0.39270370370370367,False,True
1728,100,0,0.39235185185185184,False,True
1729,63,0,0.392,False,True
1730,227,1,0.3916481481481482,True,False
1731,42,0,0.39129629629629636,False,True
1732,108,1,0.39094444444444454,True,False
1733,81,0,0.3905925925925927,False,True
1734,94,1,0.3902407407407408,True,False
1735,132,1,0.38988888888888884,True,False
1736,203,0,0.389537037037037,False,True
1737,89,0,0.3891851851851852,False,True
1738,62,1,0.38883333333333336,True,False
1739,66,0,0.38848148148148154,False,True
1740,19,0,0.3881296296296297,False,True
1741,81,0,0.3877777777777778,False,True
1742,30,0,0.38742592592592595,False,True
1743,59,1,0.3870740740740741,True,False
1744,400,0,0.3867222222222223,False,False
1745,15,0,0.3863703703703705,False,True
1746,29,0,0.38601851851851854,False,True
1747,109,1,0.3856666666666667,True,False
1748,122,0,0.3853148148148148,False,True
1749,23,0,0.38496296296296295,False,True
1750,81,0,0.3846111111111111,False,True
1751,20,0,0.3842592592592593,False,True
1752,101,0,0.3839074074074075,False,True
1753,165,0,0.38355555555555565,False,True
1754,107,0,0.3832037037037037,False,True
1755,95,1,0.3828518518518519,True,False
1756,400,0,0.38250000000000006,False,False
1757,214,1,0.3821481481481481,True,False
1758,165,1,0.3817962962962963,True,False
1759,46,1,0.3814444444444445,True,False
1760,62,0,0.38109259259259265,False,True
1761,19,0,0.3807407407407407,False,True
1762,38,0,0.3803888888888889,False,True
1763,44,0,0.38003703703703706,False,True
1764,89,1,0.37968518518518524,True,False
1765,196,0,0.3793333333333334,False,True
1766,106,1,0.3789814814814816,True,False
1767,74,1,0.37862962962962965,True,False
1768,91,1,0.3782777777777777,True,False
1769,31,0,0.3779259259259259,False,True
1770,34,0,0.37757407407407406,False,True
1771,73,0,0.37722222222222224,False,True
1772,16,0,0.3768703703703704,False,True
1773,238,0,0.3765185185185186,False,True
1774,25,0,0.37616666666666676,False,True
1775,96,1,0.3758148148148148,True,False
1776,76,0,0.375462962962963,False,True
1777,127,0,0.3751111111111112,False,True
1778,41,0,0.37475925925925924,False,True
1779,64,1,0.3744074074074074,True,False
1780,163,1,0.3740555555555556,True,False
1781,38,1,0.37370370370370376,True,False
1782,72,0,0.3733518518518518,False,True
1783,380,1,0.373,True,False
1784,191,0,0.3726481481481482,False,True
1785,90,0,0.37229629629629635,False,True
1786,106,1,0.3719444444444445,True,False
1787,13,0,0.3715925925925927,False,True
1788,156,0,0.37124074074074087,False,True
1789,101,0,0.3708888888888888,False,True
1790,77,1,0.370537037037037,True,False
1791,97,1,0.3701851851851852,True,False
1792,184,0,0.36983333333333335,False,True
1793,63,1,0.3694814814814815,True,False
1794,31,0,0.3691296296296297,False,True
1795,61,0,0.36877777777777787,False,True
1796,73,0,0.36842592592592593,False,True
1797,400,0,0.3680740740740741,False,False
1798,154,0,0.3677222222222223,False,True
1799,158,1,0.36737037037037046,True,False
1800,53,0,0.3670185185185185,False,True
1801,333,1,0.3666666666666667,True,False
1802,72,1,0.36631481481481487,True,False
1803,47,0,0.36596296296296293,False,True
1804,187,1,0.3656111111111111,True,False
1805,45,0,0.3652592592592593,False,True
1806,321,1,0.36490740740740746,True,False
1807,98,1,0.36455555555555563,True,False
1808,59,1,0.3642037037037038,True,False
1809,270,0,0.363851851851852,False,True
1810,49,0,0.36350000000000005,False,True
1811,203,0,0.3631481481481481,False,True
1812,82,0,0.3627962962962963,False,True
1813,56,0,0.36244444444444446,False,True
1814,142,0,0.36209259259259263,False,True
1815,180,0,0.3617407407407408,False,True
1816,34,0,0.36138888888888887,False,True
1817,17,0,0.36103703703703705,False,True
1818,57,1,0.3606851851851852,True,False
1819,87,1,0.3603333333333334,True,False
1820,52,0,0.35998148148148157,False,True
1821,65,0,0.35962962962962963,False,True
1822,209,1,0.3592777777777778,True,False
1823,27,0,0.35892592592592587,False,True
1824,104,0,0.35857407407407405,False,True
1825,37,0,0.3582222222222222,False,True
1826,249,0,0.3578703703703704,False,True
1827,226,0,0.35751851851851857,False,True
1828,83,1,0.35716666666666674,True,False
1829,91,0,0.3568148148148149,False,True
1830,64,0,0.356462962962963,False,True
1831,252,0,0.35611111111111116,False,True
1832,38,0,0.3557592592592592,False,True
1833,11,0,0.3554074074074074,False,True
1834,185,0,0.35505555555555557,False,True
1835,63,1,0.35470370370370374,True,False
1836,16,0,0.3543518518518519,False,True
1837,160,0,0.354,False,True
1838,96,0,0.35364814814814816,False,True
1839,120,1,0.35329629629629633,True,False
1840,139,1,0.3529444444444445,True,False
1841,111,1,0.3525925925925927,True,False
1842,109,1,0.35224074074074085,True,False
1843,37,1,0.3518888888888889,True,False
1844,34,0,0.351537037037037,False,True
1845,199,0,0.35118518518518516,False,True
1846,122,0,0.35083333333333333,False,True
1847,130,1,0.3504814814814815,True,False
1848,260,1,0.3501296296296297,True,False
1849,139,1,0.34977777777777785,True,False
1850,81,0,0.34942592592592603,False,True
1851,111,1,0.3490740740740741,True,False
1852,62,0,0.34872222222222227,False,True
1853,57,0,0.34837037037037044,False,True
1854,32,0,0.3480185185185185,False,True
1855,227,1,0.3476666666666667,True,False
1856,104,1,0.34731481481481485,True,False
1857,274,0,0.34696296296296303,False,True
1858,400,0,0.3466111111111111,False,False
1859,144,1,0.34625925925925927,True,False
1860,131,1,0.34590740740740744,True,False
1861,72,0,0.3455555555555556,False,True
1862,87,0,0.3452037037037038,False,True
1863,84,1,0.34485185185185196,True,False
1864,54,1,0.34450000000000003,True,False
1865,80,0,0.3441481481481481,False,True
1866,192,0,0.34379629629629627,False,True
1867,137,0,0.34344444444444444,False,True
1868,91,1,0.3430925925925926,True,False
1869,224,1,0.3427407407407408,True,False
1870,48,0,0.34238888888888896,False,True
1871,66,1,0.34203703703703714,True,False
1872,22,1,0.3416851851851852,True,False
1873,129,0,0.3413333333333334,False,True
1874,44,0,0.34098148148148155,False,True
1875,247,1,0.3406296296296296,True,False
1876,50,1,0.3402777777777778,True,False
1877,13,0,0.33992592592592596,False,True
1878,57,1,0.33957407407407403,True,False
1879,58,0,0.3392222222222222,False,True
1880,29,0,0.3388703703703704,False,True
1881,15,0,0.33851851851851855,False,True
1882,135,1,0.3381666666666667,True,False
1883,112,1,0.3378148148148149,True,False
1884,38,0,0.3374629629629631,False,True
1885,50,0,0.33711111111111114,False,True
1886,26,0,0.3367592592592592,False,True
1887,172,0,0.3364074074074074,False,True
1888,271,1,0.33605555555555555,True,False
1889,10,0,0.3357037037037037,False,True
1890,81,1,0.3353518518518519,True,False
1891,151,0,0.3350000000000001,False,True
1892,238,1,0.33464814814814814,True,False
1893,363,0,0.3342962962962963,False,True
1894,350,1,0.3339444444444445,True,False
1895,56,0,0.33359259259259266,False,True
1896,115,0,0.33324074074074084,False,True
1897,49,0,0.3328888888888889,False,True
1898,94,0,0.3325370370370371,False,True
1899,152,1,0.33218518518518514,True,False
1900,127,1,0.3318333333333333,True,False
1901,225,1,0.3314814814814815,True,False
1902,281,1,0.33112962962962966,True,False
1903,67,0,0.33077777777777784,False,True
1904,20,0,0.330425925925926,False,True
1905,26,0,0.3300740740740742,False,True
1906,79,0,0.32972222222222225,False,True
1907,32,0,0.3293703703703704,False,True
1908,216,0,0.3290185185185185,False,True
1909,187,1,0.32866666666666666,True,False
1910,29,0,0.32831481481481484,False,True
1911,94,1,0.327962962962963,True,False
1912,70,0,0.3276111111111112,False,True
1913,60,0,0.32725925925925925,False,True
1914,183,1,0.3269074074074074,True,False
1915,12,0,0.3265555555555556,False,True
1916,119,1,0.3262037037037038,True,False
1917,39,0,0.32585185185185195,False,True
1918,210,1,0.3255,True,False
1919,54,0,0.3251481481481482,False,True
1920,18,0,0.32479629629629625,False,True
1921,53,0,0.3244444444444444,False,True
1922,86,0,0.3240925925925926,False,True
1923,26,0,0.3237407407407408,False,True
1924,179,0,0.32338888888888895,False,True
1925,105,1,0.3230370370370371,True,False
1926,30,0,0.3226851851851853,False,True
1927,128,1,0.32233333333333336,True,False
1928,400,0,0.32198148148148154,False,False
1929,400,0,0.3216296296296296,False,False
1930,71,0,0.3212777777777778,False,True
1931,85,1,0.32092592592592595,True,False
1932,49,1,0.3205740740740741,True,False
1933,89,1,0.3202222222222223,True,False
1934,197,0,0.31987037037037036,False,True
1935,87,1,0.31951851851851854,True,False
1936,55,1,0.3191666666666667,True,False
1937,70,0,0.3188148148148149,False,True
1938,19,0,0.31846296296296306,False,True
1939,316,1,0.31811111111111123,True,False
1940,37,0,0.3177592592592592,False,True
1941,129,1,0.31740740740740736,True,False
1942,43,0,0.31705555555555553,False,True
1943,320,0,0.3167037037037037,False,True
1944,48,0,0.3163518518518519,False,True
1945,117,0,0.31600000000000006,False,True
1946,249,0,0.31564814814814823,False,True
1947,67,0,0.3152962962962963,False,True
1948,73,0,0.31494444444444447,False,True
1949,38,0,0.31459259259259265,False,True
1950,97,0,0.3142407407407408,False,True
1951,245,1,0.3138888888888889,True,False
1952,54,0,0.31353703703703706,False,True
1953,180,1,0.31318518518518523,True,False
1954,31,0,0.3128333333333333,False,True
1955,111,1,0.31248148148148147,True,False
1956,144,1,0.31212962962962965,True,False
1957,369,1,0.3117777777777778,True,False
1958,46,0,0.311425925925926,False,True
1959,59,1,0.31107407407407417,True,False
1960,69,1,0.31072222222222234,True,False
1961,46,0,0.3103703703703704,False,True
1962,213,1,0.31001851851851847,True,False
1963,91,1,0.30966666666666665,True,False
1964,260,1,0.3093148148148148,True,False
1965,224,0,0.308962962962963,False,True
1966,42,1,0.30861111111111117,True,False
1967,119,1,0.30825925925925934,True,False
1968,275,1,0.3079074074074074,True,False
1969,87,1,0.3075555555555556,True,False
1970,252,1,0.30720370370370376,True,False
1971,146,0,0.30685185185185193,False,True
1972,27,0,0.3065,False,True
1973,131,1,0.30614814814814817,True,False
1974,221,0,0.30579629629629634,False,True
1975,279,0,0.3054444444444444,False,True
1976,67,1,0.3050925925925926,True,False
1977,108,1,0.30474074074074076,True,False
1978,162,0,0.30438888888888893,False,True
1979,86,0,0.3040370370370371,False,True
1980,202,0,0.3036851851851853,False,True
1981,64,1,0.30333333333333345,True,False
1982,187,1,0.3029814814814815,True,False
1983,400,0,0.3026296296296296,False,False
1984,106,1,0.30227777777777776,True,False
1985,26,0,0.30192592592592593,False,True
1986,171,1,0.3015740740740741,True,False
1987,96,0,0.3012222222222223,False,True
1988,140,1,0.30087037037037045,True,False
1989,169,0,0.3005185185185185,False,True
1990,182,0,0.3001666666666667,False,True
1991,101,1,0.29981481481481487,True,False
1992,80,1,0.29946296296296304,True,False
1993,115,1,0.2991111111111112,True,False
1994,362,1,0.2987592592592593,True,False
1995,53,0,0.29840740740740745,False,True
1996,143,0,0.2980555555555555,False,True
1997,244,1,0.2977037037037037,True,False
1998,75,0,0.29735185185185187,False,True
1999,89,1,0.29700000000000004,True,False
2000,86,1,0.2966481481481482,True,False
2001,126,1,0.2962962962962964,True,False
2002,129,1,0.29594444444444445,True,False
2003,162,0,0.29559259259259263,False,True
2004,363,0,0.2952407407407408,False,True
2005,66,0,0.29488888888888887,False,True
2006,35,0,0.29453703703703704,False,True
2007,31,0,0.2941851851851852,False,True
2008,56,0,0.2938333333333334,False,True
2009,7,0,0.29348148148148145,False,True
2010,284,1,0.29312962962962963,True,False
2011,60,0,0.2927777777777778,False,True
2012,117,0,0.292425925925926,False,True
2013,272,1,0.29207407407407415,True,False
2014,178,0,0.2917222222222223,False,True
2015,184,1,0.2913703703703704,True,False
2016,95,1,0.29101851851851845,True,False
2017,77,0,0.29066666666666663,False,True
2018,135,1,0.2903148148148148,True,False
2019,52,1,0.289962962962963,True,False
2020,144,1,0.28961111111111115,True,False
2021,102,1,0.2892592592592593,True,False
2022,82,1,0.2889074074074075,True,False
2023,127,0,0.28855555555555557,False,True
2024,225,1,0.28820370370370374,True,False
2025,400,0,0.2878518518518519,False,False
2026,400,0,0.2875000000000001,False,False
2027,66,0,0.28714814814814815,False,True
2028,316,1,0.2867962962962963,True,False
2029,211,0,0.2864444444444445,False,True
2030,180,1,0.28609259259259257,True,False
2031,183,1,0.28574074074074074,True,False
2032,199,0,0.2853888888888889,False,True
2033,32,0,0.2850370370370371,False,True
2034,57,0,0.28468518518518526,False,True
2035,75,0,0.28433333333333344,False,True
2036,234,0,0.2839814814814816,False,True
2037,22,0,0.2836296296296297,False,True
2038,27,0,0.28327777777777774,False,True
2039,31,0,0.2829259259259259,False,True
2040,252,1,0.2825740740740741,True,False
2041,129,1,0.28222222222222226,True,False
2042,34,1,0.28187037037037044,True,False
2043,223,0,0.2815185185185186,False,True
2044,283,1,0.2811666666666667,True,False
2045,254,0,0.28081481481481485,False,True
2046,400,0,0.280462962962963,False,False
2047,43,0,0.2801111111111112,False,True
2048,106,0,0.27975925925925926,False,True
2049,400,0,0.27940740740740744,False,False
2050,400,0,0.2790555555555556,False,False
2051,68,0,0.2787037037037037,False,True
2052,104,0,0.27835185185185185,False,True
2053,54,1,0.278,True,False
2054,103,0,0.2776481481481482,False,True
2055,85,0,0.2772962962962964,False,True
2056,143,0,0.27694444444444455,False,True
2057,129,1,0.2765925925925926,True,False
2058,32,0,0.2762407407407408,False,True
2059,262,1,0.27588888888888885,True,False
2060,93,0,0.275537037037037,False,True
2061,147,1,0.2751851851851852,True,False
2062,168,1,0.2748333333333334,True,False
2063,182,0,0.27448148148148155,False,True
2064,81,0,0.2741296296296296,False,True
2065,268,1,0.2737777777777778,True,False
2066,49,0,0.27342592592592596,False,True
2067,356,0,0.27307407407407414,False,True
2068,92,1,0.2727222222222223,True,False
2069,203,1,0.2723703703703705,True,False
2070,143,1,0.27201851851851855,True,False
2071,82,1,0.2716666666666666,True,False
2072,74,1,0.2713148148148148,True,False
2073,31,1,0.27096296296296296,True,False
2074,53,1,0.27061111111111114,True,False
2075,117,1,0.2702592592592593,True,False
2076,60,0,0.2699074074074075,False,True
2077,143,1,0.26955555555555566,True,False
2078,94,0,0.2692037037037037,False,True
2079,61,0,0.2688518518518519,False,True
2080,99,0,0.26850000000000007,False,True
2081,81,1,0.26814814814814814,True,False
2082,127,0,0.2677962962962963,False,True
2083,40,0,0.2674444444444445,False,True
2084,164,1,0.26709259259259266,True,False
2085,66,1,0.2667407407407407,True,False
2086,65,0,0.2663888888888889,False,True
2087,264,0,0.26603703703703707,False,True
2088,114,0,0.26568518518518525,False,True
2089,192,1,0.2653333333333334,True,False
2090,148,1,0.2649814814814816,True,False
2091,44,1,0.26462962962962966,True,False
2092,103,0,0.2642777777777777,False,True
2093,33,0,0.2639259259259259,False,True
2094,140,1,0.26357407407407407,True,False
2095,67,0,0.26322222222222225,False,True
2096,120,0,0.2628703703703704,False,True
2097,155,1,0.2625185185185186,True,False
2098,29,1,0.26216666666666677,True,False
2099,153,1,0.26181481481481483,True,False
2100,204,1,0.261462962962963,True,False
2101,49,1,0.2611111111111112,True,False
2102,281,0,0.26075925925925925,False,True
2103,26,0,0.2604074074074074,False,True
2104,363,0,0.2600555555555556,False,True
2105,211,0,0.25970370370370377,False,True
2106,13,0,0.25935185185185183,False,True
2107,102,1,0.259,True,False
2108,92,1,0.2586481481481482,True,False
2109,76,1,0.25829629629629636,True,False
2110,197,0,0.25794444444444453,False,True
2111,400,0,0.2575925925925927,False,False
2112,123,1,0.2572407407407409,True,False
2113,52,1,0.25688888888888883,True,False
2114,198,1,0.256537037037037,True,False
2115,79,1,0.2561851851851852,True,False
2116,31,1,0.25583333333333336,True,False
2117,51,1,0.25548148148148153,True,False
2118,122,1,0.2551296296296297,True,False
2119,55,0,0.25477777777777777,False,True
2120,94,0,0.25442592592592594,False,True
2121,92,1,0.2540740740740741,True,False
2122,277,1,0.2537222222222223,True,False
2123,284,0,0.25337037037037047,False,True
2124,76,1,0.25301851851851853,True,False
2125,34,1,0.2526666666666667,True,False
2126,100,1,0.25231481481481477,True,False
2127,400,0,0.25196296296296294,False,False
2128,104,1,0.2516111111111111,True,False
2129,35,0,0.2512592592592593,False,True
2130,71,0,0.25090740740740747,False,True
2131,41,1,0.25055555555555564,True,False
2132,128,0,0.2502037037037038,False,True
2133,58,0,0.24985185185185188,False,True
2134,32,1,0.24950000000000006,True,False
2135,105,1,0.24914814814814812,True,False
2136,290,1,0.2487962962962963,True,False
2137,88,1,0.24844444444444447,True,False
2138,96,1,0.24809259259259264,True,False
2139,400,0,0.24774074074074082,False,False
2140,27,0,0.24738888888888888,False,True
2141,121,1,0.24703703703703705,True,False
2142,76,1,0.24668518518518523,True,False
2143,96,1,0.2463333333333334,True,False
2144,284,0,0.24598148148148158,False,True
2145,120,1,0.24562962962962964,True,False
2146,118,0,0.24527777777777782,False,True
2147,182,0,0.24492592592592588,False,True
2148,111,1,0.24457407407407405,True,False
2149,86,1,0.24422222222222223,True,False
2150,400,0,0.2438703703703704,False,False
2151,188,1,0.24351851851851858,True,False
2152,134,0,0.24316666666666675,False,True
2153,138,0,0.24281481481481493,False,True
2154,190,0,0.242462962962963,False,True
2155,234,1,0.24211111111111117,True,False
2156,62,0,0.24175925925925923,False,True
2157,70,0,0.2414074074074074,False,True
2158,211,1,0.24105555555555558,True,False
2159,116,0,0.24070370370370375,False,True
2160,68,1,0.24035185185185193,True,False
2161,148,1,0.24,True,False
2162,227,1,0.23964814814814817,True,False
2163,345,1,0.23929629629629634,True,False
2164,231,1,0.23894444444444451,True,False
2165,104,1,0.2385925925925927,True,False
2166,119,1,0.23824074074074086,True,False
2167,76,0,0.23788888888888893,False,True
2168,34,0,0.237537037037037,False,True
2169,59,0,0.23718518518518517,False,True
2170,59,1,0.23683333333333334,True,False
2171,400,0,0.23648148148148151,False,False
2172,92,1,0.2361296296296297,True,False
2173,59,0,0.23577777777777786,False,True
2174,33,1,0.23542592592592604,True,False
2175,400,0,0.2350740740740741,False,False
2176,263,0,0.23472222222222228,False,True
2177,276,1,0.23437037037037045,True,False
2178,221,0,0.23401851851851851,False,True
2179,92,1,0.2336666666666667,True,False
2180,81,1,0.23331481481481486,True,False
2181,73,1,0.23296296296296293,True,False
2182,118,1,0.2326111111111111,True,False
2183,208,0,0.23225925925925928,False,True
2184,51,1,0.23190740740740745,True,False
2185,187,1,0.23155555555555563,True,False
2186,37,1,0.2312037037037038,True,False
2187,18,0,0.23085185185185197,False,True
2188,27,0,0.23050000000000004,False,True
2189,287,0,0.2301481481481481,False,True
2190,197,0,0.22979629629629628,False,True
2191,59,0,0.22944444444444445,False,True
2192,116,1,0.22909259259259263,True,False
2193,258,0,0.2287407407407408,False,True
2194,343,1,0.22838888888888897,True,False
2195,93,1,0.22803703703703704,True,False
2196,232,1,0.2276851851851852,True,False
2197,59,0,0.2273333333333334,False,True
2198,300,1,0.22698148148148156,True,False
2199,120,1,0.22662962962962963,True,False
2200,187,0,0.2262777777777778,False,True
2201,115,1,0.22592592592592597,True,False
2202,48,1,0.22557407407407404,True,False
2203,112,1,0.2252222222222222,True,False
2204,123,1,0.2248703703703704,True,False
2205,183,1,0.22451851851851856,True,False
2206,66,1,0.22416666666666674,True,False
2207,67,1,0.2238148148148149,True,False
2208,145,1,0.22346296296296309,True,False
2209,353,1,0.22311111111111115,True,False
2210,143,1,0.2227592592592592,True,False
2211,74,1,0.2224074074074074,True,False
2212,153,1,0.22205555555555556,True,False
2213,116,1,0.22170370370370374,True,False
2214,126,1,0.2213518518518519,True,False
2215,180,0,0.22100000000000009,False,True
2216,111,1,0.22064814814814815,True,False
2217,81,1,0.22029629629629632,True,False
2218,393,1,0.2199444444444445,True,False
2219,145,1,0.21959259259259267,True,False
2220,50,1,0.21924074074074085,True,False
2221,343,0,0.2188888888888889,False,True
2222,180,1,0.21853703703703709,True,False
2223,129,1,0.21818518518518515,True,False
2224,35,1,0.21783333333333332,True,False
2225,29,0,0.2174814814814815,False,True
2226,400,0,0.21712962962962967,False,False
2227,102,1,0.21677777777777785,True,False
2228,101,1,0.21642592592592602,True,False
2229,47,1,0.2160740740740742,True,False
2230,88,0,0.21572222222222226,False,True
2231,46,1,0.21537037037037043,True,False
2232,377,0,0.2150185185185185,False,True
2233,170,1,0.21466666666666667,True,False
2234,81,1,0.21431481481481485,True,False
2235,45,1,0.21396296296296302,True,False
2236,193,1,0.2136111111111112,True,False
2237,187,0,0.21325925925925926,False,True
2238,24,0,0.21290740740740743,False,True
2239,40,0,0.2125555555555556,False,True
2240,123,1,0.21220370370370378,True,False
2241,99,0,0.21185185185185196,False,True
2242,99,1,0.21150000000000002,True,False
2243,50,0,0.21114814814814808,False,True
2244,50,1,0.21079629629629626,True,False
2245,47,0,0.21044444444444443,False,True
2246,89,0,0.2100925925925926,False,True
2247,76,1,0.20974074074074078,True,False
2248,99,0,0.20938888888888896,False,True
2249,78,0,0.20903703703703713,False,True
2250,100,0,0.2086851851851852,False,True
2251,164,0,0.20833333333333337,False,True
2252,58,0,0.20798148148148154,False,True
2253,136,1,0.2076296296296296,True,False
2254,113,1,0.20727777777777778,True,False
2255,120,0,0.20692592592592596,False,True
2256,66,1,0.20657407407407413,True,False
2257,22,0,0.2062222222222222,False,True
2258,136,1,0.20587037037037037,True,False
2259,117,1,0.20551851851851854,True,False
2260,81,1,0.20516666666666672,True,False
2261,137,1,0.2048148148148149,True,False
2262,126,0,0.20446296296296307,False,True
2263,343,1,0.20411111111111124,True,False
2264,239,1,0.2037592592592592,True,False
2265,37,0,0.20340740740740737,False,True
2266,24,0,0.20305555555555554,False,True
2267,131,1,0.20270370370370372,True,False
2268,133,1,0.2023518518518519,True,False
2269,93,1,0.20200000000000007,True,False
2270,153,1,0.20164814814814824,True,False
2271,56,1,0.2012962962962963,True,False
2272,43,0,0.20094444444444448,False,True
2273,400,0,0.20059259259259266,False,False
2274,41,0,0.20024074074074083,False,True
2275,368,1,0.1998888888888889,True,False
2276,86,0,0.19953703703703707,False,True
2277,69,0,0.19918518518518524,False,True
2278,54,1,0.1988333333333333,True,False
2279,73,1,0.19848148148148148,True,False
2280,91,0,0.19812962962962966,False,True
2281,112,1,0.19777777777777783,True,False
2282,136,0,0.197425925925926,False,True
2283,180,1,0.19707407407407418,True,False
2284,67,1,0.19672222222222235,True,False
2285,315,1,0.19637037037037042,True,False
2286,79,1,0.19601851851851848,True,False
2287,122,0,0.19566666666666666,False,True
2288,208,1,0.19531481481481483,True,False
2289,91,1,0.194962962962963,True,False
2290,204,1,0.19461111111111118,True,False
2291,42,1,0.19425925925925935,True,False
2292,400,0,0.19390740740740742,False,False
2293,77,1,0.1935555555555556,True,False
2294,175,1,0.19320370370370377,True,False
2295,44,1,0.19285185185185194,True,False
2296,185,0,0.1925,False,True
2297,30,0,0.19214814814814818,False,True
2298,275,1,0.19179629629629635,True,False
2299,43,1,0.19144444444444442,True,False
2300,71,1,0.1910925925925926,True,False
2301,104,0,0.19074074074074077,False,True
2302,255,0,0.19038888888888894,False,True
2303,73,0,0.19003703703703712,False,True
2304,40,1,0.1896851851851853,True,False
2305,117,0,0.18933333333333335,False,True
2306,117,1,0.18898148148148153,True,False
2307,203,1,0.1886296296296296,True,False
2308,47,0,0.18827777777777777,False,True
2309,400,0,0.18792592592592594,False,False
2310,54,0,0.18757407407407412,False,True
2311,65,1,0.1872222222222223,True,False
2312,118,1,0.18687037037037035,True,False
2313,82,1,0.18651851851851853,True,False
2314,35,1,0.1861666666666667,True,False
2315,59,1,0.18581481481481488,True,False
2316,64,1,0.18546296296296305,True,False
2317,36,1,0.18511111111111123,True,False
2318,31,1,0.1847592592592593,True,False
2319,76,1,0.18440740740740735,True,False
2320,60,1,0.18405555555555553,True,False
2321,59,1,0.1837037037037037,True,False
2322,46,1,0.18335185185185188,True,False
2323,121,0,0.18300000000000005,False,True
2324,32,1,0.18264814814814823,True,False
2325,100,1,0.1822962962962964,True,False
2326,68,1,0.18194444444444446,True,False
2327,195,0,0.18159259259259264,False,True
2328,50,1,0.1812407407407408,True,False
2329,113,1,0.18088888888888888,True,False
2330,45,1,0.18053703703703705,True,False
2331,77,1,0.18018518518518523,True,False
2332,202,1,0.1798333333333334,True,False
2333,80,1,0.17948148148148146,True,False
2334,27,1,0.17912962962962964,True,False
2335,223,1,0.1787777777777778,True,False
2336,161,0,0.178425925925926,False,True
2337,189,0,0.17807407407407416,False,True
2338,45,1,0.17772222222222234,True,False
2339,42,1,0.1773703703703704,True,False
2340,67,1,0.17701851851851846,True,False
2341,72,1,0.17666666666666664,True,False
2342,92,1,0.1763148148148148,True,False
2343,46,1,0.175962962962963,True,False
2344,122,1,0.17561111111111116,True,False
2345,47,1,0.17525925925925934,True,False
2346,29,1,0.1749074074074075,True,False
2347,84,0,0.17455555555555557,False,True
2348,84,1,0.17420370370370375,True,False
2349,33,1,0.17385185185185192,True,False
2350,289,1,0.1735,True,False
2351,328,0,0.17314814814814816,False,True
2352,52,1,0.17279629629629634,True,False
2353,61,1,0.1724444444444445,True,False
2354,126,0,0.17209259259259257,False,True
2355,65,1,0.17174074074074075,True,False
2356,65,1,0.17138888888888892,True,False
2357,83,1,0.1710370370370371,True,False
2358,35,1,0.17068518518518527,True,False
2359,40,1,0.17033333333333345,True,False
2360,49,1,0.16998148148148162,True,False
2361,30,1,0.16962962962962957,True,False
2362,58,1,0.16927777777777775,True,False
2363,57,1,0.16892592592592592,True,False
2364,371,0,0.1685740740740741,False,True
2365,147,1,0.16822222222222227,True,False
2366,38,1,0.16787037037037045,True,False
2367,37,1,0.1675185185185185,True,False
2368,30,1,0.16716666666666669,True,False
2369,48,1,0.16681481481481486,True,False
2370,123,1,0.16646296296296303,True,False
2371,27,0,0.1661111111111112,False,True
2372,50,1,0.16575925925925927,True,False
2373,201,1,0.16540740740740745,True,False
2374,250,0,0.1650555555555555,False,True
2375,251,1,0.16470370370370369,True,False
2376,43,1,0.16435185185185186,True,False
2377,172,1,0.16400000000000003,True,False
2378,74,1,0.1636481481481482,True,False
2379,40,1,0.16329629629629638,True,False
2380,42,1,0.16294444444444456,True,False
2381,41,0,0.16259259259259262,False,True
2382,69,1,0.1622407407407408,True,False
2383,28,1,0.16188888888888886,True,False
2384,53,1,0.16153703703703703,True,False
2385,315,1,0.1611851851851852,True,False
2386,66,0,0.16083333333333338,False,True
2387,69,1,0.16048148148148156,True,False
2388,76,1,0.16012962962962962,True,False
2389,38,1,0.1597777777777778,True,False
2390,135,1,0.15942592592592597,True,False
2391,112,0,0.15907407407407415,False,True
2392,137,1,0.15872222222222232,True,False
2393,300,1,0.1583703703703705,True,False
2394,40,1,0.15801851851851856,True,False
2395,16,0,0.15766666666666662,False,True
2396,118,1,0.1573148148148148,True,False
2397,35,1,0.15696296296296297,True,False
2398,283,0,0.15661111111111115,False,True
2399,58,1,0.15625925925925932,True,False
2400,49,1,0.1559074074074075,True,False
2401,116,1,0.15555555555555567,True,False
2402,95,1,0.15520370370370373,True,False
2403,91,1,0.1548518518518519,True,False
2404,248,1,0.15450000000000008,True,False
2405,104,1,0.15414814814814815,True,False
2406,135,1,0.15379629629629632,True,False
2407,76,0,0.1534444444444445,False,True
2408,228,1,0.15309259259259267,True,False
2409,42,1,0.15274074074074073,True,False
2410,40,1,0.1523888888888889,True,False
2411,190,0,0.15203703703703708,False,True
2412,63,1,0.15168518518518526,True,False
2413,68,1,0.15133333333333343,True,False
2414,39,0,0.1509814814814816,False,True
2415,69,1,0.15062962962962967,True,False
2416,250,1,0.15027777777777773,True,False
2417,158,1,0.1499259259259259,True,False
2418,82,0,0.14957407407407408,False,True
2419,40,1,0.14922222222222226,True,False
2420,107,1,0.14887037037037043,True,False
2421,212,1,0.1485185185185186,True,False
2422,44,1,0.14816666666666678,True,False
2423,66,1,0.14781481481481484,True,False
2424,103,1,0.14746296296296302,True,False
2425,38,1,0.1471111111111112,True,False
2426,37,1,0.14675925925925926,True,False
2427,40,1,0.14640740740740743,True,False
2428,34,0,0.1460555555555556,False,True
2429,40,1,0.14570370370370367,True,False
2430,37,1,0.14535185185185184,True,False
2431,400,0,0.14500000000000002,False,False
2432,47,0,0.1446481481481482,False,True
2433,118,0,0.14429629629629637,False,True
2434,19,1,0.14394444444444454,True,False
2435,96,1,0.14359259259259272,True,False
2436,54,1,0.14324074074074078,True,False
2437,40,1,0.14288888888888884,True,False
2438,138,1,0.14253703703703702,True,False
2439,54,0,0.1421851851851852,False,True
2440,141,1,0.14183333333333337,True,False
2441,67,1,0.14148148148148154,True,False
2442,44,1,0.14112962962962972,True,False
2443,108,1,0.14077777777777778,True,False
2444,31,1,0.14042592592592595,True,False
2445,143,1,0.14007407407407413,True,False
2446,90,1,0.1397222222222223,True,False
2447,195,1,0.13937037037037048,True,False
2448,32,1,0.13901851851851854,True,False
2449,38,0,0.13866666666666672,False,True
2450,65,1,0.13831481481481478,True,False
2451,25,1,0.13796296296296295,True,False
2452,29,1,0.13761111111111113,True,False
2453,74,0,0.1372592592592593,False,True
2454,226,1,0.13690740740740748,True,False
2455,49,1,0.13655555555555565,True,False
2456,40,1,0.13620370370370383,True,False
2457,89,1,0.1358518518518519,True,False
2458,117,0,0.13550000000000006,False,True
2459,52,1,0.13514814814814813,True,False
2460,32,1,0.1347962962962963,True,False
2461,26,1,0.13444444444444448,True,False
2462,71,1,0.13409259259259265,True,False
2463,29,1,0.13374074074074083,True,False
2464,79,1,0.1333888888888889,True,False
2465,101,1,0.13303703703703706,True,False
2466,146,1,0.13268518518518524,True,False
2467,133,0,0.1323333333333334,False,True
2468,58,1,0.1319814814814816,True,False
2469,118,1,0.13162962962962965,True,False
2470,26,1,0.13127777777777783,True,False
2471,30,1,0.1309259259259259,True,False
2472,41,1,0.13057407407407406,True,False
2473,119,0,0.13022222222222224,False,True
2474,23,1,0.1298703703703704,True,False
2475,114,0,0.1295185185185186,False,True
2476,182,1,0.12916666666666676,True,False
2477,246,1,0.12881481481481494,True,False
2478,251,1,0.128462962962963,True,False
2479,69,1,0.12811111111111118,True,False
2480,62,1,0.12775925925925924,True,False
2481,30,1,0.1274074074074074,True,False
2482,64,0,0.1270555555555556,False,True
2483,84,1,0.12670370370370376,True,False
2484,29,1,0.12635185185185194,True,False
2485,51,1,0.126,True,False
2486,103,0,0.12564814814814818,False,True
2487,64,0,0.12529629629629635,False,True
2488,39,1,0.12494444444444452,True,False
2489,69,1,0.1245925925925927,True,False
2490,76,1,0.12424074074074087,True,False
2491,56,1,0.12388888888888883,True,False
2492,25,1,0.123537037037037,True,False
2493,29,1,0.12318518518518518,True,False
2494,219,0,0.12283333333333335,False,True
2495,124,0,0.12248148148148152,False,True
2496,21,0,0.1221296296296297,False,True
2497,165,1,0.12177777777777787,True,False
2498,26,0,0.12142592592592594,False,True
2499,70,0,0.12107407407407411,False,True
2500,45,1,0.12072222222222229,True,False
2501,25,1,0.12037037037037046,True,False
2502,142,0,0.12001851851851852,False,True
2503,36,1,0.1196666666666667,True,False
2504,115,1,0.11931481481481487,True,False
2505,28,0,0.11896296296296294,False,True
2506,40,1,0.11861111111111111,True,False
2507,56,1,0.11825925925925929,True,False
2508,213,0,0.11790740740740746,False,True
2509,22,1,0.11755555555555564,True,False
2510,214,1,0.11720370370370381,True,False
2511,23,0,0.11685185185185198,False,True
2512,58,1,0.11650000000000005,True,False
2513,91,1,0.11614814814814811,True,False
2514,45,1,0.11579629629629629,True,False
2515,42,1,0.11544444444444446,True,False
2516,61,1,0.11509259259259264,True,False
2517,33,1,0.11474074074074081,True,False
2518,33,1,0.11438888888888898,True,False
2519,35,1,0.11403703703703705,True,False
2520,9,0,0.11368518518518522,False,True
2521,43,1,0.1133333333333334,True,False
2522,41,0,0.11298148148148157,False,True
2523,34,1,0.11262962962962964,True,False
2524,37,1,0.11227777777777781,True,False
2525,219,0,0.11192592592592598,False,True
2526,123,1,0.11157407407407405,True,False
2527,82,1,0.11122222222222222,True,False
2528,61,1,0.1108703703703704,True,False
2529,24,1,0.11051851851851857,True,False
2530,94,0,0.11016666666666675,False,True
2531,138,1,0.10981481481481492,True,False
2532,24,1,0.1094629629629631,True,False
2533,82,1,0.10911111111111116,True,False
2534,36,1,0.10875925925925922,True,False
2535,53,1,0.1084074074074074,True,False
2536,23,1,0.10805555555555557,True,False
2537,47,1,0.10770370370370375,True,False
2538,84,0,0.10735185185185192,False,True
2539,84,1,0.1070000000000001,True,False
2540,129,1,0.10664814814814816,True,False
2541,48,1,0.10629629629629633,True,False
2542,29,1,0.10594444444444451,True,False
2543,38,1,0.10559259259259268,True,False
2544,20,0,0.10524074074074086,False,True
2545,237,1,0.10488888888888892,True,False
2546,26,1,0.1045370370370371,True,False
2547,76,0,0.10418518518518516,False,True
2548,87,1,0.10383333333333333,True,False
2549,22,1,0.10348148148148151,True,False
2550,87,1,0.10312962962962968,True,False
2551,22,0,0.10277777777777786,False,True
2552,134,1,0.10242592592592603,True,False
2553,51,1,0.1020740740740741,True,False
2554,57,0,0.10172222222222227,False,True
2555,105,0,0.10137037037037044,False,True
2556,93,0,0.10101851851851851,False,True
2557,53,1,0.10066666666666668,True,False
2558,55,0,0.10031481481481486,False,True
2559,100,1,0.09996296296296303,True,False
2560,95,0,0.0996111111111111,False,True
2561,37,1,0.09925925925925927,True,False
2562,111,1,0.09890740740740744,True,False
2563,40,1,0.09855555555555562,True,False
2564,167,0,0.09820370370370379,False,True
2565,43,1,0.09785185185185197,True,False
2566,16,0,0.09750000000000003,False,True
2567,39,1,0.0971481481481481,True,False
2568,46,0,0.09679629629629627,False,True
2569,28,1,0.09644444444444444,True,False
2570,28,1,0.09609259259259262,True,False
2571,48,0,0.09574074074074079,False,True
2572,72,1,0.09538888888888897,True,False
2573,21,1,0.09503703703703714,True,False
2574,37,0,0.0946851851851852,False,True
2575,30,0,0.09433333333333338,False,True
2576,19,1,0.09398148148148155,True,False
2577,95,1,0.09362962962962962,True,False
2578,33,1,0.09327777777777779,True,False
2579,43,1,0.09292592592592597,True,False
2580,47,1,0.09257407407407414,True,False
2581,155,1,0.0922222222222222,True,False
2582,81,0,0.09187037037037038,False,True
2583,83,1,0.09151851851851855,True,False
2584,27,1,0.09116666666666673,True,False
2585,213,0,0.0908148148148149,False,True
2586,19,0,0.09046296296296308,False,True
2587,153,0,0.09011111111111125,False,True
2588,127,1,0.0897592592592592,True,False
2589,124,0,0.08940740740740738,False,True
2590,99,0,0.08905555555555555,False,True
2591,35,1,0.08870370370370373,True,False
2592,131,1,0.0883518518518519,True,False
2593,148,1,0.08800000000000008,True,False
2594,33,1,0.08764814814814825,True,False
2595,26,1,0.08729629629629632,True,False
2596,43,1,0.08694444444444449,True,False
2597,209,0,0.08659259259259267,False,True
2598,32,1,0.08624074074074084,True,False
2599,120,1,0.0858888888888889,True,False
2600,24,1,0.08553703703703708,True,False
2601,74,1,0.08518518518518525,True,False
2602,130,0,0.08483333333333332,False,True
2603,83,1,0.08448148148148149,True,False
2604,173,1,0.08412962962962967,True,False
2605,55,1,0.08377777777777784,True,False
2606,23,1,0.08342592592592601,True,False
2607,71,1,0.08307407407407419,True,False
2608,29,1,0.08272222222222236,True,False
2609,30,1,0.08237037037037043,True,False
2610,52,1,0.08201851851851849,True,False
2611,98,0,0.08166666666666667,False,True
2612,41,1,0.08131481481481484,True,False
2613,48,1,0.08096296296296301,True,False
2614,53,1,0.08061111111111119,True,False
2615,87,1,0.08025925925925925,True,False
2616,160,1,0.07990740740740743,True,False
2617,42,1,0.0795555555555556,True,False
2618,45,1,0.07920370370370378,True,False
2619,26,1,0.07885185185185195,True,False
2620,25,1,0.07850000000000001,True,False
2621,30,1,0.07814814814814819,True,False
2622,160,1,0.07779629629629625,True,False
2623,123,1,0.07744444444444443,True,False
2624,93,1,0.0770925925925926,True,False
2625,275,1,0.07674074074074078,True,False
2626,28,1,0.07638888888888895,True,False
2627,40,1,0.07603703703703713,True,False
2628,18,1,0.0756851851851853,True,False
2629,160,1,0.07533333333333336,True,False
2630,29,1,0.07498148148148154,True,False
2631,33,1,0.0746296296296296,True,False
2632,27,1,0.07427777777777778,True,False
2633,38,1,0.07392592592592595,True,False
2634,36,1,0.07357407407407413,True,False
2635,54,1,0.0732222222222223,True,False
2636,235,1,0.07287037037037036,True,False
2637,29,1,0.07251851851851854,True,False
2638,30,1,0.07216666666666671,True,False
2639,22,1,0.07181481481481489,True,False
2640,87,1,0.07146296296296306,True,False
2641,39,1,0.07111111111111124,True,False
2642,34,1,0.0707592592592593,True,False
2643,62,1,0.07040740740740736,True,False
2644,37,1,0.07005555555555554,True,False
2645,67,1,0.06970370370370371,True,False
2646,163,1,0.06935185185185189,True,False
2647,135,1,0.06900000000000006,True,False
2648,36,1,0.06864814814814824,True,False
2649,18,0,0.06829629629629641,False,True
2650,62,1,0.06794444444444447,True,False
2651,40,1,0.06759259259259265,True,False
2652,35,1,0.06724074074074082,True,False
2653,162,1,0.06688888888888889,True,False
2654,354,1,0.06653703703703706,True,False
2655,58,1,0.06618518518518524,True,False
2656,23,1,0.06583333333333341,True,False
2657,34,1,0.06548148148148147,True,False
2658,38,1,0.06512962962962965,True,False
2659,163,1,0.06477777777777782,True,False
2660,39,0,0.064425925925926,False,True
2661,135,1,0.06407407407407417,True,False
2662,25,1,0.06372222222222235,True,False
2663,97,1,0.06337037037037041,True,False
2664,75,1,0.06301851851851847,True,False
2665,196,1,0.06266666666666665,True,False
2666,36,0,0.06231481481481482,False,True
2667,52,1,0.061962962962963,True,False
2668,31,1,0.06161111111111117,True,False
2669,82,1,0.06125925925925935,True,False
2670,25,1,0.06090740740740752,True,False
2671,80,1,0.060555555555555585,True,False
2672,28,1,0.06020370370370376,True,False
2673,46,1,0.059851851851851934,True,False
2674,71,1,0.0595,True,False
2675,157,1,0.05914814814814817,True,False
2676,29,1,0.058796296296296346,True,False
2677,20,1,0.05844444444444441,True,False
2678,37,1,0.058092592592592585,True,False
2679,33,1,0.05774074074074076,True,False
2680,36,1,0.057388888888888934,True,False
2681,39,1,0.05703703703703711,True,False
2682,180,0,0.05668518518518528,False,True
2683,248,1,0.05633333333333346,True,False
2684,29,1,0.05598148148148152,True,False
2685,86,1,0.055629629629629584,True,False
2686,22,1,0.05527777777777776,True,False
2687,43,1,0.054925925925925934,True,False
2688,182,1,0.05457407407407411,True,False
2689,27,1,0.05422222222222228,True,False
2690,20,1,0.05387037037037046,True,False
2691,22,1,0.05351851851851852,True,False
2692,170,1,0.053166666666666695,True,False
2693,37,1,0.05281481481481487,True,False
2694,22,1,0.052462962962963045,True,False
2695,29,1,0.05211111111111122,True,False
2696,22,1,0.05175925925925928,True,False
2697,27,1,0.05140740740740746,True,False
2698,148,0,0.05105555555555552,False,True
2699,71,1,0.050703703703703695,True,False
2700,29,1,0.05035185185185187,True,False
2701,39,1,0.050000000000000044,True,False
2702,29,1,0.050000000000000044,True,False
2703,79,1,0.050000000000000044,True,False
2704,39,1,0.050000000000000044,True,False
2705,79,0,0.050000000000000044,False,True
2706,83,1,0.050000000000000044,True,False
2707,124,0,0.050000000000000044,False,True
2708,24,1,0.050000000000000044,True,False
2709,25,0,0.050000000000000044,False,True
2710,83,1,0.050000000000000044,True,False
2711,32,1,0.050000000000000044,True,False
2712,86,1,0.050000000000000044,True,False
2713,183,1,0.050000000000000044,True,False
2714,24,1,0.050000000000000044,True,False
2715,153,1,0.050000000000000044,True,False
2716,20,1,0.050000000000000044,True,False
2717,105,1,0.050000000000000044,True,False
2718,31,1,0.050000000000000044,True,False
2719,44,0,0.050000000000000044,False,True
2720,77,1,0.050000000000000044,True,False
2721,23,1,0.050000000000000044,True,False
2722,50,1,0.050000000000000044,True,False
2723,49,1,0.050000000000000044,True,False
2724,28,1,0.050000000000000044,True,False
2725,21,1,0.050000000000000044,True,False
2726,41,1,0.050000000000000044,True,False
2727,47,1,0.050000000000000044,True,False
2728,21,1,0.050000000000000044,True,False
2729,47,1,0.050000000000000044,True,False
2730,163,1,0.050000000000000044,True,False
2731,216,0,0.050000000000000044,False,True
2732,21,1,0.050000000000000044,True,False
2733,28,1,0.050000000000000044,True,False
2734,33,1,0.050000000000000044,True,False
2735,54,1,0.050000000000000044,True,False
2736,21,1,0.050000000000000044,True,False
2737,168,1,0.050000000000000044,True,False
2738,63,1,0.050000000000000044,True,False
2739,59,1,0.050000000000000044,True,False
2740,44,1,0.050000000000000044,True,False
2741,59,1,0.050000000000000044,True,False
2742,79,1,0.050000000000000044,True,False
2743,123,1,0.050000000000000044,True,False
2744,50,1,0.050000000000000044,True,False
2745,57,1,0.050000000000000044,True,False
2746,132,1,0.050000000000000044,True,False
2747,22,1,0.050000000000000044,True,False
2748,26,1,0.050000000000000044,True,False
2749,25,1,0.050000000000000044,True,False
2750,131,1,0.050000000000000044,True,False
2751,39,1,0.050000000000000044,True,False
2752,42,1,0.050000000000000044,True,False
2753,215,1,0.050000000000000044,True,False
2754,29,1,0.050000000000000044,True,False
2755,25,1,0.050000000000000044,True,False
2756,111,1,0.050000000000000044,True,False
2757,21,1,0.050000000000000044,True,False
2758,63,0,0.050000000000000044,False,True
2759,75,1,0.050000000000000044,True,False
2760,56,1,0.050000000000000044,True,False
2761,37,1,0.050000000000000044,True,False
2762,27,0,0.050000000000000044,False,True
2763,101,0,0.050000000000000044,False,True
2764,26,1,0.050000000000000044,True,False
2765,33,1,0.050000000000000044,True,False
2766,97,1,0.050000000000000044,True,False
2767,31,1,0.050000000000000044,True,False
2768,31,1,0.050000000000000044,True,False
2769,23,1,0.050000000000000044,True,False
2770,287,1,0.050000000000000044,True,False
2771,400,0,0.050000000000000044,False,False
2772,124,1,0.050000000000000044,True,False
2773,41,0,0.050000000000000044,False,True
2774,145,1,0.050000000000000044,True,False
2775,36,1,0.050000000000000044,True,False
2776,110,0,0.050000000000000044,False,True
2777,68,1,0.050000000000000044,True,False
2778,244,1,0.050000000000000044,True,False
2779,42,1,0.050000000000000044,True,False
2780,139,1,0.050000000000000044,True,False
2781,112,1,0.050000000000000044,True,False
2782,67,1,0.050000000000000044,True,False
2783,65,1,0.050000000000000044,True,False
2784,125,1,0.050000000000000044,True,False
2785,78,1,0.050000000000000044,True,False
2786,60,0,0.050000000000000044,False,True
2787,75,1,0.050000000000000044,True,False
2788,152,1,0.050000000000000044,True,False
2789,179,1,0.050000000000000044,True,False
2790,104,1,0.050000000000000044,True,False
2791,135,1,0.050000000000000044,True,False
2792,22,1,0.050000000000000044,True,False
2793,72,1,0.050000000000000044,True,False
2794,26,1,0.050000000000000044,True,False
2795,266,1,0.050000000000000044,True,False
2796,24,1,0.050000000000000044,True,False
2797,26,1,0.050000000000000044,True,False
2798,196,1,0.050000000000000044,True,False
2799,34,1,0.050000000000000044,True,False
2800,193,1,0.050000000000000044,True,False
2801,45,1,0.050000000000000044,True,False
2802,38,1,0.050000000000000044,True,False
2803,32,1,0.050000000000000044,True,False
2804,26,1,0.050000000000000044,True,False
2805,242,1,0.050000000000000044,True,False
2806,59,1,0.050000000000000044,True,False
2807,21,1,0.050000000000000044,True,False
2808,24,1,0.050000000000000044,True,False
2809,107,1,0.050000000000000044,True,False
2810,112,1,0.050000000000000044,True,False
2811,38,1,0.050000000000000044,True,False
2812,125,1,0.050000000000000044,True,False
2813,25,1,0.050000000000000044,True,False
2814,222,1,0.050000000000000044,True,False
2815,85,1,0.050000000000000044,True,False
2816,34,1,0.050000000000000044,True,False
2817,35,1,0.050000000000000044,True,False
2818,64,1,0.050000000000000044,True,False
2819,226,1,0.050000000000000044,True,False
2820,59,1,0.050000000000000044,True,False
2821,31,1,0.050000000000000044,True,False
2822,37,0,0.050000000000000044,False,True
2823,44,0,0.050000000000000044,False,True
2824,23,1,0.050000000000000044,True,False
2825,40,1,0.050000000000000044,True,False
2826,34,0,0.050000000000000044,False,True
2827,36,1,0.050000000000000044,True,False
2828,48,1,0.050000000000000044,True,False
2829,20,1,0.050000000000000044,True,False
2830,45,1,0.050000000000000044,True,False
2831,68,1,0.050000000000000044,True,False
2832,58,1,0.050000000000000044,True,False
2833,30,1,0.050000000000000044,True,False
2834,116,0,0.050000000000000044,False,True
2835,170,0,0.050000000000000044,False,True
2836,21,1,0.050000000000000044,True,False
2837,87,1,0.050000000000000044,True,False
2838,271,1,0.050000000000000044,True,False
2839,32,1,0.050000000000000044,True,False
2840,34,1,0.050000000000000044,True,False
2841,33,1,0.050000000000000044,True,False
2842,28,1,0.050000000000000044,True,False
2843,327,1,0.050000000000000044,True,False
2844,18,1,0.050000000000000044,True,False
2845,22,1,0.050000000000000044,True,False
2846,55,1,0.050000000000000044,True,False
2847,24,1,0.050000000000000044,True,False
2848,43,1,0.050000000000000044,True,False
2849,32,1,0.050000000000000044,True,False
2850,303,1,0.050000000000000044,True,False
2851,21,1,0.050000000000000044,True,False
2852,34,1,0.050000000000000044,True,False
2853,57,0,0.050000000000000044,False,True
2854,32,1,0.050000000000000044,True,False
2855,37,1,0.050000000000000044,True,False
2856,23,1,0.050000000000000044,True,False
2857,284,1,0.050000000000000044,True,False
2858,25,1,0.050000000000000044,True,False
2859,84,1,0.050000000000000044,True,False
2860,53,1,0.050000000000000044,True,False
2861,98,1,0.050000000000000044,True,False
2862,18,1,0.050000000000000044,True,False
2863,72,1,0.050000000000000044,True,False
2864,42,1,0.050000000000000044,True,False
2865,28,1,0.050000000000000044,True,False
2866,24,1,0.050000000000000044,True,False
2867,40,1,0.050000000000000044,True,False
2868,20,1,0.050000000000000044,True,False
2869,43,1,0.050000000000000044,True,False
2870,20,1,0.050000000000000044,True,False
2871,272,1,0.050000000000000044,True,False
2872,24,1,0.050000000000000044,True,False
2873,18,1,0.050000000000000044,True,False
2874,102,1,0.050000000000000044,True,False
2875,44,1,0.050000000000000044,True,False
2876,41,1,0.050000000000000044,True,False
2877,80,1,0.050000000000000044,True,False
2878,18,1,0.050000000000000044,True,False
2879,230,1,0.050000000000000044,True,False
2880,31,1,0.050000000000000044,True,False
2881,32,1,0.050000000000000044,True,False
2882,243,1,0.050000000000000044,True,False
2883,56,1,0.050000000000000044,True,False
2884,18,1,0.050000000000000044,True,False
2885,25,1,0.050000000000000044,True,False
2886,22,1,0.050000000000000044,True,False
2887,26,1,0.050000000000000044,True,False
2888,161,1,0.050000000000000044,True,False
2889,30,1,0.050000000000000044,True,False
2890,22,1,0.050000000000000044,True,False
2891,272,1,0.050000000000000044,True,False
2892,20,1,0.050000000000000044,True,False
2893,54,0,0.050000000000000044,False,True
2894,199,1,0.050000000000000044,True,False
2895,40,1,0.050000000000000044,True,False
2896,46,0,0.050000000000000044,False,True
2897,139,1,0.050000000000000044,True,False
2898,22,1,0.050000000000000044,True,False
2899,45,1,0.050000000000000044,True,False
2900,159,1,0.050000000000000044,True,False
2901,72,1,0.050000000000000044,True,False
2902,167,1,0.050000000000000044,True,False
2903,24,1,0.050000000000000044,True,False
2904,68,0,0.050000000000000044,False,True
2905,69,1,0.050000000000000044,True,False
2906,67,0,0.050000000000000044,False,True
2907,24,1,0.050000000000000044,True,False
2908,40,1,0.050000000000000044,True,False
2909,258,0,0.050000000000000044,False,True
2910,47,1,0.050000000000000044,True,False
2911,18,1,0.050000000000000044,True,False
2912,30,1,0.050000000000000044,True,False
2913,48,1,0.050000000000000044,True,False
2914,184,1,0.050000000000000044,True,False
2915,39,1,0.050000000000000044,True,False
2916,51,1,0.050000000000000044,True,False
2917,57,1,0.050000000000000044,True,False
2918,24,1,0.050000000000000044,True,False
2919,64,1,0.050000000000000044,True,False
2920,265,1,0.050000000000000044,True,False
2921,30,1,0.050000000000000044,True,False
2922,179,1,0.050000000000000044,True,False
2923,30,1,0.050000000000000044,True,False
2924,134,1,0.050000000000000044,True,False
2925,19,1,0.050000000000000044,True,False
2926,34,0,0.050000000000000044,False,True
2927,212,0,0.050000000000000044,False,True
2928,22,1,0.050000000000000044,True,False
2929,76,1,0.050000000000000044,True,False
2930,221,1,0.050000000000000044,True,False
2931,18,1,0.050000000000000044,True,False
2932,25,1,0.050000000000000044,True,False
2933,26,1,0.050000000000000044,True,False
2934,208,1,0.050000000000000044,True,False
2935,297,1,0.050000000000000044,True,False
2936,141,1,0.050000000000000044,True,False
2937,25,1,0.050000000000000044,True,False
2938,43,1,0.050000000000000044,True,False
2939,79,1,0.050000000000000044,True,False
2940,91,1,0.050000000000000044,True,False
2941,29,1,0.050000000000000044,True,False
2942,190,1,0.050000000000000044,True,False
2943,33,1,0.050000000000000044,True,False
2944,35,1,0.050000000000000044,True,False
2945,27,1,0.050000000000000044,True,False
2946,103,1,0.050000000000000044,True,False
2947,43,1,0.050000000000000044,True,False
2948,64,1,0.050000000000000044,True,False
2949,15,0,0.050000000000000044,False,True
2950,27,1,0.050000000000000044,True,False
2951,49,1,0.050000000000000044,True,False
2952,40,1,0.050000000000000044,True,False
2953,26,1,0.050000000000000044,True,False
2954,31,1,0.050000000000000044,True,False
2955,25,1,0.050000000000000044,True,False
2956,126,1,0.050000000000000044,True,False
2957,20,1,0.050000000000000044,True,False
2958,150,0,0.050000000000000044,False,True
2959,34,1,0.050000000000000044,True,False
2960,24,1,0.050000000000000044,True,False
2961,25,1,0.050000000000000044,True,False
2962,201,1,0.050000000000000044,True,False
2963,55,1,0.050000000000000044,True,False
2964,108,0,0.050000000000000044,False,True
2965,18,1,0.050000000000000044,True,False
2966,56,1,0.050000000000000044,True,False
2967,53,1,0.050000000000000044,True,False
2968,63,1,0.050000000000000044,True,False
2969,20,1,0.050000000000000044,True,False
2970,40,0,0.050000000000000044,False,True
2971,36,1,0.050000000000000044,True,False
2972,75,0,0.050000000000000044,False,True
2973,26,1,0.050000000000000044,True,False
2974,190,0,0.050000000000000044,False,True
2975,19,1,0.050000000000000044,True,False
2976,107,1,0.050000000000000044,True,False
2977,30,1,0.050000000000000044,True,False
2978,81,1,0.050000000000000044,True,False
2979,34,1,0.050000000000000044,True,False
2980,26,1,0.050000000000000044,True,False
2981,35,1,0.050000000000000044,True,False
2982,40,1,0.050000000000000044,True,False
2983,172,1,0.050000000000000044,True,False
2984,97,1,0.050000000000000044,True,False
2985,75,1,0.050000000000000044,True,False
2986,27,1,0.050000000000000044,True,False
2987,31,1,0.050000000000000044,True,False
2988,72,1,0.050000000000000044,True,False
2989,39,1,0.050000000000000044,True,False
2990,26,1,0.050000000000000044,True,False
2991,41,1,0.050000000000000044,True,False
2992,33,1,0.050000000000000044,True,False
2993,35,1,0.050000000000000044,True,False
2994,31,1,0.050000000000000044,True,False
2995,23,1,0.050000000000000044,True,False
2996,203,1,0.050000000000000044,True,False
2997,22,1,0.050000000000000044,True,False
2998,31,1,0.050000000000000044,True,False
2999,27,1,0.050000000000000044,True,False
3000,32,1,0.050000000000000044,True,False
