episode,steps,totalReward,epsilon,completed,died
1,120,1,1.0,True,False
2,172,0,0.9996481481481482,False,True
3,203,0,0.9992962962962963,False,True
4,234,0,0.9989444444444444,False,True
5,188,0,0.9985925925925926,False,True
6,48,0,0.9982407407407408,False,True
7,122,0,0.9978888888888889,False,True
8,39,0,0.997537037037037,False,True
9,82,0,0.9971851851851852,False,True
10,195,0,0.9968333333333333,False,True
11,135,1,0.9964814814814815,True,False
12,80,0,0.9961296296296296,False,True
13,120,0,0.9957777777777778,False,True
14,238,0,0.9954259259259259,False,True
15,400,0,0.9950740740740741,False,False
16,400,0,0.9947222222222222,False,False
17,59,0,0.9943703703703703,False,True
18,400,0,0.9940185185185185,False,False
19,172,0,0.9936666666666667,False,True
20,34,0,0.9933148148148148,False,True
21,400,0,0.9929629629629629,False,False
22,84,1,0.9926111111111111,True,False
23,132,0,0.9922592592592593,False,True
24,67,0,0.9919074074074075,False,True
25,209,1,0.9915555555555555,True,False
26,110,0,0.9912037037037037,False,True
27,400,0,0.9908518518518519,False,False
28,157,0,0.9905,False,True
29,250,1,0.9901481481481481,True,False
30,236,1,0.9897962962962963,True,False
31,147,0,0.9894444444444445,False,True
32,239,0,0.9890925925925926,False,True
33,90,0,0.9887407407407407,False,True
34,400,0,0.9883888888888889,False,False
35,282,0,0.988037037037037,False,True
36,258,0,0.9876851851851852,False,True
37,302,0,0.9873333333333333,False,True
38,20,0,0.9869814814814815,False,True
39,163,0,0.9866296296296296,False,True
40,101,0,0.9862777777777778,False,True
41,16,0,0.9859259259259259,False,True
42,157,0,0.985574074074074,False,True
43,400,0,0.9852222222222222,False,False
44,60,0,0.9848703703703704,False,True
45,38,0,0.9845185185185186,False,True
46,33,0,0.9841666666666666,False,True
47,347,0,0.9838148148148148,False,True
48,316,0,0.983462962962963,False,True
49,69,0,0.9831111111111112,False,True
50,16,0,0.9827592592592592,False,True
51,246,0,0.9824074074074074,False,True
52,78,0,0.9820555555555556,False,True
53,143,0,0.9817037037037037,False,True
54,192,0,0.9813518518518518,False,True
55,190,0,0.981,False,True
56,23,0,0.9806481481481482,False,True
57,219,1,0.9802962962962963,True,False
58,400,0,0.9799444444444444,False,False
59,183,1,0.9795925925925926,True,False
60,400,0,0.9792407407407407,False,False
61,400,0,0.9788888888888889,False,False
62,60,0,0.978537037037037,False,True
63,81,1,0.9781851851851852,True,False
64,267,1,0.9778333333333333,True,False
65,46,0,0.9774814814814815,False,True
66,400,0,0.9771296296296297,False,False
67,31,0,0.9767777777777777,False,True
68,106,0,0.9764259259259259,False,True
69,184,0,0.9760740740740741,False,True
70,296,0,0.9757222222222223,False,True
71,124,1,0.9753703703703703,True,False
72,208,1,0.9750185185185185,True,False
73,154,0,0.9746666666666667,False,True
74,400,0,0.9743148148148149,False,False
75,196,0,0.9739629629629629,False,True
76,281,0,0.9736111111111111,False,True
77,195,0,0.9732592592592593,False,True
78,127,0,0.9729074074074074,False,True
79,44,0,0.9725555555555555,False,True
80,239,0,0.9722037037037037,False,True
81,400,0,0.9718518518518519,False,False
82,400,0,0.9715,False,False
83,167,0,0.9711481481481481,False,True
84,41,0,0.9707962962962963,False,True
85,152,0,0.9704444444444444,False,True
86,216,1,0.9700925925925926,True,False
87,26,0,0.9697407407407408,False,True
88,44,0,0.9693888888888889,False,True
89,141,1,0.969037037037037,True,False
90,46,0,0.9686851851851852,False,True
91,97,0,0.9683333333333334,False,True
92,141,0,0.9679814814814814,False,True
93,241,0,0.9676296296296296,False,True
94,400,0,0.9672777777777778,False,False
95,87,0,0.966925925925926,False,True
96,48,0,0.966574074074074,False,True
97,300,0,0.9662222222222222,False,True
98,32,0,0.9658703703703704,False,True
99,60,0,0.9655185185185186,False,True
100,71,0,0.9651666666666666,False,True
101,206,0,0.9648148148148148,False,True
102,123,0,0.964462962962963,False,True
103,144,0,0.9641111111111111,False,True
104,175,0,0.9637592592592592,False,True
105,343,0,0.9634074074074074,False,True
106,12,0,0.9630555555555556,False,True
107,122,1,0.9627037037037037,True,False
108,84,0,0.9623518518518519,False,True
109,47,0,0.962,False,True
110,214,0,0.9616481481481481,False,True
111,54,0,0.9612962962962963,False,True
112,284,0,0.9609444444444445,False,True
113,164,0,0.9605925925925926,False,True
114,170,0,0.9602407407407407,False,True
115,54,0,0.9598888888888889,False,True
116,194,0,0.9595370370370371,False,True
117,245,0,0.9591851851851851,False,True
118,341,0,0.9588333333333333,False,True
119,335,1,0.9584814814814815,True,False
120,14,0,0.9581296296296297,False,True
121,265,0,0.9577777777777777,False,True
122,62,0,0.9574259259259259,False,True
123,400,0,0.9570740740740741,False,False
124,167,0,0.9567222222222223,False,True
125,400,0,0.9563703703703703,False,False
126,124,0,0.9560185185185185,False,True
127,150,1,0.9556666666666667,True,False
128,181,0,0.9553148148148148,False,True
129,176,0,0.954962962962963,False,True
130,263,0,0.9546111111111111,False,True
131,117,0,0.9542592592592593,False,True
132,242,0,0.9539074074074074,False,True
133,158,0,0.9535555555555556,False,True
134,400,0,0.9532037037037037,False,False
135,400,0,0.9528518518518518,False,False
136,388,0,0.9525,False,True
137,63,0,0.9521481481481482,False,True
138,39,0,0.9517962962962963,False,True
139,147,1,0.9514444444444444,True,False
140,108,0,0.9510925925925926,False,True
141,336,1,0.9507407407407408,True,False
142,24,0,0.9503888888888888,False,True
143,214,1,0.950037037037037,True,False
144,58,0,0.9496851851851852,False,True
145,86,0,0.9493333333333334,False,True
146,57,0,0.9489814814814814,False,True
147,30,0,0.9486296296296296,False,True
148,126,0,0.9482777777777778,False,True
149,140,0,0.947925925925926,False,True
150,400,0,0.9475740740740741,False,False
151,38,0,0.9472222222222222,False,True
152,205,0,0.9468703703703704,False,True
153,400,0,0.9465185185185185,False,False
154,155,0,0.9461666666666667,False,True
155,80,0,0.9458148148148148,False,True
156,47,0,0.945462962962963,False,True
157,200,0,0.9451111111111111,False,True
158,30,0,0.9447592592592593,False,True
159,61,0,0.9444074074074074,False,True
160,101,1,0.9440555555555555,True,False
161,253,0,0.9437037037037037,False,True
162,362,0,0.9433518518518519,False,True
163,44,0,0.9430000000000001,False,True
164,169,0,0.9426481481481481,False,True
165,107,0,0.9422962962962963,False,True
166,349,0,0.9419444444444445,False,True
167,48,0,0.9415925925925925,False,True
168,279,0,0.9412407407407407,False,True
169,155,0,0.9408888888888889,False,True
170,15,0,0.9405370370370371,False,True
171,25,0,0.9401851851851852,False,True
172,111,0,0.9398333333333333,False,True
173,35,0,0.9394814814814815,False,True
174,400,0,0.9391296296296296,False,False
175,49,0,0.9387777777777778,False,True
176,182,0,0.9384259259259259,False,True
177,135,1,0.9380740740740741,True,False
178,200,1,0.9377222222222222,True,False
179,75,0,0.9373703703703704,False,True
180,400,0,0.9370185185185185,False,False
181,400,0,0.9366666666666666,False,False
182,145,0,0.9363148148148148,False,True
183,89,0,0.935962962962963,False,True
184,400,0,0.9356111111111111,False,False
185,44,0,0.9352592592592592,False,True
186,400,0,0.9349074074074074,False,False
187,32,0,0.9345555555555556,False,True
188,257,0,0.9342037037037036,False,True
189,37,0,0.9338518518518518,False,True
190,244,1,0.9335,True,False
191,20,0,0.9331481481481482,False,True
192,276,0,0.9327962962962963,False,True
193,108,0,0.9324444444444444,False,True
194,99,0,0.9320925925925926,False,True
195,62,0,0.9317407407407408,False,True
196,206,0,0.9313888888888889,False,True
197,103,0,0.931037037037037,False,True
198,40,0,0.9306851851851852,False,True
199,28,0,0.9303333333333333,False,True
200,400,0,0.9299814814814815,False,False
201,43,0,0.9296296296296296,False,True
202,400,0,0.9292777777777778,False,False
203,252,0,0.9289259259259259,False,True
204,34,0,0.9285740740740741,False,True
205,19,0,0.9282222222222223,False,True
206,400,0,0.9278703703703703,False,False
207,316,0,0.9275185185185185,False,True
208,27,0,0.9271666666666667,False,True
209,151,1,0.9268148148148148,True,False
210,263,0,0.9264629629629629,False,True
211,96,0,0.9261111111111111,False,True
212,392,1,0.9257592592592593,True,False
213,150,1,0.9254074074074075,True,False
214,302,1,0.9250555555555555,True,False
215,62,0,0.9247037037037037,False,True
216,400,0,0.9243518518518519,False,False
217,82,1,0.924,True,False
218,45,0,0.9236481481481481,False,True
219,313,0,0.9232962962962963,False,True
220,48,0,0.9229444444444445,False,True
221,165,1,0.9225925925925926,True,False
222,52,1,0.9222407407407407,True,False
223,233,0,0.9218888888888889,False,True
224,94,0,0.921537037037037,False,True
225,86,0,0.9211851851851852,False,True
226,107,0,0.9208333333333334,False,True
227,33,0,0.9204814814814815,False,True
228,289,0,0.9201296296296296,False,True
229,49,0,0.9197777777777778,False,True
230,160,1,0.9194259259259259,True,False
231,41,0,0.919074074074074,False,True
232,178,0,0.9187222222222222,False,True
233,93,0,0.9183703703703704,False,True
234,333,0,0.9180185185185186,False,True
235,48,1,0.9176666666666666,True,False
236,318,0,0.9173148148148148,False,True
237,70,1,0.916962962962963,True,False
238,123,0,0.9166111111111112,False,True
239,78,0,0.9162592592592593,False,True
240,400,0,0.9159074074074074,False,False
241,75,0,0.9155555555555556,False,True
242,400,0,0.9152037037037037,False,False
243,206,0,0.9148518518518518,False,True
244,63,1,0.9145,True,False
245,210,0,0.9141481481481482,False,True
246,186,0,0.9137962962962963,False,True
247,125,0,0.9134444444444445,False,True
248,178,0,0.9130925925925926,False,True
249,62,0,0.9127407407407407,False,True
250,82,0,0.9123888888888889,False,True
251,119,0,0.9120370370370371,False,True
252,82,0,0.9116851851851852,False,True
253,326,0,0.9113333333333333,False,True
254,279,0,0.9109814814814815,False,True
255,162,0,0.9106296296296297,False,True
256,219,1,0.9102777777777777,True,False
257,156,1,0.9099259259259259,True,False
258,69,0,0.9095740740740741,False,True
259,222,0,0.9092222222222223,False,True
260,186,1,0.9088703703703703,True,False
261,158,0,0.9085185185185185,False,True
262,19,0,0.9081666666666667,False,True
263,42,0,0.9078148148148149,False,True
264,240,1,0.9074629629629629,True,False
265,75,0,0.9071111111111111,False,True
266,45,0,0.9067592592592593,False,True
267,155,0,0.9064074074074074,False,True
268,109,0,0.9060555555555556,False,True
269,53,0,0.9057037037037037,False,True
270,131,0,0.9053518518518519,False,True
271,400,0,0.905,False,False
272,37,0,0.9046481481481481,False,True
273,77,0,0.9042962962962963,False,True
274,133,0,0.9039444444444444,False,True
275,64,0,0.9035925925925926,False,True
276,65,0,0.9032407407407408,False,True
277,143,0,0.9028888888888889,False,True
278,122,0,0.902537037037037,False,True
279,400,0,0.9021851851851852,False,False
280,39,0,0.9018333333333334,False,True
281,49,0,0.9014814814814816,False,True
282,92,0,0.9011296296296296,False,True
283,273,0,0.9007777777777778,False,True
284,177,1,0.900425925925926,True,False
285,143,1,0.900074074074074,True,False
286,215,0,0.8997222222222222,False,True
287,171,1,0.8993703703703704,True,False
288,100,0,0.8990185185185186,False,True
289,193,1,0.8986666666666667,True,False
290,245,1,0.8983148148148148,True,False
291,172,0,0.897962962962963,False,True
292,105,0,0.8976111111111111,False,True
293,50,0,0.8972592592592593,False,True
294,84,1,0.8969074074074074,True,False
295,38,0,0.8965555555555556,False,True
296,31,0,0.8962037037037037,False,True
297,400,0,0.8958518518518519,False,False
298,146,0,0.8955,False,True
299,120,1,0.8951481481481481,True,False
300,170,0,0.8947962962962963,False,True
301,132,0,0.8944444444444445,False,True
302,62,0,0.8940925925925925,False,True
303,400,0,0.8937407407407407,False,False
304,271,0,0.8933888888888889,False,True
305,69,0,0.8930370370370371,False,True
306,52,0,0.8926851851851851,False,True
307,299,0,0.8923333333333333,False,True
308,123,0,0.8919814814814815,False,True
309,89,0,0.8916296296296297,False,True
310,241,0,0.8912777777777778,False,True
311,65,0,0.8909259259259259,False,True
312,400,0,0.8905740740740741,False,False
313,333,0,0.8902222222222222,False,True
314,109,0,0.8898703703703703,False,True
315,26,0,0.8895185185185185,False,True
316,400,0,0.8891666666666667,False,False
317,400,0,0.8888148148148148,False,False
318,148,1,0.888462962962963,True,False
319,355,0,0.8881111111111111,False,True
320,400,0,0.8877592592592592,False,False
321,87,0,0.8874074074074074,False,True
322,27,0,0.8870555555555556,False,True
323,258,0,0.8867037037037037,False,True
324,201,1,0.8863518518518518,True,False
325,211,1,0.886,True,False
326,400,0,0.8856481481481482,False,False
327,26,0,0.8852962962962962,False,True
328,216,1,0.8849444444444444,True,False
329,400,0,0.8845925925925926,False,False
330,19,0,0.8842407407407408,False,True
331,76,0,0.883888888888889,False,True
332,137,1,0.883537037037037,True,False
333,324,0,0.8831851851851852,False,True
334,249,1,0.8828333333333334,True,False
335,79,0,0.8824814814814815,False,True
336,400,0,0.8821296296296296,False,False
337,95,0,0.8817777777777778,False,True
338,139,0,0.881425925925926,False,True
339,52,0,0.8810740740740741,False,True
340,43,0,0.8807222222222222,False,True
341,159,0,0.8803703703703704,False,True
342,75,0,0.8800185185185185,False,True
343,212,0,0.8796666666666667,False,True
344,327,0,0.8793148148148149,False,True
345,318,0,0.878962962962963,False,True
346,157,0,0.8786111111111111,False,True
347,70,0,0.8782592592592593,False,True
348,280,0,0.8779074074074074,False,True
349,134,0,0.8775555555555555,False,True
350,50,0,0.8772037037037037,False,True
351,44,0,0.8768518518518519,False,True
352,265,0,0.8765000000000001,False,True
353,261,0,0.8761481481481481,False,True
354,400,0,0.8757962962962963,False,False
355,197,1,0.8754444444444445,True,False
356,71,0,0.8750925925925926,False,True
357,236,0,0.8747407407407407,False,True
358,116,0,0.8743888888888889,False,True
359,86,0,0.8740370370370371,False,True
360,115,0,0.8736851851851852,False,True
361,101,0,0.8733333333333333,False,True
362,87,1,0.8729814814814815,True,False
363,50,0,0.8726296296296296,False,True
364,55,0,0.8722777777777778,False,True
365,235,1,0.871925925925926,True,False
366,135,0,0.8715740740740741,False,True
367,335,0,0.8712222222222222,False,True
368,82,0,0.8708703703703704,False,True
369,152,0,0.8705185185185185,False,True
370,288,0,0.8701666666666666,False,True
371,188,1,0.8698148148148148,True,False
372,109,0,0.869462962962963,False,True
373,38,0,0.8691111111111112,False,True
374,40,0,0.8687592592592592,False,True
375,97,0,0.8684074074074074,False,True
376,50,0,0.8680555555555556,False,True
377,52,0,0.8677037037037038,False,True
378,151,0,0.8673518518518518,False,True
379,185,1,0.867,True,False
380,117,1,0.8666481481481482,True,False
381,52,0,0.8662962962962963,False,True
382,263,1,0.8659444444444444,True,False
383,345,0,0.8655925925925926,False,True
384,159,0,0.8652407407407408,False,True
385,48,0,0.8648888888888889,False,True
386,102,0,0.864537037037037,False,True
387,135,1,0.8641851851851852,True,False
388,144,1,0.8638333333333333,True,False
389,149,0,0.8634814814814815,False,True
390,25,0,0.8631296296296296,False,True
391,138,0,0.8627777777777779,False,True
392,107,0,0.8624259259259259,False,True
393,32,0,0.8620740740740741,False,True
394,223,0,0.8617222222222223,False,True
395,149,0,0.8613703703703703,False,True
396,244,0,0.8610185185185185,False,True
397,297,1,0.8606666666666667,True,False
398,369,0,0.8603148148148148,False,True
399,400,0,0.859962962962963,False,False
400,400,0,0.8596111111111111,False,False
401,47,0,0.8592592592592593,False,True
402,139,0,0.8589074074074075,False,True
403,217,0,0.8585555555555555,False,True
404,210,0,0.8582037037037037,False,True
405,53,0,0.8578518518518519,False,True
406,270,1,0.8575,True,False
407,77,0,0.8571481481481482,False,True
408,91,1,0.8567962962962963,True,False
409,98,0,0.8564444444444445,False,True
410,270,1,0.8560925925925926,True,False
411,295,1,0.8557407407407407,True,False
412,55,0,0.8553888888888889,False,True
413,335,1,0.855037037037037,True,False
414,172,0,0.8546851851851852,False,True
415,154,1,0.8543333333333334,True,False
416,203,0,0.8539814814814815,False,True
417,78,0,0.8536296296296296,False,True
418,80,0,0.8532777777777778,False,True
419,72,0,0.8529259259259259,False,True
420,382,0,0.8525740740740742,False,True
421,56,0,0.8522222222222222,False,True
422,125,0,0.8518703703703704,False,True
423,400,0,0.8515185185185186,False,False
424,61,0,0.8511666666666666,False,True
425,249,1,0.8508148148148148,True,False
426,199,0,0.850462962962963,False,True
427,64,0,0.8501111111111112,False,True
428,206,1,0.8497592592592593,True,False
429,400,0,0.8494074074074074,False,False
430,91,0,0.8490555555555556,False,True
431,120,0,0.8487037037037037,False,True
432,79,0,0.8483518518518518,False,True
433,84,0,0.848,False,True
434,44,0,0.8476481481481482,False,True
435,109,0,0.8472962962962963,False,True
436,168,0,0.8469444444444445,False,True
437,124,1,0.8465925925925926,True,False
438,343,0,0.8462407407407407,False,True
439,128,0,0.8458888888888889,False,True
440,400,0,0.845537037037037,False,False
441,400,0,0.8451851851851852,False,False
442,400,0,0.8448333333333333,False,False
443,32,0,0.8444814814814815,False,True
444,289,1,0.8441296296296297,True,False
445,32,0,0.8437777777777777,False,True
446,209,0,0.8434259259259259,False,True
447,288,0,0.8430740740740741,False,True
448,300,1,0.8427222222222222,True,False
449,178,1,0.8423703703703704,True,False
450,107,0,0.8420185185185185,False,True
451,373,0,0.8416666666666667,False,True
452,130,0,0.8413148148148148,False,True
453,86,0,0.840962962962963,False,True
454,88,1,0.8406111111111111,True,False
455,27,0,0.8402592592592593,False,True
456,105,0,0.8399074074074074,False,True
457,400,0,0.8395555555555556,False,False
458,303,0,0.8392037037037037,False,True
459,88,0,0.8388518518518518,False,True
460,56,0,0.8385,False,True
461,105,0,0.8381481481481482,False,True
462,261,0,0.8377962962962963,False,True
463,18,0,0.8374444444444444,False,True
464,99,1,0.8370925925925926,True,False
465,400,0,0.8367407407407408,False,False
466,400,0,0.8363888888888888,False,False
467,66,0,0.836037037037037,False,True
468,21,0,0.8356851851851852,False,True
469,74,0,0.8353333333333334,False,True
470,42,0,0.8349814814814815,False,True
471,151,0,0.8346296296296296,False,True
472,384,0,0.8342777777777778,False,True
473,231,0,0.833925925925926,False,True
474,19,0,0.833574074074074,False,True
475,68,0,0.8332222222222222,False,True
476,277,0,0.8328703703703704,False,True
477,400,0,0.8325185185185185,False,False
478,307,0,0.8321666666666667,False,True
479,123,0,0.8318148148148148,False,True
480,105,0,0.831462962962963,False,True
481,246,0,0.8311111111111111,False,True
482,118,0,0.8307592592592593,False,True
483,51,0,0.8304074074074074,False,True
484,237,1,0.8300555555555555,True,False
485,294,0,0.8297037037037037,False,True
486,129,0,0.8293518518518519,False,True
487,132,0,0.829,False,True
488,295,0,0.8286481481481481,False,True
489,16,0,0.8282962962962963,False,True
490,278,0,0.8279444444444445,False,True
491,400,0,0.8275925925925927,False,False
492,369,0,0.8272407407407407,False,True
493,285,0,0.8268888888888889,False,True
494,136,0,0.8265370370370371,False,True
495,259,0,0.8261851851851851,False,True
496,43,0,0.8258333333333334,False,True
497,259,0,0.8254814814814815,False,True
498,131,0,0.8251296296296297,False,True
499,341,1,0.8247777777777778,True,False
500,328,0,0.8244259259259259,False,True
501,400,0,0.8240740740740741,False,False
502,400,0,0.8237222222222222,False,False
503,312,1,0.8233703703703703,True,False
504,33,0,0.8230185185185186,False,True
505,50,0,0.8226666666666667,False,True
506,214,1,0.8223148148148148,True,False
507,43,0,0.821962962962963,False,True
508,331,0,0.8216111111111111,False,True
509,148,0,0.8212592592592592,False,True
510,19,0,0.8209074074074074,False,True
511,140,0,0.8205555555555556,False,True
512,162,1,0.8202037037037038,True,False
513,224,0,0.8198518518518518,False,True
514,152,1,0.8195,True,False
515,85,1,0.8191481481481482,True,False
516,29,0,0.8187962962962962,False,True
517,240,0,0.8184444444444444,False,True
518,185,0,0.8180925925925926,False,True
519,229,0,0.8177407407407408,False,True
520,78,0,0.8173888888888889,False,True
521,119,1,0.817037037037037,True,False
522,46,0,0.8166851851851852,False,True
523,75,0,0.8163333333333334,False,True
524,183,0,0.8159814814814814,False,True
525,38,0,0.8156296296296297,False,True
526,35,0,0.8152777777777778,False,True
527,122,0,0.8149259259259259,False,True
528,133,0,0.8145740740740741,False,True
529,144,0,0.8142222222222222,False,True
530,396,0,0.8138703703703704,False,True
531,68,0,0.8135185185185185,False,True
532,244,1,0.8131666666666667,True,False
533,118,0,0.8128148148148149,False,True
534,67,0,0.8124629629629629,False,True
535,92,1,0.8121111111111111,True,False
536,20,0,0.8117592592592593,False,True
537,216,0,0.8114074074074074,False,True
538,228,0,0.8110555555555555,False,True
539,56,0,0.8107037037037037,False,True
540,347,0,0.8103518518518519,False,True
541,67,1,0.81,True,False
542,222,0,0.8096481481481481,False,True
543,22,0,0.8092962962962963,False,True
544,265,1,0.8089444444444445,True,False
545,256,0,0.8085925925925926,False,True
546,94,0,0.8082407407407407,False,True
547,270,0,0.8078888888888889,False,True
548,250,0,0.807537037037037,False,True
549,252,0,0.8071851851851852,False,True
550,40,0,0.8068333333333333,False,True
551,400,0,0.8064814814814815,False,False
552,59,0,0.8061296296296296,False,True
553,154,1,0.8057777777777778,True,False
554,123,1,0.805425925925926,True,False
555,52,0,0.805074074074074,False,True
556,220,0,0.8047222222222222,False,True
557,400,0,0.8043703703703704,False,False
558,224,0,0.8040185185185186,False,True
559,203,0,0.8036666666666666,False,True
560,140,0,0.8033148148148148,False,True
561,120,0,0.802962962962963,False,True
562,87,0,0.8026111111111112,False,True
563,400,0,0.8022592592592592,False,False
564,24,0,0.8019074074074074,False,True
565,49,0,0.8015555555555556,False,True
566,70,1,0.8012037037037038,True,False
567,17,0,0.8008518518518518,False,True
568,52,0,0.8005,False,True
569,400,0,0.8001481481481482,False,False
570,112,0,0.7997962962962963,False,True
571,164,0,0.7994444444444444,False,True
572,101,1,0.7990925925925926,True,False
573,93,0,0.7987407407407408,False,True
574,63,0,0.7983888888888889,False,True
575,396,0,0.7980370370370371,False,True
576,135,1,0.7976851851851852,True,False
577,98,0,0.7973333333333333,False,True
578,149,0,0.7969814814814815,False,True
579,261,0,0.7966296296296296,False,True
580,130,0,0.7962777777777779,False,True
581,166,0,0.7959259259259259,False,True
582,225,0,0.7955740740740741,False,True
583,23,0,0.7952222222222223,False,True
584,184,0,0.7948703703703703,False,True
585,140,1,0.7945185185185185,True,False
586,204,0,0.7941666666666667,False,True
587,317,0,0.7938148148148149,False,True
588,144,0,0.793462962962963,False,True
589,126,0,0.7931111111111111,False,True
590,46,0,0.7927592592592593,False,True
591,71,0,0.7924074074074074,False,True
592,185,0,0.7920555555555555,False,True
593,36,0,0.7917037037037037,False,True
594,20,0,0.7913518518518519,False,True
595,31,0,0.791,False,True
596,131,0,0.7906481481481482,False,True
597,365,0,0.7902962962962963,False,True
598,46,0,0.7899444444444444,False,True
599,59,0,0.7895925925925926,False,True
600,99,0,0.7892407407407407,False,True
601,391,0,0.788888888888889,False,True
602,282,0,0.788537037037037,False,True
603,169,0,0.7881851851851852,False,True
604,383,0,0.7878333333333334,False,True
605,58,0,0.7874814814814814,False,True
606,21,0,0.7871296296296296,False,True
607,380,0,0.7867777777777778,False,True
608,400,0,0.7864259259259259,False,False
609,400,0,0.7860740740740741,False,False
610,46,0,0.7857222222222222,False,True
611,328,0,0.7853703703703704,False,True
612,217,0,0.7850185185185186,False,True
613,400,0,0.7846666666666666,False,False
614,59,0,0.7843148148148148,False,True
615,159,0,0.783962962962963,False,True
616,370,0,0.7836111111111111,False,True
617,77,0,0.7832592592592593,False,True
618,134,0,0.7829074074074074,False,True
619,184,1,0.7825555555555556,True,False
620,182,1,0.7822037037037037,True,False
621,40,0,0.7818518518518518,False,True
622,69,0,0.7815,False,True
623,33,0,0.7811481481481481,False,True
624,28,0,0.7807962962962963,False,True
625,86,1,0.7804444444444445,True,False
626,149,0,0.7800925925925926,False,True
627,127,0,0.7797407407407407,False,True
628,299,0,0.7793888888888889,False,True
629,30,0,0.779037037037037,False,True
630,226,0,0.7786851851851853,False,True
631,377,0,0.7783333333333333,False,True
632,210,0,0.7779814814814815,False,True
633,123,0,0.7776296296296297,False,True
634,30,0,0.7772777777777777,False,True
635,356,0,0.7769259259259259,False,True
636,111,0,0.7765740740740741,False,True
637,36,0,0.7762222222222223,False,True
638,124,0,0.7758703703703704,False,True
639,400,0,0.7755185185185185,False,False
640,33,0,0.7751666666666667,False,True
641,213,1,0.7748148148148148,True,False
642,149,0,0.774462962962963,False,True
643,184,0,0.7741111111111111,False,True
644,41,0,0.7737592592592593,False,True
645,104,1,0.7734074074074074,True,False
646,34,0,0.7730555555555556,False,True
647,199,0,0.7727037037037037,False,True
648,60,0,0.7723518518518518,False,True
649,400,0,0.772,False,False
650,42,0,0.7716481481481482,False,True
651,8,0,0.7712962962962964,False,True
652,79,1,0.7709444444444444,True,False
653,73,0,0.7705925925925926,False,True
654,68,0,0.7702407407407408,False,True
655,73,1,0.7698888888888888,True,False
656,154,0,0.769537037037037,False,True
657,201,0,0.7691851851851852,False,True
658,180,1,0.7688333333333334,True,False
659,165,1,0.7684814814814815,True,False
660,142,0,0.7681296296296296,False,True
661,228,0,0.7677777777777778,False,True
662,160,0,0.767425925925926,False,True
663,148,0,0.7670740740740741,False,True
664,95,0,0.7667222222222222,False,True
665,86,1,0.7663703703703704,True,False
666,251,0,0.7660185185185185,False,True
667,29,0,0.7656666666666667,False,True
668,26,0,0.7653148148148148,False,True
669,56,0,0.764962962962963,False,True
670,259,1,0.7646111111111111,True,False
671,106,0,0.7642592592592593,False,True
672,166,0,0.7639074074074074,False,True
673,75,0,0.7635555555555555,False,True
674,400,0,0.7632037037037037,False,False
675,128,1,0.7628518518518519,True,False
676,133,0,0.7625,False,True
677,49,0,0.7621481481481482,False,True
678,117,0,0.7617962962962963,False,True
679,158,0,0.7614444444444445,False,True
680,118,0,0.7610925925925927,False,True
681,400,0,0.7607407407407407,False,False
682,71,0,0.7603888888888889,False,True
683,377,0,0.7600370370370371,False,True
684,274,0,0.7596851851851852,False,True
685,251,0,0.7593333333333333,False,True
686,205,0,0.7589814814814815,False,True
687,36,0,0.7586296296296297,False,True
688,253,0,0.7582777777777778,False,True
689,400,0,0.7579259259259259,False,False
690,175,0,0.7575740740740741,False,True
691,195,0,0.7572222222222222,False,True
692,153,0,0.7568703703703703,False,True
693,400,0,0.7565185185185186,False,False
694,206,0,0.7561666666666667,False,True
695,128,0,0.7558148148148148,False,True
696,81,0,0.755462962962963,False,True
697,400,0,0.7551111111111111,False,False
698,94,0,0.7547592592592594,False,True
699,20,0,0.7544074074074074,False,True
700,108,0,0.7540555555555556,False,True
701,138,0,0.7537037037037038,False,True
702,134,0,0.7533518518518518,False,True
703,134,0,0.753,False,True
704,131,0,0.7526481481481482,False,True
705,66,0,0.7522962962962964,False,True
706,112,0,0.7519444444444444,False,True
707,196,0,0.7515925925925926,False,True
708,335,0,0.7512407407407408,False,True
709,88,0,0.7508888888888889,False,True
710,71,0,0.750537037037037,False,True
711,23,0,0.7501851851851852,False,True
712,333,1,0.7498333333333334,True,False
713,54,0,0.7494814814814814,False,True
714,141,1,0.7491296296296297,True,False
715,290,0,0.7487777777777778,False,True
716,344,1,0.7484259259259259,True,False
717,126,0,0.7480740740740741,False,True
718,245,0,0.7477222222222222,False,True
719,182,0,0.7473703703703705,False,True
720,80,1,0.7470185185185185,True,False
721,134,1,0.7466666666666667,True,False
722,257,0,0.7463148148148149,False,True
723,166,0,0.7459629629629629,False,True
724,16,0,0.7456111111111111,False,True
725,80,1,0.7452592592592593,True,False
726,50,0,0.7449074074074074,False,True
727,88,0,0.7445555555555556,False,True
728,30,0,0.7442037037037037,False,True
729,400,0,0.7438518518518519,False,False
730,15,0,0.7435,False,True
731,47,0,0.7431481481481481,False,True
732,133,1,0.7427962962962964,True,False
733,251,1,0.7424444444444445,True,False
734,315,0,0.7420925925925925,False,True
735,110,0,0.7417407407407408,False,True
736,81,0,0.7413888888888889,False,True
737,121,1,0.741037037037037,True,False
738,139,0,0.7406851851851852,False,True
739,121,0,0.7403333333333333,False,True
740,26,0,0.7399814814814815,False,True
741,24,0,0.7396296296296296,False,True
742,99,0,0.7392777777777778,False,True
743,97,0,0.738925925925926,False,True
744,119,0,0.738574074074074,False,True
745,375,0,0.7382222222222222,False,True
746,281,0,0.7378703703703704,False,True
747,255,1,0.7375185185185185,True,False
748,43,0,0.7371666666666667,False,True
749,88,0,0.7368148148148148,False,True
750,133,0,0.736462962962963,False,True
751,115,0,0.7361111111111112,False,True
752,400,0,0.7357592592592592,False,False
753,152,0,0.7354074074074075,False,True
754,337,1,0.7350555555555556,True,False
755,199,0,0.7347037037037036,False,True
756,147,0,0.7343518518518519,False,True
757,106,0,0.734,False,True
758,321,0,0.7336481481481482,False,True
759,82,0,0.7332962962962963,False,True
760,124,0,0.7329444444444444,False,True
761,168,0,0.7325925925925926,False,True
762,152,0,0.7322407407407407,False,True
763,97,0,0.7318888888888889,False,True
764,18,0,0.7315370370370371,False,True
765,91,0,0.7311851851851852,False,True
766,74,0,0.7308333333333333,False,True
767,362,1,0.7304814814814815,True,False
768,77,1,0.7301296296296296,True,False
769,50,0,0.7297777777777779,False,True
770,230,0,0.7294259259259259,False,True
771,324,0,0.729074074074074,False,True
772,213,0,0.7287222222222223,False,True
773,198,1,0.7283703703703703,True,False
774,110,1,0.7280185185185186,True,False
775,110,0,0.7276666666666667,False,True
776,51,0,0.7273148148148147,False,True
777,262,1,0.726962962962963,True,False
778,141,0,0.7266111111111111,False,True
779,75,0,0.7262592592592593,False,True
780,137,0,0.7259074074074074,False,True
781,185,0,0.7255555555555556,False,True
782,144,1,0.7252037037037037,True,False
783,73,0,0.7248518518518519,False,True
784,182,0,0.7245,False,True
785,336,0,0.7241481481481482,False,True
786,192,1,0.7237962962962963,True,False
787,21,0,0.7234444444444444,False,True
788,103,0,0.7230925925925926,False,True
789,73,0,0.7227407407407407,False,True
790,85,0,0.722388888888889,False,True
791,24,0,0.722037037037037,False,True
792,139,0,0.7216851851851852,False,True
793,147,1,0.7213333333333334,True,False
794,224,0,0.7209814814814814,False,True
795,204,1,0.7206296296296296,True,False
796,123,0,0.7202777777777778,False,True
797,169,0,0.719925925925926,False,True
798,150,0,0.7195740740740741,False,True
799,29,0,0.7192222222222222,False,True
800,47,0,0.7188703703703704,False,True
801,248,0,0.7185185185185186,False,True
802,75,0,0.7181666666666666,False,True
803,400,0,0.7178148148148148,False,False
804,225,0,0.717462962962963,False,True
805,37,0,0.7171111111111111,False,True
806,36,0,0.7167592592592593,False,True
807,318,0,0.7164074074074074,False,True
808,400,0,0.7160555555555557,False,False
809,202,1,0.7157037037037037,True,False
810,125,1,0.7153518518518518,True,False
811,40,0,0.7150000000000001,False,True
812,400,0,0.7146481481481481,False,False
813,290,1,0.7142962962962963,True,False
814,400,0,0.7139444444444445,False,False
815,187,0,0.7135925925925926,False,True
816,130,0,0.7132407407407407,False,True
817,400,0,0.7128888888888889,False,False
818,10,0,0.7125370370370371,False,True
819,197,1,0.7121851851851853,True,False
820,382,1,0.7118333333333333,True,False
821,137,1,0.7114814814814815,True,False
822,400,0,0.7111296296296297,False,False
823,136,1,0.7107777777777777,True,False
824,220,0,0.710425925925926,False,True
825,374,1,0.7100740740740741,True,False
826,102,0,0.7097222222222221,False,True
827,123,0,0.7093703703703704,False,True
828,266,0,0.7090185185185185,False,True
829,94,0,0.7086666666666668,False,True
830,13,0,0.7083148148148148,False,True
831,215,1,0.7079629629629629,True,False
832,400,0,0.7076111111111112,False,False
833,400,0,0.7072592592592593,False,False
834,153,0,0.7069074074074074,False,True
835,38,0,0.7065555555555556,False,True
836,278,1,0.7062037037037037,True,False
837,107,0,0.7058518518518518,False,True
838,75,0,0.7055,False,True
839,400,0,0.7051481481481482,False,False
840,24,0,0.7047962962962964,False,True
841,203,0,0.7044444444444444,False,True
842,342,1,0.7040925925925926,True,False
843,379,1,0.7037407407407408,True,False
844,21,0,0.7033888888888888,False,True
845,214,0,0.7030370370370371,False,True
846,294,0,0.7026851851851852,False,True
847,355,1,0.7023333333333333,True,False
848,118,0,0.7019814814814815,False,True
849,330,0,0.7016296296296296,False,True
850,57,0,0.7012777777777778,False,True
851,390,0,0.700925925925926,False,True
852,288,1,0.700574074074074,True,False
853,400,0,0.7002222222222223,False,False
854,400,0,0.6998703703703704,False,False
855,106,0,0.6995185185185185,False,True
856,88,0,0.6991666666666667,False,True
857,195,0,0.6988148148148148,False,True
858,400,0,0.698462962962963,False,False
859,223,0,0.6981111111111111,False,True
860,100,0,0.6977592592592593,False,True
861,25,0,0.6974074074074075,False,True
862,282,1,0.6970555555555555,True,False
863,73,0,0.6967037037037037,False,True
864,131,0,0.6963518518518519,False,True
865,228,1,0.696,True,False
866,177,0,0.6956481481481482,False,True
867,201,0,0.6952962962962963,False,True
868,149,0,0.6949444444444444,False,True
869,121,0,0.6945925925925927,False,True
870,344,0,0.6942407407407407,False,True
871,56,0,0.6938888888888889,False,True
872,169,0,0.6935370370370371,False,True
873,68,0,0.6931851851851852,False,True
874,185,0,0.6928333333333334,False,True
875,267,0,0.6924814814814815,False,True
876,146,0,0.6921296296296297,False,True
877,400,0,0.6917777777777778,False,False
878,255,0,0.6914259259259259,False,True
879,118,1,0.6910740740740741,True,False
880,31,0,0.6907222222222222,False,True
881,99,0,0.6903703703703703,False,True
882,44,0,0.6900185185185186,False,True
883,77,1,0.6896666666666667,True,False
884,114,0,0.6893148148148148,False,True
885,98,0,0.688962962962963,False,True
886,387,1,0.6886111111111111,True,False
887,58,0,0.6882592592592593,False,True
888,184,0,0.6879074074074074,False,True
889,86,0,0.6875555555555556,False,True
890,27,0,0.6872037037037038,False,True
891,68,0,0.6868518518518518,False,True
892,68,1,0.6865,True,False
893,137,0,0.6861481481481482,False,True
894,102,1,0.6857962962962963,True,False
895,370,0,0.6854444444444444,False,True
896,28,0,0.6850925925925926,False,True
897,84,0,0.6847407407407408,False,True
898,110,0,0.6843888888888889,False,True
899,84,0,0.684037037037037,False,True
900,148,0,0.6836851851851853,False,True
901,400,0,0.6833333333333333,False,False
902,34,0,0.6829814814814814,False,True
903,141,0,0.6826296296296297,False,True
904,170,0,0.6822777777777778,False,True
905,212,1,0.681925925925926,True,False
906,32,0,0.6815740740740741,False,True
907,82,1,0.6812222222222222,True,False
908,200,0,0.6808703703703705,False,True
909,186,0,0.6805185185185185,False,True
910,212,0,0.6801666666666667,False,True
911,317,0,0.6798148148148149,False,True
912,189,0,0.6794629629629629,False,True
913,23,0,0.6791111111111111,False,True
914,106,0,0.6787592592592593,False,True
915,165,0,0.6784074074074075,False,True
916,23,0,0.6780555555555556,False,True
917,281,0,0.6777037037037037,False,True
918,45,0,0.6773518518518519,False,True
919,276,0,0.677,False,True
920,247,0,0.6766481481481481,False,True
921,400,0,0.6762962962962964,False,False
922,210,1,0.6759444444444445,True,False
923,152,0,0.6755925925925925,False,True
924,77,0,0.6752407407407408,False,True
925,147,1,0.6748888888888889,True,False
926,63,0,0.674537037037037,False,True
927,201,1,0.6741851851851852,True,False
928,119,1,0.6738333333333333,True,False
929,43,0,0.6734814814814816,False,True
930,180,1,0.6731296296296296,True,False
931,33,0,0.6727777777777778,False,True
932,400,0,0.672425925925926,False,False
933,240,0,0.672074074074074,False,True
934,400,0,0.6717222222222222,False,False
935,187,1,0.6713703703703704,True,False
936,16,0,0.6710185185185186,False,True
937,61,0,0.6706666666666667,False,True
938,59,1,0.6703148148148148,True,False
939,132,0,0.669962962962963,False,True
940,84,0,0.6696111111111112,False,True
941,90,0,0.6692592592592592,False,True
942,61,0,0.6689074074074075,False,True
943,301,0,0.6685555555555556,False,True
944,41,0,0.6682037037037036,False,True
945,194,1,0.6678518518518519,True,False
946,246,1,0.6675,True,False
947,132,0,0.6671481481481482,False,True
948,60,0,0.6667962962962963,False,True
949,90,0,0.6664444444444444,False,True
950,198,0,0.6660925925925926,False,True
951,25,0,0.6657407407407407,False,True
952,111,0,0.6653888888888889,False,True
953,161,0,0.6650370370370371,False,True
954,132,0,0.6646851851851852,False,True
955,396,0,0.6643333333333333,False,True
956,52,0,0.6639814814814815,False,True
957,228,0,0.6636296296296296,False,True
958,27,0,0.6632777777777779,False,True
959,266,0,0.6629259259259259,False,True
960,71,0,0.6625740740740741,False,True
961,280,0,0.6622222222222223,False,True
962,301,0,0.6618703703703703,False,True
963,131,0,0.6615185185185186,False,True
964,358,0,0.6611666666666667,False,True
965,93,1,0.6608148148148147,True,False
966,246,0,0.660462962962963,False,True
967,400,0,0.6601111111111111,False,False
968,48,0,0.6597592592592593,False,True
969,71,0,0.6594074074074074,False,True
970,400,0,0.6590555555555556,False,False
971,150,1,0.6587037037037037,True,False
972,52,0,0.6583518518518519,False,True
973,400,0,0.658,False,False
974,183,0,0.6576481481481482,False,True
975,55,0,0.6572962962962963,False,True
976,249,0,0.6569444444444444,False,True
977,44,0,0.6565925925925926,False,True
978,239,0,0.6562407407407407,False,True
979,171,0,0.655888888888889,False,True
980,157,1,0.655537037037037,True,False
981,41,0,0.6551851851851852,False,True
982,110,1,0.6548333333333334,True,False
983,15,0,0.6544814814814814,False,True
984,104,1,0.6541296296296297,True,False
985,32,0,0.6537777777777778,False,True
986,192,1,0.653425925925926,True,False
987,183,0,0.6530740740740741,False,True
988,323,0,0.6527222222222222,False,True
989,162,1,0.6523703703703704,True,False
990,136,1,0.6520185185185186,True,False
991,148,0,0.6516666666666667,False,True
992,112,0,0.6513148148148148,False,True
993,247,0,0.650962962962963,False,True
994,75,0,0.6506111111111111,False,True
995,147,1,0.6502592592592593,True,False
996,144,1,0.6499074074074074,True,False
997,218,0,0.6495555555555557,False,True
998,400,0,0.6492037037037037,False,False
999,315,1,0.6488518518518518,True,False
1000,52,0,0.6485000000000001,False,True
1001,308,1,0.6481481481481481,True,False
1002,57,0,0.6477962962962963,False,True
1003,19,0,0.6474444444444445,False,True
1004,43,0,0.6470925925925926,False,True
1005,194,1,0.6467407407407407,True,False
1006,190,0,0.6463888888888889,False,True
1007,153,1,0.6460370370370371,True,False
1008,106,0,0.6456851851851853,False,True
1009,400,0,0.6453333333333333,False,False
1010,41,1,0.6449814814814815,True,False
1011,400,0,0.6446296296296297,False,False
1012,197,0,0.6442777777777777,False,True
1013,227,0,0.643925925925926,False,True
1014,110,1,0.6435740740740741,True,False
1015,139,0,0.6432222222222223,False,True
1016,100,0,0.6428703703703704,False,True
1017,48,0,0.6425185185185185,False,True
1018,184,0,0.6421666666666668,False,True
1019,123,0,0.6418148148148148,False,True
1020,113,0,0.6414629629629629,False,True
1021,177,0,0.6411111111111112,False,True
1022,100,0,0.6407592592592593,False,True
1023,400,0,0.6404074074074074,False,False
1024,56,0,0.6400555555555556,False,True
1025,400,0,0.6397037037037037,False,False
1026,288,0,0.6393518518518518,False,True
1027,140,0,0.639,False,True
1028,96,0,0.6386481481481482,False,True
1029,77,0,0.6382962962962964,False,True
1030,112,0,0.6379444444444444,False,True
1031,85,1,0.6375925925925926,True,False
1032,140,1,0.6372407407407408,True,False
1033,56,0,0.6368888888888888,False,True
1034,131,0,0.6365370370370371,False,True
1035,84,0,0.6361851851851852,False,True
1036,205,0,0.6358333333333333,False,True
1037,129,0,0.6354814814814815,False,True
1038,82,0,0.6351296296296296,False,True
1039,162,1,0.6347777777777779,True,False
1040,89,0,0.634425925925926,False,True
1041,176,1,0.634074074074074,True,False
1042,55,0,0.6337222222222223,False,True
1043,119,0,0.6333703703703704,False,True
1044,143,1,0.6330185185185185,True,False
1045,50,0,0.6326666666666667,False,True
1046,209,1,0.6323148148148148,True,False
1047,257,0,0.631962962962963,False,True
1048,81,0,0.6316111111111111,False,True
1049,271,0,0.6312592592592593,False,True
1050,222,1,0.6309074074074075,True,False
1051,48,0,0.6305555555555555,False,True
1052,91,0,0.6302037037037037,False,True
1053,94,0,0.6298518518518519,False,True
1054,111,1,0.6295,True,False
1055,88,0,0.6291481481481482,False,True
1056,301,1,0.6287962962962963,True,False
1057,277,0,0.6284444444444444,False,True
1058,122,1,0.6280925925925926,True,False
1059,156,1,0.6277407407407407,True,False
1060,205,0,0.6273888888888889,False,True
1061,82,0,0.6270370370370371,False,True
1062,30,0,0.6266851851851852,False,True
1063,221,1,0.6263333333333334,True,False
1064,183,1,0.6259814814814815,True,False
1065,202,0,0.6256296296296296,False,True
1066,36,0,0.6252777777777778,False,True
1067,71,0,0.6249259259259259,False,True
1068,66,0,0.6245740740740741,False,True
1069,400,0,0.6242222222222222,False,False
1070,37,0,0.6238703703703704,False,True
1071,33,0,0.6235185185185186,False,True
1072,195,0,0.6231666666666666,False,True
1073,37,0,0.6228148148148148,False,True
1074,128,0,0.622462962962963,False,True
1075,80,0,0.6221111111111111,False,True
1076,81,0,0.6217592592592593,False,True
1077,400,0,0.6214074074074074,False,False
1078,247,1,0.6210555555555556,True,False
1079,178,0,0.6207037037037038,False,True
1080,51,0,0.6203518518518518,False,True
1081,110,0,0.62,False,True
1082,35,0,0.6196481481481482,False,True
1083,142,1,0.6192962962962963,True,False
1084,99,1,0.6189444444444445,True,False
1085,341,0,0.6185925925925926,False,True
1086,102,1,0.6182407407407408,True,False
1087,400,0,0.6178888888888889,False,False
1088,91,0,0.617537037037037,False,True
1089,400,0,0.6171851851851853,False,False
1090,116,1,0.6168333333333333,True,False
1091,40,0,0.6164814814814814,False,True
1092,206,1,0.6161296296296297,True,False
1093,330,0,0.6157777777777778,False,True
1094,134,0,0.615425925925926,False,True
1095,168,0,0.6150740740740741,False,True
1096,80,0,0.6147222222222222,False,True
1097,168,0,0.6143703703703705,False,True
1098,182,0,0.6140185185185185,False,True
1099,98,0,0.6136666666666667,False,True
1100,57,0,0.6133148148148149,False,True
1101,316,0,0.6129629629629629,False,True
1102,36,0,0.6126111111111111,False,True
1103,47,0,0.6122592592592593,False,True
1104,360,1,0.6119074074074075,True,False
1105,400,0,0.6115555555555556,False,False
1106,40,0,0.6112037037037037,False,True
1107,322,0,0.6108518518518519,False,True
1108,33,0,0.6105,False,True
1109,129,0,0.6101481481481481,False,True
1110,43,0,0.6097962962962964,False,True
1111,219,0,0.6094444444444445,False,True
1112,124,0,0.6090925925925925,False,True
1113,173,0,0.6087407407407408,False,True
1114,248,1,0.6083888888888889,True,False
1115,137,0,0.6080370370370372,False,True
1116,295,0,0.6076851851851852,False,True
1117,400,0,0.6073333333333333,False,False
1118,78,0,0.6069814814814816,False,True
1119,136,1,0.6066296296296296,True,False
1120,27,0,0.6062777777777778,False,True
1121,305,1,0.605925925925926,True,False
1122,103,1,0.605574074074074,True,False
1123,42,0,0.6052222222222222,False,True
1124,400,0,0.6048703703703704,False,False
1125,237,0,0.6045185185185186,False,True
1126,301,0,0.6041666666666667,False,True
1127,368,0,0.6038148148148148,False,True
1128,214,0,0.603462962962963,False,True
1129,51,0,0.6031111111111112,False,True
1130,200,1,0.6027592592592592,True,False
1131,25,0,0.6024074074074075,False,True
1132,400,0,0.6020555555555556,False,False
1133,102,0,0.6017037037037036,False,True
1134,75,0,0.6013518518518519,False,True
1135,38,0,0.601,False,True
1136,288,0,0.6006481481481482,False,True
1137,277,0,0.6002962962962963,False,True
1138,253,0,0.5999444444444444,False,True
1139,132,0,0.5995925925925927,False,True
1140,156,0,0.5992407407407407,False,True
1141,200,0,0.5988888888888889,False,True
1142,69,1,0.5985370370370371,True,False
1143,152,1,0.5981851851851852,True,False
1144,85,1,0.5978333333333333,True,False
1145,71,0,0.5974814814814815,False,True
1146,98,0,0.5971296296296297,False,True
1147,90,0,0.5967777777777779,False,True
1148,38,0,0.5964259259259259,False,True
1149,171,1,0.5960740740740741,True,False
1150,326,0,0.5957222222222223,False,True
1151,60,1,0.5953703703703703,True,False
1152,60,0,0.5950185185185186,False,True
1153,80,0,0.5946666666666667,False,True
1154,150,1,0.5943148148148147,True,False
1155,112,1,0.593962962962963,True,False
1156,276,0,0.5936111111111111,False,True
1157,126,0,0.5932592592592593,False,True
1158,137,0,0.5929074074074074,False,True
1159,276,1,0.5925555555555556,True,False
1160,176,1,0.5922037037037037,True,False
1161,64,0,0.5918518518518519,False,True
1162,121,0,0.5915,False,True
1163,194,0,0.5911481481481482,False,True
1164,82,0,0.5907962962962963,False,True
1165,31,0,0.5904444444444444,False,True
1166,342,0,0.5900925925925926,False,True
1167,11,0,0.5897407407407407,False,True
1168,130,0,0.589388888888889,False,True
1169,136,0,0.589037037037037,False,True
1170,68,1,0.5886851851851852,True,False
1171,310,1,0.5883333333333334,True,False
1172,22,0,0.5879814814814814,False,True
1173,400,0,0.5876296296296297,False,False
1174,23,0,0.5872777777777778,False,True
1175,311,0,0.586925925925926,False,True
1176,80,0,0.5865740740740741,False,True
1177,102,0,0.5862222222222222,False,True
1178,80,0,0.5858703703703704,False,True
1179,400,0,0.5855185185185185,False,False
1180,86,0,0.5851666666666667,False,True
1181,96,0,0.5848148148148148,False,True
1182,110,0,0.584462962962963,False,True
1183,90,1,0.5841111111111111,True,False
1184,124,1,0.5837592592592593,True,False
1185,145,0,0.5834074074074074,False,True
1186,360,1,0.5830555555555557,True,False
1187,368,1,0.5827037037037037,True,False
1188,362,0,0.5823518518518518,False,True
1189,400,0,0.5820000000000001,False,False
1190,115,1,0.5816481481481481,True,False
1191,130,0,0.5812962962962963,False,True
1192,58,0,0.5809444444444445,False,True
1193,42,0,0.5805925925925925,False,True
1194,275,1,0.5802407407407408,True,False
1195,68,0,0.5798888888888889,False,True
1196,244,1,0.5795370370370371,True,False
1197,199,0,0.5791851851851852,False,True
1198,83,0,0.5788333333333333,False,True
1199,13,0,0.5784814814814815,False,True
1200,75,0,0.5781296296296297,False,True
1201,287,0,0.5777777777777778,False,True
1202,400,0,0.577425925925926,False,False
1203,129,0,0.5770740740740741,False,True
1204,119,0,0.5767222222222222,False,True
1205,163,1,0.5763703703703704,True,False
1206,53,0,0.5760185185185185,False,True
1207,100,0,0.5756666666666668,False,True
1208,168,1,0.5753148148148148,True,False
1209,308,0,0.5749629629629629,False,True
1210,279,0,0.5746111111111112,False,True
1211,16,0,0.5742592592592592,False,True
1212,116,0,0.5739074074074074,False,True
1213,117,0,0.5735555555555556,False,True
1214,32,0,0.5732037037037037,False,True
1215,50,0,0.5728518518518518,False,True
1216,146,1,0.5725,True,False
1217,225,1,0.5721481481481482,True,False
1218,138,0,0.5717962962962964,False,True
1219,199,0,0.5714444444444444,False,True
1220,288,0,0.5710925925925926,False,True
1221,16,0,0.5707407407407408,False,True
1222,103,0,0.5703888888888888,False,True
1223,53,0,0.5700370370370371,False,True
1224,164,1,0.5696851851851852,True,False
1225,53,0,0.5693333333333334,False,True
1226,97,0,0.5689814814814815,False,True
1227,194,0,0.5686296296296296,False,True
1228,130,1,0.5682777777777779,True,False
1229,154,0,0.567925925925926,False,True
1230,43,0,0.567574074074074,False,True
1231,78,1,0.5672222222222223,True,False
1232,203,1,0.5668703703703704,True,False
1233,27,0,0.5665185185185185,False,True
1234,108,0,0.5661666666666667,False,True
1235,206,1,0.5658148148148148,True,False
1236,92,0,0.565462962962963,False,True
1237,152,1,0.5651111111111111,True,False
1238,165,1,0.5647592592592593,True,False
1239,207,0,0.5644074074074075,False,True
1240,33,0,0.5640555555555555,False,True
1241,141,0,0.5637037037037037,False,True
1242,206,0,0.5633518518518519,False,True
1243,98,1,0.563,True,False
1244,109,1,0.5626481481481482,True,False
1245,278,0,0.5622962962962963,False,True
1246,351,1,0.5619444444444444,True,False
1247,400,0,0.5615925925925926,False,False
1248,399,0,0.5612407407407407,False,True
1249,284,0,0.560888888888889,False,True
1250,63,0,0.5605370370370371,False,True
1251,114,0,0.5601851851851852,False,True
1252,134,0,0.5598333333333334,False,True
1253,155,1,0.5594814814814815,True,False
1254,49,0,0.5591296296296296,False,True
1255,307,0,0.5587777777777778,False,True
1256,120,0,0.558425925925926,False,True
1257,168,0,0.5580740740740741,False,True
1258,189,0,0.5577222222222222,False,True
1259,87,0,0.5573703703703704,False,True
1260,198,0,0.5570185185185186,False,True
1261,77,0,0.5566666666666666,False,True
1262,86,0,0.5563148148148148,False,True
1263,103,1,0.555962962962963,True,False
1264,190,0,0.5556111111111111,False,True
1265,30,0,0.5552592592592593,False,True
1266,77,0,0.5549074074074074,False,True
1267,128,0,0.5545555555555556,False,True
1268,118,0,0.5542037037037038,False,True
1269,74,0,0.5538518518518518,False,True
1270,93,0,0.5535000000000001,False,True
1271,60,0,0.5531481481481482,False,True
1272,70,0,0.5527962962962963,False,True
1273,400,0,0.5524444444444445,False,False
1274,38,0,0.5520925925925926,False,True
1275,256,0,0.5517407407407408,False,True
1276,161,0,0.5513888888888889,False,True
1277,121,0,0.551037037037037,False,True
1278,76,1,0.5506851851851853,True,False
1279,82,1,0.5503333333333333,True,False
1280,60,0,0.5499814814814815,False,True
1281,125,0,0.5496296296296297,False,True
1282,79,0,0.5492777777777778,False,True
1283,80,1,0.548925925925926,True,False
1284,224,0,0.5485740740740741,False,True
1285,208,0,0.5482222222222222,False,True
1286,293,0,0.5478703703703705,False,True
1287,130,0,0.5475185185185185,False,True
1288,112,0,0.5471666666666667,False,True
1289,155,0,0.5468148148148149,False,True
1290,355,0,0.5464629629629629,False,True
1291,218,1,0.5461111111111111,True,False
1292,214,1,0.5457592592592593,True,False
1293,301,0,0.5454074074074075,False,True
1294,16,0,0.5450555555555556,False,True
1295,222,1,0.5447037037037037,True,False
1296,59,1,0.5443518518518519,True,False
1297,400,0,0.544,False,False
1298,36,0,0.5436481481481481,False,True
1299,45,0,0.5432962962962964,False,True
1300,398,0,0.5429444444444445,False,True
1301,233,0,0.5425925925925926,False,True
1302,389,0,0.5422407407407408,False,True
1303,68,0,0.5418888888888889,False,True
1304,57,0,0.5415370370370372,False,True
1305,79,0,0.5411851851851852,False,True
1306,12,0,0.5408333333333333,False,True
1307,168,0,0.5404814814814816,False,True
1308,187,1,0.5401296296296296,True,False
1309,152,1,0.5397777777777778,True,False
1310,161,0,0.539425925925926,False,True
1311,22,0,0.539074074074074,False,True
1312,334,0,0.5387222222222222,False,True
1313,226,0,0.5383703703703704,False,True
1314,86,1,0.5380185185185186,True,False
1315,295,0,0.5376666666666667,False,True
1316,146,1,0.5373148148148148,True,False
1317,137,0,0.536962962962963,False,True
1318,16,0,0.5366111111111111,False,True
1319,91,1,0.5362592592592592,True,False
1320,73,0,0.5359074074074075,False,True
1321,127,0,0.5355555555555556,False,True
1322,73,0,0.5352037037037036,False,True
1323,123,0,0.5348518518518519,False,True
1324,39,0,0.5345,False,True
1325,71,0,0.5341481481481483,False,True
1326,200,0,0.5337962962962963,False,True
1327,119,1,0.5334444444444444,True,False
1328,217,1,0.5330925925925927,True,False
1329,400,0,0.5327407407407407,False,False
1330,256,1,0.5323888888888889,True,False
1331,58,0,0.5320370370370371,False,True
1332,278,0,0.5316851851851851,False,True
1333,141,0,0.5313333333333333,False,True
1334,158,0,0.5309814814814815,False,True
1335,285,0,0.5306296296296297,False,True
1336,170,0,0.5302777777777778,False,True
1337,151,0,0.5299259259259259,False,True
1338,87,0,0.5295740740740741,False,True
1339,97,0,0.5292222222222223,False,True
1340,305,1,0.5288703703703703,True,False
1341,173,1,0.5285185185185186,True,False
1342,224,0,0.5281666666666667,False,True
1343,198,0,0.5278148148148147,False,True
1344,36,0,0.527462962962963,False,True
1345,381,1,0.5271111111111111,True,False
1346,64,0,0.5267592592592593,False,True
1347,102,1,0.5264074074074074,True,False
1348,23,0,0.5260555555555556,False,True
1349,219,1,0.5257037037037038,True,False
1350,100,0,0.5253518518518518,False,True
1351,127,0,0.525,False,True
1352,42,0,0.5246481481481482,False,True
1353,360,0,0.5242962962962964,False,True
1354,171,0,0.5239444444444445,False,True
1355,96,0,0.5235925925925926,False,True
1356,84,0,0.5232407407407407,False,True
1357,273,1,0.522888888888889,True,False
1358,104,0,0.522537037037037,False,True
1359,49,1,0.5221851851851853,True,False
1360,81,1,0.5218333333333334,True,False
1361,43,0,0.5214814814814815,False,True
1362,98,0,0.5211296296296296,False,True
1363,25,0,0.5207777777777778,False,True
1364,277,1,0.520425925925926,True,False
1365,135,0,0.5200740740740741,False,True
1366,336,1,0.5197222222222222,True,False
1367,277,0,0.5193703703703705,False,True
1368,155,1,0.5190185185185185,True,False
1369,400,0,0.5186666666666666,False,False
1370,121,0,0.5183148148148149,False,True
1371,79,0,0.517962962962963,False,True
1372,400,0,0.5176111111111111,False,False
1373,101,0,0.5172592592592593,False,True
1374,159,1,0.5169074074074075,True,False
1375,215,0,0.5165555555555557,False,True
1376,342,0,0.5162037037037037,False,True
1377,89,1,0.5158518518518518,True,False
1378,137,0,0.5155000000000001,False,True
1379,38,0,0.5151481481481481,False,True
1380,60,0,0.5147962962962964,False,True
1381,126,1,0.5144444444444445,True,False
1382,138,1,0.5140925925925925,True,False
1383,49,0,0.5137407407407407,False,True
1384,155,0,0.5133888888888889,False,True
1385,162,0,0.5130370370370371,False,True
1386,32,0,0.5126851851851852,False,True
1387,40,0,0.5123333333333333,False,True
1388,384,1,0.5119814814814816,True,False
1389,136,0,0.5116296296296297,False,True
1390,400,0,0.5112777777777777,False,False
1391,103,0,0.510925925925926,False,True
1392,59,0,0.5105740740740741,False,True
1393,285,0,0.5102222222222222,False,True
1394,128,0,0.5098703703703704,False,True
1395,400,0,0.5095185185185186,False,False
1396,306,0,0.5091666666666667,False,True
1397,128,1,0.5088148148148148,True,False
1398,101,0,0.5084629629629629,False,True
1399,180,0,0.5081111111111112,False,True
1400,196,0,0.5077592592592592,False,True
1401,50,0,0.5074074074074075,False,True
1402,276,1,0.5070555555555556,True,False
1403,157,1,0.5067037037037037,True,False
1404,38,0,0.5063518518518518,False,True
1405,335,0,0.506,False,True
1406,300,0,0.5056481481481482,False,True
1407,83,0,0.5052962962962964,False,True
1408,346,1,0.5049444444444444,True,False
1409,108,0,0.5045925925925927,False,True
1410,44,0,0.5042407407407408,False,True
1411,183,1,0.5038888888888888,True,False
1412,104,0,0.5035370370370371,False,True
1413,139,1,0.5031851851851852,True,False
1414,82,0,0.5028333333333334,False,True
1415,356,0,0.5024814814814815,False,True
1416,32,0,0.5021296296296297,False,True
1417,91,1,0.5017777777777778,True,False
1418,238,0,0.5014259259259259,False,True
1419,105,0,0.501074074074074,False,True
1420,148,1,0.5007222222222223,True,False
1421,83,0,0.5003703703703704,False,True
1422,312,1,0.5000185185185186,True,False
1423,257,0,0.4996666666666667,False,True
1424,193,1,0.49931481481481477,True,False
1425,312,1,0.49896296296296294,True,False
1426,80,1,0.4986111111111111,True,False
1427,105,1,0.4982592592592593,True,False
1428,107,0,0.49790740740740747,False,True
1429,107,0,0.49755555555555564,False,True
1430,384,1,0.4972037037037038,True,False
1431,175,1,0.4968518518518519,True,False
1432,35,0,0.49650000000000005,False,True
1433,80,0,0.4961481481481481,False,True
1434,57,0,0.4957962962962963,False,True
1435,41,0,0.49544444444444447,False,True
1436,83,0,0.49509259259259264,False,True
1437,175,1,0.4947407407407408,True,False
1438,34,0,0.4943888888888889,False,True
1439,234,0,0.49403703703703705,False,True
1440,257,0,0.4936851851851852,False,True
1441,144,0,0.4933333333333334,False,True
1442,166,0,0.4929814814814816,False,True
1443,28,0,0.49262962962962964,False,True
1444,400,0,0.4922777777777777,False,False
1445,285,0,0.4919259259259259,False,True
1446,162,0,0.49157407407407405,False,True
1447,22,0,0.4912222222222222,False,True
1448,299,1,0.4908703703703704,True,False
1449,143,1,0.4905185185185186,True,False
1450,148,0,0.49016666666666675,False,True
1451,267,0,0.4898148148148148,False,True
1452,85,0,0.489462962962963,False,True
1453,275,0,0.48911111111111116,False,True
1454,126,1,0.4887592592592592,True,False
1455,97,0,0.4884074074074074,False,True
1456,147,0,0.4880555555555556,False,True
1457,126,0,0.48770370370370375,False,True
1458,180,1,0.4873518518518518,True,False
1459,269,0,0.487,False,True
1460,365,1,0.48664814814814816,True,False
1461,246,0,0.48629629629629634,False,True
1462,103,0,0.4859444444444445,False,True
1463,26,0,0.4855925925925927,False,True
1464,80,0,0.48524074074074086,False,True
1465,70,0,0.4848888888888888,False,True
1466,360,0,0.484537037037037,False,True
1467,22,0,0.48418518518518516,False,True
1468,15,0,0.48383333333333334,False,True
1469,151,0,0.4834814814814815,False,True
1470,48,0,0.4831296296296297,False,True
1471,92,0,0.48277777777777786,False,True
1472,326,1,0.4824259259259259,True,False
1473,274,0,0.4820740740740741,False,True
1474,400,0,0.4817222222222223,False,False
1475,88,1,0.48137037037037045,True,False
1476,98,0,0.4810185185185185,False,True
1477,32,0,0.4806666666666667,False,True
1478,363,0,0.48031481481481486,False,True
1479,400,0,0.4799629629629629,False,False
1480,84,0,0.4796111111111111,False,True
1481,23,0,0.4792592592592593,False,True
1482,259,1,0.47890740740740745,True,False
1483,189,0,0.4785555555555556,False,True
1484,65,0,0.4782037037037038,False,True
1485,400,0,0.47785185185185197,False,False
1486,163,0,0.47750000000000004,False,True
1487,400,0,0.4771481481481481,False,False
1488,149,1,0.4767962962962963,True,False
1489,89,1,0.47644444444444445,True,False
1490,389,1,0.4760925925925926,True,False
1491,400,0,0.4757407407407408,False,False
1492,221,0,0.47538888888888897,False,True
1493,99,1,0.47503703703703704,True,False
1494,181,0,0.4746851851851852,False,True
1495,144,0,0.4743333333333334,False,True
1496,291,0,0.47398148148148156,False,True
1497,257,0,0.4736296296296296,False,True
1498,117,1,0.4732777777777778,True,False
1499,268,1,0.47292592592592597,True,False
1500,60,0,0.47257407407407404,False,True
1501,194,1,0.4722222222222222,True,False
1502,63,0,0.4718703703703704,False,True
1503,131,0,0.47151851851851856,False,True
1504,191,0,0.47116666666666673,False,True
1505,48,0,0.4708148148148149,False,True
1506,353,0,0.47046296296296297,False,True
1507,215,0,0.47011111111111115,False,True
1508,44,0,0.4697592592592592,False,True
1509,228,1,0.4694074074074074,True,False
1510,84,1,0.46905555555555556,True,False
1511,223,1,0.46870370370370373,True,False
1512,283,1,0.4683518518518519,True,False
1513,117,0,0.46799999999999997,False,True
1514,33,0,0.46764814814814815,False,True
1515,91,0,0.4672962962962963,False,True
1516,371,1,0.4669444444444445,True,False
1517,147,0,0.46659259259259267,False,True
1518,227,0,0.46624074074074084,False,True
1519,28,0,0.4658888888888889,False,True
1520,79,1,0.46553703703703697,True,False
1521,78,0,0.46518518518518515,False,True
1522,21,0,0.4648333333333333,False,True
1523,72,0,0.4644814814814815,False,True
1524,73,0,0.46412962962962967,False,True
1525,22,0,0.46377777777777784,False,True
1526,76,0,0.463425925925926,False,True
1527,251,1,0.4630740740740741,True,False
1528,97,1,0.46272222222222226,True,False
1529,66,0,0.46237037037037043,False,True
1530,30,0,0.4620185185185185,False,True
1531,65,0,0.46166666666666667,False,True
1532,115,1,0.46131481481481484,True,False
1533,63,0,0.460962962962963,False,True
1534,81,0,0.4606111111111111,False,True
1535,160,1,0.46025925925925926,True,False
1536,257,1,0.45990740740740743,True,False
1537,73,0,0.4595555555555556,False,True
1538,28,0,0.4592037037037038,False,True
1539,28,0,0.45885185185185196,False,True
1540,36,0,0.4585,False,True
1541,400,0,0.4581481481481481,False,False
1542,258,1,0.45779629629629626,True,False
1543,270,0,0.45744444444444443,False,True
1544,24,0,0.4570925925925926,False,True
1545,99,0,0.4567407407407408,False,True
1546,297,0,0.45638888888888896,False,True
1547,49,1,0.45603703703703713,True,False
1548,156,1,0.4556851851851852,True,False
1549,54,0,0.45533333333333337,False,True
1550,350,0,0.45498148148148154,False,True
1551,180,0,0.4546296296296296,False,True
1552,216,0,0.4542777777777778,False,True
1553,135,0,0.45392592592592595,False,True
1554,29,0,0.45357407407407413,False,True
1555,44,0,0.4532222222222222,False,True
1556,177,1,0.45287037037037037,True,False
1557,140,1,0.45251851851851854,True,False
1558,169,1,0.4521666666666667,True,False
1559,30,0,0.4518148148148149,False,True
1560,188,1,0.45146296296296307,True,False
1561,34,0,0.45111111111111124,False,True
1562,61,0,0.4507592592592592,False,True
1563,180,0,0.45040740740740737,False,True
1564,227,1,0.45005555555555554,True,False
1565,166,1,0.4497037037037037,True,False
1566,235,1,0.4493518518518519,True,False
1567,397,0,0.44900000000000007,False,True
1568,116,0,0.44864814814814813,False,True
1569,272,1,0.4482962962962963,True,False
1570,69,0,0.4479444444444445,False,True
1571,178,1,0.44759259259259265,True,False
1572,209,0,0.4472407407407408,False,True
1573,16,0,0.4468888888888889,False,True
1574,216,0,0.44653703703703707,False,True
1575,38,0,0.44618518518518513,False,True
1576,164,0,0.4458333333333333,False,True
1577,66,1,0.4454814814814815,True,False
1578,138,0,0.44512962962962965,False,True
1579,12,0,0.4447777777777778,False,True
1580,132,1,0.444425925925926,True,False
1581,63,0,0.4440740740740742,False,True
1582,172,0,0.44372222222222224,False,True
1583,316,0,0.4433703703703704,False,True
1584,178,1,0.4430185185185185,True,False
1585,96,0,0.44266666666666665,False,True
1586,77,1,0.4423148148148148,True,False
1587,216,0,0.441962962962963,False,True
1588,337,1,0.4416111111111112,True,False
1589,400,0,0.44125925925925924,False,False
1590,198,1,0.4409074074074074,True,False
1591,133,0,0.4405555555555556,False,True
1592,142,1,0.44020370370370376,True,False
1593,177,0,0.43985185185185194,False,True
1594,35,0,0.4395,False,True
1595,147,1,0.4391481481481482,True,False
1596,399,1,0.43879629629629624,True,False
1597,221,0,0.4384444444444444,False,True
1598,80,0,0.4380925925925926,False,True
1599,64,1,0.43774074074074076,True,False
1600,84,0,0.43738888888888894,False,True
1601,190,1,0.4370370370370371,True,False
1602,98,1,0.4366851851851853,True,False
1603,130,0,0.43633333333333335,False,True
1604,152,1,0.4359814814814815,True,False
1605,120,1,0.4356296296296296,True,False
1606,48,0,0.43527777777777776,False,True
1607,15,0,0.43492592592592594,False,True
1608,122,0,0.4345740740740741,False,True
1609,14,0,0.4342222222222223,False,True
1610,223,1,0.43387037037037035,True,False
1611,48,1,0.4335185185185185,True,False
1612,115,1,0.4331666666666667,True,False
1613,206,1,0.4328148148148149,True,False
1614,205,0,0.43246296296296305,False,True
1615,48,0,0.4321111111111112,False,True
1616,97,0,0.4317592592592593,False,True
1617,400,0,0.43140740740740735,False,False
1618,20,0,0.4310555555555555,False,True
1619,27,0,0.4307037037037037,False,True
1620,147,1,0.4303518518518519,True,False
1621,168,0,0.43000000000000005,False,True
1622,140,0,0.4296481481481482,False,True
1623,208,0,0.4292962962962964,False,True
1624,50,0,0.42894444444444446,False,True
1625,400,0,0.42859259259259264,False,False
1626,188,0,0.4282407407407408,False,True
1627,64,0,0.4278888888888889,False,True
1628,348,1,0.42753703703703705,True,False
1629,228,1,0.4271851851851852,True,False
1630,124,0,0.4268333333333333,False,True
1631,98,1,0.42648148148148146,True,False
1632,31,0,0.42612962962962964,False,True
1633,145,1,0.4257777777777778,True,False
1634,130,0,0.425425925925926,False,True
1635,163,1,0.42507407407407416,True,False
1636,115,0,0.42472222222222233,False,True
1637,63,0,0.4243703703703704,False,True
1638,320,1,0.42401851851851846,True,False
1639,222,0,0.42366666666666664,False,True
1640,116,1,0.4233148148148148,True,False
1641,76,0,0.422962962962963,False,True
1642,400,0,0.42261111111111116,False,False
1643,167,1,0.42225925925925933,True,False
1644,97,1,0.4219074074074074,True,False
1645,380,1,0.42155555555555557,True,False
1646,196,1,0.42120370370370375,True,False
1647,289,0,0.4208518518518519,False,True
1648,400,0,0.4205,False,False
1649,43,1,0.42014814814814816,True,False
1650,174,1,0.41979629629629633,True,False
1651,15,0,0.4194444444444444,False,True
1652,163,0,0.41909259259259257,False,True
1653,238,0,0.41874074074074075,False,True
1654,127,0,0.4183888888888889,False,True
1655,76,1,0.4180370370370371,True,False
1656,41,0,0.41768518518518527,False,True
1657,362,0,0.41733333333333344,False,True
1658,81,0,0.4169814814814815,False,True
1659,174,1,0.41662962962962957,True,False
1660,192,0,0.41627777777777775,False,True
1661,120,0,0.4159259259259259,False,True
1662,235,1,0.4155740740740741,True,False
1663,281,0,0.41522222222222227,False,True
1664,246,1,0.41487037037037044,True,False
1665,77,1,0.4145185185185185,True,False
1666,31,0,0.4141666666666667,False,True
1667,164,0,0.41381481481481486,False,True
1668,45,0,0.41346296296296303,False,True
1669,172,1,0.4131111111111112,True,False
1670,39,0,0.41275925925925927,False,True
1671,115,0,0.41240740740740744,False,True
1672,400,0,0.4120555555555555,False,False
1673,106,1,0.4117037037037037,True,False
1674,232,0,0.41135185185185186,False,True
1675,36,0,0.41100000000000003,False,True
1676,281,0,0.4106481481481482,False,True
1677,71,0,0.4102962962962964,False,True
1678,149,0,0.40994444444444456,False,True
1679,167,0,0.4095925925925926,False,True
1680,57,0,0.4092407407407408,False,True
1681,30,0,0.40888888888888886,False,True
1682,322,1,0.40853703703703703,True,False
1683,67,0,0.4081851851851852,False,True
1684,91,0,0.4078333333333334,False,True
1685,55,0,0.40748148148148156,False,True
1686,47,0,0.4071296296296296,False,True
1687,384,1,0.4067777777777778,True,False
1688,25,0,0.40642592592592597,False,True
1689,188,1,0.40607407407407414,True,False
1690,304,1,0.4057222222222223,True,False
1691,177,1,0.4053703703703705,True,False
1692,37,0,0.40501851851851844,False,True
1693,220,1,0.4046666666666666,True,False
1694,138,1,0.4043148148148148,True,False
1695,109,1,0.40396296296296297,True,False
1696,139,0,0.40361111111111114,False,True
1697,103,0,0.4032592592592593,False,True
1698,153,1,0.4029074074074075,True,False
1699,126,0,0.40255555555555556,False,True
1700,186,0,0.40220370370370373,False,True
1701,49,0,0.4018518518518519,False,True
1702,173,0,0.4015000000000001,False,True
1703,35,0,0.40114814814814814,False,True
1704,117,0,0.4007962962962963,False,True
1705,49,1,0.4004444444444445,True,False
1706,222,0,0.40009259259259256,False,True
1707,309,1,0.39974074074074073,True,False
1708,57,0,0.3993888888888889,False,True
1709,80,1,0.3990370370370371,True,False
1710,85,0,0.39868518518518525,False,True
1711,47,1,0.39833333333333343,True,False
1712,80,0,0.3979814814814816,False,True
1713,126,1,0.39762962962962967,True,False
1714,80,0,0.39727777777777773,False,True
1715,165,0,0.3969259259259259,False,True
1716,148,1,0.3965740740740741,True,False
1717,102,1,0.39622222222222225,True,False
1718,80,0,0.39587037037037043,False,True
1719,66,1,0.3955185185185186,True,False
1720,311,1,0.39516666666666667,True,False
1721,129,1,0.39481481481481484,True,False
1722,49,0,0.394462962962963,False,True
1723,163,0,0.3941111111111112,False,True
1724,22,0,0.39375925925925925,False,True
1725,73,1,0.39340740740740743,True,False
1726,190,0,0.3930555555555556,False,True
1727,35,0,0.39270370370370367,False,True
1728,223,0,0.39235185185185184,False,True
1729,43,0,0.392,False,True
1730,53,0,0.3916481481481482,False,True
1731,153,0,0.39129629629629636,False,True
1732,142,0,0.39094444444444454,False,True
1733,45,0,0.3905925925925927,False,True
1734,53,0,0.3902407407407408,False,True
1735,400,0,0.38988888888888884,False,False
1736,40,0,0.389537037037037,False,True
1737,114,1,0.3891851851851852,True,False
1738,85,0,0.38883333333333336,False,True
1739,108,0,0.38848148148148154,False,True
1740,84,0,0.3881296296296297,False,True
1741,44,0,0.3877777777777778,False,True
1742,73,1,0.38742592592592595,True,False
1743,100,1,0.3870740740740741,True,False
1744,249,0,0.3867222222222223,False,True
1745,116,0,0.3863703703703705,False,True
1746,31,0,0.38601851851851854,False,True
1747,328,0,0.3856666666666667,False,True
1748,98,0,0.3853148148148148,False,True
1749,119,1,0.38496296296296295,True,False
1750,400,0,0.3846111111111111,False,False
1751,294,1,0.3842592592592593,True,False
1752,98,0,0.3839074074074075,False,True
1753,157,1,0.38355555555555565,True,False
1754,264,1,0.3832037037037037,True,False
1755,38,0,0.3828518518518519,False,True
1756,117,0,0.38250000000000006,False,True
1757,191,0,0.3821481481481481,False,True
1758,67,1,0.3817962962962963,True,False
1759,400,0,0.3814444444444445,False,False
1760,59,0,0.38109259259259265,False,True
1761,89,0,0.3807407407407407,False,True
1762,139,1,0.3803888888888889,True,False
1763,156,1,0.38003703703703706,True,False
1764,42,0,0.37968518518518524,False,True
1765,143,0,0.3793333333333334,False,True
1766,65,0,0.3789814814814816,False,True
1767,254,1,0.37862962962962965,True,False
1768,92,1,0.3782777777777777,True,False
1769,138,1,0.3779259259259259,True,False
1770,61,1,0.37757407407407406,True,False
1771,61,0,0.37722222222222224,False,True
1772,184,1,0.3768703703703704,True,False
1773,77,0,0.3765185185185186,False,True
1774,58,0,0.37616666666666676,False,True
1775,211,1,0.3758148148148148,True,False
1776,177,1,0.375462962962963,True,False
1777,135,1,0.3751111111111112,True,False
1778,308,0,0.37475925925925924,False,True
1779,124,0,0.3744074074074074,False,True
1780,23,0,0.3740555555555556,False,True
1781,111,0,0.37370370370370376,False,True
1782,124,0,0.3733518518518518,False,True
1783,86,0,0.373,False,True
1784,79,1,0.3726481481481482,True,False
1785,211,1,0.37229629629629635,True,False
1786,86,1,0.3719444444444445,True,False
1787,163,1,0.3715925925925927,True,False
1788,71,0,0.37124074074074087,False,True
1789,74,0,0.3708888888888888,False,True
1790,14,0,0.370537037037037,False,True
1791,338,1,0.3701851851851852,True,False
1792,88,0,0.36983333333333335,False,True
1793,196,0,0.3694814814814815,False,True
1794,43,0,0.3691296296296297,False,True
1795,109,1,0.36877777777777787,True,False
1796,168,1,0.36842592592592593,True,False
1797,75,1,0.3680740740740741,True,False
1798,400,0,0.3677222222222223,False,False
1799,76,0,0.36737037037037046,False,True
1800,43,0,0.3670185185185185,False,True
1801,59,1,0.3666666666666667,True,False
1802,355,0,0.36631481481481487,False,True
1803,87,0,0.36596296296296293,False,True
1804,40,0,0.3656111111111111,False,True
1805,233,0,0.3652592592592593,False,True
1806,90,1,0.36490740740740746,True,False
1807,37,0,0.36455555555555563,False,True
1808,102,1,0.3642037037037038,True,False
1809,106,0,0.363851851851852,False,True
1810,277,0,0.36350000000000005,False,True
1811,252,1,0.3631481481481481,True,False
1812,115,1,0.3627962962962963,True,False
1813,30,0,0.36244444444444446,False,True
1814,147,1,0.36209259259259263,True,False
1815,74,1,0.3617407407407408,True,False
1816,23,0,0.36138888888888887,False,True
1817,42,0,0.36103703703703705,False,True
1818,155,0,0.3606851851851852,False,True
1819,239,1,0.3603333333333334,True,False
1820,96,0,0.35998148148148157,False,True
1821,400,0,0.35962962962962963,False,False
1822,81,0,0.3592777777777778,False,True
1823,107,0,0.35892592592592587,False,True
1824,169,0,0.35857407407407405,False,True
1825,151,1,0.3582222222222222,True,False
1826,47,0,0.3578703703703704,False,True
1827,32,0,0.35751851851851857,False,True
1828,198,1,0.35716666666666674,True,False
1829,128,0,0.3568148148148149,False,True
1830,81,0,0.356462962962963,False,True
1831,129,1,0.35611111111111116,True,False
1832,172,1,0.3557592592592592,True,False
1833,128,1,0.3554074074074074,True,False
1834,148,0,0.35505555555555557,False,True
1835,110,1,0.35470370370370374,True,False
1836,169,1,0.3543518518518519,True,False
1837,44,1,0.354,True,False
1838,200,0,0.35364814814814816,False,True
1839,169,0,0.35329629629629633,False,True
1840,30,0,0.3529444444444445,False,True
1841,263,0,0.3525925925925927,False,True
1842,293,1,0.35224074074074085,True,False
1843,260,1,0.3518888888888889,True,False
1844,316,0,0.351537037037037,False,True
1845,57,0,0.35118518518518516,False,True
1846,356,0,0.35083333333333333,False,True
1847,28,0,0.3504814814814815,False,True
1848,73,0,0.3501296296296297,False,True
1849,109,1,0.34977777777777785,True,False
1850,61,0,0.34942592592592603,False,True
1851,400,0,0.3490740740740741,False,False
1852,52,0,0.34872222222222227,False,True
1853,23,0,0.34837037037037044,False,True
1854,47,0,0.3480185185185185,False,True
1855,202,1,0.3476666666666667,True,False
1856,236,1,0.34731481481481485,True,False
1857,220,1,0.34696296296296303,True,False
1858,79,0,0.3466111111111111,False,True
1859,87,1,0.34625925925925927,True,False
1860,136,0,0.34590740740740744,False,True
1861,67,0,0.3455555555555556,False,True
1862,42,0,0.3452037037037038,False,True
1863,213,1,0.34485185185185196,True,False
1864,203,1,0.34450000000000003,True,False
1865,54,0,0.3441481481481481,False,True
1866,302,1,0.34379629629629627,True,False
1867,133,1,0.34344444444444444,True,False
1868,229,0,0.3430925925925926,False,True
1869,207,1,0.3427407407407408,True,False
1870,130,0,0.34238888888888896,False,True
1871,107,1,0.34203703703703714,True,False
1872,220,1,0.3416851851851852,True,False
1873,140,0,0.3413333333333334,False,True
1874,207,0,0.34098148148148155,False,True
1875,145,1,0.3406296296296296,True,False
1876,76,0,0.3402777777777778,False,True
1877,94,1,0.33992592592592596,True,False
1878,122,0,0.33957407407407403,False,True
1879,60,1,0.3392222222222222,True,False
1880,222,1,0.3388703703703704,True,False
1881,67,1,0.33851851851851855,True,False
1882,400,0,0.3381666666666667,False,False
1883,277,1,0.3378148148148149,True,False
1884,56,0,0.3374629629629631,False,True
1885,175,1,0.33711111111111114,True,False
1886,66,1,0.3367592592592592,True,False
1887,65,1,0.3364074074074074,True,False
1888,257,1,0.33605555555555555,True,False
1889,153,1,0.3357037037037037,True,False
1890,53,0,0.3353518518518519,False,True
1891,84,0,0.3350000000000001,False,True
1892,118,1,0.33464814814814814,True,False
1893,218,0,0.3342962962962963,False,True
1894,209,1,0.3339444444444445,True,False
1895,62,0,0.33359259259259266,False,True
1896,157,1,0.33324074074074084,True,False
1897,68,1,0.3328888888888889,True,False
1898,326,0,0.3325370370370371,False,True
1899,99,0,0.33218518518518514,False,True
1900,57,0,0.3318333333333333,False,True
1901,112,1,0.3314814814814815,True,False
1902,87,0,0.33112962962962966,False,True
1903,154,1,0.33077777777777784,True,False
1904,131,0,0.330425925925926,False,True
1905,209,1,0.3300740740740742,True,False
1906,46,1,0.32972222222222225,True,False
1907,400,0,0.3293703703703704,False,False
1908,35,0,0.3290185185185185,False,True
1909,69,1,0.32866666666666666,True,False
1910,140,0,0.32831481481481484,False,True
1911,83,0,0.327962962962963,False,True
1912,158,1,0.3276111111111112,True,False
1913,36,0,0.32725925925925925,False,True
1914,136,1,0.3269074074074074,True,False
1915,59,0,0.3265555555555556,False,True
1916,100,1,0.3262037037037038,True,False
1917,150,1,0.32585185185185195,True,False
1918,47,1,0.3255,True,False
1919,103,1,0.3251481481481482,True,False
1920,39,0,0.32479629629629625,False,True
1921,70,0,0.3244444444444444,False,True
1922,28,0,0.3240925925925926,False,True
1923,113,1,0.3237407407407408,True,False
1924,46,1,0.32338888888888895,True,False
1925,54,0,0.3230370370370371,False,True
1926,124,0,0.3226851851851853,False,True
1927,129,1,0.32233333333333336,True,False
1928,52,0,0.32198148148148154,False,True
1929,227,1,0.3216296296296296,True,False
1930,358,1,0.3212777777777778,True,False
1931,330,1,0.32092592592592595,True,False
1932,89,0,0.3205740740740741,False,True
1933,66,1,0.3202222222222223,True,False
1934,35,0,0.31987037037037036,False,True
1935,96,1,0.31951851851851854,True,False
1936,346,1,0.3191666666666667,True,False
1937,280,0,0.3188148148148149,False,True
1938,103,0,0.31846296296296306,False,True
1939,39,0,0.31811111111111123,False,True
1940,400,0,0.3177592592592592,False,False
1941,148,1,0.31740740740740736,True,False
1942,51,0,0.31705555555555553,False,True
1943,35,0,0.3167037037037037,False,True
1944,75,0,0.3163518518518519,False,True
1945,154,0,0.31600000000000006,False,True
1946,20,0,0.31564814814814823,False,True
1947,97,1,0.3152962962962963,True,False
1948,27,0,0.31494444444444447,False,True
1949,44,0,0.31459259259259265,False,True
1950,19,0,0.3142407407407408,False,True
1951,76,0,0.3138888888888889,False,True
1952,323,1,0.31353703703703706,True,False
1953,191,1,0.31318518518518523,True,False
1954,164,0,0.3128333333333333,False,True
1955,70,1,0.31248148148148147,True,False
1956,154,0,0.31212962962962965,False,True
1957,43,0,0.3117777777777778,False,True
1958,97,1,0.311425925925926,True,False
1959,155,1,0.31107407407407417,True,False
1960,20,0,0.31072222222222234,False,True
1961,55,1,0.3103703703703704,True,False
1962,80,0,0.31001851851851847,False,True
1963,103,0,0.30966666666666665,False,True
1964,39,0,0.3093148148148148,False,True
1965,134,0,0.308962962962963,False,True
1966,85,0,0.30861111111111117,False,True
1967,340,0,0.30825925925925934,False,True
1968,20,0,0.3079074074074074,False,True
1969,65,0,0.3075555555555556,False,True
1970,157,1,0.30720370370370376,True,False
1971,23,0,0.30685185185185193,False,True
1972,51,0,0.3065,False,True
1973,125,1,0.30614814814814817,True,False
1974,34,1,0.30579629629629634,True,False
1975,98,1,0.3054444444444444,True,False
1976,52,0,0.3050925925925926,False,True
1977,368,1,0.30474074074074076,True,False
1978,68,0,0.30438888888888893,False,True
1979,368,0,0.3040370370370371,False,True
1980,44,1,0.3036851851851853,True,False
1981,90,0,0.30333333333333345,False,True
1982,107,1,0.3029814814814815,True,False
1983,314,1,0.3026296296296296,True,False
1984,60,1,0.30227777777777776,True,False
1985,34,1,0.30192592592592593,True,False
1986,34,0,0.3015740740740741,False,True
1987,105,1,0.3012222222222223,True,False
1988,59,0,0.30087037037037045,False,True
1989,74,0,0.3005185185185185,False,True
1990,55,1,0.3001666666666667,True,False
1991,34,0,0.29981481481481487,False,True
1992,67,1,0.29946296296296304,True,False
1993,139,0,0.2991111111111112,False,True
1994,118,1,0.2987592592592593,True,False
1995,39,0,0.29840740740740745,False,True
1996,13,0,0.2980555555555555,False,True
1997,89,1,0.2977037037037037,True,False
1998,28,0,0.29735185185185187,False,True
1999,162,1,0.29700000000000004,True,False
2000,86,0,0.2966481481481482,False,True
2001,153,1,0.2962962962962964,True,False
2002,64,1,0.29594444444444445,True,False
2003,184,1,0.29559259259259263,True,False
2004,34,0,0.2952407407407408,False,True
2005,81,1,0.29488888888888887,True,False
2006,350,1,0.29453703703703704,True,False
2007,170,1,0.2941851851851852,True,False
2008,65,1,0.2938333333333334,True,False
2009,35,0,0.29348148148148145,False,True
2010,52,1,0.29312962962962963,True,False
2011,28,1,0.2927777777777778,True,False
2012,85,1,0.292425925925926,True,False
2013,61,1,0.29207407407407415,True,False
2014,32,1,0.2917222222222223,True,False
2015,134,1,0.2913703703703704,True,False
2016,16,0,0.29101851851851845,False,True
2017,98,1,0.29066666666666663,True,False
2018,94,0,0.2903148148148148,False,True
2019,40,1,0.289962962962963,True,False
2020,199,1,0.28961111111111115,True,False
2021,34,0,0.2892592592592593,False,True
2022,143,0,0.2889074074074075,False,True
2023,51,1,0.28855555555555557,True,False
2024,205,1,0.28820370370370374,True,False
2025,15,0,0.2878518518518519,False,True
2026,25,0,0.2875000000000001,False,True
2027,251,1,0.28714814814814815,True,False
2028,64,1,0.2867962962962963,True,False
2029,56,1,0.2864444444444445,True,False
2030,367,0,0.28609259259259257,False,True
2031,130,1,0.28574074074074074,True,False
2032,68,1,0.2853888888888889,True,False
2033,110,0,0.2850370370370371,False,True
2034,34,1,0.28468518518518526,True,False
2035,354,0,0.28433333333333344,False,True
2036,121,1,0.2839814814814816,True,False
2037,17,0,0.2836296296296297,False,True
2038,66,1,0.28327777777777774,True,False
2039,110,0,0.2829259259259259,False,True
2040,80,0,0.2825740740740741,False,True
2041,42,1,0.28222222222222226,True,False
2042,72,0,0.28187037037037044,False,True
2043,54,0,0.2815185185185186,False,True
2044,60,1,0.2811666666666667,True,False
2045,188,0,0.28081481481481485,False,True
2046,76,1,0.280462962962963,True,False
2047,55,1,0.2801111111111112,True,False
2048,47,1,0.27975925925925926,True,False
2049,83,1,0.27940740740740744,True,False
2050,65,1,0.2790555555555556,True,False
2051,81,0,0.2787037037037037,False,True
2052,61,1,0.27835185185185185,True,False
2053,39,1,0.278,True,False
2054,108,0,0.2776481481481482,False,True
2055,35,1,0.2772962962962964,True,False
2056,35,0,0.27694444444444455,False,True
2057,39,0,0.2765925925925926,False,True
2058,87,1,0.2762407407407408,True,False
2059,76,0,0.27588888888888885,False,True
2060,115,0,0.275537037037037,False,True
2061,136,0,0.2751851851851852,False,True
2062,315,1,0.2748333333333334,True,False
2063,42,0,0.27448148148148155,False,True
2064,81,0,0.2741296296296296,False,True
2065,55,0,0.2737777777777778,False,True
2066,147,1,0.27342592592592596,True,False
2067,43,1,0.27307407407407414,True,False
2068,58,1,0.2727222222222223,True,False
2069,36,0,0.2723703703703705,False,True
2070,228,1,0.27201851851851855,True,False
2071,15,0,0.2716666666666666,False,True
2072,73,0,0.2713148148148148,False,True
2073,101,1,0.27096296296296296,True,False
2074,40,0,0.27061111111111114,False,True
2075,102,1,0.2702592592592593,True,False
2076,247,1,0.2699074074074075,True,False
2077,105,1,0.26955555555555566,True,False
2078,241,1,0.2692037037037037,True,False
2079,47,1,0.2688518518518519,True,False
2080,80,1,0.26850000000000007,True,False
2081,250,1,0.26814814814814814,True,False
2082,124,1,0.2677962962962963,True,False
2083,37,0,0.2674444444444445,False,True
2084,32,1,0.26709259259259266,True,False
2085,88,1,0.2667407407407407,True,False
2086,80,0,0.2663888888888889,False,True
2087,39,1,0.26603703703703707,True,False
2088,69,0,0.26568518518518525,False,True
2089,52,0,0.2653333333333334,False,True
2090,105,1,0.2649814814814816,True,False
2091,123,1,0.26462962962962966,True,False
2092,138,1,0.2642777777777777,True,False
2093,57,0,0.2639259259259259,False,True
2094,58,1,0.26357407407407407,True,False
2095,48,1,0.26322222222222225,True,False
2096,128,1,0.2628703703703704,True,False
2097,400,0,0.2625185185185186,False,False
2098,53,0,0.26216666666666677,False,True
2099,213,0,0.26181481481481483,False,True
2100,36,1,0.261462962962963,True,False
2101,74,1,0.2611111111111112,True,False
2102,169,1,0.26075925925925925,True,False
2103,46,1,0.2604074074074074,True,False
2104,41,1,0.2600555555555556,True,False
2105,45,1,0.25970370370370377,True,False
2106,254,1,0.25935185185185183,True,False
2107,100,1,0.259,True,False
2108,103,1,0.2586481481481482,True,False
2109,38,0,0.25829629629629636,False,True
2110,33,0,0.25794444444444453,False,True
2111,115,1,0.2575925925925927,True,False
2112,69,1,0.2572407407407409,True,False
2113,26,1,0.25688888888888883,True,False
2114,41,0,0.256537037037037,False,True
2115,134,1,0.2561851851851852,True,False
2116,17,0,0.25583333333333336,False,True
2117,14,0,0.25548148148148153,False,True
2118,34,0,0.2551296296296297,False,True
2119,113,1,0.25477777777777777,True,False
2120,14,0,0.25442592592592594,False,True
2121,68,0,0.2540740740740741,False,True
2122,113,1,0.2537222222222223,True,False
2123,30,1,0.25337037037037047,True,False
2124,37,1,0.25301851851851853,True,False
2125,205,1,0.2526666666666667,True,False
2126,19,0,0.25231481481481477,False,True
2127,28,0,0.25196296296296294,False,True
2128,163,1,0.2516111111111111,True,False
2129,41,0,0.2512592592592593,False,True
2130,27,1,0.25090740740740747,True,False
2131,90,1,0.25055555555555564,True,False
2132,22,1,0.2502037037037038,True,False
2133,104,1,0.24985185185185188,True,False
2134,40,1,0.24950000000000006,True,False
2135,28,1,0.24914814814814812,True,False
2136,35,1,0.2487962962962963,True,False
2137,29,1,0.24844444444444447,True,False
2138,24,1,0.24809259259259264,True,False
2139,71,1,0.24774074074074082,True,False
2140,217,1,0.24738888888888888,True,False
2141,195,0,0.24703703703703705,False,True
2142,55,1,0.24668518518518523,True,False
2143,31,1,0.2463333333333334,True,False
2144,52,1,0.24598148148148158,True,False
2145,46,1,0.24562962962962964,True,False
2146,25,1,0.24527777777777782,True,False
2147,24,1,0.24492592592592588,True,False
2148,281,1,0.24457407407407405,True,False
2149,75,0,0.24422222222222223,False,True
2150,53,0,0.2438703703703704,False,True
2151,37,1,0.24351851851851858,True,False
2152,43,1,0.24316666666666675,True,False
2153,36,0,0.24281481481481493,False,True
2154,112,0,0.242462962962963,False,True
2155,400,0,0.24211111111111117,False,False
2156,285,0,0.24175925925925923,False,True
2157,68,1,0.2414074074074074,True,False
2158,64,0,0.24105555555555558,False,True
2159,43,1,0.24070370370370375,True,False
2160,32,0,0.24035185185185193,False,True
2161,72,1,0.24,True,False
2162,29,0,0.23964814814814817,False,True
2163,87,1,0.23929629629629634,True,False
2164,98,0,0.23894444444444451,False,True
2165,81,0,0.2385925925925927,False,True
2166,27,0,0.23824074074074086,False,True
2167,96,1,0.23788888888888893,True,False
2168,156,1,0.237537037037037,True,False
2169,34,1,0.23718518518518517,True,False
2170,65,1,0.23683333333333334,True,False
2171,20,0,0.23648148148148151,False,True
2172,62,1,0.2361296296296297,True,False
2173,24,1,0.23577777777777786,True,False
2174,86,0,0.23542592592592604,False,True
2175,35,1,0.2350740740740741,True,False
2176,21,1,0.23472222222222228,True,False
2177,118,1,0.23437037037037045,True,False
2178,46,1,0.23401851851851851,True,False
2179,63,1,0.2336666666666667,True,False
2180,25,1,0.23331481481481486,True,False
2181,27,0,0.23296296296296293,False,True
2182,30,1,0.2326111111111111,True,False
2183,75,1,0.23225925925925928,True,False
2184,216,1,0.23190740740740745,True,False
2185,56,0,0.23155555555555563,False,True
2186,58,1,0.2312037037037038,True,False
2187,25,1,0.23085185185185197,True,False
2188,41,1,0.23050000000000004,True,False
2189,317,0,0.2301481481481481,False,True
2190,21,1,0.22979629629629628,True,False
2191,60,0,0.22944444444444445,False,True
2192,64,1,0.22909259259259263,True,False
2193,264,1,0.2287407407407408,True,False
2194,102,1,0.22838888888888897,True,False
2195,21,1,0.22803703703703704,True,False
2196,22,1,0.2276851851851852,True,False
2197,91,1,0.2273333333333334,True,False
2198,131,1,0.22698148148148156,True,False
2199,291,1,0.22662962962962963,True,False
2200,316,1,0.2262777777777778,True,False
2201,65,1,0.22592592592592597,True,False
2202,28,1,0.22557407407407404,True,False
2203,43,1,0.2252222222222222,True,False
2204,274,0,0.2248703703703704,False,True
2205,100,1,0.22451851851851856,True,False
2206,40,1,0.22416666666666674,True,False
2207,33,1,0.2238148148148149,True,False
2208,152,1,0.22346296296296309,True,False
2209,61,1,0.22311111111111115,True,False
2210,33,0,0.2227592592592592,False,True
2211,362,0,0.2224074074074074,False,True
2212,40,1,0.22205555555555556,True,False
2213,114,1,0.22170370370370374,True,False
2214,15,0,0.2213518518518519,False,True
2215,107,1,0.22100000000000009,True,False
2216,44,1,0.22064814814814815,True,False
2217,64,1,0.22029629629629632,True,False
2218,174,1,0.2199444444444445,True,False
2219,70,1,0.21959259259259267,True,False
2220,77,1,0.21924074074074085,True,False
2221,27,1,0.2188888888888889,True,False
2222,52,1,0.21853703703703709,True,False
2223,35,1,0.21818518518518515,True,False
2224,39,1,0.21783333333333332,True,False
2225,43,0,0.2174814814814815,False,True
2226,49,0,0.21712962962962967,False,True
2227,79,0,0.21677777777777785,False,True
2228,38,1,0.21642592592592602,True,False
2229,52,1,0.2160740740740742,True,False
2230,84,1,0.21572222222222226,True,False
2231,38,1,0.21537037037037043,True,False
2232,32,1,0.2150185185185185,True,False
2233,400,0,0.21466666666666667,False,False
2234,21,1,0.21431481481481485,True,False
2235,45,1,0.21396296296296302,True,False
2236,26,1,0.2136111111111112,True,False
2237,264,1,0.21325925925925926,True,False
2238,128,1,0.21290740740740743,True,False
2239,39,1,0.2125555555555556,True,False
2240,17,0,0.21220370370370378,False,True
2241,38,1,0.21185185185185196,True,False
2242,17,0,0.21150000000000002,False,True
2243,39,1,0.21114814814814808,True,False
2244,39,0,0.21079629629629626,False,True
2245,75,1,0.21044444444444443,True,False
2246,42,1,0.2100925925925926,True,False
2247,49,0,0.20974074074074078,False,True
2248,26,1,0.20938888888888896,True,False
2249,64,1,0.20903703703703713,True,False
2250,31,1,0.2086851851851852,True,False
2251,31,0,0.20833333333333337,False,True
2252,54,1,0.20798148148148154,True,False
2253,32,1,0.2076296296296296,True,False
2254,18,0,0.20727777777777778,False,True
2255,30,1,0.20692592592592596,True,False
2256,23,1,0.20657407407407413,True,False
2257,285,1,0.2062222222222222,True,False
2258,62,1,0.20587037037037037,True,False
2259,17,0,0.20551851851851854,False,True
2260,31,1,0.20516666666666672,True,False
2261,51,1,0.2048148148148149,True,False
2262,25,1,0.20446296296296307,True,False
2263,400,0,0.20411111111111124,False,False
2264,48,1,0.2037592592592592,True,False
2265,16,0,0.20340740740740737,False,True
2266,61,1,0.20305555555555554,True,False
2267,33,1,0.20270370370370372,True,False
2268,151,1,0.2023518518518519,True,False
2269,31,1,0.20200000000000007,True,False
2270,104,1,0.20164814814814824,True,False
2271,53,1,0.2012962962962963,True,False
2272,56,0,0.20094444444444448,False,True
2273,55,1,0.20059259259259266,True,False
2274,68,0,0.20024074074074083,False,True
2275,37,1,0.1998888888888889,True,False
2276,64,1,0.19953703703703707,True,False
2277,89,1,0.19918518518518524,True,False
2278,68,1,0.1988333333333333,True,False
2279,21,0,0.19848148148148148,False,True
2280,197,1,0.19812962962962966,True,False
2281,28,1,0.19777777777777783,True,False
2282,97,1,0.197425925925926,True,False
2283,9,0,0.19707407407407418,False,True
2284,34,1,0.19672222222222235,True,False
2285,32,1,0.19637037037037042,True,False
2286,23,1,0.19601851851851848,True,False
2287,91,0,0.19566666666666666,False,True
2288,302,1,0.19531481481481483,True,False
2289,25,1,0.194962962962963,True,False
2290,52,1,0.19461111111111118,True,False
2291,98,1,0.19425925925925935,True,False
2292,105,1,0.19390740740740742,True,False
2293,13,0,0.1935555555555556,False,True
2294,96,1,0.19320370370370377,True,False
2295,109,1,0.19285185185185194,True,False
2296,27,1,0.1925,True,False
2297,22,1,0.19214814814814818,True,False
2298,62,1,0.19179629629629635,True,False
2299,37,1,0.19144444444444442,True,False
2300,69,1,0.1910925925925926,True,False
2301,33,1,0.19074074074074077,True,False
2302,30,1,0.19038888888888894,True,False
2303,31,1,0.19003703703703712,True,False
2304,31,1,0.1896851851851853,True,False
2305,105,1,0.18933333333333335,True,False
2306,30,1,0.18898148148148153,True,False
2307,20,1,0.1886296296296296,True,False
2308,41,1,0.18827777777777777,True,False
2309,15,0,0.18792592592592594,False,True
2310,35,1,0.18757407407407412,True,False
2311,27,1,0.1872222222222223,True,False
2312,41,1,0.18687037037037035,True,False
2313,50,1,0.18651851851851853,True,False
2314,11,0,0.1861666666666667,False,True
2315,49,1,0.18581481481481488,True,False
2316,122,0,0.18546296296296305,False,True
2317,18,0,0.18511111111111123,False,True
2318,27,1,0.1847592592592593,True,False
2319,45,0,0.18440740740740735,False,True
2320,41,1,0.18405555555555553,True,False
2321,39,1,0.1837037037037037,True,False
2322,22,0,0.18335185185185188,False,True
2323,57,1,0.18300000000000005,True,False
2324,20,1,0.18264814814814823,True,False
2325,22,1,0.1822962962962964,True,False
2326,76,1,0.18194444444444446,True,False
2327,49,1,0.18159259259259264,True,False
2328,52,1,0.1812407407407408,True,False
2329,263,1,0.18088888888888888,True,False
2330,26,1,0.18053703703703705,True,False
2331,57,1,0.18018518518518523,True,False
2332,17,0,0.1798333333333334,False,True
2333,159,1,0.17948148148148146,True,False
2334,62,1,0.17912962962962964,True,False
2335,37,1,0.1787777777777778,True,False
2336,49,1,0.178425925925926,True,False
2337,20,1,0.17807407407407416,True,False
2338,84,1,0.17772222222222234,True,False
2339,26,0,0.1773703703703704,False,True
2340,32,1,0.17701851851851846,True,False
2341,56,1,0.17666666666666664,True,False
2342,131,1,0.1763148148148148,True,False
2343,25,0,0.175962962962963,False,True
2344,26,1,0.17561111111111116,True,False
2345,22,1,0.17525925925925934,True,False
2346,25,1,0.1749074074074075,True,False
2347,27,1,0.17455555555555557,True,False
2348,119,1,0.17420370370370375,True,False
2349,8,0,0.17385185185185192,False,True
2350,33,1,0.1735,True,False
2351,24,1,0.17314814814814816,True,False
2352,61,1,0.17279629629629634,True,False
2353,92,1,0.1724444444444445,True,False
2354,242,1,0.17209259259259257,True,False
2355,51,1,0.17174074074074075,True,False
2356,26,1,0.17138888888888892,True,False
2357,185,1,0.1710370370370371,True,False
2358,338,1,0.17068518518518527,True,False
2359,20,1,0.17033333333333345,True,False
2360,33,1,0.16998148148148162,True,False
2361,40,1,0.16962962962962957,True,False
2362,24,1,0.16927777777777775,True,False
2363,30,1,0.16892592592592592,True,False
2364,30,1,0.1685740740740741,True,False
2365,21,0,0.16822222222222227,False,True
2366,107,0,0.16787037037037045,False,True
2367,172,1,0.1675185185185185,True,False
2368,33,0,0.16716666666666669,False,True
2369,57,1,0.16681481481481486,True,False
2370,24,1,0.16646296296296303,True,False
2371,26,1,0.1661111111111112,True,False
2372,37,1,0.16575925925925927,True,False
2373,13,0,0.16540740740740745,False,True
2374,34,1,0.1650555555555555,True,False
2375,27,1,0.16470370370370369,True,False
2376,77,0,0.16435185185185186,False,True
2377,33,0,0.16400000000000003,False,True
2378,26,1,0.1636481481481482,True,False
2379,12,0,0.16329629629629638,False,True
2380,33,1,0.16294444444444456,True,False
2381,22,1,0.16259259259259262,True,False
2382,13,0,0.1622407407407408,False,True
2383,83,1,0.16188888888888886,True,False
2384,58,1,0.16153703703703703,True,False
2385,37,1,0.1611851851851852,True,False
2386,26,1,0.16083333333333338,True,False
2387,28,1,0.16048148148148156,True,False
2388,25,1,0.16012962962962962,True,False
2389,29,0,0.1597777777777778,False,True
2390,56,1,0.15942592592592597,True,False
2391,24,0,0.15907407407407415,False,True
2392,44,1,0.15872222222222232,True,False
2393,23,1,0.1583703703703705,True,False
2394,107,1,0.15801851851851856,True,False
2395,26,1,0.15766666666666662,True,False
2396,28,1,0.1573148148148148,True,False
2397,35,1,0.15696296296296297,True,False
2398,33,1,0.15661111111111115,True,False
2399,126,1,0.15625925925925932,True,False
2400,31,1,0.1559074074074075,True,False
2401,49,1,0.15555555555555567,True,False
2402,28,1,0.15520370370370373,True,False
2403,77,0,0.1548518518518519,False,True
2404,25,1,0.15450000000000008,True,False
2405,37,0,0.15414814814814815,False,True
2406,33,1,0.15379629629629632,True,False
2407,38,1,0.1534444444444445,True,False
2408,16,0,0.15309259259259267,False,True
2409,56,1,0.15274074074074073,True,False
2410,20,1,0.1523888888888889,True,False
2411,35,1,0.15203703703703708,True,False
2412,43,1,0.15168518518518526,True,False
2413,23,0,0.15133333333333343,False,True
2414,219,1,0.1509814814814816,True,False
2415,37,1,0.15062962962962967,True,False
2416,45,0,0.15027777777777773,False,True
2417,54,1,0.1499259259259259,True,False
2418,31,1,0.14957407407407408,True,False
2419,31,1,0.14922222222222226,True,False
2420,112,1,0.14887037037037043,True,False
2421,22,1,0.1485185185185186,True,False
2422,140,1,0.14816666666666678,True,False
2423,24,1,0.14781481481481484,True,False
2424,20,1,0.14746296296296302,True,False
2425,31,1,0.1471111111111112,True,False
2426,20,1,0.14675925925925926,True,False
2427,35,1,0.14640740740740743,True,False
2428,264,1,0.1460555555555556,True,False
2429,43,1,0.14570370370370367,True,False
2430,44,0,0.14535185185185184,False,True
2431,48,1,0.14500000000000002,True,False
2432,35,0,0.1446481481481482,False,True
2433,24,1,0.14429629629629637,True,False
2434,58,1,0.14394444444444454,True,False
2435,34,1,0.14359259259259272,True,False
2436,22,1,0.14324074074074078,True,False
2437,59,1,0.14288888888888884,True,False
2438,59,0,0.14253703703703702,False,True
2439,21,1,0.1421851851851852,True,False
2440,23,0,0.14183333333333337,False,True
2441,158,1,0.14148148148148154,True,False
2442,51,0,0.14112962962962972,False,True
2443,54,1,0.14077777777777778,True,False
2444,51,1,0.14042592592592595,True,False
2445,32,1,0.14007407407407413,True,False
2446,243,1,0.1397222222222223,True,False
2447,24,1,0.13937037037037048,True,False
2448,22,1,0.13901851851851854,True,False
2449,34,1,0.13866666666666672,True,False
2450,161,0,0.13831481481481478,False,True
2451,37,1,0.13796296296296295,True,False
2452,49,0,0.13761111111111113,False,True
2453,37,1,0.1372592592592593,True,False
2454,76,1,0.13690740740740748,True,False
2455,27,1,0.13655555555555565,True,False
2456,24,1,0.13620370370370383,True,False
2457,400,0,0.1358518518518519,False,False
2458,32,0,0.13550000000000006,False,True
2459,208,1,0.13514814814814813,True,False
2460,28,1,0.1347962962962963,True,False
2461,33,1,0.13444444444444448,True,False
2462,34,1,0.13409259259259265,True,False
2463,199,1,0.13374074074074083,True,False
2464,30,1,0.1333888888888889,True,False
2465,34,1,0.13303703703703706,True,False
2466,38,1,0.13268518518518524,True,False
2467,59,1,0.1323333333333334,True,False
2468,37,1,0.1319814814814816,True,False
2469,92,1,0.13162962962962965,True,False
2470,59,1,0.13127777777777783,True,False
2471,96,1,0.1309259259259259,True,False
2472,212,1,0.13057407407407406,True,False
2473,87,0,0.13022222222222224,False,True
2474,45,1,0.1298703703703704,True,False
2475,11,0,0.1295185185185186,False,True
2476,93,1,0.12916666666666676,True,False
2477,55,0,0.12881481481481494,False,True
2478,36,1,0.128462962962963,True,False
2479,39,1,0.12811111111111118,True,False
2480,78,1,0.12775925925925924,True,False
2481,30,1,0.1274074074074074,True,False
2482,346,0,0.1270555555555556,False,True
2483,34,1,0.12670370370370376,True,False
2484,28,1,0.12635185185185194,True,False
2485,18,1,0.126,True,False
2486,32,1,0.12564814814814818,True,False
2487,66,1,0.12529629629629635,True,False
2488,24,1,0.12494444444444452,True,False
2489,50,1,0.1245925925925927,True,False
2490,30,1,0.12424074074074087,True,False
2491,350,1,0.12388888888888883,True,False
2492,36,0,0.123537037037037,False,True
2493,19,1,0.12318518518518518,True,False
2494,28,1,0.12283333333333335,True,False
2495,21,0,0.12248148148148152,False,True
2496,36,1,0.1221296296296297,True,False
2497,21,1,0.12177777777777787,True,False
2498,161,1,0.12142592592592594,True,False
2499,23,1,0.12107407407407411,True,False
2500,90,1,0.12072222222222229,True,False
2501,28,1,0.12037037037037046,True,False
2502,86,1,0.12001851851851852,True,False
2503,21,1,0.1196666666666667,True,False
2504,61,1,0.11931481481481487,True,False
2505,8,0,0.11896296296296294,False,True
2506,38,1,0.11861111111111111,True,False
2507,32,1,0.11825925925925929,True,False
2508,22,1,0.11790740740740746,True,False
2509,57,1,0.11755555555555564,True,False
2510,20,1,0.11720370370370381,True,False
2511,37,0,0.11685185185185198,False,True
2512,28,1,0.11650000000000005,True,False
2513,43,1,0.11614814814814811,True,False
2514,56,1,0.11579629629629629,True,False
2515,60,1,0.11544444444444446,True,False
2516,24,1,0.11509259259259264,True,False
2517,43,1,0.11474074074074081,True,False
2518,21,0,0.11438888888888898,False,True
2519,57,1,0.11403703703703705,True,False
2520,47,1,0.11368518518518522,True,False
2521,20,1,0.1133333333333334,True,False
2522,22,1,0.11298148148148157,True,False
2523,25,1,0.11262962962962964,True,False
2524,39,1,0.11227777777777781,True,False
2525,20,1,0.11192592592592598,True,False
2526,21,0,0.11157407407407405,False,True
2527,32,1,0.11122222222222222,True,False
2528,28,0,0.1108703703703704,False,True
2529,230,1,0.11051851851851857,True,False
2530,23,1,0.11016666666666675,True,False
2531,30,1,0.10981481481481492,True,False
2532,30,1,0.1094629629629631,True,False
2533,28,1,0.10911111111111116,True,False
2534,125,1,0.10875925925925922,True,False
2535,24,1,0.1084074074074074,True,False
2536,28,1,0.10805555555555557,True,False
2537,32,1,0.10770370370370375,True,False
2538,30,1,0.10735185185185192,True,False
2539,18,1,0.1070000000000001,True,False
2540,38,1,0.10664814814814816,True,False
2541,10,0,0.10629629629629633,False,True
2542,23,1,0.10594444444444451,True,False
2543,28,1,0.10559259259259268,True,False
2544,30,0,0.10524074074074086,False,True
2545,21,1,0.10488888888888892,True,False
2546,26,1,0.1045370370370371,True,False
2547,70,1,0.10418518518518516,True,False
2548,20,1,0.10383333333333333,True,False
2549,52,1,0.10348148148148151,True,False
2550,25,0,0.10312962962962968,False,True
2551,64,1,0.10277777777777786,True,False
2552,20,1,0.10242592592592603,True,False
2553,25,1,0.1020740740740741,True,False
2554,250,1,0.10172222222222227,True,False
2555,20,1,0.10137037037037044,True,False
2556,18,1,0.10101851851851851,True,False
2557,92,0,0.10066666666666668,False,True
2558,36,1,0.10031481481481486,True,False
2559,26,1,0.09996296296296303,True,False
2560,34,1,0.0996111111111111,True,False
2561,28,1,0.09925925925925927,True,False
2562,159,1,0.09890740740740744,True,False
2563,38,1,0.09855555555555562,True,False
2564,21,1,0.09820370370370379,True,False
2565,26,1,0.09785185185185197,True,False
2566,23,1,0.09750000000000003,True,False
2567,24,0,0.0971481481481481,False,True
2568,37,1,0.09679629629629627,True,False
2569,24,1,0.09644444444444444,True,False
2570,24,1,0.09609259259259262,True,False
2571,41,1,0.09574074074074079,True,False
2572,35,1,0.09538888888888897,True,False
2573,34,1,0.09503703703703714,True,False
2574,26,1,0.0946851851851852,True,False
2575,18,1,0.09433333333333338,True,False
2576,21,1,0.09398148148148155,True,False
2577,107,0,0.09362962962962962,False,True
2578,37,1,0.09327777777777779,True,False
2579,48,1,0.09292592592592597,True,False
2580,18,1,0.09257407407407414,True,False
2581,117,0,0.0922222222222222,False,True
2582,23,1,0.09187037037037038,True,False
2583,63,1,0.09151851851851855,True,False
2584,26,1,0.09116666666666673,True,False
2585,31,1,0.0908148148148149,True,False
2586,83,1,0.09046296296296308,True,False
2587,65,1,0.09011111111111125,True,False
2588,58,1,0.0897592592592592,True,False
2589,22,1,0.08940740740740738,True,False
2590,49,1,0.08905555555555555,True,False
2591,34,1,0.08870370370370373,True,False
2592,65,1,0.0883518518518519,True,False
2593,136,0,0.08800000000000008,False,True
2594,21,0,0.08764814814814825,False,True
2595,34,1,0.08729629629629632,True,False
2596,24,1,0.08694444444444449,True,False
2597,33,1,0.08659259259259267,True,False
2598,45,1,0.08624074074074084,True,False
2599,44,1,0.0858888888888889,True,False
2600,21,1,0.08553703703703708,True,False
2601,19,1,0.08518518518518525,True,False
2602,18,1,0.08483333333333332,True,False
2603,36,1,0.08448148148148149,True,False
2604,33,1,0.08412962962962967,True,False
2605,23,1,0.08377777777777784,True,False
2606,61,1,0.08342592592592601,True,False
2607,25,1,0.08307407407407419,True,False
2608,54,1,0.08272222222222236,True,False
2609,18,1,0.08237037037037043,True,False
2610,19,1,0.08201851851851849,True,False
2611,29,1,0.08166666666666667,True,False
2612,37,1,0.08131481481481484,True,False
2613,43,1,0.08096296296296301,True,False
2614,22,0,0.08061111111111119,False,True
2615,59,1,0.08025925925925925,True,False
2616,195,1,0.07990740740740743,True,False
2617,112,1,0.0795555555555556,True,False
2618,119,1,0.07920370370370378,True,False
2619,19,1,0.07885185185185195,True,False
2620,39,1,0.07850000000000001,True,False
2621,22,1,0.07814814814814819,True,False
2622,80,1,0.07779629629629625,True,False
2623,28,1,0.07744444444444443,True,False
2624,22,1,0.0770925925925926,True,False
2625,21,1,0.07674074074074078,True,False
2626,24,1,0.07638888888888895,True,False
2627,29,1,0.07603703703703713,True,False
2628,22,1,0.0756851851851853,True,False
2629,59,1,0.07533333333333336,True,False
2630,20,1,0.07498148148148154,True,False
2631,120,0,0.0746296296296296,False,True
2632,102,1,0.07427777777777778,True,False
2633,44,1,0.07392592592592595,True,False
2634,38,1,0.07357407407407413,True,False
2635,31,1,0.0732222222222223,True,False
2636,30,1,0.07287037037037036,True,False
2637,39,1,0.07251851851851854,True,False
2638,22,1,0.07216666666666671,True,False
2639,28,1,0.07181481481481489,True,False
2640,69,1,0.07146296296296306,True,False
2641,46,0,0.07111111111111124,False,True
2642,29,1,0.0707592592592593,True,False
2643,20,1,0.07040740740740736,True,False
2644,61,0,0.07005555555555554,False,True
2645,14,0,0.06970370370370371,False,True
2646,53,1,0.06935185185185189,True,False
2647,32,1,0.06900000000000006,True,False
2648,19,1,0.06864814814814824,True,False
2649,106,1,0.06829629629629641,True,False
2650,45,1,0.06794444444444447,True,False
2651,40,0,0.06759259259259265,False,True
2652,35,1,0.06724074074074082,True,False
2653,32,1,0.06688888888888889,True,False
2654,45,1,0.06653703703703706,True,False
2655,25,1,0.06618518518518524,True,False
2656,24,0,0.06583333333333341,False,True
2657,18,1,0.06548148148148147,True,False
2658,20,1,0.06512962962962965,True,False
2659,71,1,0.06477777777777782,True,False
2660,35,1,0.064425925925926,True,False
2661,21,1,0.06407407407407417,True,False
2662,59,1,0.06372222222222235,True,False
2663,39,1,0.06337037037037041,True,False
2664,18,1,0.06301851851851847,True,False
2665,103,0,0.06266666666666665,False,True
2666,40,1,0.06231481481481482,True,False
2667,211,0,0.061962962962963,False,True
2668,11,0,0.06161111111111117,False,True
2669,24,1,0.06125925925925935,True,False
2670,35,1,0.06090740740740752,True,False
2671,24,1,0.060555555555555585,True,False
2672,122,1,0.06020370370370376,True,False
2673,60,0,0.059851851851851934,False,True
2674,26,1,0.0595,True,False
2675,27,1,0.05914814814814817,True,False
2676,26,0,0.058796296296296346,False,True
2677,52,1,0.05844444444444441,True,False
2678,65,1,0.058092592592592585,True,False
2679,27,0,0.05774074074074076,False,True
2680,135,0,0.057388888888888934,False,True
2681,26,1,0.05703703703703711,True,False
2682,22,1,0.05668518518518528,True,False
2683,34,1,0.05633333333333346,True,False
2684,29,1,0.05598148148148152,True,False
2685,87,1,0.055629629629629584,True,False
2686,32,1,0.05527777777777776,True,False
2687,25,1,0.054925925925925934,True,False
2688,25,1,0.05457407407407411,True,False
2689,48,1,0.05422222222222228,True,False
2690,20,1,0.05387037037037046,True,False
2691,48,1,0.05351851851851852,True,False
2692,22,1,0.053166666666666695,True,False
2693,20,1,0.05281481481481487,True,False
2694,21,1,0.052462962962963045,True,False
2695,39,1,0.05211111111111122,True,False
2696,33,1,0.05175925925925928,True,False
2697,30,1,0.05140740740740746,True,False
2698,60,0,0.05105555555555552,False,True
2699,41,1,0.050703703703703695,True,False
2700,37,1,0.05035185185185187,True,False
2701,41,1,0.050000000000000044,True,False
2702,26,1,0.050000000000000044,True,False
2703,132,1,0.050000000000000044,True,False
2704,18,1,0.050000000000000044,True,False
2705,22,1,0.050000000000000044,True,False
2706,27,1,0.050000000000000044,True,False
2707,18,1,0.050000000000000044,True,False
2708,30,1,0.050000000000000044,True,False
2709,33,1,0.050000000000000044,True,False
2710,18,1,0.050000000000000044,True,False
2711,41,1,0.050000000000000044,True,False
2712,21,1,0.050000000000000044,True,False
2713,23,1,0.050000000000000044,True,False
2714,20,1,0.050000000000000044,True,False
2715,127,1,0.050000000000000044,True,False
2716,129,1,0.050000000000000044,True,False
2717,27,1,0.050000000000000044,True,False
2718,54,1,0.050000000000000044,True,False
2719,151,1,0.050000000000000044,True,False
2720,23,1,0.050000000000000044,True,False
2721,35,1,0.050000000000000044,True,False
2722,45,1,0.050000000000000044,True,False
2723,18,1,0.050000000000000044,True,False
2724,117,1,0.050000000000000044,True,False
2725,12,0,0.050000000000000044,False,True
2726,131,1,0.050000000000000044,True,False
2727,73,1,0.050000000000000044,True,False
2728,26,1,0.050000000000000044,True,False
2729,24,1,0.050000000000000044,True,False
2730,21,1,0.050000000000000044,True,False
2731,29,1,0.050000000000000044,True,False
2732,26,1,0.050000000000000044,True,False
2733,34,1,0.050000000000000044,True,False
2734,133,1,0.050000000000000044,True,False
2735,135,1,0.050000000000000044,True,False
2736,27,0,0.050000000000000044,False,True
2737,13,0,0.050000000000000044,False,True
2738,29,1,0.050000000000000044,True,False
2739,23,1,0.050000000000000044,True,False
2740,51,1,0.050000000000000044,True,False
2741,47,1,0.050000000000000044,True,False
2742,18,1,0.050000000000000044,True,False
2743,29,1,0.050000000000000044,True,False
2744,18,1,0.050000000000000044,True,False
2745,27,0,0.050000000000000044,False,True
2746,30,1,0.050000000000000044,True,False
2747,18,1,0.050000000000000044,True,False
2748,32,1,0.050000000000000044,True,False
2749,26,1,0.050000000000000044,True,False
2750,20,1,0.050000000000000044,True,False
2751,27,1,0.050000000000000044,True,False
2752,141,1,0.050000000000000044,True,False
2753,34,1,0.050000000000000044,True,False
2754,24,1,0.050000000000000044,True,False
2755,28,1,0.050000000000000044,True,False
2756,92,0,0.050000000000000044,False,True
2757,20,0,0.050000000000000044,False,True
2758,20,1,0.050000000000000044,True,False
2759,31,1,0.050000000000000044,True,False
2760,45,1,0.050000000000000044,True,False
2761,32,1,0.050000000000000044,True,False
2762,20,1,0.050000000000000044,True,False
2763,33,1,0.050000000000000044,True,False
2764,130,1,0.050000000000000044,True,False
2765,28,1,0.050000000000000044,True,False
2766,26,1,0.050000000000000044,True,False
2767,24,1,0.050000000000000044,True,False
2768,20,1,0.050000000000000044,True,False
2769,59,0,0.050000000000000044,False,True
2770,34,1,0.050000000000000044,True,False
2771,20,1,0.050000000000000044,True,False
2772,69,1,0.050000000000000044,True,False
2773,20,1,0.050000000000000044,True,False
2774,24,1,0.050000000000000044,True,False
2775,20,1,0.050000000000000044,True,False
2776,30,1,0.050000000000000044,True,False
2777,38,1,0.050000000000000044,True,False
2778,23,1,0.050000000000000044,True,False
2779,57,1,0.050000000000000044,True,False
2780,125,1,0.050000000000000044,True,False
2781,308,1,0.050000000000000044,True,False
2782,20,1,0.050000000000000044,True,False
2783,29,1,0.050000000000000044,True,False
2784,49,1,0.050000000000000044,True,False
2785,24,1,0.050000000000000044,True,False
2786,228,1,0.050000000000000044,True,False
2787,36,1,0.050000000000000044,True,False
2788,20,1,0.050000000000000044,True,False
2789,24,1,0.050000000000000044,True,False
2790,20,1,0.050000000000000044,True,False
2791,28,1,0.050000000000000044,True,False
2792,154,1,0.050000000000000044,True,False
2793,24,1,0.050000000000000044,True,False
2794,23,1,0.050000000000000044,True,False
2795,26,1,0.050000000000000044,True,False
2796,40,1,0.050000000000000044,True,False
2797,39,0,0.050000000000000044,False,True
2798,23,1,0.050000000000000044,True,False
2799,87,1,0.050000000000000044,True,False
2800,56,1,0.050000000000000044,True,False
2801,48,1,0.050000000000000044,True,False
2802,32,1,0.050000000000000044,True,False
2803,25,1,0.050000000000000044,True,False
2804,54,1,0.050000000000000044,True,False
2805,27,1,0.050000000000000044,True,False
2806,160,1,0.050000000000000044,True,False
2807,89,0,0.050000000000000044,False,True
2808,57,1,0.050000000000000044,True,False
2809,30,1,0.050000000000000044,True,False
2810,43,1,0.050000000000000044,True,False
2811,43,1,0.050000000000000044,True,False
2812,48,1,0.050000000000000044,True,False
2813,118,1,0.050000000000000044,True,False
2814,34,1,0.050000000000000044,True,False
2815,50,1,0.050000000000000044,True,False
2816,38,1,0.050000000000000044,True,False
2817,18,1,0.050000000000000044,True,False
2818,20,1,0.050000000000000044,True,False
2819,19,1,0.050000000000000044,True,False
2820,18,1,0.050000000000000044,True,False
2821,13,0,0.050000000000000044,False,True
2822,24,1,0.050000000000000044,True,False
2823,163,0,0.050000000000000044,False,True
2824,22,0,0.050000000000000044,False,True
2825,38,1,0.050000000000000044,True,False
2826,31,1,0.050000000000000044,True,False
2827,109,1,0.050000000000000044,True,False
2828,32,1,0.050000000000000044,True,False
2829,18,1,0.050000000000000044,True,False
2830,20,1,0.050000000000000044,True,False
2831,26,1,0.050000000000000044,True,False
2832,35,1,0.050000000000000044,True,False
2833,18,1,0.050000000000000044,True,False
2834,20,1,0.050000000000000044,True,False
2835,48,1,0.050000000000000044,True,False
2836,34,1,0.050000000000000044,True,False
2837,84,1,0.050000000000000044,True,False
2838,21,1,0.050000000000000044,True,False
2839,22,1,0.050000000000000044,True,False
2840,104,1,0.050000000000000044,True,False
2841,37,1,0.050000000000000044,True,False
2842,129,0,0.050000000000000044,False,True
2843,145,1,0.050000000000000044,True,False
2844,22,1,0.050000000000000044,True,False
2845,22,1,0.050000000000000044,True,False
2846,22,1,0.050000000000000044,True,False
2847,23,1,0.050000000000000044,True,False
2848,32,1,0.050000000000000044,True,False
2849,49,1,0.050000000000000044,True,False
2850,21,1,0.050000000000000044,True,False
2851,25,1,0.050000000000000044,True,False
2852,30,1,0.050000000000000044,True,False
2853,22,1,0.050000000000000044,True,False
2854,45,1,0.050000000000000044,True,False
2855,22,1,0.050000000000000044,True,False
2856,206,0,0.050000000000000044,False,True
2857,28,1,0.050000000000000044,True,False
2858,24,1,0.050000000000000044,True,False
2859,47,1,0.050000000000000044,True,False
2860,19,1,0.050000000000000044,True,False
2861,20,1,0.050000000000000044,True,False
2862,42,1,0.050000000000000044,True,False
2863,19,1,0.050000000000000044,True,False
2864,15,0,0.050000000000000044,False,True
2865,31,1,0.050000000000000044,True,False
2866,28,1,0.050000000000000044,True,False
2867,17,0,0.050000000000000044,False,True
2868,26,1,0.050000000000000044,True,False
2869,36,1,0.050000000000000044,True,False
2870,267,1,0.050000000000000044,True,False
2871,43,1,0.050000000000000044,True,False
2872,18,1,0.050000000000000044,True,False
2873,90,1,0.050000000000000044,True,False
2874,400,0,0.050000000000000044,False,False
2875,58,0,0.050000000000000044,False,True
2876,22,1,0.050000000000000044,True,False
2877,20,1,0.050000000000000044,True,False
2878,243,1,0.050000000000000044,True,False
2879,73,0,0.050000000000000044,False,True
2880,21,1,0.050000000000000044,True,False
2881,43,1,0.050000000000000044,True,False
2882,66,1,0.050000000000000044,True,False
2883,29,1,0.050000000000000044,True,False
2884,66,1,0.050000000000000044,True,False
2885,29,1,0.050000000000000044,True,False
2886,25,1,0.050000000000000044,True,False
2887,25,0,0.050000000000000044,False,True
2888,26,1,0.050000000000000044,True,False
2889,22,1,0.050000000000000044,True,False
2890,22,1,0.050000000000000044,True,False
2891,25,1,0.050000000000000044,True,False
2892,27,1,0.050000000000000044,True,False
2893,400,0,0.050000000000000044,False,False
2894,28,1,0.050000000000000044,True,False
2895,28,1,0.050000000000000044,True,False
2896,78,1,0.050000000000000044,True,False
2897,31,1,0.050000000000000044,True,False
2898,89,1,0.050000000000000044,True,False
2899,18,1,0.050000000000000044,True,False
2900,18,1,0.050000000000000044,True,False
2901,47,1,0.050000000000000044,True,False
2902,70,1,0.050000000000000044,True,False
2903,25,1,0.050000000000000044,True,False
2904,71,1,0.050000000000000044,True,False
2905,67,1,0.050000000000000044,True,False
2906,53,1,0.050000000000000044,True,False
2907,31,0,0.050000000000000044,False,True
2908,32,1,0.050000000000000044,True,False
2909,61,1,0.050000000000000044,True,False
2910,27,1,0.050000000000000044,True,False
2911,26,1,0.050000000000000044,True,False
2912,68,1,0.050000000000000044,True,False
2913,18,1,0.050000000000000044,True,False
2914,24,0,0.050000000000000044,False,True
2915,44,1,0.050000000000000044,True,False
2916,97,1,0.050000000000000044,True,False
2917,20,1,0.050000000000000044,True,False
2918,53,1,0.050000000000000044,True,False
2919,164,1,0.050000000000000044,True,False
2920,18,1,0.050000000000000044,True,False
2921,22,1,0.050000000000000044,True,False
2922,15,0,0.050000000000000044,False,True
2923,18,1,0.050000000000000044,True,False
2924,20,1,0.050000000000000044,True,False
2925,99,1,0.050000000000000044,True,False
2926,177,1,0.050000000000000044,True,False
2927,25,1,0.050000000000000044,True,False
2928,106,1,0.050000000000000044,True,False
2929,65,0,0.050000000000000044,False,True
2930,22,1,0.050000000000000044,True,False
2931,22,1,0.050000000000000044,True,False
2932,34,1,0.050000000000000044,True,False
2933,79,0,0.050000000000000044,False,True
2934,20,1,0.050000000000000044,True,False
2935,20,1,0.050000000000000044,True,False
2936,31,1,0.050000000000000044,True,False
2937,22,1,0.050000000000000044,True,False
2938,95,0,0.050000000000000044,False,True
2939,36,1,0.050000000000000044,True,False
2940,33,1,0.050000000000000044,True,False
2941,33,1,0.050000000000000044,True,False
2942,22,1,0.050000000000000044,True,False
2943,18,1,0.050000000000000044,True,False
2944,20,1,0.050000000000000044,True,False
2945,26,1,0.050000000000000044,True,False
2946,27,1,0.050000000000000044,True,False
2947,42,1,0.050000000000000044,True,False
2948,22,1,0.050000000000000044,True,False
2949,21,1,0.050000000000000044,True,False
2950,29,0,0.050000000000000044,False,True
2951,26,0,0.050000000000000044,False,True
2952,28,1,0.050000000000000044,True,False
2953,22,1,0.050000000000000044,True,False
2954,18,1,0.050000000000000044,True,False
2955,27,1,0.050000000000000044,True,False
2956,26,1,0.050000000000000044,True,False
2957,33,1,0.050000000000000044,True,False
2958,26,1,0.050000000000000044,True,False
2959,20,1,0.050000000000000044,True,False
2960,65,1,0.050000000000000044,True,False
2961,36,1,0.050000000000000044,True,False
2962,227,1,0.050000000000000044,True,False
2963,23,1,0.050000000000000044,True,False
2964,23,0,0.050000000000000044,False,True
2965,31,1,0.050000000000000044,True,False
2966,108,0,0.050000000000000044,False,True
2967,92,1,0.050000000000000044,True,False
2968,172,1,0.050000000000000044,True,False
2969,22,1,0.050000000000000044,True,False
2970,19,0,0.050000000000000044,False,True
2971,27,1,0.050000000000000044,True,False
2972,18,1,0.050000000000000044,True,False
2973,188,1,0.050000000000000044,True,False
2974,19,0,0.050000000000000044,False,True
2975,45,1,0.050000000000000044,True,False
2976,115,0,0.050000000000000044,False,True
2977,37,1,0.050000000000000044,True,False
2978,30,1,0.050000000000000044,True,False
2979,26,1,0.050000000000000044,True,False
2980,20,1,0.050000000000000044,True,False
2981,42,1,0.050000000000000044,True,False
2982,48,1,0.050000000000000044,True,False
2983,70,1,0.050000000000000044,True,False
2984,18,1,0.050000000000000044,True,False
2985,85,1,0.050000000000000044,True,False
2986,26,1,0.050000000000000044,True,False
2987,38,1,0.050000000000000044,True,False
2988,18,1,0.050000000000000044,True,False
2989,18,1,0.050000000000000044,True,False
2990,24,1,0.050000000000000044,True,False
2991,27,1,0.050000000000000044,True,False
2992,36,1,0.050000000000000044,True,False
2993,254,1,0.050000000000000044,True,False
2994,92,1,0.050000000000000044,True,False
2995,102,0,0.050000000000000044,False,True
2996,391,1,0.050000000000000044,True,False
2997,25,1,0.050000000000000044,True,False
2998,48,1,0.050000000000000044,True,False
2999,25,1,0.050000000000000044,True,False
3000,42,1,0.050000000000000044,True,False
