episode,steps,totalReward,epsilon,completed,died
1,400,-3.9999999999999587,1.0,False,False
2,400,-3.9999999999999587,0.9996481481481482,False,False
3,389,17.11000000000004,0.9992962962962963,True,False
4,293,18.070000000000018,0.9989444444444444,True,False
5,400,-3.9999999999999587,0.9985925925925926,False,False
6,400,-3.9999999999999587,0.9982407407407408,False,False
7,115,19.849999999999998,0.9978888888888889,True,False
8,400,-3.9999999999999587,0.997537037037037,False,False
9,241,18.590000000000007,0.9971851851851852,True,False
10,400,-3.9999999999999587,0.9968333333333333,False,False
11,400,-3.9999999999999587,0.9964814814814815,False,False
12,400,-3.9999999999999587,0.9961296296296296,False,False
13,400,-3.9999999999999587,0.9957777777777778,False,False
14,400,-3.9999999999999587,0.9954259259259259,False,False
15,400,-3.9999999999999587,0.9950740740740741,False,False
16,400,-3.9999999999999587,0.9947222222222222,False,False
17,205,18.95,0.9943703703703703,True,False
18,400,-3.9999999999999587,0.9940185185185185,False,False
19,276,18.240000000000013,0.9936666666666667,True,False
20,400,-3.9999999999999587,0.9933148148148148,False,False
21,400,-3.9999999999999587,0.9929629629629629,False,False
22,155,19.449999999999996,0.9926111111111111,True,False
23,400,-3.9999999999999587,0.9922592592592593,False,False
24,351,17.49000000000003,0.9919074074074075,True,False
25,368,17.320000000000032,0.9915555555555555,True,False
26,171,19.289999999999996,0.9912037037037037,True,False
27,400,-3.9999999999999587,0.9908518518518519,False,False
28,400,-3.9999999999999587,0.9905,False,False
29,369,17.310000000000034,0.9901481481481481,True,False
30,400,-3.9999999999999587,0.9897962962962963,False,False
31,400,-3.9999999999999587,0.9894444444444445,False,False
32,160,19.4,0.9890925925925926,True,False
33,400,-3.9999999999999587,0.9887407407407407,False,False
34,135,19.65,0.9883888888888889,True,False
35,400,-3.9999999999999587,0.988037037037037,False,False
36,278,18.220000000000013,0.9876851851851852,True,False
37,40,20.599999999999998,0.9873333333333333,True,False
38,400,-3.9999999999999587,0.9869814814814815,False,False
39,400,-3.9999999999999587,0.9866296296296296,False,False
40,400,-3.9999999999999587,0.9862777777777778,False,False
41,344,17.560000000000027,0.9859259259259259,True,False
42,81,20.189999999999998,0.985574074074074,True,False
43,400,-3.9999999999999587,0.9852222222222222,False,False
44,218,18.82,0.9848703703703704,True,False
45,107,19.929999999999996,0.9845185185185186,True,False
46,400,-3.9999999999999587,0.9841666666666666,False,False
47,287,18.130000000000017,0.9838148148148148,True,False
48,400,-3.9999999999999587,0.983462962962963,False,False
49,252,18.480000000000008,0.9831111111111112,True,False
50,264,18.36000000000001,0.9827592592592592,True,False
51,40,20.599999999999998,0.9824074074074074,True,False
52,110,19.9,0.9820555555555556,True,False
53,171,19.289999999999996,0.9817037037037037,True,False
54,400,-3.9999999999999587,0.9813518518518518,False,False
55,378,17.220000000000034,0.981,True,False
56,202,18.979999999999997,0.9806481481481482,True,False
57,400,-3.9999999999999587,0.9802962962962963,False,False
58,139,19.609999999999996,0.9799444444444444,True,False
59,174,19.259999999999998,0.9795925925925926,True,False
60,400,-3.9999999999999587,0.9792407407407407,False,False
61,311,17.890000000000022,0.9788888888888889,True,False
62,264,18.36000000000001,0.978537037037037,True,False
63,400,-3.9999999999999587,0.9781851851851852,False,False
64,186,19.139999999999997,0.9778333333333333,True,False
65,226,18.740000000000002,0.9774814814814815,True,False
66,400,-3.9999999999999587,0.9771296296296297,False,False
67,374,17.260000000000034,0.9767777777777777,True,False
68,400,-3.9999999999999587,0.9764259259259259,False,False
69,106,19.939999999999998,0.9760740740740741,True,False
70,208,18.919999999999998,0.9757222222222223,True,False
71,400,-3.9999999999999587,0.9753703703703703,False,False
72,400,-3.9999999999999587,0.9750185185185185,False,False
73,400,-3.9999999999999587,0.9746666666666667,False,False
74,131,19.689999999999998,0.9743148148148149,True,False
75,220,18.8,0.9739629629629629,True,False
76,356,17.44000000000003,0.9736111111111111,True,False
77,126,19.74,0.9732592592592593,True,False
78,400,-3.9999999999999587,0.9729074074074074,False,False
79,400,-3.9999999999999587,0.9725555555555555,False,False
80,356,17.44000000000003,0.9722037037037037,True,False
81,400,-3.9999999999999587,0.9718518518518519,False,False
82,147,19.529999999999998,0.9715,True,False
83,400,-3.9999999999999587,0.9711481481481481,False,False
84,224,18.76,0.9707962962962963,True,False
85,73,20.27,0.9704444444444444,True,False
86,41,20.59,0.9700925925925926,True,False
87,110,19.9,0.9697407407407408,True,False
88,393,17.07000000000004,0.9693888888888889,True,False
89,380,17.200000000000035,0.969037037037037,True,False
90,382,17.180000000000035,0.9686851851851852,True,False
91,122,19.779999999999998,0.9683333333333334,True,False
92,400,-3.9999999999999587,0.9679814814814814,False,False
93,294,18.060000000000016,0.9676296296296296,True,False
94,210,18.9,0.9672777777777778,True,False
95,400,-3.9999999999999587,0.966925925925926,False,False
96,400,-3.9999999999999587,0.966574074074074,False,False
97,400,-3.9999999999999587,0.9662222222222222,False,False
98,321,17.790000000000024,0.9658703703703704,True,False
99,400,-3.9999999999999587,0.9655185185185186,False,False
100,400,-3.9999999999999587,0.9651666666666666,False,False
101,222,18.78,0.9648148148148148,True,False
102,400,-3.9999999999999587,0.964462962962963,False,False
103,400,-3.9999999999999587,0.9641111111111111,False,False
104,191,19.089999999999996,0.9637592592592592,True,False
105,260,18.40000000000001,0.9634074074074074,True,False
106,136,19.639999999999997,0.9630555555555556,True,False
107,101,19.99,0.9627037037037037,True,False
108,400,-3.9999999999999587,0.9623518518518519,False,False
109,226,18.740000000000002,0.962,True,False
110,400,-3.9999999999999587,0.9616481481481481,False,False
111,145,19.549999999999997,0.9612962962962963,True,False
112,288,18.120000000000015,0.9609444444444445,True,False
113,296,18.040000000000017,0.9605925925925926,True,False
114,400,-3.9999999999999587,0.9602407407407407,False,False
115,263,18.37000000000001,0.9598888888888889,True,False
116,400,-3.9999999999999587,0.9595370370370371,False,False
117,347,17.53000000000003,0.9591851851851851,True,False
118,83,20.169999999999998,0.9588333333333333,True,False
119,104,19.959999999999997,0.9584814814814815,True,False
120,400,-3.9999999999999587,0.9581296296296297,False,False
121,400,-3.9999999999999587,0.9577777777777777,False,False
122,98,20.019999999999996,0.9574259259259259,True,False
123,284,18.160000000000014,0.9570740740740741,True,False
124,141,19.589999999999996,0.9567222222222223,True,False
125,225,18.750000000000004,0.9563703703703703,True,False
126,103,19.97,0.9560185185185185,True,False
127,163,19.369999999999997,0.9556666666666667,True,False
128,356,17.44000000000003,0.9553148148148148,True,False
129,234,18.660000000000004,0.954962962962963,True,False
130,154,19.459999999999997,0.9546111111111111,True,False
131,400,-3.9999999999999587,0.9542592592592593,False,False
132,346,17.540000000000028,0.9539074074074074,True,False
133,300,18.000000000000018,0.9535555555555556,True,False
134,262,18.38000000000001,0.9532037037037037,True,False
135,286,18.140000000000015,0.9528518518518518,True,False
136,400,-3.9999999999999587,0.9525,False,False
137,400,-3.9999999999999587,0.9521481481481482,False,False
138,92,20.08,0.9517962962962963,True,False
139,85,20.15,0.9514444444444444,True,False
140,400,-3.9999999999999587,0.9510925925925926,False,False
141,400,-3.9999999999999587,0.9507407407407408,False,False
142,129,19.709999999999997,0.9503888888888888,True,False
143,238,18.620000000000005,0.950037037037037,True,False
144,190,19.099999999999998,0.9496851851851852,True,False
145,286,18.140000000000015,0.9493333333333334,True,False
146,361,17.390000000000033,0.9489814814814814,True,False
147,159,19.409999999999997,0.9486296296296296,True,False
148,250,18.500000000000007,0.9482777777777778,True,False
149,70,20.299999999999997,0.947925925925926,True,False
150,400,-3.9999999999999587,0.9475740740740741,False,False
151,128,19.72,0.9472222222222222,True,False
152,180,19.199999999999996,0.9468703703703704,True,False
153,387,17.130000000000038,0.9465185185185185,True,False
154,127,19.729999999999997,0.9461666666666667,True,False
155,141,19.589999999999996,0.9458148148148148,True,False
156,117,19.83,0.945462962962963,True,False
157,229,18.710000000000004,0.9451111111111111,True,False
158,92,20.08,0.9447592592592593,True,False
159,112,19.88,0.9444074074074074,True,False
160,400,-3.9999999999999587,0.9440555555555555,False,False
161,400,-3.9999999999999587,0.9437037037037037,False,False
162,354,17.46000000000003,0.9433518518518519,True,False
163,166,19.339999999999996,0.9430000000000001,True,False
164,400,-3.9999999999999587,0.9426481481481481,False,False
165,400,-3.9999999999999587,0.9422962962962963,False,False
166,134,19.659999999999997,0.9419444444444445,True,False
167,117,19.83,0.9415925925925925,True,False
168,57,20.43,0.9412407407407407,True,False
169,400,-3.9999999999999587,0.9408888888888889,False,False
170,191,19.089999999999996,0.9405370370370371,True,False
171,80,20.2,0.9401851851851852,True,False
172,299,18.01000000000002,0.9398333333333333,True,False
173,400,-3.9999999999999587,0.9394814814814815,False,False
174,214,18.86,0.9391296296296296,True,False
175,88,20.119999999999997,0.9387777777777778,True,False
176,140,19.599999999999998,0.9384259259259259,True,False
177,138,19.619999999999997,0.9380740740740741,True,False
178,340,17.600000000000026,0.9377222222222222,True,False
179,194,19.059999999999995,0.9373703703703704,True,False
180,336,17.640000000000025,0.9370185185185185,True,False
181,400,-3.9999999999999587,0.9366666666666666,False,False
182,400,-3.9999999999999587,0.9363148148148148,False,False
183,152,19.479999999999997,0.935962962962963,True,False
184,115,19.849999999999998,0.9356111111111111,True,False
185,185,19.15,0.9352592592592592,True,False
186,107,19.929999999999996,0.9349074074074074,True,False
187,131,19.689999999999998,0.9345555555555556,True,False
188,400,-3.9999999999999587,0.9342037037037036,False,False
189,186,19.139999999999997,0.9338518518518518,True,False
190,40,20.599999999999998,0.9335,True,False
191,400,-3.9999999999999587,0.9331481481481482,False,False
192,47,20.529999999999998,0.9327962962962963,True,False
193,113,19.869999999999997,0.9324444444444444,True,False
194,61,20.389999999999997,0.9320925925925926,True,False
195,133,19.669999999999998,0.9317407407407408,True,False
196,164,19.359999999999996,0.9313888888888889,True,False
197,121,19.79,0.931037037037037,True,False
198,107,19.929999999999996,0.9306851851851852,True,False
199,141,19.589999999999996,0.9303333333333333,True,False
200,345,17.55000000000003,0.9299814814814815,True,False
201,162,19.379999999999995,0.9296296296296296,True,False
202,400,17.00000000000004,0.9292777777777778,True,False
203,187,19.129999999999995,0.9289259259259259,True,False
204,400,-3.9999999999999587,0.9285740740740741,False,False
205,91,20.089999999999996,0.9282222222222223,True,False
206,76,20.24,0.9278703703703703,True,False
207,174,19.259999999999998,0.9275185185185185,True,False
208,119,19.81,0.9271666666666667,True,False
209,73,20.27,0.9268148148148148,True,False
210,208,18.919999999999998,0.9264629629629629,True,False
211,151,19.49,0.9261111111111111,True,False
212,400,-3.9999999999999587,0.9257592592592593,False,False
213,236,18.640000000000004,0.9254074074074075,True,False
214,119,19.81,0.9250555555555555,True,False
215,234,18.660000000000004,0.9247037037037037,True,False
216,173,19.269999999999996,0.9243518518518519,True,False
217,283,18.170000000000016,0.924,True,False
218,180,19.199999999999996,0.9236481481481481,True,False
219,131,19.689999999999998,0.9232962962962963,True,False
220,319,17.810000000000024,0.9229444444444445,True,False
221,400,-3.9999999999999587,0.9225925925925926,False,False
222,100,19.999999999999996,0.9222407407407407,True,False
223,183,19.169999999999998,0.9218888888888889,True,False
224,277,18.230000000000015,0.921537037037037,True,False
225,140,19.599999999999998,0.9211851851851852,True,False
226,151,19.49,0.9208333333333334,True,False
227,260,18.40000000000001,0.9204814814814815,True,False
228,260,18.40000000000001,0.9201296296296296,True,False
229,395,17.05000000000004,0.9197777777777778,True,False
230,176,19.24,0.9194259259259259,True,False
231,189,19.109999999999996,0.919074074074074,True,False
232,60,20.4,0.9187222222222222,True,False
233,74,20.259999999999998,0.9183703703703704,True,False
234,267,18.330000000000013,0.9180185185185186,True,False
235,330,17.700000000000024,0.9176666666666666,True,False
236,213,18.87,0.9173148148148148,True,False
237,254,18.460000000000008,0.916962962962963,True,False
238,102,19.979999999999997,0.9166111111111112,True,False
239,129,19.709999999999997,0.9162592592592593,True,False
240,99,20.009999999999998,0.9159074074074074,True,False
241,136,19.639999999999997,0.9155555555555556,True,False
242,305,17.95000000000002,0.9152037037037037,True,False
243,96,20.04,0.9148518518518518,True,False
244,95,20.049999999999997,0.9145,True,False
245,165,19.349999999999998,0.9141481481481482,True,False
246,231,18.690000000000005,0.9137962962962963,True,False
247,318,17.82000000000002,0.9134444444444445,True,False
248,171,19.289999999999996,0.9130925925925926,True,False
249,139,19.609999999999996,0.9127407407407407,True,False
250,152,19.479999999999997,0.9123888888888889,True,False
251,299,18.01000000000002,0.9120370370370371,True,False
252,326,17.740000000000023,0.9116851851851852,True,False
253,112,19.88,0.9113333333333333,True,False
254,387,17.130000000000038,0.9109814814814815,True,False
255,67,20.33,0.9106296296296297,True,False
256,318,17.82000000000002,0.9102777777777777,True,False
257,35,20.65,0.9099259259259259,True,False
258,59,20.409999999999997,0.9095740740740741,True,False
259,108,19.919999999999998,0.9092222222222223,True,False
260,113,19.869999999999997,0.9088703703703703,True,False
261,213,18.87,0.9085185185185185,True,False
262,192,19.08,0.9081666666666667,True,False
263,54,20.459999999999997,0.9078148148148149,True,False
264,240,18.600000000000005,0.9074629629629629,True,False
265,206,18.939999999999998,0.9071111111111111,True,False
266,104,19.959999999999997,0.9067592592592593,True,False
267,54,20.459999999999997,0.9064074074074074,True,False
268,244,18.560000000000006,0.9060555555555556,True,False
269,211,18.89,0.9057037037037037,True,False
270,135,19.65,0.9053518518518519,True,False
271,98,20.019999999999996,0.905,True,False
272,127,19.729999999999997,0.9046481481481481,True,False
273,94,20.06,0.9042962962962963,True,False
274,119,19.81,0.9039444444444444,True,False
275,100,19.999999999999996,0.9035925925925926,True,False
276,89,20.11,0.9032407407407408,True,False
277,69,20.31,0.9028888888888889,True,False
278,96,20.04,0.902537037037037,True,False
279,345,17.55000000000003,0.9021851851851852,True,False
280,233,18.670000000000005,0.9018333333333334,True,False
281,178,19.22,0.9014814814814816,True,False
282,70,20.299999999999997,0.9011296296296296,True,False
283,61,20.389999999999997,0.9007777777777778,True,False
284,133,19.669999999999998,0.900425925925926,True,False
285,89,20.11,0.900074074074074,True,False
286,176,19.24,0.8997222222222222,True,False
287,198,19.019999999999996,0.8993703703703704,True,False
288,98,20.019999999999996,0.8990185185185186,True,False
289,121,19.79,0.8986666666666667,True,False
290,156,19.439999999999998,0.8983148148148148,True,False
291,142,19.58,0.897962962962963,True,False
292,170,19.299999999999997,0.8976111111111111,True,False
293,382,17.180000000000035,0.8972592592592593,True,False
294,294,18.060000000000016,0.8969074074074074,True,False
295,37,20.63,0.8965555555555556,True,False
296,259,18.41000000000001,0.8962037037037037,True,False
297,130,19.699999999999996,0.8958518518518519,True,False
298,66,20.339999999999996,0.8955,True,False
299,80,20.2,0.8951481481481481,True,False
300,170,19.299999999999997,0.8947962962962963,True,False
301,152,19.479999999999997,0.8944444444444445,True,False
302,333,17.670000000000027,0.8940925925925925,True,False
303,52,20.479999999999997,0.8937407407407407,True,False
304,203,18.97,0.8933888888888889,True,False
305,169,19.31,0.8930370370370371,True,False
306,118,19.819999999999997,0.8926851851851851,True,False
307,59,20.409999999999997,0.8923333333333333,True,False
308,47,20.529999999999998,0.8919814814814815,True,False
309,108,19.919999999999998,0.8916296296296297,True,False
310,104,19.959999999999997,0.8912777777777778,True,False
311,51,20.49,0.8909259259259259,True,False
312,44,20.56,0.8905740740740741,True,False
313,177,19.229999999999997,0.8902222222222222,True,False
314,123,19.769999999999996,0.8898703703703703,True,False
315,208,18.919999999999998,0.8895185185185185,True,False
316,121,19.79,0.8891666666666667,True,False
317,129,19.709999999999997,0.8888148148148148,True,False
318,228,18.720000000000002,0.888462962962963,True,False
319,241,18.590000000000007,0.8881111111111111,True,False
320,325,17.750000000000025,0.8877592592592592,True,False
321,60,20.4,0.8874074074074074,True,False
322,212,18.88,0.8870555555555556,True,False
323,137,19.63,0.8867037037037037,True,False
324,165,19.349999999999998,0.8863518518518518,True,False
325,97,20.029999999999998,0.886,True,False
326,111,19.889999999999997,0.8856481481481482,True,False
327,64,20.36,0.8852962962962962,True,False
328,201,18.99,0.8849444444444444,True,False
329,180,19.199999999999996,0.8845925925925926,True,False
330,88,20.119999999999997,0.8842407407407408,True,False
331,149,19.509999999999998,0.883888888888889,True,False
332,59,20.409999999999997,0.883537037037037,True,False
333,256,18.44000000000001,0.8831851851851852,True,False
334,158,19.419999999999998,0.8828333333333334,True,False
335,60,20.4,0.8824814814814815,True,False
336,48,20.52,0.8821296296296296,True,False
337,126,19.74,0.8817777777777778,True,False
338,117,19.83,0.881425925925926,True,False
339,138,19.619999999999997,0.8810740740740741,True,False
340,76,20.24,0.8807222222222222,True,False
341,53,20.47,0.8803703703703704,True,False
342,104,19.959999999999997,0.8800185185185185,True,False
343,330,17.700000000000024,0.8796666666666667,True,False
344,342,17.580000000000027,0.8793148148148149,True,False
345,107,19.929999999999996,0.878962962962963,True,False
346,157,19.429999999999996,0.8786111111111111,True,False
347,109,19.909999999999997,0.8782592592592593,True,False
348,192,19.08,0.8779074074074074,True,False
349,156,19.439999999999998,0.8775555555555555,True,False
350,123,19.769999999999996,0.8772037037037037,True,False
351,222,18.78,0.8768518518518519,True,False
352,273,18.270000000000014,0.8765000000000001,True,False
353,81,20.189999999999998,0.8761481481481481,True,False
354,121,19.79,0.8757962962962963,True,False
355,100,19.999999999999996,0.8754444444444445,True,False
356,202,18.979999999999997,0.8750925925925926,True,False
357,65,20.349999999999998,0.8747407407407407,True,False
358,53,20.47,0.8743888888888889,True,False
359,130,19.699999999999996,0.8740370370370371,True,False
360,167,19.33,0.8736851851851852,True,False
361,47,20.529999999999998,0.8733333333333333,True,False
362,368,17.320000000000032,0.8729814814814815,True,False
363,101,19.99,0.8726296296296296,True,False
364,298,18.020000000000017,0.8722777777777778,True,False
365,228,18.720000000000002,0.871925925925926,True,False
366,147,19.529999999999998,0.8715740740740741,True,False
367,45,20.549999999999997,0.8712222222222222,True,False
368,64,20.36,0.8708703703703704,True,False
369,98,20.019999999999996,0.8705185185185185,True,False
370,88,20.119999999999997,0.8701666666666666,True,False
371,123,19.769999999999996,0.8698148148148148,True,False
372,50,20.499999999999996,0.869462962962963,True,False
373,98,20.019999999999996,0.8691111111111112,True,False
374,210,18.9,0.8687592592592592,True,False
375,128,19.72,0.8684074074074074,True,False
376,121,19.79,0.8680555555555556,True,False
377,60,20.4,0.8677037037037038,True,False
378,140,19.599999999999998,0.8673518518518518,True,False
379,181,19.189999999999998,0.867,True,False
380,122,19.779999999999998,0.8666481481481482,True,False
381,76,20.24,0.8662962962962963,True,False
382,63,20.369999999999997,0.8659444444444444,True,False
383,147,19.529999999999998,0.8655925925925926,True,False
384,61,20.389999999999997,0.8652407407407408,True,False
385,160,19.4,0.8648888888888889,True,False
386,55,20.45,0.864537037037037,True,False
387,59,20.409999999999997,0.8641851851851852,True,False
388,34,20.659999999999997,0.8638333333333333,True,False
389,172,19.279999999999998,0.8634814814814815,True,False
390,42,20.58,0.8631296296296296,True,False
391,78,20.22,0.8627777777777779,True,False
392,84,20.159999999999997,0.8624259259259259,True,False
393,288,18.120000000000015,0.8620740740740741,True,False
394,98,20.019999999999996,0.8617222222222223,True,False
395,164,19.359999999999996,0.8613703703703703,True,False
396,209,18.91,0.8610185185185185,True,False
397,43,20.569999999999997,0.8606666666666667,True,False
398,78,20.22,0.8603148148148148,True,False
399,144,19.56,0.859962962962963,True,False
400,276,18.240000000000013,0.8596111111111111,True,False
401,82,20.18,0.8592592592592593,True,False
402,95,20.049999999999997,0.8589074074074075,True,False
403,120,19.799999999999997,0.8585555555555555,True,False
404,162,19.379999999999995,0.8582037037037037,True,False
405,125,19.749999999999996,0.8578518518518519,True,False
406,42,20.58,0.8575,True,False
407,95,20.049999999999997,0.8571481481481482,True,False
408,27,20.729999999999997,0.8567962962962963,True,False
409,78,20.22,0.8564444444444445,True,False
410,77,20.229999999999997,0.8560925925925926,True,False
411,282,18.180000000000014,0.8557407407407407,True,False
412,114,19.86,0.8553888888888889,True,False
413,112,19.88,0.855037037037037,True,False
414,228,18.720000000000002,0.8546851851851852,True,False
415,283,18.170000000000016,0.8543333333333334,True,False
416,105,19.95,0.8539814814814815,True,False
417,116,19.839999999999996,0.8536296296296296,True,False
418,173,19.269999999999996,0.8532777777777778,True,False
419,55,20.45,0.8529259259259259,True,False
420,62,20.38,0.8525740740740742,True,False
421,112,19.88,0.8522222222222222,True,False
422,176,19.24,0.8518703703703704,True,False
423,70,20.299999999999997,0.8515185185185186,True,False
424,132,19.679999999999996,0.8511666666666666,True,False
425,105,19.95,0.8508148148148148,True,False
426,47,20.529999999999998,0.850462962962963,True,False
427,51,20.49,0.8501111111111112,True,False
428,62,20.38,0.8497592592592593,True,False
429,105,19.95,0.8494074074074074,True,False
430,58,20.419999999999998,0.8490555555555556,True,False
431,99,20.009999999999998,0.8487037037037037,True,False
432,170,19.299999999999997,0.8483518518518518,True,False
433,75,20.249999999999996,0.848,True,False
434,60,20.4,0.8476481481481482,True,False
435,76,20.24,0.8472962962962963,True,False
436,86,20.139999999999997,0.8469444444444445,True,False
437,124,19.759999999999998,0.8465925925925926,True,False
438,123,19.769999999999996,0.8462407407407407,True,False
439,225,18.750000000000004,0.8458888888888889,True,False
440,52,20.479999999999997,0.845537037037037,True,False
441,169,19.31,0.8451851851851852,True,False
442,75,20.249999999999996,0.8448333333333333,True,False
443,62,20.38,0.8444814814814815,True,False
444,108,19.919999999999998,0.8441296296296297,True,False
445,102,19.979999999999997,0.8437777777777777,True,False
446,138,19.619999999999997,0.8434259259259259,True,False
447,54,20.459999999999997,0.8430740740740741,True,False
448,135,19.65,0.8427222222222222,True,False
449,115,19.849999999999998,0.8423703703703704,True,False
450,147,19.529999999999998,0.8420185185185185,True,False
451,109,19.909999999999997,0.8416666666666667,True,False
452,55,20.45,0.8413148148148148,True,False
453,91,20.089999999999996,0.840962962962963,True,False
454,66,20.339999999999996,0.8406111111111111,True,False
455,45,20.549999999999997,0.8402592592592593,True,False
456,108,19.919999999999998,0.8399074074074074,True,False
457,121,19.79,0.8395555555555556,True,False
458,81,20.189999999999998,0.8392037037037037,True,False
459,71,20.29,0.8388518518518518,True,False
460,84,20.159999999999997,0.8385,True,False
461,101,19.99,0.8381481481481482,True,False
462,233,18.670000000000005,0.8377962962962963,True,False
463,69,20.31,0.8374444444444444,True,False
464,203,18.97,0.8370925925925926,True,False
465,101,19.99,0.8367407407407408,True,False
466,83,20.169999999999998,0.8363888888888888,True,False
467,50,20.499999999999996,0.836037037037037,True,False
468,58,20.419999999999998,0.8356851851851852,True,False
469,83,20.169999999999998,0.8353333333333334,True,False
470,190,19.099999999999998,0.8349814814814815,True,False
471,159,19.409999999999997,0.8346296296296296,True,False
472,66,20.339999999999996,0.8342777777777778,True,False
473,89,20.11,0.833925925925926,True,False
474,74,20.259999999999998,0.833574074074074,True,False
475,90,20.099999999999998,0.8332222222222222,True,False
476,96,20.04,0.8328703703703704,True,False
477,35,20.65,0.8325185185185185,True,False
478,62,20.38,0.8321666666666667,True,False
479,27,20.729999999999997,0.8318148148148148,True,False
480,108,19.919999999999998,0.831462962962963,True,False
481,121,19.79,0.8311111111111111,True,False
482,99,20.009999999999998,0.8307592592592593,True,False
483,39,20.61,0.8304074074074074,True,False
484,103,19.97,0.8300555555555555,True,False
485,85,20.15,0.8297037037037037,True,False
486,66,20.339999999999996,0.8293518518518519,True,False
487,73,20.27,0.829,True,False
488,113,19.869999999999997,0.8286481481481481,True,False
489,79,20.209999999999997,0.8282962962962963,True,False
490,120,19.799999999999997,0.8279444444444445,True,False
491,238,18.620000000000005,0.8275925925925927,True,False
492,119,19.81,0.8272407407407407,True,False
493,93,20.069999999999997,0.8268888888888889,True,False
494,65,20.349999999999998,0.8265370370370371,True,False
495,129,19.709999999999997,0.8261851851851851,True,False
496,95,20.049999999999997,0.8258333333333334,True,False
497,116,19.839999999999996,0.8254814814814815,True,False
498,86,20.139999999999997,0.8251296296296297,True,False
499,85,20.15,0.8247777777777778,True,False
500,77,20.229999999999997,0.8244259259259259,True,False
501,46,20.54,0.8240740740740741,True,False
502,177,19.229999999999997,0.8237222222222222,True,False
503,72,20.279999999999998,0.8233703703703703,True,False
504,47,20.529999999999998,0.8230185185185186,True,False
505,115,19.849999999999998,0.8226666666666667,True,False
506,155,19.449999999999996,0.8223148148148148,True,False
507,36,20.639999999999997,0.821962962962963,True,False
508,111,19.889999999999997,0.8216111111111111,True,False
509,114,19.86,0.8212592592592592,True,False
510,109,19.909999999999997,0.8209074074074074,True,False
511,57,20.43,0.8205555555555556,True,False
512,152,19.479999999999997,0.8202037037037038,True,False
513,74,20.259999999999998,0.8198518518518518,True,False
514,93,20.069999999999997,0.8195,True,False
515,44,20.56,0.8191481481481482,True,False
516,60,20.4,0.8187962962962962,True,False
517,82,20.18,0.8184444444444444,True,False
518,57,20.43,0.8180925925925926,True,False
519,102,19.979999999999997,0.8177407407407408,True,False
520,49,20.509999999999998,0.8173888888888889,True,False
521,69,20.31,0.817037037037037,True,False
522,70,20.299999999999997,0.8166851851851852,True,False
523,50,20.499999999999996,0.8163333333333334,True,False
524,164,19.359999999999996,0.8159814814814814,True,False
525,37,20.63,0.8156296296296297,True,False
526,88,20.119999999999997,0.8152777777777778,True,False
527,143,19.569999999999997,0.8149259259259259,True,False
528,98,20.019999999999996,0.8145740740740741,True,False
529,118,19.819999999999997,0.8142222222222222,True,False
530,34,20.659999999999997,0.8138703703703704,True,False
531,94,20.06,0.8135185185185185,True,False
532,118,19.819999999999997,0.8131666666666667,True,False
533,38,20.619999999999997,0.8128148148148149,True,False
534,124,19.759999999999998,0.8124629629629629,True,False
535,87,20.13,0.8121111111111111,True,False
536,46,20.54,0.8117592592592593,True,False
537,155,19.449999999999996,0.8114074074074074,True,False
538,55,20.45,0.8110555555555555,True,False
539,102,19.979999999999997,0.8107037037037037,True,False
540,115,19.849999999999998,0.8103518518518519,True,False
541,186,19.139999999999997,0.81,True,False
542,78,20.22,0.8096481481481481,True,False
543,71,20.29,0.8092962962962963,True,False
544,49,20.509999999999998,0.8089444444444445,True,False
545,34,20.659999999999997,0.8085925925925926,True,False
546,60,20.4,0.8082407407407407,True,False
547,52,20.479999999999997,0.8078888888888889,True,False
548,96,20.04,0.807537037037037,True,False
549,40,20.599999999999998,0.8071851851851852,True,False
550,131,19.689999999999998,0.8068333333333333,True,False
551,173,19.269999999999996,0.8064814814814815,True,False
552,41,20.59,0.8061296296296296,True,False
553,89,20.11,0.8057777777777778,True,False
554,70,20.299999999999997,0.805425925925926,True,False
555,82,20.18,0.805074074074074,True,False
556,107,19.929999999999996,0.8047222222222222,True,False
557,107,19.929999999999996,0.8043703703703704,True,False
558,55,20.45,0.8040185185185186,True,False
559,92,20.08,0.8036666666666666,True,False
560,124,19.759999999999998,0.8033148148148148,True,False
561,37,20.63,0.802962962962963,True,False
562,62,20.38,0.8026111111111112,True,False
563,36,20.639999999999997,0.8022592592592592,True,False
564,58,20.419999999999998,0.8019074074074074,True,False
565,84,20.159999999999997,0.8015555555555556,True,False
566,79,20.209999999999997,0.8012037037037038,True,False
567,58,20.419999999999998,0.8008518518518518,True,False
568,106,19.939999999999998,0.8005,True,False
569,60,20.4,0.8001481481481482,True,False
570,79,20.209999999999997,0.7997962962962963,True,False
571,36,20.639999999999997,0.7994444444444444,True,False
572,72,20.279999999999998,0.7990925925925926,True,False
573,164,19.359999999999996,0.7987407407407408,True,False
574,87,20.13,0.7983888888888889,True,False
575,95,20.049999999999997,0.7980370370370371,True,False
576,54,20.459999999999997,0.7976851851851852,True,False
577,44,20.56,0.7973333333333333,True,False
578,120,19.799999999999997,0.7969814814814815,True,False
579,59,20.409999999999997,0.7966296296296296,True,False
580,128,19.72,0.7962777777777779,True,False
581,43,20.569999999999997,0.7959259259259259,True,False
582,30,20.7,0.7955740740740741,True,False
583,70,20.299999999999997,0.7952222222222223,True,False
584,38,20.619999999999997,0.7948703703703703,True,False
585,58,20.419999999999998,0.7945185185185185,True,False
586,42,20.58,0.7941666666666667,True,False
587,169,19.31,0.7938148148148149,True,False
588,65,20.349999999999998,0.793462962962963,True,False
589,36,20.639999999999997,0.7931111111111111,True,False
590,62,20.38,0.7927592592592593,True,False
591,144,19.56,0.7924074074074074,True,False
592,62,20.38,0.7920555555555555,True,False
593,29,20.709999999999997,0.7917037037037037,True,False
594,54,20.459999999999997,0.7913518518518519,True,False
595,57,20.43,0.791,True,False
596,81,20.189999999999998,0.7906481481481482,True,False
597,59,20.409999999999997,0.7902962962962963,True,False
598,46,20.54,0.7899444444444444,True,False
599,45,20.549999999999997,0.7895925925925926,True,False
600,50,20.499999999999996,0.7892407407407407,True,False
601,39,20.61,0.788888888888889,True,False
602,81,20.189999999999998,0.788537037037037,True,False
603,52,20.479999999999997,0.7881851851851852,True,False
604,113,19.869999999999997,0.7878333333333334,True,False
605,81,20.189999999999998,0.7874814814814814,True,False
606,77,20.229999999999997,0.7871296296296296,True,False
607,77,20.229999999999997,0.7867777777777778,True,False
608,83,20.169999999999998,0.7864259259259259,True,False
609,66,20.339999999999996,0.7860740740740741,True,False
610,107,19.929999999999996,0.7857222222222222,True,False
611,142,19.58,0.7853703703703704,True,False
612,36,20.639999999999997,0.7850185185185186,True,False
613,119,19.81,0.7846666666666666,True,False
614,51,20.49,0.7843148148148148,True,False
615,55,20.45,0.783962962962963,True,False
616,212,18.88,0.7836111111111111,True,False
617,178,19.22,0.7832592592592593,True,False
618,49,20.509999999999998,0.7829074074074074,True,False
619,70,20.299999999999997,0.7825555555555556,True,False
620,95,20.049999999999997,0.7822037037037037,True,False
621,78,20.22,0.7818518518518518,True,False
622,205,18.95,0.7815,True,False
623,89,20.11,0.7811481481481481,True,False
624,55,20.45,0.7807962962962963,True,False
625,55,20.45,0.7804444444444445,True,False
626,53,20.47,0.7800925925925926,True,False
627,99,20.009999999999998,0.7797407407407407,True,False
628,136,19.639999999999997,0.7793888888888889,True,False
629,74,20.259999999999998,0.779037037037037,True,False
630,69,20.31,0.7786851851851853,True,False
631,65,20.349999999999998,0.7783333333333333,True,False
632,34,20.659999999999997,0.7779814814814815,True,False
633,106,19.939999999999998,0.7776296296296297,True,False
634,131,19.689999999999998,0.7772777777777777,True,False
635,59,20.409999999999997,0.7769259259259259,True,False
636,139,19.609999999999996,0.7765740740740741,True,False
637,63,20.369999999999997,0.7762222222222223,True,False
638,31,20.689999999999998,0.7758703703703704,True,False
639,65,20.349999999999998,0.7755185185185185,True,False
640,154,19.459999999999997,0.7751666666666667,True,False
641,51,20.49,0.7748148148148148,True,False
642,144,19.56,0.774462962962963,True,False
643,54,20.459999999999997,0.7741111111111111,True,False
644,78,20.22,0.7737592592592593,True,False
645,107,19.929999999999996,0.7734074074074074,True,False
646,71,20.29,0.7730555555555556,True,False
647,82,20.18,0.7727037037037037,True,False
648,37,20.63,0.7723518518518518,True,False
649,110,19.9,0.772,True,False
650,104,19.959999999999997,0.7716481481481482,True,False
651,126,19.74,0.7712962962962964,True,False
652,45,20.549999999999997,0.7709444444444444,True,False
653,46,20.54,0.7705925925925926,True,False
654,53,20.47,0.7702407407407408,True,False
655,84,20.159999999999997,0.7698888888888888,True,False
656,87,20.13,0.769537037037037,True,False
657,67,20.33,0.7691851851851852,True,False
658,74,20.259999999999998,0.7688333333333334,True,False
659,47,20.529999999999998,0.7684814814814815,True,False
660,51,20.49,0.7681296296296296,True,False
661,58,20.419999999999998,0.7677777777777778,True,False
662,62,20.38,0.767425925925926,True,False
663,117,19.83,0.7670740740740741,True,False
664,49,20.509999999999998,0.7667222222222222,True,False
665,52,20.479999999999997,0.7663703703703704,True,False
666,93,20.069999999999997,0.7660185185185185,True,False
667,56,20.439999999999998,0.7656666666666667,True,False
668,48,20.52,0.7653148148148148,True,False
669,84,20.159999999999997,0.764962962962963,True,False
670,34,20.659999999999997,0.7646111111111111,True,False
671,115,19.849999999999998,0.7642592592592593,True,False
672,40,20.599999999999998,0.7639074074074074,True,False
673,45,20.549999999999997,0.7635555555555555,True,False
674,85,20.15,0.7632037037037037,True,False
675,55,20.45,0.7628518518518519,True,False
676,71,20.29,0.7625,True,False
677,107,19.929999999999996,0.7621481481481482,True,False
678,48,20.52,0.7617962962962963,True,False
679,82,20.18,0.7614444444444445,True,False
680,106,19.939999999999998,0.7610925925925927,True,False
681,50,20.499999999999996,0.7607407407407407,True,False
682,77,20.229999999999997,0.7603888888888889,True,False
683,56,20.439999999999998,0.7600370370370371,True,False
684,108,19.919999999999998,0.7596851851851852,True,False
685,71,20.29,0.7593333333333333,True,False
686,60,20.4,0.7589814814814815,True,False
687,110,19.9,0.7586296296296297,True,False
688,113,19.869999999999997,0.7582777777777778,True,False
689,54,20.459999999999997,0.7579259259259259,True,False
690,60,20.4,0.7575740740740741,True,False
691,164,19.359999999999996,0.7572222222222222,True,False
692,56,20.439999999999998,0.7568703703703703,True,False
693,120,19.799999999999997,0.7565185185185186,True,False
694,69,20.31,0.7561666666666667,True,False
695,39,20.61,0.7558148148148148,True,False
696,159,19.409999999999997,0.755462962962963,True,False
697,47,20.529999999999998,0.7551111111111111,True,False
698,111,19.889999999999997,0.7547592592592594,True,False
699,56,20.439999999999998,0.7544074074074074,True,False
700,68,20.319999999999997,0.7540555555555556,True,False
701,33,20.669999999999998,0.7537037037037038,True,False
702,41,20.59,0.7533518518518518,True,False
703,28,20.72,0.753,True,False
704,48,20.52,0.7526481481481482,True,False
705,83,20.169999999999998,0.7522962962962964,True,False
706,89,20.11,0.7519444444444444,True,False
707,93,20.069999999999997,0.7515925925925926,True,False
708,119,19.81,0.7512407407407408,True,False
709,84,20.159999999999997,0.7508888888888889,True,False
710,38,20.619999999999997,0.750537037037037,True,False
711,41,20.59,0.7501851851851852,True,False
712,60,20.4,0.7498333333333334,True,False
713,65,20.349999999999998,0.7494814814814814,True,False
714,105,19.95,0.7491296296296297,True,False
715,43,20.569999999999997,0.7487777777777778,True,False
716,44,20.56,0.7484259259259259,True,False
717,36,20.639999999999997,0.7480740740740741,True,False
718,52,20.479999999999997,0.7477222222222222,True,False
719,66,20.339999999999996,0.7473703703703705,True,False
720,82,20.18,0.7470185185185185,True,False
721,100,19.999999999999996,0.7466666666666667,True,False
722,89,20.11,0.7463148148148149,True,False
723,106,19.939999999999998,0.7459629629629629,True,False
724,99,20.009999999999998,0.7456111111111111,True,False
725,84,20.159999999999997,0.7452592592592593,True,False
726,52,20.479999999999997,0.7449074074074074,True,False
727,63,20.369999999999997,0.7445555555555556,True,False
728,67,20.33,0.7442037037037037,True,False
729,47,20.529999999999998,0.7438518518518519,True,False
730,165,19.349999999999998,0.7435,True,False
731,33,20.669999999999998,0.7431481481481481,True,False
732,78,20.22,0.7427962962962964,True,False
733,63,20.369999999999997,0.7424444444444445,True,False
734,115,19.849999999999998,0.7420925925925925,True,False
735,50,20.499999999999996,0.7417407407407408,True,False
736,46,20.54,0.7413888888888889,True,False
737,65,20.349999999999998,0.741037037037037,True,False
738,35,20.65,0.7406851851851852,True,False
739,76,20.24,0.7403333333333333,True,False
740,45,20.549999999999997,0.7399814814814815,True,False
741,97,20.029999999999998,0.7396296296296296,True,False
742,62,20.38,0.7392777777777778,True,False
743,47,20.529999999999998,0.738925925925926,True,False
744,42,20.58,0.738574074074074,True,False
745,55,20.45,0.7382222222222222,True,False
746,85,20.15,0.7378703703703704,True,False
747,52,20.479999999999997,0.7375185185185185,True,False
748,58,20.419999999999998,0.7371666666666667,True,False
749,43,20.569999999999997,0.7368148148148148,True,False
750,46,20.54,0.736462962962963,True,False
751,39,20.61,0.7361111111111112,True,False
752,54,20.459999999999997,0.7357592592592592,True,False
753,64,20.36,0.7354074074074075,True,False
754,39,20.61,0.7350555555555556,True,False
755,113,19.869999999999997,0.7347037037037036,True,False
756,82,20.18,0.7343518518518519,True,False
757,55,20.45,0.734,True,False
758,104,19.959999999999997,0.7336481481481482,True,False
759,89,20.11,0.7332962962962963,True,False
760,45,20.549999999999997,0.7329444444444444,True,False
761,65,20.349999999999998,0.7325925925925926,True,False
762,67,20.33,0.7322407407407407,True,False
763,71,20.29,0.7318888888888889,True,False
764,110,19.9,0.7315370370370371,True,False
765,34,20.659999999999997,0.7311851851851852,True,False
766,42,20.58,0.7308333333333333,True,False
767,32,20.68,0.7304814814814815,True,False
768,61,20.389999999999997,0.7301296296296296,True,False
769,55,20.45,0.7297777777777779,True,False
770,83,20.169999999999998,0.7294259259259259,True,False
771,53,20.47,0.729074074074074,True,False
772,45,20.549999999999997,0.7287222222222223,True,False
773,57,20.43,0.7283703703703703,True,False
774,74,20.259999999999998,0.7280185185185186,True,False
775,45,20.549999999999997,0.7276666666666667,True,False
776,51,20.49,0.7273148148148147,True,False
777,93,20.069999999999997,0.726962962962963,True,False
778,42,20.58,0.7266111111111111,True,False
779,78,20.22,0.7262592592592593,True,False
780,48,20.52,0.7259074074074074,True,False
781,53,20.47,0.7255555555555556,True,False
782,74,20.259999999999998,0.7252037037037037,True,False
783,40,20.599999999999998,0.7248518518518519,True,False
784,42,20.58,0.7245,True,False
785,53,20.47,0.7241481481481482,True,False
786,43,20.569999999999997,0.7237962962962963,True,False
787,56,20.439999999999998,0.7234444444444444,True,False
788,48,20.52,0.7230925925925926,True,False
789,34,20.659999999999997,0.7227407407407407,True,False
790,79,20.209999999999997,0.722388888888889,True,False
791,103,19.97,0.722037037037037,True,False
792,46,20.54,0.7216851851851852,True,False
793,221,18.790000000000003,0.7213333333333334,True,False
794,73,20.27,0.7209814814814814,True,False
795,34,20.659999999999997,0.7206296296296296,True,False
796,59,20.409999999999997,0.7202777777777778,True,False
797,26,20.74,0.719925925925926,True,False
798,79,20.209999999999997,0.7195740740740741,True,False
799,42,20.58,0.7192222222222222,True,False
800,35,20.65,0.7188703703703704,True,False
801,70,20.299999999999997,0.7185185185185186,True,False
802,45,20.549999999999997,0.7181666666666666,True,False
803,47,20.529999999999998,0.7178148148148148,True,False
804,53,20.47,0.717462962962963,True,False
805,97,20.029999999999998,0.7171111111111111,True,False
806,77,20.229999999999997,0.7167592592592593,True,False
807,65,20.349999999999998,0.7164074074074074,True,False
808,99,20.009999999999998,0.7160555555555557,True,False
809,30,20.7,0.7157037037037037,True,False
810,68,20.319999999999997,0.7153518518518518,True,False
811,61,20.389999999999997,0.7150000000000001,True,False
812,44,20.56,0.7146481481481481,True,False
813,28,20.72,0.7142962962962963,True,False
814,88,20.119999999999997,0.7139444444444445,True,False
815,59,20.409999999999997,0.7135925925925926,True,False
816,60,20.4,0.7132407407407407,True,False
817,68,20.319999999999997,0.7128888888888889,True,False
818,51,20.49,0.7125370370370371,True,False
819,51,20.49,0.7121851851851853,True,False
820,68,20.319999999999997,0.7118333333333333,True,False
821,86,20.139999999999997,0.7114814814814815,True,False
822,124,19.759999999999998,0.7111296296296297,True,False
823,33,20.669999999999998,0.7107777777777777,True,False
824,31,20.689999999999998,0.710425925925926,True,False
825,86,20.139999999999997,0.7100740740740741,True,False
826,41,20.59,0.7097222222222221,True,False
827,54,20.459999999999997,0.7093703703703704,True,False
828,67,20.33,0.7090185185185185,True,False
829,72,20.279999999999998,0.7086666666666668,True,False
830,36,20.639999999999997,0.7083148148148148,True,False
831,44,20.56,0.7079629629629629,True,False
832,73,20.27,0.7076111111111112,True,False
833,99,20.009999999999998,0.7072592592592593,True,False
834,76,20.24,0.7069074074074074,True,False
835,24,20.759999999999998,0.7065555555555556,True,False
836,70,20.299999999999997,0.7062037037037037,True,False
837,83,20.169999999999998,0.7058518518518518,True,False
838,52,20.479999999999997,0.7055,True,False
839,60,20.4,0.7051481481481482,True,False
840,35,20.65,0.7047962962962964,True,False
841,91,20.089999999999996,0.7044444444444444,True,False
842,44,20.56,0.7040925925925926,True,False
843,56,20.439999999999998,0.7037407407407408,True,False
844,31,20.689999999999998,0.7033888888888888,True,False
845,72,20.279999999999998,0.7030370370370371,True,False
846,54,20.459999999999997,0.7026851851851852,True,False
847,53,20.47,0.7023333333333333,True,False
848,33,20.669999999999998,0.7019814814814815,True,False
849,56,20.439999999999998,0.7016296296296296,True,False
850,44,20.56,0.7012777777777778,True,False
851,105,19.95,0.700925925925926,True,False
852,52,20.479999999999997,0.700574074074074,True,False
853,30,20.7,0.7002222222222223,True,False
854,24,20.759999999999998,0.6998703703703704,True,False
855,42,20.58,0.6995185185185185,True,False
856,35,20.65,0.6991666666666667,True,False
857,57,20.43,0.6988148148148148,True,False
858,50,20.499999999999996,0.698462962962963,True,False
859,49,20.509999999999998,0.6981111111111111,True,False
860,55,20.45,0.6977592592592593,True,False
861,69,20.31,0.6974074074074075,True,False
862,71,20.29,0.6970555555555555,True,False
863,56,20.439999999999998,0.6967037037037037,True,False
864,55,20.45,0.6963518518518519,True,False
865,47,20.529999999999998,0.696,True,False
866,56,20.439999999999998,0.6956481481481482,True,False
867,70,20.299999999999997,0.6952962962962963,True,False
868,71,20.29,0.6949444444444444,True,False
869,48,20.52,0.6945925925925927,True,False
870,66,20.339999999999996,0.6942407407407407,True,False
871,66,20.339999999999996,0.6938888888888889,True,False
872,67,20.33,0.6935370370370371,True,False
873,34,20.659999999999997,0.6931851851851852,True,False
874,31,20.689999999999998,0.6928333333333334,True,False
875,44,20.56,0.6924814814814815,True,False
876,43,20.569999999999997,0.6921296296296297,True,False
877,70,20.299999999999997,0.6917777777777778,True,False
878,61,20.389999999999997,0.6914259259259259,True,False
879,24,20.759999999999998,0.6910740740740741,True,False
880,59,20.409999999999997,0.6907222222222222,True,False
881,31,20.689999999999998,0.6903703703703703,True,False
882,53,20.47,0.6900185185185186,True,False
883,57,20.43,0.6896666666666667,True,False
884,27,20.729999999999997,0.6893148148148148,True,False
885,36,20.639999999999997,0.688962962962963,True,False
886,120,19.799999999999997,0.6886111111111111,True,False
887,109,19.909999999999997,0.6882592592592593,True,False
888,90,20.099999999999998,0.6879074074074074,True,False
889,118,19.819999999999997,0.6875555555555556,True,False
890,21,20.79,0.6872037037037038,True,False
891,43,20.569999999999997,0.6868518518518518,True,False
892,43,20.569999999999997,0.6865,True,False
893,99,20.009999999999998,0.6861481481481482,True,False
894,45,20.549999999999997,0.6857962962962963,True,False
895,34,20.659999999999997,0.6854444444444444,True,False
896,32,20.68,0.6850925925925926,True,False
897,83,20.169999999999998,0.6847407407407408,True,False
898,58,20.419999999999998,0.6843888888888889,True,False
899,105,19.95,0.684037037037037,True,False
900,63,20.369999999999997,0.6836851851851853,True,False
901,57,20.43,0.6833333333333333,True,False
902,62,20.38,0.6829814814814814,True,False
903,54,20.459999999999997,0.6826296296296297,True,False
904,43,20.569999999999997,0.6822777777777778,True,False
905,50,20.499999999999996,0.681925925925926,True,False
906,46,20.54,0.6815740740740741,True,False
907,104,19.959999999999997,0.6812222222222222,True,False
908,51,20.49,0.6808703703703705,True,False
909,30,20.7,0.6805185185185185,True,False
910,68,20.319999999999997,0.6801666666666667,True,False
911,78,20.22,0.6798148148148149,True,False
912,85,20.15,0.6794629629629629,True,False
913,102,19.979999999999997,0.6791111111111111,True,False
914,65,20.349999999999998,0.6787592592592593,True,False
915,33,20.669999999999998,0.6784074074074075,True,False
916,32,20.68,0.6780555555555556,True,False
917,56,20.439999999999998,0.6777037037037037,True,False
918,47,20.529999999999998,0.6773518518518519,True,False
919,47,20.529999999999998,0.677,True,False
920,51,20.49,0.6766481481481481,True,False
921,97,20.029999999999998,0.6762962962962964,True,False
922,49,20.509999999999998,0.6759444444444445,True,False
923,38,20.619999999999997,0.6755925925925925,True,False
924,36,20.639999999999997,0.6752407407407408,True,False
925,46,20.54,0.6748888888888889,True,False
926,57,20.43,0.674537037037037,True,False
927,59,20.409999999999997,0.6741851851851852,True,False
928,34,20.659999999999997,0.6738333333333333,True,False
929,46,20.54,0.6734814814814816,True,False
930,41,20.59,0.6731296296296296,True,False
931,61,20.389999999999997,0.6727777777777778,True,False
932,32,20.68,0.672425925925926,True,False
933,90,20.099999999999998,0.672074074074074,True,False
934,99,20.009999999999998,0.6717222222222222,True,False
935,55,20.45,0.6713703703703704,True,False
936,47,20.529999999999998,0.6710185185185186,True,False
937,63,20.369999999999997,0.6706666666666667,True,False
938,35,20.65,0.6703148148148148,True,False
939,53,20.47,0.669962962962963,True,False
940,34,20.659999999999997,0.6696111111111112,True,False
941,75,20.249999999999996,0.6692592592592592,True,False
942,39,20.61,0.6689074074074075,True,False
943,56,20.439999999999998,0.6685555555555556,True,False
944,86,20.139999999999997,0.6682037037037036,True,False
945,29,20.709999999999997,0.6678518518518519,True,False
946,62,20.38,0.6675,True,False
947,63,20.369999999999997,0.6671481481481482,True,False
948,47,20.529999999999998,0.6667962962962963,True,False
949,51,20.49,0.6664444444444444,True,False
950,54,20.459999999999997,0.6660925925925926,True,False
951,42,20.58,0.6657407407407407,True,False
952,53,20.47,0.6653888888888889,True,False
953,54,20.459999999999997,0.6650370370370371,True,False
954,78,20.22,0.6646851851851852,True,False
955,50,20.499999999999996,0.6643333333333333,True,False
956,37,20.63,0.6639814814814815,True,False
957,46,20.54,0.6636296296296296,True,False
958,55,20.45,0.6632777777777779,True,False
959,69,20.31,0.6629259259259259,True,False
960,56,20.439999999999998,0.6625740740740741,True,False
961,52,20.479999999999997,0.6622222222222223,True,False
962,39,20.61,0.6618703703703703,True,False
963,62,20.38,0.6615185185185186,True,False
964,48,20.52,0.6611666666666667,True,False
965,41,20.59,0.6608148148148147,True,False
966,51,20.49,0.660462962962963,True,False
967,70,20.299999999999997,0.6601111111111111,True,False
968,47,20.529999999999998,0.6597592592592593,True,False
969,50,20.499999999999996,0.6594074074074074,True,False
970,20,20.799999999999997,0.6590555555555556,True,False
971,32,20.68,0.6587037037037037,True,False
972,46,20.54,0.6583518518518519,True,False
973,26,20.74,0.658,True,False
974,35,20.65,0.6576481481481482,True,False
975,86,20.139999999999997,0.6572962962962963,True,False
976,24,20.759999999999998,0.6569444444444444,True,False
977,75,20.249999999999996,0.6565925925925926,True,False
978,52,20.479999999999997,0.6562407407407407,True,False
979,41,20.59,0.655888888888889,True,False
980,24,20.759999999999998,0.655537037037037,True,False
981,25,20.75,0.6551851851851852,True,False
982,57,20.43,0.6548333333333334,True,False
983,41,20.59,0.6544814814814814,True,False
984,75,20.249999999999996,0.6541296296296297,True,False
985,72,20.279999999999998,0.6537777777777778,True,False
986,38,20.619999999999997,0.653425925925926,True,False
987,47,20.529999999999998,0.6530740740740741,True,False
988,59,20.409999999999997,0.6527222222222222,True,False
989,44,20.56,0.6523703703703704,True,False
990,65,20.349999999999998,0.6520185185185186,True,False
991,65,20.349999999999998,0.6516666666666667,True,False
992,49,20.509999999999998,0.6513148148148148,True,False
993,34,20.659999999999997,0.650962962962963,True,False
994,34,20.659999999999997,0.6506111111111111,True,False
995,101,19.99,0.6502592592592593,True,False
996,41,20.59,0.6499074074074074,True,False
997,47,20.529999999999998,0.6495555555555557,True,False
998,95,20.049999999999997,0.6492037037037037,True,False
999,66,20.339999999999996,0.6488518518518518,True,False
1000,41,20.59,0.6485000000000001,True,False
1001,47,20.529999999999998,0.6481481481481481,True,False
1002,73,20.27,0.6477962962962963,True,False
1003,60,20.4,0.6474444444444445,True,False
1004,40,20.599999999999998,0.6470925925925926,True,False
1005,30,20.7,0.6467407407407407,True,False
1006,45,20.549999999999997,0.6463888888888889,True,False
1007,48,20.52,0.6460370370370371,True,False
1008,34,20.659999999999997,0.6456851851851853,True,False
1009,43,20.569999999999997,0.6453333333333333,True,False
1010,32,20.68,0.6449814814814815,True,False
1011,40,20.599999999999998,0.6446296296296297,True,False
1012,61,20.389999999999997,0.6442777777777777,True,False
1013,39,20.61,0.643925925925926,True,False
1014,53,20.47,0.6435740740740741,True,False
1015,52,20.479999999999997,0.6432222222222223,True,False
1016,51,20.49,0.6428703703703704,True,False
1017,56,20.439999999999998,0.6425185185185185,True,False
1018,44,20.56,0.6421666666666668,True,False
1019,74,20.259999999999998,0.6418148148148148,True,False
1020,40,20.599999999999998,0.6414629629629629,True,False
1021,38,20.619999999999997,0.6411111111111112,True,False
1022,74,20.259999999999998,0.6407592592592593,True,False
1023,32,20.68,0.6404074074074074,True,False
1024,26,20.74,0.6400555555555556,True,False
1025,37,20.63,0.6397037037037037,True,False
1026,29,20.709999999999997,0.6393518518518518,True,False
1027,28,20.72,0.639,True,False
1028,85,20.15,0.6386481481481482,True,False
1029,52,20.479999999999997,0.6382962962962964,True,False
1030,37,20.63,0.6379444444444444,True,False
1031,43,20.569999999999997,0.6375925925925926,True,False
1032,53,20.47,0.6372407407407408,True,False
1033,36,20.639999999999997,0.6368888888888888,True,False
1034,26,20.74,0.6365370370370371,True,False
1035,55,20.45,0.6361851851851852,True,False
1036,50,20.499999999999996,0.6358333333333333,True,False
1037,58,20.419999999999998,0.6354814814814815,True,False
1038,40,20.599999999999998,0.6351296296296296,True,False
1039,54,20.459999999999997,0.6347777777777779,True,False
1040,33,20.669999999999998,0.634425925925926,True,False
1041,56,20.439999999999998,0.634074074074074,True,False
1042,53,20.47,0.6337222222222223,True,False
1043,46,20.54,0.6333703703703704,True,False
1044,37,20.63,0.6330185185185185,True,False
1045,61,20.389999999999997,0.6326666666666667,True,False
1046,27,20.729999999999997,0.6323148148148148,True,False
1047,28,20.72,0.631962962962963,True,False
1048,49,20.509999999999998,0.6316111111111111,True,False
1049,43,20.569999999999997,0.6312592592592593,True,False
1050,52,20.479999999999997,0.6309074074074075,True,False
1051,31,20.689999999999998,0.6305555555555555,True,False
1052,33,20.669999999999998,0.6302037037037037,True,False
1053,51,20.49,0.6298518518518519,True,False
1054,132,19.679999999999996,0.6295,True,False
1055,22,20.779999999999998,0.6291481481481482,True,False
1056,77,20.229999999999997,0.6287962962962963,True,False
1057,50,20.499999999999996,0.6284444444444444,True,False
1058,34,20.659999999999997,0.6280925925925926,True,False
1059,40,20.599999999999998,0.6277407407407407,True,False
1060,43,20.569999999999997,0.6273888888888889,True,False
1061,32,20.68,0.6270370370370371,True,False
1062,31,20.689999999999998,0.6266851851851852,True,False
1063,32,20.68,0.6263333333333334,True,False
1064,89,20.11,0.6259814814814815,True,False
1065,30,20.7,0.6256296296296296,True,False
1066,49,20.509999999999998,0.6252777777777778,True,False
1067,48,20.52,0.6249259259259259,True,False
1068,42,20.58,0.6245740740740741,True,False
1069,36,20.639999999999997,0.6242222222222222,True,False
1070,37,20.63,0.6238703703703704,True,False
1071,35,20.65,0.6235185185185186,True,False
1072,44,20.56,0.6231666666666666,True,False
1073,37,20.63,0.6228148148148148,True,False
1074,52,20.479999999999997,0.622462962962963,True,False
1075,43,20.569999999999997,0.6221111111111111,True,False
1076,46,20.54,0.6217592592592593,True,False
1077,42,20.58,0.6214074074074074,True,False
1078,85,20.15,0.6210555555555556,True,False
1079,46,20.54,0.6207037037037038,True,False
1080,37,20.63,0.6203518518518518,True,False
1081,33,20.669999999999998,0.62,True,False
1082,27,20.729999999999997,0.6196481481481482,True,False
1083,53,20.47,0.6192962962962963,True,False
1084,48,20.52,0.6189444444444445,True,False
1085,69,20.31,0.6185925925925926,True,False
1086,45,20.549999999999997,0.6182407407407408,True,False
1087,29,20.709999999999997,0.6178888888888889,True,False
1088,42,20.58,0.617537037037037,True,False
1089,53,20.47,0.6171851851851853,True,False
1090,30,20.7,0.6168333333333333,True,False
1091,64,20.36,0.6164814814814814,True,False
1092,31,20.689999999999998,0.6161296296296297,True,False
1093,83,20.169999999999998,0.6157777777777778,True,False
1094,66,20.339999999999996,0.615425925925926,True,False
1095,46,20.54,0.6150740740740741,True,False
1096,67,20.33,0.6147222222222222,True,False
1097,39,20.61,0.6143703703703705,True,False
1098,41,20.59,0.6140185185185185,True,False
1099,43,20.569999999999997,0.6136666666666667,True,False
1100,51,20.49,0.6133148148148149,True,False
1101,65,20.349999999999998,0.6129629629629629,True,False
1102,51,20.49,0.6126111111111111,True,False
1103,52,20.479999999999997,0.6122592592592593,True,False
1104,40,20.599999999999998,0.6119074074074075,True,False
1105,58,20.419999999999998,0.6115555555555556,True,False
1106,30,20.7,0.6112037037037037,True,False
1107,34,20.659999999999997,0.6108518518518519,True,False
1108,36,20.639999999999997,0.6105,True,False
1109,41,20.59,0.6101481481481481,True,False
1110,45,20.549999999999997,0.6097962962962964,True,False
1111,78,20.22,0.6094444444444445,True,False
1112,42,20.58,0.6090925925925925,True,False
1113,35,20.65,0.6087407407407408,True,False
1114,47,20.529999999999998,0.6083888888888889,True,False
1115,51,20.49,0.6080370370370372,True,False
1116,48,20.52,0.6076851851851852,True,False
1117,67,20.33,0.6073333333333333,True,False
1118,45,20.549999999999997,0.6069814814814816,True,False
1119,53,20.47,0.6066296296296296,True,False
1120,63,20.369999999999997,0.6062777777777778,True,False
1121,49,20.509999999999998,0.605925925925926,True,False
1122,43,20.569999999999997,0.605574074074074,True,False
1123,39,20.61,0.6052222222222222,True,False
1124,65,20.349999999999998,0.6048703703703704,True,False
1125,50,20.499999999999996,0.6045185185185186,True,False
1126,40,20.599999999999998,0.6041666666666667,True,False
1127,30,20.7,0.6038148148148148,True,False
1128,70,20.299999999999997,0.603462962962963,True,False
1129,31,20.689999999999998,0.6031111111111112,True,False
1130,35,20.65,0.6027592592592592,True,False
1131,59,20.409999999999997,0.6024074074074075,True,False
1132,67,20.33,0.6020555555555556,True,False
1133,32,20.68,0.6017037037037036,True,False
1134,40,20.599999999999998,0.6013518518518519,True,False
1135,31,20.689999999999998,0.601,True,False
1136,79,20.209999999999997,0.6006481481481482,True,False
1137,28,20.72,0.6002962962962963,True,False
1138,54,20.459999999999997,0.5999444444444444,True,False
1139,69,20.31,0.5995925925925927,True,False
1140,32,20.68,0.5992407407407407,True,False
1141,53,20.47,0.5988888888888889,True,False
1142,37,20.63,0.5985370370370371,True,False
1143,50,20.499999999999996,0.5981851851851852,True,False
1144,67,20.33,0.5978333333333333,True,False
1145,56,20.439999999999998,0.5974814814814815,True,False
1146,28,20.72,0.5971296296296297,True,False
1147,31,20.689999999999998,0.5967777777777779,True,False
1148,29,20.709999999999997,0.5964259259259259,True,False
1149,32,20.68,0.5960740740740741,True,False
1150,42,20.58,0.5957222222222223,True,False
1151,32,20.68,0.5953703703703703,True,False
1152,60,20.4,0.5950185185185186,True,False
1153,37,20.63,0.5946666666666667,True,False
1154,43,20.569999999999997,0.5943148148148147,True,False
1155,38,20.619999999999997,0.593962962962963,True,False
1156,45,20.549999999999997,0.5936111111111111,True,False
1157,41,20.59,0.5932592592592593,True,False
1158,38,20.619999999999997,0.5929074074074074,True,False
1159,36,20.639999999999997,0.5925555555555556,True,False
1160,72,20.279999999999998,0.5922037037037037,True,False
1161,36,20.639999999999997,0.5918518518518519,True,False
1162,35,20.65,0.5915,True,False
1163,34,20.659999999999997,0.5911481481481482,True,False
1164,55,20.45,0.5907962962962963,True,False
1165,32,20.68,0.5904444444444444,True,False
1166,48,20.52,0.5900925925925926,True,False
1167,37,20.63,0.5897407407407407,True,False
1168,42,20.58,0.589388888888889,True,False
1169,53,20.47,0.589037037037037,True,False
1170,43,20.569999999999997,0.5886851851851852,True,False
1171,52,20.479999999999997,0.5883333333333334,True,False
1172,26,20.74,0.5879814814814814,True,False
1173,73,20.27,0.5876296296296297,True,False
1174,60,20.4,0.5872777777777778,True,False
1175,43,20.569999999999997,0.586925925925926,True,False
1176,25,20.75,0.5865740740740741,True,False
1177,45,20.549999999999997,0.5862222222222222,True,False
1178,37,20.63,0.5858703703703704,True,False
1179,53,20.47,0.5855185185185185,True,False
1180,56,20.439999999999998,0.5851666666666667,True,False
1181,41,20.59,0.5848148148148148,True,False
1182,48,20.52,0.584462962962963,True,False
1183,35,20.65,0.5841111111111111,True,False
1184,36,20.639999999999997,0.5837592592592593,True,False
1185,48,20.52,0.5834074074074074,True,False
1186,54,20.459999999999997,0.5830555555555557,True,False
1187,34,20.659999999999997,0.5827037037037037,True,False
1188,34,20.659999999999997,0.5823518518518518,True,False
1189,22,20.779999999999998,0.5820000000000001,True,False
1190,39,20.61,0.5816481481481481,True,False
1191,44,20.56,0.5812962962962963,True,False
1192,39,20.61,0.5809444444444445,True,False
1193,28,20.72,0.5805925925925925,True,False
1194,31,20.689999999999998,0.5802407407407408,True,False
1195,57,20.43,0.5798888888888889,True,False
1196,34,20.659999999999997,0.5795370370370371,True,False
1197,37,20.63,0.5791851851851852,True,False
1198,66,20.339999999999996,0.5788333333333333,True,False
1199,38,20.619999999999997,0.5784814814814815,True,False
1200,30,20.7,0.5781296296296297,True,False
1201,37,20.63,0.5777777777777778,True,False
1202,46,20.54,0.577425925925926,True,False
1203,37,20.63,0.5770740740740741,True,False
1204,72,20.279999999999998,0.5767222222222222,True,False
1205,42,20.58,0.5763703703703704,True,False
1206,44,20.56,0.5760185185185185,True,False
1207,54,20.459999999999997,0.5756666666666668,True,False
1208,40,20.599999999999998,0.5753148148148148,True,False
1209,32,20.68,0.5749629629629629,True,False
1210,53,20.47,0.5746111111111112,True,False
1211,37,20.63,0.5742592592592592,True,False
1212,40,20.599999999999998,0.5739074074074074,True,False
1213,50,20.499999999999996,0.5735555555555556,True,False
1214,42,20.58,0.5732037037037037,True,False
1215,54,20.459999999999997,0.5728518518518518,True,False
1216,42,20.58,0.5725,True,False
1217,52,20.479999999999997,0.5721481481481482,True,False
1218,40,20.599999999999998,0.5717962962962964,True,False
1219,42,20.58,0.5714444444444444,True,False
1220,59,20.409999999999997,0.5710925925925926,True,False
1221,48,20.52,0.5707407407407408,True,False
1222,30,20.7,0.5703888888888888,True,False
1223,28,20.72,0.5700370370370371,True,False
1224,38,20.619999999999997,0.5696851851851852,True,False
1225,40,20.599999999999998,0.5693333333333334,True,False
1226,31,20.689999999999998,0.5689814814814815,True,False
1227,43,20.569999999999997,0.5686296296296296,True,False
1228,28,20.72,0.5682777777777779,True,False
1229,67,20.33,0.567925925925926,True,False
1230,54,20.459999999999997,0.567574074074074,True,False
1231,36,20.639999999999997,0.5672222222222223,True,False
1232,38,20.619999999999997,0.5668703703703704,True,False
1233,37,20.63,0.5665185185185185,True,False
1234,50,20.499999999999996,0.5661666666666667,True,False
1235,27,20.729999999999997,0.5658148148148148,True,False
1236,52,20.479999999999997,0.565462962962963,True,False
1237,67,20.33,0.5651111111111111,True,False
1238,28,20.72,0.5647592592592593,True,False
1239,48,20.52,0.5644074074074075,True,False
1240,36,20.639999999999997,0.5640555555555555,True,False
1241,25,20.75,0.5637037037037037,True,False
1242,44,20.56,0.5633518518518519,True,False
1243,28,20.72,0.563,True,False
1244,48,20.52,0.5626481481481482,True,False
1245,77,20.229999999999997,0.5622962962962963,True,False
1246,52,20.479999999999997,0.5619444444444444,True,False
1247,28,20.72,0.5615925925925926,True,False
1248,42,20.58,0.5612407407407407,True,False
1249,72,20.279999999999998,0.560888888888889,True,False
1250,45,20.549999999999997,0.5605370370370371,True,False
1251,47,20.529999999999998,0.5601851851851852,True,False
1252,38,20.619999999999997,0.5598333333333334,True,False
1253,29,20.709999999999997,0.5594814814814815,True,False
1254,51,20.49,0.5591296296296296,True,False
1255,34,20.659999999999997,0.5587777777777778,True,False
1256,34,20.659999999999997,0.558425925925926,True,False
1257,30,20.7,0.5580740740740741,True,False
1258,50,20.499999999999996,0.5577222222222222,True,False
1259,21,20.79,0.5573703703703704,True,False
1260,49,20.509999999999998,0.5570185185185186,True,False
1261,32,20.68,0.5566666666666666,True,False
1262,38,20.619999999999997,0.5563148148148148,True,False
1263,44,20.56,0.555962962962963,True,False
1264,58,20.419999999999998,0.5556111111111111,True,False
1265,47,20.529999999999998,0.5552592592592593,True,False
1266,57,20.43,0.5549074074074074,True,False
1267,35,20.65,0.5545555555555556,True,False
1268,43,20.569999999999997,0.5542037037037038,True,False
1269,43,20.569999999999997,0.5538518518518518,True,False
1270,70,20.299999999999997,0.5535000000000001,True,False
1271,54,20.459999999999997,0.5531481481481482,True,False
1272,44,20.56,0.5527962962962963,True,False
1273,42,20.58,0.5524444444444445,True,False
1274,30,20.7,0.5520925925925926,True,False
1275,38,20.619999999999997,0.5517407407407408,True,False
1276,45,20.549999999999997,0.5513888888888889,True,False
1277,43,20.569999999999997,0.551037037037037,True,False
1278,34,20.659999999999997,0.5506851851851853,True,False
1279,24,20.759999999999998,0.5503333333333333,True,False
1280,50,20.499999999999996,0.5499814814814815,True,False
1281,53,20.47,0.5496296296296297,True,False
1282,42,20.58,0.5492777777777778,True,False
1283,23,20.77,0.548925925925926,True,False
1284,28,20.72,0.5485740740740741,True,False
1285,40,20.599999999999998,0.5482222222222222,True,False
1286,26,20.74,0.5478703703703705,True,False
1287,27,20.729999999999997,0.5475185185185185,True,False
1288,29,20.709999999999997,0.5471666666666667,True,False
1289,28,20.72,0.5468148148148149,True,False
1290,78,20.22,0.5464629629629629,True,False
1291,39,20.61,0.5461111111111111,True,False
1292,50,20.499999999999996,0.5457592592592593,True,False
1293,29,20.709999999999997,0.5454074074074075,True,False
1294,37,20.63,0.5450555555555556,True,False
1295,64,20.36,0.5447037037037037,True,False
1296,35,20.65,0.5443518518518519,True,False
1297,38,20.619999999999997,0.544,True,False
1298,32,20.68,0.5436481481481481,True,False
1299,64,20.36,0.5432962962962964,True,False
1300,39,20.61,0.5429444444444445,True,False
1301,40,20.599999999999998,0.5425925925925926,True,False
1302,46,20.54,0.5422407407407408,True,False
1303,24,20.759999999999998,0.5418888888888889,True,False
1304,42,20.58,0.5415370370370372,True,False
1305,41,20.59,0.5411851851851852,True,False
1306,68,20.319999999999997,0.5408333333333333,True,False
1307,42,20.58,0.5404814814814816,True,False
1308,31,20.689999999999998,0.5401296296296296,True,False
1309,38,20.619999999999997,0.5397777777777778,True,False
1310,36,20.639999999999997,0.539425925925926,True,False
1311,29,20.709999999999997,0.539074074074074,True,False
1312,25,20.75,0.5387222222222222,True,False
1313,31,20.689999999999998,0.5383703703703704,True,False
1314,71,20.29,0.5380185185185186,True,False
1315,32,20.68,0.5376666666666667,True,False
1316,29,20.709999999999997,0.5373148148148148,True,False
1317,35,20.65,0.536962962962963,True,False
1318,50,20.499999999999996,0.5366111111111111,True,False
1319,31,20.689999999999998,0.5362592592592592,True,False
1320,24,20.759999999999998,0.5359074074074075,True,False
1321,42,20.58,0.5355555555555556,True,False
1322,30,20.7,0.5352037037037036,True,False
1323,47,20.529999999999998,0.5348518518518519,True,False
1324,43,20.569999999999997,0.5345,True,False
1325,28,20.72,0.5341481481481483,True,False
1326,51,20.49,0.5337962962962963,True,False
1327,44,20.56,0.5334444444444444,True,False
1328,34,20.659999999999997,0.5330925925925927,True,False
1329,43,20.569999999999997,0.5327407407407407,True,False
1330,35,20.65,0.5323888888888889,True,False
1331,59,20.409999999999997,0.5320370370370371,True,False
1332,46,20.54,0.5316851851851851,True,False
1333,39,20.61,0.5313333333333333,True,False
1334,64,20.36,0.5309814814814815,True,False
1335,37,20.63,0.5306296296296297,True,False
1336,35,20.65,0.5302777777777778,True,False
1337,32,20.68,0.5299259259259259,True,False
1338,50,20.499999999999996,0.5295740740740741,True,False
1339,26,20.74,0.5292222222222223,True,False
1340,31,20.689999999999998,0.5288703703703703,True,False
1341,26,20.74,0.5285185185185186,True,False
1342,35,20.65,0.5281666666666667,True,False
1343,38,20.619999999999997,0.5278148148148147,True,False
1344,70,20.299999999999997,0.527462962962963,True,False
1345,97,20.029999999999998,0.5271111111111111,True,False
1346,31,20.689999999999998,0.5267592592592593,True,False
1347,45,20.549999999999997,0.5264074074074074,True,False
1348,53,20.47,0.5260555555555556,True,False
1349,31,20.689999999999998,0.5257037037037038,True,False
1350,38,20.619999999999997,0.5253518518518518,True,False
1351,36,20.639999999999997,0.525,True,False
1352,35,20.65,0.5246481481481482,True,False
1353,28,20.72,0.5242962962962964,True,False
1354,26,20.74,0.5239444444444445,True,False
1355,46,20.54,0.5235925925925926,True,False
1356,35,20.65,0.5232407407407407,True,False
1357,46,20.54,0.522888888888889,True,False
1358,41,20.59,0.522537037037037,True,False
1359,24,20.759999999999998,0.5221851851851853,True,False
1360,42,20.58,0.5218333333333334,True,False
1361,27,20.729999999999997,0.5214814814814815,True,False
1362,56,20.439999999999998,0.5211296296296296,True,False
1363,32,20.68,0.5207777777777778,True,False
1364,35,20.65,0.520425925925926,True,False
1365,51,20.49,0.5200740740740741,True,False
1366,31,20.689999999999998,0.5197222222222222,True,False
1367,48,20.52,0.5193703703703705,True,False
1368,42,20.58,0.5190185185185185,True,False
1369,34,20.659999999999997,0.5186666666666666,True,False
1370,24,20.759999999999998,0.5183148148148149,True,False
1371,32,20.68,0.517962962962963,True,False
1372,57,20.43,0.5176111111111111,True,False
1373,27,20.729999999999997,0.5172592592592593,True,False
1374,22,20.779999999999998,0.5169074074074075,True,False
1375,42,20.58,0.5165555555555557,True,False
1376,42,20.58,0.5162037037037037,True,False
1377,34,20.659999999999997,0.5158518518518518,True,False
1378,23,20.77,0.5155000000000001,True,False
1379,31,20.689999999999998,0.5151481481481481,True,False
1380,33,20.669999999999998,0.5147962962962964,True,False
1381,29,20.709999999999997,0.5144444444444445,True,False
1382,41,20.59,0.5140925925925925,True,False
1383,32,20.68,0.5137407407407407,True,False
1384,35,20.65,0.5133888888888889,True,False
1385,30,20.7,0.5130370370370371,True,False
1386,40,20.599999999999998,0.5126851851851852,True,False
1387,29,20.709999999999997,0.5123333333333333,True,False
1388,32,20.68,0.5119814814814816,True,False
1389,65,20.349999999999998,0.5116296296296297,True,False
1390,30,20.7,0.5112777777777777,True,False
1391,49,20.509999999999998,0.510925925925926,True,False
1392,32,20.68,0.5105740740740741,True,False
1393,40,20.599999999999998,0.5102222222222222,True,False
1394,38,20.619999999999997,0.5098703703703704,True,False
1395,26,20.74,0.5095185185185186,True,False
1396,22,20.779999999999998,0.5091666666666667,True,False
1397,25,20.75,0.5088148148148148,True,False
1398,28,20.72,0.5084629629629629,True,False
1399,49,20.509999999999998,0.5081111111111112,True,False
1400,28,20.72,0.5077592592592592,True,False
1401,32,20.68,0.5074074074074075,True,False
1402,19,20.81,0.5070555555555556,True,False
1403,34,20.659999999999997,0.5067037037037037,True,False
1404,41,20.59,0.5063518518518518,True,False
1405,24,20.759999999999998,0.506,True,False
1406,29,20.709999999999997,0.5056481481481482,True,False
1407,32,20.68,0.5052962962962964,True,False
1408,48,20.52,0.5049444444444444,True,False
1409,34,20.659999999999997,0.5045925925925927,True,False
1410,37,20.63,0.5042407407407408,True,False
1411,51,20.49,0.5038888888888888,True,False
1412,37,20.63,0.5035370370370371,True,False
1413,23,20.77,0.5031851851851852,True,False
1414,38,20.619999999999997,0.5028333333333334,True,False
1415,75,20.249999999999996,0.5024814814814815,True,False
1416,30,20.7,0.5021296296296297,True,False
1417,40,20.599999999999998,0.5017777777777778,True,False
1418,49,20.509999999999998,0.5014259259259259,True,False
1419,36,20.639999999999997,0.501074074074074,True,False
1420,21,20.79,0.5007222222222223,True,False
1421,34,20.659999999999997,0.5003703703703704,True,False
1422,45,20.549999999999997,0.5000185185185186,True,False
1423,38,20.619999999999997,0.4996666666666667,True,False
1424,41,20.59,0.49931481481481477,True,False
1425,40,20.599999999999998,0.49896296296296294,True,False
1426,42,20.58,0.4986111111111111,True,False
1427,23,20.77,0.4982592592592593,True,False
1428,29,20.709999999999997,0.49790740740740747,True,False
1429,36,20.639999999999997,0.49755555555555564,True,False
1430,41,20.59,0.4972037037037038,True,False
1431,54,20.459999999999997,0.4968518518518519,True,False
1432,37,20.63,0.49650000000000005,True,False
1433,28,20.72,0.4961481481481481,True,False
1434,19,20.81,0.4957962962962963,True,False
1435,32,20.68,0.49544444444444447,True,False
1436,46,20.54,0.49509259259259264,True,False
1437,30,20.7,0.4947407407407408,True,False
1438,52,20.479999999999997,0.4943888888888889,True,False
1439,23,20.77,0.49403703703703705,True,False
1440,33,20.669999999999998,0.4936851851851852,True,False
1441,45,20.549999999999997,0.4933333333333334,True,False
1442,62,20.38,0.4929814814814816,True,False
1443,40,20.599999999999998,0.49262962962962964,True,False
1444,50,20.499999999999996,0.4922777777777777,True,False
1445,44,20.56,0.4919259259259259,True,False
1446,37,20.63,0.49157407407407405,True,False
1447,28,20.72,0.4912222222222222,True,False
1448,30,20.7,0.4908703703703704,True,False
1449,22,20.779999999999998,0.4905185185185186,True,False
1450,37,20.63,0.49016666666666675,True,False
1451,43,20.569999999999997,0.4898148148148148,True,False
1452,31,20.689999999999998,0.489462962962963,True,False
1453,35,20.65,0.48911111111111116,True,False
1454,33,20.669999999999998,0.4887592592592592,True,False
1455,21,20.79,0.4884074074074074,True,False
1456,25,20.75,0.4880555555555556,True,False
1457,32,20.68,0.48770370370370375,True,False
1458,26,20.74,0.4873518518518518,True,False
1459,24,20.759999999999998,0.487,True,False
1460,23,20.77,0.48664814814814816,True,False
1461,49,20.509999999999998,0.48629629629629634,True,False
1462,32,20.68,0.4859444444444445,True,False
1463,36,20.639999999999997,0.4855925925925927,True,False
1464,39,20.61,0.48524074074074086,True,False
1465,30,20.7,0.4848888888888888,True,False
1466,29,20.709999999999997,0.484537037037037,True,False
1467,42,20.58,0.48418518518518516,True,False
1468,36,20.639999999999997,0.48383333333333334,True,False
1469,22,20.779999999999998,0.4834814814814815,True,False
1470,24,20.759999999999998,0.4831296296296297,True,False
1471,26,20.74,0.48277777777777786,True,False
1472,35,20.65,0.4824259259259259,True,False
1473,24,20.759999999999998,0.4820740740740741,True,False
1474,50,20.499999999999996,0.4817222222222223,True,False
1475,18,20.819999999999997,0.48137037037037045,True,False
1476,31,20.689999999999998,0.4810185185185185,True,False
1477,46,20.54,0.4806666666666667,True,False
1478,25,20.75,0.48031481481481486,True,False
1479,38,20.619999999999997,0.4799629629629629,True,False
1480,31,20.689999999999998,0.4796111111111111,True,False
1481,34,20.659999999999997,0.4792592592592593,True,False
1482,27,20.729999999999997,0.47890740740740745,True,False
1483,48,20.52,0.4785555555555556,True,False
1484,25,20.75,0.4782037037037038,True,False
1485,35,20.65,0.47785185185185197,True,False
1486,35,20.65,0.47750000000000004,True,False
1487,63,20.369999999999997,0.4771481481481481,True,False
1488,38,20.619999999999997,0.4767962962962963,True,False
1489,30,20.7,0.47644444444444445,True,False
1490,26,20.74,0.4760925925925926,True,False
1491,24,20.759999999999998,0.4757407407407408,True,False
1492,38,20.619999999999997,0.47538888888888897,True,False
1493,56,20.439999999999998,0.47503703703703704,True,False
1494,42,20.58,0.4746851851851852,True,False
1495,24,20.759999999999998,0.4743333333333334,True,False
1496,45,20.549999999999997,0.47398148148148156,True,False
1497,42,20.58,0.4736296296296296,True,False
1498,26,20.74,0.4732777777777778,True,False
1499,32,20.68,0.47292592592592597,True,False
1500,33,20.669999999999998,0.47257407407407404,True,False
1501,20,20.799999999999997,0.4722222222222222,True,False
1502,25,20.75,0.4718703703703704,True,False
1503,28,20.72,0.47151851851851856,True,False
1504,28,20.72,0.47116666666666673,True,False
1505,32,20.68,0.4708148148148149,True,False
1506,36,20.639999999999997,0.47046296296296297,True,False
1507,47,20.529999999999998,0.47011111111111115,True,False
1508,34,20.659999999999997,0.4697592592592592,True,False
1509,26,20.74,0.4694074074074074,True,False
1510,20,20.799999999999997,0.46905555555555556,True,False
1511,39,20.61,0.46870370370370373,True,False
1512,39,20.61,0.4683518518518519,True,False
1513,27,20.729999999999997,0.46799999999999997,True,False
1514,52,20.479999999999997,0.46764814814814815,True,False
1515,20,20.799999999999997,0.4672962962962963,True,False
1516,28,20.72,0.4669444444444445,True,False
1517,38,20.619999999999997,0.46659259259259267,True,False
1518,29,20.709999999999997,0.46624074074074084,True,False
1519,28,20.72,0.4658888888888889,True,False
1520,53,20.47,0.46553703703703697,True,False
1521,36,20.639999999999997,0.46518518518518515,True,False
1522,44,20.56,0.4648333333333333,True,False
1523,31,20.689999999999998,0.4644814814814815,True,False
1524,26,20.74,0.46412962962962967,True,False
1525,30,20.7,0.46377777777777784,True,False
1526,40,20.599999999999998,0.463425925925926,True,False
1527,24,20.759999999999998,0.4630740740740741,True,False
1528,34,20.659999999999997,0.46272222222222226,True,False
1529,28,20.72,0.46237037037037043,True,False
1530,22,20.779999999999998,0.4620185185185185,True,False
1531,40,20.599999999999998,0.46166666666666667,True,False
1532,33,20.669999999999998,0.46131481481481484,True,False
1533,26,20.74,0.460962962962963,True,False
1534,20,20.799999999999997,0.4606111111111111,True,False
1535,22,20.779999999999998,0.46025925925925926,True,False
1536,35,20.65,0.45990740740740743,True,False
1537,24,20.759999999999998,0.4595555555555556,True,False
1538,29,20.709999999999997,0.4592037037037038,True,False
1539,32,20.68,0.45885185185185196,True,False
1540,30,20.7,0.4585,True,False
1541,30,20.7,0.4581481481481481,True,False
1542,30,20.7,0.45779629629629626,True,False
1543,41,20.59,0.45744444444444443,True,False
1544,27,20.729999999999997,0.4570925925925926,True,False
1545,33,20.669999999999998,0.4567407407407408,True,False
1546,28,20.72,0.45638888888888896,True,False
1547,22,20.779999999999998,0.45603703703703713,True,False
1548,38,20.619999999999997,0.4556851851851852,True,False
1549,22,20.779999999999998,0.45533333333333337,True,False
1550,33,20.669999999999998,0.45498148148148154,True,False
1551,29,20.709999999999997,0.4546296296296296,True,False
1552,38,20.619999999999997,0.4542777777777778,True,False
1553,30,20.7,0.45392592592592595,True,False
1554,31,20.689999999999998,0.45357407407407413,True,False
1555,32,20.68,0.4532222222222222,True,False
1556,25,20.75,0.45287037037037037,True,False
1557,36,20.639999999999997,0.45251851851851854,True,False
1558,51,20.49,0.4521666666666667,True,False
1559,24,20.759999999999998,0.4518148148148149,True,False
1560,26,20.74,0.45146296296296307,True,False
1561,24,20.759999999999998,0.45111111111111124,True,False
1562,25,20.75,0.4507592592592592,True,False
1563,24,20.759999999999998,0.45040740740740737,True,False
1564,46,20.54,0.45005555555555554,True,False
1565,29,20.709999999999997,0.4497037037037037,True,False
1566,27,20.729999999999997,0.4493518518518519,True,False
1567,26,20.74,0.44900000000000007,True,False
1568,47,20.529999999999998,0.44864814814814813,True,False
1569,26,20.74,0.4482962962962963,True,False
1570,35,20.65,0.4479444444444445,True,False
1571,27,20.729999999999997,0.44759259259259265,True,False
1572,33,20.669999999999998,0.4472407407407408,True,False
1573,38,20.619999999999997,0.4468888888888889,True,False
1574,35,20.65,0.44653703703703707,True,False
1575,20,20.799999999999997,0.44618518518518513,True,False
1576,33,20.669999999999998,0.4458333333333333,True,False
1577,39,20.61,0.4454814814814815,True,False
1578,30,20.7,0.44512962962962965,True,False
1579,24,20.759999999999998,0.4447777777777778,True,False
1580,20,20.799999999999997,0.444425925925926,True,False
1581,25,20.75,0.4440740740740742,True,False
1582,41,20.59,0.44372222222222224,True,False
1583,30,20.7,0.4433703703703704,True,False
1584,26,20.74,0.4430185185185185,True,False
1585,35,20.65,0.44266666666666665,True,False
1586,35,20.65,0.4423148148148148,True,False
1587,36,20.639999999999997,0.441962962962963,True,False
1588,27,20.729999999999997,0.4416111111111112,True,False
1589,31,20.689999999999998,0.44125925925925924,True,False
1590,45,20.549999999999997,0.4409074074074074,True,False
1591,21,20.79,0.4405555555555556,True,False
1592,43,20.569999999999997,0.44020370370370376,True,False
1593,24,20.759999999999998,0.43985185185185194,True,False
1594,45,20.549999999999997,0.4395,True,False
1595,26,20.74,0.4391481481481482,True,False
1596,27,20.729999999999997,0.43879629629629624,True,False
1597,30,20.7,0.4384444444444444,True,False
1598,37,20.63,0.4380925925925926,True,False
1599,24,20.759999999999998,0.43774074074074076,True,False
1600,40,20.599999999999998,0.43738888888888894,True,False
1601,25,20.75,0.4370370370370371,True,False
1602,30,20.7,0.4366851851851853,True,False
1603,30,20.7,0.43633333333333335,True,False
1604,24,20.759999999999998,0.4359814814814815,True,False
1605,33,20.669999999999998,0.4356296296296296,True,False
1606,24,20.759999999999998,0.43527777777777776,True,False
1607,24,20.759999999999998,0.43492592592592594,True,False
1608,29,20.709999999999997,0.4345740740740741,True,False
1609,26,20.74,0.4342222222222223,True,False
1610,56,20.439999999999998,0.43387037037037035,True,False
1611,28,20.72,0.4335185185185185,True,False
1612,31,20.689999999999998,0.4331666666666667,True,False
1613,45,20.549999999999997,0.4328148148148149,True,False
1614,28,20.72,0.43246296296296305,True,False
1615,37,20.63,0.4321111111111112,True,False
1616,43,20.569999999999997,0.4317592592592593,True,False
1617,27,20.729999999999997,0.43140740740740735,True,False
1618,43,20.569999999999997,0.4310555555555555,True,False
1619,26,20.74,0.4307037037037037,True,False
1620,38,20.619999999999997,0.4303518518518519,True,False
1621,28,20.72,0.43000000000000005,True,False
1622,26,20.74,0.4296481481481482,True,False
1623,28,20.72,0.4292962962962964,True,False
1624,23,20.77,0.42894444444444446,True,False
1625,33,20.669999999999998,0.42859259259259264,True,False
1626,26,20.74,0.4282407407407408,True,False
1627,35,20.65,0.4278888888888889,True,False
1628,34,20.659999999999997,0.42753703703703705,True,False
1629,31,20.689999999999998,0.4271851851851852,True,False
1630,29,20.709999999999997,0.4268333333333333,True,False
1631,29,20.709999999999997,0.42648148148148146,True,False
1632,40,20.599999999999998,0.42612962962962964,True,False
1633,30,20.7,0.4257777777777778,True,False
1634,36,20.639999999999997,0.425425925925926,True,False
1635,24,20.759999999999998,0.42507407407407416,True,False
1636,32,20.68,0.42472222222222233,True,False
1637,23,20.77,0.4243703703703704,True,False
1638,35,20.65,0.42401851851851846,True,False
1639,32,20.68,0.42366666666666664,True,False
1640,30,20.7,0.4233148148148148,True,False
1641,24,20.759999999999998,0.422962962962963,True,False
1642,26,20.74,0.42261111111111116,True,False
1643,30,20.7,0.42225925925925933,True,False
1644,32,20.68,0.4219074074074074,True,False
1645,30,20.7,0.42155555555555557,True,False
1646,39,20.61,0.42120370370370375,True,False
1647,30,20.7,0.4208518518518519,True,False
1648,44,20.56,0.4205,True,False
1649,27,20.729999999999997,0.42014814814814816,True,False
1650,38,20.619999999999997,0.41979629629629633,True,False
1651,38,20.619999999999997,0.4194444444444444,True,False
1652,26,20.74,0.41909259259259257,True,False
1653,28,20.72,0.41874074074074075,True,False
1654,32,20.68,0.4183888888888889,True,False
1655,26,20.74,0.4180370370370371,True,False
1656,38,20.619999999999997,0.41768518518518527,True,False
1657,33,20.669999999999998,0.41733333333333344,True,False
1658,30,20.7,0.4169814814814815,True,False
1659,22,20.779999999999998,0.41662962962962957,True,False
1660,30,20.7,0.41627777777777775,True,False
1661,26,20.74,0.4159259259259259,True,False
1662,41,20.59,0.4155740740740741,True,False
1663,31,20.689999999999998,0.41522222222222227,True,False
1664,20,20.799999999999997,0.41487037037037044,True,False
1665,18,20.819999999999997,0.4145185185185185,True,False
1666,41,20.59,0.4141666666666667,True,False
1667,42,20.58,0.41381481481481486,True,False
1668,46,20.54,0.41346296296296303,True,False
1669,32,20.68,0.4131111111111112,True,False
1670,30,20.7,0.41275925925925927,True,False
1671,36,20.639999999999997,0.41240740740740744,True,False
1672,33,20.669999999999998,0.4120555555555555,True,False
1673,32,20.68,0.4117037037037037,True,False
1674,20,20.799999999999997,0.41135185185185186,True,False
1675,22,20.779999999999998,0.41100000000000003,True,False
1676,27,20.729999999999997,0.4106481481481482,True,False
1677,19,20.81,0.4102962962962964,True,False
1678,26,20.74,0.40994444444444456,True,False
1679,29,20.709999999999997,0.4095925925925926,True,False
1680,39,20.61,0.4092407407407408,True,False
1681,30,20.7,0.40888888888888886,True,False
1682,34,20.659999999999997,0.40853703703703703,True,False
1683,33,20.669999999999998,0.4081851851851852,True,False
1684,23,20.77,0.4078333333333334,True,False
1685,34,20.659999999999997,0.40748148148148156,True,False
1686,41,20.59,0.4071296296296296,True,False
1687,24,20.759999999999998,0.4067777777777778,True,False
1688,22,20.779999999999998,0.40642592592592597,True,False
1689,31,20.689999999999998,0.40607407407407414,True,False
1690,26,20.74,0.4057222222222223,True,False
1691,52,20.479999999999997,0.4053703703703705,True,False
1692,24,20.759999999999998,0.40501851851851844,True,False
1693,29,20.709999999999997,0.4046666666666666,True,False
1694,31,20.689999999999998,0.4043148148148148,True,False
1695,24,20.759999999999998,0.40396296296296297,True,False
1696,26,20.74,0.40361111111111114,True,False
1697,38,20.619999999999997,0.4032592592592593,True,False
1698,28,20.72,0.4029074074074075,True,False
1699,23,20.77,0.40255555555555556,True,False
1700,26,20.74,0.40220370370370373,True,False
1701,27,20.729999999999997,0.4018518518518519,True,False
1702,31,20.689999999999998,0.4015000000000001,True,False
1703,24,20.759999999999998,0.40114814814814814,True,False
1704,22,20.779999999999998,0.4007962962962963,True,False
1705,22,20.779999999999998,0.4004444444444445,True,False
1706,25,20.75,0.40009259259259256,True,False
1707,33,20.669999999999998,0.39974074074074073,True,False
1708,26,20.74,0.3993888888888889,True,False
1709,26,20.74,0.3990370370370371,True,False
1710,30,20.7,0.39868518518518525,True,False
1711,33,20.669999999999998,0.39833333333333343,True,False
1712,25,20.75,0.3979814814814816,True,False
1713,35,20.65,0.39762962962962967,True,False
1714,21,20.79,0.39727777777777773,True,False
1715,30,20.7,0.3969259259259259,True,False
1716,22,20.779999999999998,0.3965740740740741,True,False
1717,24,20.759999999999998,0.39622222222222225,True,False
1718,35,20.65,0.39587037037037043,True,False
1719,22,20.779999999999998,0.3955185185185186,True,False
1720,42,20.58,0.39516666666666667,True,False
1721,26,20.74,0.39481481481481484,True,False
1722,37,20.63,0.394462962962963,True,False
1723,24,20.759999999999998,0.3941111111111112,True,False
1724,28,20.72,0.39375925925925925,True,False
1725,28,20.72,0.39340740740740743,True,False
1726,43,20.569999999999997,0.3930555555555556,True,False
1727,30,20.7,0.39270370370370367,True,False
1728,33,20.669999999999998,0.39235185185185184,True,False
1729,24,20.759999999999998,0.392,True,False
1730,23,20.77,0.3916481481481482,True,False
1731,30,20.7,0.39129629629629636,True,False
1732,32,20.68,0.39094444444444454,True,False
1733,29,20.709999999999997,0.3905925925925927,True,False
1734,44,20.56,0.3902407407407408,True,False
1735,26,20.74,0.38988888888888884,True,False
1736,29,20.709999999999997,0.389537037037037,True,False
1737,34,20.659999999999997,0.3891851851851852,True,False
1738,44,20.56,0.38883333333333336,True,False
1739,22,20.779999999999998,0.38848148148148154,True,False
1740,29,20.709999999999997,0.3881296296296297,True,False
1741,32,20.68,0.3877777777777778,True,False
1742,24,20.759999999999998,0.38742592592592595,True,False
1743,30,20.7,0.3870740740740741,True,False
1744,24,20.759999999999998,0.3867222222222223,True,False
1745,34,20.659999999999997,0.3863703703703705,True,False
1746,29,20.709999999999997,0.38601851851851854,True,False
1747,28,20.72,0.3856666666666667,True,False
1748,32,20.68,0.3853148148148148,True,False
1749,28,20.72,0.38496296296296295,True,False
1750,27,20.729999999999997,0.3846111111111111,True,False
1751,25,20.75,0.3842592592592593,True,False
1752,38,20.619999999999997,0.3839074074074075,True,False
1753,25,20.75,0.38355555555555565,True,False
1754,22,20.779999999999998,0.3832037037037037,True,False
1755,27,20.729999999999997,0.3828518518518519,True,False
1756,34,20.659999999999997,0.38250000000000006,True,False
1757,32,20.68,0.3821481481481481,True,False
1758,28,20.72,0.3817962962962963,True,False
1759,27,20.729999999999997,0.3814444444444445,True,False
1760,21,20.79,0.38109259259259265,True,False
1761,20,20.799999999999997,0.3807407407407407,True,False
1762,31,20.689999999999998,0.3803888888888889,True,False
1763,35,20.65,0.38003703703703706,True,False
1764,20,20.799999999999997,0.37968518518518524,True,False
1765,38,20.619999999999997,0.3793333333333334,True,False
1766,22,20.779999999999998,0.3789814814814816,True,False
1767,28,20.72,0.37862962962962965,True,False
1768,26,20.74,0.3782777777777777,True,False
1769,36,20.639999999999997,0.3779259259259259,True,False
1770,26,20.74,0.37757407407407406,True,False
1771,24,20.759999999999998,0.37722222222222224,True,False
1772,23,20.77,0.3768703703703704,True,False
1773,32,20.68,0.3765185185185186,True,False
1774,18,20.819999999999997,0.37616666666666676,True,False
1775,37,20.63,0.3758148148148148,True,False
1776,36,20.639999999999997,0.375462962962963,True,False
1777,34,20.659999999999997,0.3751111111111112,True,False
1778,32,20.68,0.37475925925925924,True,False
1779,34,20.659999999999997,0.3744074074074074,True,False
1780,24,20.759999999999998,0.3740555555555556,True,False
1781,18,20.819999999999997,0.37370370370370376,True,False
1782,22,20.779999999999998,0.3733518518518518,True,False
1783,34,20.659999999999997,0.373,True,False
1784,25,20.75,0.3726481481481482,True,False
1785,35,20.65,0.37229629629629635,True,False
1786,36,20.639999999999997,0.3719444444444445,True,False
1787,26,20.74,0.3715925925925927,True,False
1788,23,20.77,0.37124074074074087,True,False
1789,30,20.7,0.3708888888888888,True,False
1790,36,20.639999999999997,0.370537037037037,True,False
1791,28,20.72,0.3701851851851852,True,False
1792,30,20.7,0.36983333333333335,True,False
1793,24,20.759999999999998,0.3694814814814815,True,False
1794,26,20.74,0.3691296296296297,True,False
1795,26,20.74,0.36877777777777787,True,False
1796,30,20.7,0.36842592592592593,True,False
1797,23,20.77,0.3680740740740741,True,False
1798,29,20.709999999999997,0.3677222222222223,True,False
1799,27,20.729999999999997,0.36737037037037046,True,False
1800,24,20.759999999999998,0.3670185185185185,True,False
1801,33,20.669999999999998,0.3666666666666667,True,False
1802,34,20.659999999999997,0.36631481481481487,True,False
1803,28,20.72,0.36596296296296293,True,False
1804,22,20.779999999999998,0.3656111111111111,True,False
1805,23,20.77,0.3652592592592593,True,False
1806,35,20.65,0.36490740740740746,True,False
1807,33,20.669999999999998,0.36455555555555563,True,False
1808,27,20.729999999999997,0.3642037037037038,True,False
1809,26,20.74,0.363851851851852,True,False
1810,22,20.779999999999998,0.36350000000000005,True,False
1811,36,20.639999999999997,0.3631481481481481,True,False
1812,29,20.709999999999997,0.3627962962962963,True,False
1813,36,20.639999999999997,0.36244444444444446,True,False
1814,28,20.72,0.36209259259259263,True,False
1815,23,20.77,0.3617407407407408,True,False
1816,30,20.7,0.36138888888888887,True,False
1817,22,20.779999999999998,0.36103703703703705,True,False
1818,28,20.72,0.3606851851851852,True,False
1819,31,20.689999999999998,0.3603333333333334,True,False
1820,20,20.799999999999997,0.35998148148148157,True,False
1821,34,20.659999999999997,0.35962962962962963,True,False
1822,27,20.729999999999997,0.3592777777777778,True,False
1823,30,20.7,0.35892592592592587,True,False
1824,32,20.68,0.35857407407407405,True,False
1825,25,20.75,0.3582222222222222,True,False
1826,28,20.72,0.3578703703703704,True,False
1827,26,20.74,0.35751851851851857,True,False
1828,25,20.75,0.35716666666666674,True,False
1829,22,20.779999999999998,0.3568148148148149,True,False
1830,46,20.54,0.356462962962963,True,False
1831,27,20.729999999999997,0.35611111111111116,True,False
1832,33,20.669999999999998,0.3557592592592592,True,False
1833,22,20.779999999999998,0.3554074074074074,True,False
1834,32,20.68,0.35505555555555557,True,False
1835,30,20.7,0.35470370370370374,True,False
1836,24,20.759999999999998,0.3543518518518519,True,False
1837,21,20.79,0.354,True,False
1838,29,20.709999999999997,0.35364814814814816,True,False
1839,38,20.619999999999997,0.35329629629629633,True,False
1840,22,20.779999999999998,0.3529444444444445,True,False
1841,28,20.72,0.3525925925925927,True,False
1842,34,20.659999999999997,0.35224074074074085,True,False
1843,32,20.68,0.3518888888888889,True,False
1844,22,20.779999999999998,0.351537037037037,True,False
1845,47,20.529999999999998,0.35118518518518516,True,False
1846,30,20.7,0.35083333333333333,True,False
1847,43,20.569999999999997,0.3504814814814815,True,False
1848,39,20.61,0.3501296296296297,True,False
1849,39,20.61,0.34977777777777785,True,False
1850,20,20.799999999999997,0.34942592592592603,True,False
1851,22,20.779999999999998,0.3490740740740741,True,False
1852,36,20.639999999999997,0.34872222222222227,True,False
1853,36,20.639999999999997,0.34837037037037044,True,False
1854,28,20.72,0.3480185185185185,True,False
1855,24,20.759999999999998,0.3476666666666667,True,False
1856,29,20.709999999999997,0.34731481481481485,True,False
1857,22,20.779999999999998,0.34696296296296303,True,False
1858,28,20.72,0.3466111111111111,True,False
1859,28,20.72,0.34625925925925927,True,False
1860,26,20.74,0.34590740740740744,True,False
1861,24,20.759999999999998,0.3455555555555556,True,False
1862,30,20.7,0.3452037037037038,True,False
1863,34,20.659999999999997,0.34485185185185196,True,False
1864,24,20.759999999999998,0.34450000000000003,True,False
1865,24,20.759999999999998,0.3441481481481481,True,False
1866,24,20.759999999999998,0.34379629629629627,True,False
1867,36,20.639999999999997,0.34344444444444444,True,False
1868,32,20.68,0.3430925925925926,True,False
1869,23,20.77,0.3427407407407408,True,False
1870,20,20.799999999999997,0.34238888888888896,True,False
1871,27,20.729999999999997,0.34203703703703714,True,False
1872,26,20.74,0.3416851851851852,True,False
1873,27,20.729999999999997,0.3413333333333334,True,False
1874,27,20.729999999999997,0.34098148148148155,True,False
1875,20,20.799999999999997,0.3406296296296296,True,False
1876,61,20.389999999999997,0.3402777777777778,True,False
1877,30,20.7,0.33992592592592596,True,False
1878,22,20.779999999999998,0.33957407407407403,True,False
1879,30,20.7,0.3392222222222222,True,False
1880,36,20.639999999999997,0.3388703703703704,True,False
1881,32,20.68,0.33851851851851855,True,False
1882,29,20.709999999999997,0.3381666666666667,True,False
1883,42,20.58,0.3378148148148149,True,False
1884,23,20.77,0.3374629629629631,True,False
1885,29,20.709999999999997,0.33711111111111114,True,False
1886,39,20.61,0.3367592592592592,True,False
1887,23,20.77,0.3364074074074074,True,False
1888,23,20.77,0.33605555555555555,True,False
1889,28,20.72,0.3357037037037037,True,False
1890,23,20.77,0.3353518518518519,True,False
1891,29,20.709999999999997,0.3350000000000001,True,False
1892,23,20.77,0.33464814814814814,True,False
1893,20,20.799999999999997,0.3342962962962963,True,False
1894,34,20.659999999999997,0.3339444444444445,True,False
1895,30,20.7,0.33359259259259266,True,False
1896,28,20.72,0.33324074074074084,True,False
1897,33,20.669999999999998,0.3328888888888889,True,False
1898,33,20.669999999999998,0.3325370370370371,True,False
1899,24,20.759999999999998,0.33218518518518514,True,False
1900,26,20.74,0.3318333333333333,True,False
1901,24,20.759999999999998,0.3314814814814815,True,False
1902,28,20.72,0.33112962962962966,True,False
1903,21,20.79,0.33077777777777784,True,False
1904,32,20.68,0.330425925925926,True,False
1905,27,20.729999999999997,0.3300740740740742,True,False
1906,27,20.729999999999997,0.32972222222222225,True,False
1907,24,20.759999999999998,0.3293703703703704,True,False
1908,24,20.759999999999998,0.3290185185185185,True,False
1909,30,20.7,0.32866666666666666,True,False
1910,26,20.74,0.32831481481481484,True,False
1911,39,20.61,0.327962962962963,True,False
1912,20,20.799999999999997,0.3276111111111112,True,False
1913,24,20.759999999999998,0.32725925925925925,True,False
1914,26,20.74,0.3269074074074074,True,False
1915,31,20.689999999999998,0.3265555555555556,True,False
1916,24,20.759999999999998,0.3262037037037038,True,False
1917,30,20.7,0.32585185185185195,True,False
1918,27,20.729999999999997,0.3255,True,False
1919,26,20.74,0.3251481481481482,True,False
1920,22,20.779999999999998,0.32479629629629625,True,False
1921,29,20.709999999999997,0.3244444444444444,True,False
1922,28,20.72,0.3240925925925926,True,False
1923,25,20.75,0.3237407407407408,True,False
1924,22,20.779999999999998,0.32338888888888895,True,False
1925,48,20.52,0.3230370370370371,True,False
1926,22,20.779999999999998,0.3226851851851853,True,False
1927,18,20.819999999999997,0.32233333333333336,True,False
1928,32,20.68,0.32198148148148154,True,False
1929,18,20.819999999999997,0.3216296296296296,True,False
1930,35,20.65,0.3212777777777778,True,False
1931,30,20.7,0.32092592592592595,True,False
1932,24,20.759999999999998,0.3205740740740741,True,False
1933,24,20.759999999999998,0.3202222222222223,True,False
1934,28,20.72,0.31987037037037036,True,False
1935,19,20.81,0.31951851851851854,True,False
1936,25,20.75,0.3191666666666667,True,False
1937,18,20.819999999999997,0.3188148148148149,True,False
1938,22,20.779999999999998,0.31846296296296306,True,False
1939,28,20.72,0.31811111111111123,True,False
1940,25,20.75,0.3177592592592592,True,False
1941,24,20.759999999999998,0.31740740740740736,True,False
1942,34,20.659999999999997,0.31705555555555553,True,False
1943,19,20.81,0.3167037037037037,True,False
1944,30,20.7,0.3163518518518519,True,False
1945,30,20.7,0.31600000000000006,True,False
1946,22,20.779999999999998,0.31564814814814823,True,False
1947,23,20.77,0.3152962962962963,True,False
1948,23,20.77,0.31494444444444447,True,False
1949,38,20.619999999999997,0.31459259259259265,True,False
1950,25,20.75,0.3142407407407408,True,False
1951,34,20.659999999999997,0.3138888888888889,True,False
1952,20,20.799999999999997,0.31353703703703706,True,False
1953,22,20.779999999999998,0.31318518518518523,True,False
1954,48,20.52,0.3128333333333333,True,False
1955,28,20.72,0.31248148148148147,True,False
1956,34,20.659999999999997,0.31212962962962965,True,False
1957,28,20.72,0.3117777777777778,True,False
1958,33,20.669999999999998,0.311425925925926,True,False
1959,22,20.779999999999998,0.31107407407407417,True,False
1960,28,20.72,0.31072222222222234,True,False
1961,22,20.779999999999998,0.3103703703703704,True,False
1962,26,20.74,0.31001851851851847,True,False
1963,18,20.819999999999997,0.30966666666666665,True,False
1964,22,20.779999999999998,0.3093148148148148,True,False
1965,26,20.74,0.308962962962963,True,False
1966,26,20.74,0.30861111111111117,True,False
1967,23,20.77,0.30825925925925934,True,False
1968,31,20.689999999999998,0.3079074074074074,True,False
1969,23,20.77,0.3075555555555556,True,False
1970,33,20.669999999999998,0.30720370370370376,True,False
1971,20,20.799999999999997,0.30685185185185193,True,False
1972,29,20.709999999999997,0.3065,True,False
1973,25,20.75,0.30614814814814817,True,False
1974,24,20.759999999999998,0.30579629629629634,True,False
1975,20,20.799999999999997,0.3054444444444444,True,False
1976,32,20.68,0.3050925925925926,True,False
1977,29,20.709999999999997,0.30474074074074076,True,False
1978,22,20.779999999999998,0.30438888888888893,True,False
1979,29,20.709999999999997,0.3040370370370371,True,False
1980,18,20.819999999999997,0.3036851851851853,True,False
1981,20,20.799999999999997,0.30333333333333345,True,False
1982,22,20.779999999999998,0.3029814814814815,True,False
1983,21,20.79,0.3026296296296296,True,False
1984,34,20.659999999999997,0.30227777777777776,True,False
1985,22,20.779999999999998,0.30192592592592593,True,False
1986,27,20.729999999999997,0.3015740740740741,True,False
1987,22,20.779999999999998,0.3012222222222223,True,False
1988,30,20.7,0.30087037037037045,True,False
1989,24,20.759999999999998,0.3005185185185185,True,False
1990,31,20.689999999999998,0.3001666666666667,True,False
1991,23,20.77,0.29981481481481487,True,False
1992,35,20.65,0.29946296296296304,True,False
1993,29,20.709999999999997,0.2991111111111112,True,False
1994,22,20.779999999999998,0.2987592592592593,True,False
1995,26,20.74,0.29840740740740745,True,False
1996,26,20.74,0.2980555555555555,True,False
1997,21,20.79,0.2977037037037037,True,False
1998,31,20.689999999999998,0.29735185185185187,True,False
1999,25,20.75,0.29700000000000004,True,False
2000,33,20.669999999999998,0.2966481481481482,True,False
2001,33,20.669999999999998,0.2962962962962964,True,False
2002,28,20.72,0.29594444444444445,True,False
2003,21,20.79,0.29559259259259263,True,False
2004,28,20.72,0.2952407407407408,True,False
2005,23,20.77,0.29488888888888887,True,False
2006,20,20.799999999999997,0.29453703703703704,True,False
2007,26,20.74,0.2941851851851852,True,False
2008,20,20.799999999999997,0.2938333333333334,True,False
2009,24,20.759999999999998,0.29348148148148145,True,False
2010,26,20.74,0.29312962962962963,True,False
2011,22,20.779999999999998,0.2927777777777778,True,False
2012,30,20.7,0.292425925925926,True,False
2013,36,20.639999999999997,0.29207407407407415,True,False
2014,25,20.75,0.2917222222222223,True,False
2015,22,20.779999999999998,0.2913703703703704,True,False
2016,26,20.74,0.29101851851851845,True,False
2017,21,20.79,0.29066666666666663,True,False
2018,29,20.709999999999997,0.2903148148148148,True,False
2019,37,20.63,0.289962962962963,True,False
2020,18,20.819999999999997,0.28961111111111115,True,False
2021,30,20.7,0.2892592592592593,True,False
2022,22,20.779999999999998,0.2889074074074075,True,False
2023,26,20.74,0.28855555555555557,True,False
2024,24,20.759999999999998,0.28820370370370374,True,False
2025,20,20.799999999999997,0.2878518518518519,True,False
2026,24,20.759999999999998,0.2875000000000001,True,False
2027,30,20.7,0.28714814814814815,True,False
2028,29,20.709999999999997,0.2867962962962963,True,False
2029,20,20.799999999999997,0.2864444444444445,True,False
2030,19,20.81,0.28609259259259257,True,False
2031,22,20.779999999999998,0.28574074074074074,True,False
2032,18,20.819999999999997,0.2853888888888889,True,False
2033,20,20.799999999999997,0.2850370370370371,True,False
2034,20,20.799999999999997,0.28468518518518526,True,False
2035,28,20.72,0.28433333333333344,True,False
2036,23,20.77,0.2839814814814816,True,False
2037,20,20.799999999999997,0.2836296296296297,True,False
2038,32,20.68,0.28327777777777774,True,False
2039,26,20.74,0.2829259259259259,True,False
2040,20,20.799999999999997,0.2825740740740741,True,False
2041,24,20.759999999999998,0.28222222222222226,True,False
2042,23,20.77,0.28187037037037044,True,False
2043,27,20.729999999999997,0.2815185185185186,True,False
2044,26,20.74,0.2811666666666667,True,False
2045,24,20.759999999999998,0.28081481481481485,True,False
2046,26,20.74,0.280462962962963,True,False
2047,26,20.74,0.2801111111111112,True,False
2048,22,20.779999999999998,0.27975925925925926,True,False
2049,26,20.74,0.27940740740740744,True,False
2050,18,20.819999999999997,0.2790555555555556,True,False
2051,27,20.729999999999997,0.2787037037037037,True,False
2052,18,20.819999999999997,0.27835185185185185,True,False
2053,27,20.729999999999997,0.278,True,False
2054,22,20.779999999999998,0.2776481481481482,True,False
2055,30,20.7,0.2772962962962964,True,False
2056,31,20.689999999999998,0.27694444444444455,True,False
2057,22,20.779999999999998,0.2765925925925926,True,False
2058,22,20.779999999999998,0.2762407407407408,True,False
2059,23,20.77,0.27588888888888885,True,False
2060,24,20.759999999999998,0.275537037037037,True,False
2061,33,20.669999999999998,0.2751851851851852,True,False
2062,23,20.77,0.2748333333333334,True,False
2063,22,20.779999999999998,0.27448148148148155,True,False
2064,20,20.799999999999997,0.2741296296296296,True,False
2065,20,20.799999999999997,0.2737777777777778,True,False
2066,26,20.74,0.27342592592592596,True,False
2067,26,20.74,0.27307407407407414,True,False
2068,24,20.759999999999998,0.2727222222222223,True,False
2069,20,20.799999999999997,0.2723703703703705,True,False
2070,23,20.77,0.27201851851851855,True,False
2071,40,20.599999999999998,0.2716666666666666,True,False
2072,18,20.819999999999997,0.2713148148148148,True,False
2073,28,20.72,0.27096296296296296,True,False
2074,27,20.729999999999997,0.27061111111111114,True,False
2075,24,20.759999999999998,0.2702592592592593,True,False
2076,28,20.72,0.2699074074074075,True,False
2077,18,20.819999999999997,0.26955555555555566,True,False
2078,18,20.819999999999997,0.2692037037037037,True,False
2079,21,20.79,0.2688518518518519,True,False
2080,25,20.75,0.26850000000000007,True,False
2081,30,20.7,0.26814814814814814,True,False
2082,26,20.74,0.2677962962962963,True,False
2083,18,20.819999999999997,0.2674444444444445,True,False
2084,28,20.72,0.26709259259259266,True,False
2085,26,20.74,0.2667407407407407,True,False
2086,26,20.74,0.2663888888888889,True,False
2087,24,20.759999999999998,0.26603703703703707,True,False
2088,20,20.799999999999997,0.26568518518518525,True,False
2089,21,20.79,0.2653333333333334,True,False
2090,28,20.72,0.2649814814814816,True,False
2091,25,20.75,0.26462962962962966,True,False
2092,28,20.72,0.2642777777777777,True,False
2093,24,20.759999999999998,0.2639259259259259,True,False
2094,28,20.72,0.26357407407407407,True,False
2095,19,20.81,0.26322222222222225,True,False
2096,22,20.779999999999998,0.2628703703703704,True,False
2097,26,20.74,0.2625185185185186,True,False
2098,22,20.779999999999998,0.26216666666666677,True,False
2099,21,20.79,0.26181481481481483,True,False
2100,26,20.74,0.261462962962963,True,False
2101,20,20.799999999999997,0.2611111111111112,True,False
2102,29,20.709999999999997,0.26075925925925925,True,False
2103,28,20.72,0.2604074074074074,True,False
2104,32,20.68,0.2600555555555556,True,False
2105,25,20.75,0.25970370370370377,True,False
2106,21,20.79,0.25935185185185183,True,False
2107,29,20.709999999999997,0.259,True,False
2108,26,20.74,0.2586481481481482,True,False
2109,23,20.77,0.25829629629629636,True,False
2110,28,20.72,0.25794444444444453,True,False
2111,26,20.74,0.2575925925925927,True,False
2112,18,20.819999999999997,0.2572407407407409,True,False
2113,37,20.63,0.25688888888888883,True,False
2114,28,20.72,0.256537037037037,True,False
2115,21,20.79,0.2561851851851852,True,False
2116,24,20.759999999999998,0.25583333333333336,True,False
2117,21,20.79,0.25548148148148153,True,False
2118,24,20.759999999999998,0.2551296296296297,True,False
2119,25,20.75,0.25477777777777777,True,False
2120,27,20.729999999999997,0.25442592592592594,True,False
2121,21,20.79,0.2540740740740741,True,False
2122,27,20.729999999999997,0.2537222222222223,True,False
2123,29,20.709999999999997,0.25337037037037047,True,False
2124,20,20.799999999999997,0.25301851851851853,True,False
2125,23,20.77,0.2526666666666667,True,False
2126,22,20.779999999999998,0.25231481481481477,True,False
2127,24,20.759999999999998,0.25196296296296294,True,False
2128,32,20.68,0.2516111111111111,True,False
2129,24,20.759999999999998,0.2512592592592593,True,False
2130,22,20.779999999999998,0.25090740740740747,True,False
2131,30,20.7,0.25055555555555564,True,False
2132,20,20.799999999999997,0.2502037037037038,True,False
2133,18,20.819999999999997,0.24985185185185188,True,False
2134,31,20.689999999999998,0.24950000000000006,True,False
2135,24,20.759999999999998,0.24914814814814812,True,False
2136,26,20.74,0.2487962962962963,True,False
2137,26,20.74,0.24844444444444447,True,False
2138,27,20.729999999999997,0.24809259259259264,True,False
2139,18,20.819999999999997,0.24774074074074082,True,False
2140,34,20.659999999999997,0.24738888888888888,True,False
2141,20,20.799999999999997,0.24703703703703705,True,False
2142,25,20.75,0.24668518518518523,True,False
2143,18,20.819999999999997,0.2463333333333334,True,False
2144,26,20.74,0.24598148148148158,True,False
2145,20,20.799999999999997,0.24562962962962964,True,False
2146,26,20.74,0.24527777777777782,True,False
2147,23,20.77,0.24492592592592588,True,False
2148,22,20.779999999999998,0.24457407407407405,True,False
2149,19,20.81,0.24422222222222223,True,False
2150,18,20.819999999999997,0.2438703703703704,True,False
2151,22,20.779999999999998,0.24351851851851858,True,False
2152,31,20.689999999999998,0.24316666666666675,True,False
2153,22,20.779999999999998,0.24281481481481493,True,False
2154,21,20.79,0.242462962962963,True,False
2155,24,20.759999999999998,0.24211111111111117,True,False
2156,18,20.819999999999997,0.24175925925925923,True,False
2157,27,20.729999999999997,0.2414074074074074,True,False
2158,24,20.759999999999998,0.24105555555555558,True,False
2159,19,20.81,0.24070370370370375,True,False
2160,22,20.779999999999998,0.24035185185185193,True,False
2161,20,20.799999999999997,0.24,True,False
2162,24,20.759999999999998,0.23964814814814817,True,False
2163,18,20.819999999999997,0.23929629629629634,True,False
2164,32,20.68,0.23894444444444451,True,False
2165,22,20.779999999999998,0.2385925925925927,True,False
2166,21,20.79,0.23824074074074086,True,False
2167,24,20.759999999999998,0.23788888888888893,True,False
2168,20,20.799999999999997,0.237537037037037,True,False
2169,22,20.779999999999998,0.23718518518518517,True,False
2170,30,20.7,0.23683333333333334,True,False
2171,20,20.799999999999997,0.23648148148148151,True,False
2172,18,20.819999999999997,0.2361296296296297,True,False
2173,18,20.819999999999997,0.23577777777777786,True,False
2174,18,20.819999999999997,0.23542592592592604,True,False
2175,24,20.759999999999998,0.2350740740740741,True,False
2176,22,20.779999999999998,0.23472222222222228,True,False
2177,18,20.819999999999997,0.23437037037037045,True,False
2178,19,20.81,0.23401851851851851,True,False
2179,21,20.79,0.2336666666666667,True,False
2180,22,20.779999999999998,0.23331481481481486,True,False
2181,26,20.74,0.23296296296296293,True,False
2182,22,20.779999999999998,0.2326111111111111,True,False
2183,20,20.799999999999997,0.23225925925925928,True,False
2184,27,20.729999999999997,0.23190740740740745,True,False
2185,28,20.72,0.23155555555555563,True,False
2186,23,20.77,0.2312037037037038,True,False
2187,18,20.819999999999997,0.23085185185185197,True,False
2188,31,20.689999999999998,0.23050000000000004,True,False
2189,19,20.81,0.2301481481481481,True,False
2190,19,20.81,0.22979629629629628,True,False
2191,18,20.819999999999997,0.22944444444444445,True,False
2192,22,20.779999999999998,0.22909259259259263,True,False
2193,21,20.79,0.2287407407407408,True,False
2194,22,20.779999999999998,0.22838888888888897,True,False
2195,24,20.759999999999998,0.22803703703703704,True,False
2196,22,20.779999999999998,0.2276851851851852,True,False
2197,22,20.779999999999998,0.2273333333333334,True,False
2198,24,20.759999999999998,0.22698148148148156,True,False
2199,26,20.74,0.22662962962962963,True,False
2200,24,20.759999999999998,0.2262777777777778,True,False
2201,26,20.74,0.22592592592592597,True,False
2202,22,20.779999999999998,0.22557407407407404,True,False
2203,20,20.799999999999997,0.2252222222222222,True,False
2204,30,20.7,0.2248703703703704,True,False
2205,26,20.74,0.22451851851851856,True,False
2206,30,20.7,0.22416666666666674,True,False
2207,24,20.759999999999998,0.2238148148148149,True,False
2208,26,20.74,0.22346296296296309,True,False
2209,22,20.779999999999998,0.22311111111111115,True,False
2210,27,20.729999999999997,0.2227592592592592,True,False
2211,20,20.799999999999997,0.2224074074074074,True,False
2212,29,20.709999999999997,0.22205555555555556,True,False
2213,25,20.75,0.22170370370370374,True,False
2214,23,20.77,0.2213518518518519,True,False
2215,23,20.77,0.22100000000000009,True,False
2216,24,20.759999999999998,0.22064814814814815,True,False
2217,22,20.779999999999998,0.22029629629629632,True,False
2218,20,20.799999999999997,0.2199444444444445,True,False
2219,18,20.819999999999997,0.21959259259259267,True,False
2220,18,20.819999999999997,0.21924074074074085,True,False
2221,28,20.72,0.2188888888888889,True,False
2222,25,20.75,0.21853703703703709,True,False
2223,21,20.79,0.21818518518518515,True,False
2224,22,20.779999999999998,0.21783333333333332,True,False
2225,22,20.779999999999998,0.2174814814814815,True,False
2226,23,20.77,0.21712962962962967,True,False
2227,22,20.779999999999998,0.21677777777777785,True,False
2228,30,20.7,0.21642592592592602,True,False
2229,20,20.799999999999997,0.2160740740740742,True,False
2230,22,20.779999999999998,0.21572222222222226,True,False
2231,18,20.819999999999997,0.21537037037037043,True,False
2232,28,20.72,0.2150185185185185,True,False
2233,20,20.799999999999997,0.21466666666666667,True,False
2234,22,20.779999999999998,0.21431481481481485,True,False
2235,22,20.779999999999998,0.21396296296296302,True,False
2236,26,20.74,0.2136111111111112,True,False
2237,20,20.799999999999997,0.21325925925925926,True,False
2238,18,20.819999999999997,0.21290740740740743,True,False
2239,30,20.7,0.2125555555555556,True,False
2240,18,20.819999999999997,0.21220370370370378,True,False
2241,28,20.72,0.21185185185185196,True,False
2242,22,20.779999999999998,0.21150000000000002,True,False
2243,22,20.779999999999998,0.21114814814814808,True,False
2244,26,20.74,0.21079629629629626,True,False
2245,21,20.79,0.21044444444444443,True,False
2246,30,20.7,0.2100925925925926,True,False
2247,19,20.81,0.20974074074074078,True,False
2248,22,20.779999999999998,0.20938888888888896,True,False
2249,28,20.72,0.20903703703703713,True,False
2250,26,20.74,0.2086851851851852,True,False
2251,19,20.81,0.20833333333333337,True,False
2252,23,20.77,0.20798148148148154,True,False
2253,20,20.799999999999997,0.2076296296296296,True,False
2254,24,20.759999999999998,0.20727777777777778,True,False
2255,19,20.81,0.20692592592592596,True,False
2256,20,20.799999999999997,0.20657407407407413,True,False
2257,26,20.74,0.2062222222222222,True,False
2258,26,20.74,0.20587037037037037,True,False
2259,21,20.79,0.20551851851851854,True,False
2260,18,20.819999999999997,0.20516666666666672,True,False
2261,22,20.779999999999998,0.2048148148148149,True,False
2262,24,20.759999999999998,0.20446296296296307,True,False
2263,25,20.75,0.20411111111111124,True,False
2264,27,20.729999999999997,0.2037592592592592,True,False
2265,24,20.759999999999998,0.20340740740740737,True,False
2266,20,20.799999999999997,0.20305555555555554,True,False
2267,24,20.759999999999998,0.20270370370370372,True,False
2268,24,20.759999999999998,0.2023518518518519,True,False
2269,21,20.79,0.20200000000000007,True,False
2270,20,20.799999999999997,0.20164814814814824,True,False
2271,26,20.74,0.2012962962962963,True,False
2272,24,20.759999999999998,0.20094444444444448,True,False
2273,22,20.779999999999998,0.20059259259259266,True,False
2274,22,20.779999999999998,0.20024074074074083,True,False
2275,26,20.74,0.1998888888888889,True,False
2276,20,20.799999999999997,0.19953703703703707,True,False
2277,23,20.77,0.19918518518518524,True,False
2278,24,20.759999999999998,0.1988333333333333,True,False
2279,18,20.819999999999997,0.19848148148148148,True,False
2280,26,20.74,0.19812962962962966,True,False
2281,20,20.799999999999997,0.19777777777777783,True,False
2282,26,20.74,0.197425925925926,True,False
2283,20,20.799999999999997,0.19707407407407418,True,False
2284,18,20.819999999999997,0.19672222222222235,True,False
2285,32,20.68,0.19637037037037042,True,False
2286,20,20.799999999999997,0.19601851851851848,True,False
2287,26,20.74,0.19566666666666666,True,False
2288,22,20.779999999999998,0.19531481481481483,True,False
2289,22,20.779999999999998,0.194962962962963,True,False
2290,19,20.81,0.19461111111111118,True,False
2291,36,20.639999999999997,0.19425925925925935,True,False
2292,18,20.819999999999997,0.19390740740740742,True,False
2293,20,20.799999999999997,0.1935555555555556,True,False
2294,20,20.799999999999997,0.19320370370370377,True,False
2295,18,20.819999999999997,0.19285185185185194,True,False
2296,20,20.799999999999997,0.1925,True,False
2297,33,20.669999999999998,0.19214814814814818,True,False
2298,22,20.779999999999998,0.19179629629629635,True,False
2299,26,20.74,0.19144444444444442,True,False
2300,22,20.779999999999998,0.1910925925925926,True,False
2301,25,20.75,0.19074074074074077,True,False
2302,19,20.81,0.19038888888888894,True,False
2303,20,20.799999999999997,0.19003703703703712,True,False
2304,28,20.72,0.1896851851851853,True,False
2305,18,20.819999999999997,0.18933333333333335,True,False
2306,18,20.819999999999997,0.18898148148148153,True,False
2307,19,20.81,0.1886296296296296,True,False
2308,26,20.74,0.18827777777777777,True,False
2309,20,20.799999999999997,0.18792592592592594,True,False
2310,20,20.799999999999997,0.18757407407407412,True,False
2311,22,20.779999999999998,0.1872222222222223,True,False
2312,20,20.799999999999997,0.18687037037037035,True,False
2313,18,20.819999999999997,0.18651851851851853,True,False
2314,21,20.79,0.1861666666666667,True,False
2315,18,20.819999999999997,0.18581481481481488,True,False
2316,20,20.799999999999997,0.18546296296296305,True,False
2317,24,20.759999999999998,0.18511111111111123,True,False
2318,23,20.77,0.1847592592592593,True,False
2319,18,20.819999999999997,0.18440740740740735,True,False
2320,24,20.759999999999998,0.18405555555555553,True,False
2321,26,20.74,0.1837037037037037,True,False
2322,22,20.779999999999998,0.18335185185185188,True,False
2323,26,20.74,0.18300000000000005,True,False
2324,22,20.779999999999998,0.18264814814814823,True,False
2325,20,20.799999999999997,0.1822962962962964,True,False
2326,20,20.799999999999997,0.18194444444444446,True,False
2327,24,20.759999999999998,0.18159259259259264,True,False
2328,22,20.779999999999998,0.1812407407407408,True,False
2329,20,20.799999999999997,0.18088888888888888,True,False
2330,18,20.819999999999997,0.18053703703703705,True,False
2331,20,20.799999999999997,0.18018518518518523,True,False
2332,25,20.75,0.1798333333333334,True,False
2333,20,20.799999999999997,0.17948148148148146,True,False
2334,23,20.77,0.17912962962962964,True,False
2335,22,20.779999999999998,0.1787777777777778,True,False
2336,18,20.819999999999997,0.178425925925926,True,False
2337,26,20.74,0.17807407407407416,True,False
2338,26,20.74,0.17772222222222234,True,False
2339,22,20.779999999999998,0.1773703703703704,True,False
2340,21,20.79,0.17701851851851846,True,False
2341,20,20.799999999999997,0.17666666666666664,True,False
2342,18,20.819999999999997,0.1763148148148148,True,False
2343,22,20.779999999999998,0.175962962962963,True,False
2344,22,20.779999999999998,0.17561111111111116,True,False
2345,24,20.759999999999998,0.17525925925925934,True,False
2346,21,20.79,0.1749074074074075,True,False
2347,19,20.81,0.17455555555555557,True,False
2348,20,20.799999999999997,0.17420370370370375,True,False
2349,24,20.759999999999998,0.17385185185185192,True,False
2350,23,20.77,0.1735,True,False
2351,26,20.74,0.17314814814814816,True,False
2352,20,20.799999999999997,0.17279629629629634,True,False
2353,18,20.819999999999997,0.1724444444444445,True,False
2354,18,20.819999999999997,0.17209259259259257,True,False
2355,22,20.779999999999998,0.17174074074074075,True,False
2356,27,20.729999999999997,0.17138888888888892,True,False
2357,34,20.659999999999997,0.1710370370370371,True,False
2358,20,20.799999999999997,0.17068518518518527,True,False
2359,24,20.759999999999998,0.17033333333333345,True,False
2360,20,20.799999999999997,0.16998148148148162,True,False
2361,21,20.79,0.16962962962962957,True,False
2362,20,20.799999999999997,0.16927777777777775,True,False
2363,22,20.779999999999998,0.16892592592592592,True,False
2364,18,20.819999999999997,0.1685740740740741,True,False
2365,21,20.79,0.16822222222222227,True,False
2366,23,20.77,0.16787037037037045,True,False
2367,20,20.799999999999997,0.1675185185185185,True,False
2368,22,20.779999999999998,0.16716666666666669,True,False
2369,30,20.7,0.16681481481481486,True,False
2370,18,20.819999999999997,0.16646296296296303,True,False
2371,24,20.759999999999998,0.1661111111111112,True,False
2372,20,20.799999999999997,0.16575925925925927,True,False
2373,21,20.79,0.16540740740740745,True,False
2374,21,20.79,0.1650555555555555,True,False
2375,22,20.779999999999998,0.16470370370370369,True,False
2376,24,20.759999999999998,0.16435185185185186,True,False
2377,21,20.79,0.16400000000000003,True,False
2378,20,20.799999999999997,0.1636481481481482,True,False
2379,20,20.799999999999997,0.16329629629629638,True,False
2380,22,20.779999999999998,0.16294444444444456,True,False
2381,20,20.799999999999997,0.16259259259259262,True,False
2382,22,20.779999999999998,0.1622407407407408,True,False
2383,24,20.759999999999998,0.16188888888888886,True,False
2384,22,20.779999999999998,0.16153703703703703,True,False
2385,19,20.81,0.1611851851851852,True,False
2386,32,20.68,0.16083333333333338,True,False
2387,20,20.799999999999997,0.16048148148148156,True,False
2388,20,20.799999999999997,0.16012962962962962,True,False
2389,20,20.799999999999997,0.1597777777777778,True,False
2390,22,20.779999999999998,0.15942592592592597,True,False
2391,26,20.74,0.15907407407407415,True,False
2392,26,20.74,0.15872222222222232,True,False
2393,20,20.799999999999997,0.1583703703703705,True,False
2394,19,20.81,0.15801851851851856,True,False
2395,22,20.779999999999998,0.15766666666666662,True,False
2396,22,20.779999999999998,0.1573148148148148,True,False
2397,18,20.819999999999997,0.15696296296296297,True,False
2398,22,20.779999999999998,0.15661111111111115,True,False
2399,18,20.819999999999997,0.15625925925925932,True,False
2400,22,20.779999999999998,0.1559074074074075,True,False
2401,18,20.819999999999997,0.15555555555555567,True,False
2402,25,20.75,0.15520370370370373,True,False
2403,18,20.819999999999997,0.1548518518518519,True,False
2404,19,20.81,0.15450000000000008,True,False
2405,21,20.79,0.15414814814814815,True,False
2406,20,20.799999999999997,0.15379629629629632,True,False
2407,28,20.72,0.1534444444444445,True,False
2408,20,20.799999999999997,0.15309259259259267,True,False
2409,20,20.799999999999997,0.15274074074074073,True,False
2410,20,20.799999999999997,0.1523888888888889,True,False
2411,21,20.79,0.15203703703703708,True,False
2412,30,20.7,0.15168518518518526,True,False
2413,18,20.819999999999997,0.15133333333333343,True,False
2414,20,20.799999999999997,0.1509814814814816,True,False
2415,18,20.819999999999997,0.15062962962962967,True,False
2416,19,20.81,0.15027777777777773,True,False
2417,19,20.81,0.1499259259259259,True,False
2418,22,20.779999999999998,0.14957407407407408,True,False
2419,22,20.779999999999998,0.14922222222222226,True,False
2420,18,20.819999999999997,0.14887037037037043,True,False
2421,18,20.819999999999997,0.1485185185185186,True,False
2422,20,20.799999999999997,0.14816666666666678,True,False
2423,18,20.819999999999997,0.14781481481481484,True,False
2424,20,20.799999999999997,0.14746296296296302,True,False
2425,21,20.79,0.1471111111111112,True,False
2426,26,20.74,0.14675925925925926,True,False
2427,18,20.819999999999997,0.14640740740740743,True,False
2428,18,20.819999999999997,0.1460555555555556,True,False
2429,18,20.819999999999997,0.14570370370370367,True,False
2430,20,20.799999999999997,0.14535185185185184,True,False
2431,28,20.72,0.14500000000000002,True,False
2432,22,20.779999999999998,0.1446481481481482,True,False
2433,20,20.799999999999997,0.14429629629629637,True,False
2434,22,20.779999999999998,0.14394444444444454,True,False
2435,21,20.79,0.14359259259259272,True,False
2436,18,20.819999999999997,0.14324074074074078,True,False
2437,24,20.759999999999998,0.14288888888888884,True,False
2438,18,20.819999999999997,0.14253703703703702,True,False
2439,22,20.779999999999998,0.1421851851851852,True,False
2440,22,20.779999999999998,0.14183333333333337,True,False
2441,18,20.819999999999997,0.14148148148148154,True,False
2442,20,20.799999999999997,0.14112962962962972,True,False
2443,18,20.819999999999997,0.14077777777777778,True,False
2444,18,20.819999999999997,0.14042592592592595,True,False
2445,18,20.819999999999997,0.14007407407407413,True,False
2446,23,20.77,0.1397222222222223,True,False
2447,21,20.79,0.13937037037037048,True,False
2448,24,20.759999999999998,0.13901851851851854,True,False
2449,22,20.779999999999998,0.13866666666666672,True,False
2450,23,20.77,0.13831481481481478,True,False
2451,20,20.799999999999997,0.13796296296296295,True,False
2452,20,20.799999999999997,0.13761111111111113,True,False
2453,20,20.799999999999997,0.1372592592592593,True,False
2454,18,20.819999999999997,0.13690740740740748,True,False
2455,22,20.779999999999998,0.13655555555555565,True,False
2456,28,20.72,0.13620370370370383,True,False
2457,26,20.74,0.1358518518518519,True,False
2458,23,20.77,0.13550000000000006,True,False
2459,18,20.819999999999997,0.13514814814814813,True,False
2460,23,20.77,0.1347962962962963,True,False
2461,20,20.799999999999997,0.13444444444444448,True,False
2462,30,20.7,0.13409259259259265,True,False
2463,20,20.799999999999997,0.13374074074074083,True,False
2464,18,20.819999999999997,0.1333888888888889,True,False
2465,26,20.74,0.13303703703703706,True,False
2466,20,20.799999999999997,0.13268518518518524,True,False
2467,24,20.759999999999998,0.1323333333333334,True,False
2468,22,20.779999999999998,0.1319814814814816,True,False
2469,21,20.79,0.13162962962962965,True,False
2470,20,20.799999999999997,0.13127777777777783,True,False
2471,20,20.799999999999997,0.1309259259259259,True,False
2472,18,20.819999999999997,0.13057407407407406,True,False
2473,24,20.759999999999998,0.13022222222222224,True,False
2474,24,20.759999999999998,0.1298703703703704,True,False
2475,21,20.79,0.1295185185185186,True,False
2476,22,20.779999999999998,0.12916666666666676,True,False
2477,18,20.819999999999997,0.12881481481481494,True,False
2478,21,20.79,0.128462962962963,True,False
2479,24,20.759999999999998,0.12811111111111118,True,False
2480,19,20.81,0.12775925925925924,True,False
2481,22,20.779999999999998,0.1274074074074074,True,False
2482,23,20.77,0.1270555555555556,True,False
2483,22,20.779999999999998,0.12670370370370376,True,False
2484,20,20.799999999999997,0.12635185185185194,True,False
2485,18,20.819999999999997,0.126,True,False
2486,20,20.799999999999997,0.12564814814814818,True,False
2487,18,20.819999999999997,0.12529629629629635,True,False
2488,18,20.819999999999997,0.12494444444444452,True,False
2489,20,20.799999999999997,0.1245925925925927,True,False
2490,24,20.759999999999998,0.12424074074074087,True,False
2491,24,20.759999999999998,0.12388888888888883,True,False
2492,20,20.799999999999997,0.123537037037037,True,False
2493,19,20.81,0.12318518518518518,True,False
2494,18,20.819999999999997,0.12283333333333335,True,False
2495,22,20.779999999999998,0.12248148148148152,True,False
2496,20,20.799999999999997,0.1221296296296297,True,False
2497,18,20.819999999999997,0.12177777777777787,True,False
2498,18,20.819999999999997,0.12142592592592594,True,False
2499,20,20.799999999999997,0.12107407407407411,True,False
2500,19,20.81,0.12072222222222229,True,False
2501,18,20.819999999999997,0.12037037037037046,True,False
2502,18,20.819999999999997,0.12001851851851852,True,False
2503,18,20.819999999999997,0.1196666666666667,True,False
2504,22,20.779999999999998,0.11931481481481487,True,False
2505,20,20.799999999999997,0.11896296296296294,True,False
2506,26,20.74,0.11861111111111111,True,False
2507,20,20.799999999999997,0.11825925925925929,True,False
2508,20,20.799999999999997,0.11790740740740746,True,False
2509,20,20.799999999999997,0.11755555555555564,True,False
2510,21,20.79,0.11720370370370381,True,False
2511,20,20.799999999999997,0.11685185185185198,True,False
2512,22,20.779999999999998,0.11650000000000005,True,False
2513,23,20.77,0.11614814814814811,True,False
2514,18,20.819999999999997,0.11579629629629629,True,False
2515,18,20.819999999999997,0.11544444444444446,True,False
2516,18,20.819999999999997,0.11509259259259264,True,False
2517,19,20.81,0.11474074074074081,True,False
2518,20,20.799999999999997,0.11438888888888898,True,False
2519,18,20.819999999999997,0.11403703703703705,True,False
2520,18,20.819999999999997,0.11368518518518522,True,False
2521,19,20.81,0.1133333333333334,True,False
2522,18,20.819999999999997,0.11298148148148157,True,False
2523,20,20.799999999999997,0.11262962962962964,True,False
2524,20,20.799999999999997,0.11227777777777781,True,False
2525,18,20.819999999999997,0.11192592592592598,True,False
2526,21,20.79,0.11157407407407405,True,False
2527,18,20.819999999999997,0.11122222222222222,True,False
2528,22,20.779999999999998,0.1108703703703704,True,False
2529,24,20.759999999999998,0.11051851851851857,True,False
2530,22,20.779999999999998,0.11016666666666675,True,False
2531,18,20.819999999999997,0.10981481481481492,True,False
2532,25,20.75,0.1094629629629631,True,False
2533,24,20.759999999999998,0.10911111111111116,True,False
2534,18,20.819999999999997,0.10875925925925922,True,False
2535,26,20.74,0.1084074074074074,True,False
2536,20,20.799999999999997,0.10805555555555557,True,False
2537,18,20.819999999999997,0.10770370370370375,True,False
2538,20,20.799999999999997,0.10735185185185192,True,False
2539,20,20.799999999999997,0.1070000000000001,True,False
2540,20,20.799999999999997,0.10664814814814816,True,False
2541,22,20.779999999999998,0.10629629629629633,True,False
2542,20,20.799999999999997,0.10594444444444451,True,False
2543,18,20.819999999999997,0.10559259259259268,True,False
2544,20,20.799999999999997,0.10524074074074086,True,False
2545,18,20.819999999999997,0.10488888888888892,True,False
2546,21,20.79,0.1045370370370371,True,False
2547,18,20.819999999999997,0.10418518518518516,True,False
2548,20,20.799999999999997,0.10383333333333333,True,False
2549,26,20.74,0.10348148148148151,True,False
2550,18,20.819999999999997,0.10312962962962968,True,False
2551,23,20.77,0.10277777777777786,True,False
2552,20,20.799999999999997,0.10242592592592603,True,False
2553,24,20.759999999999998,0.1020740740740741,True,False
2554,28,20.72,0.10172222222222227,True,False
2555,18,20.819999999999997,0.10137037037037044,True,False
2556,18,20.819999999999997,0.10101851851851851,True,False
2557,21,20.79,0.10066666666666668,True,False
2558,20,20.799999999999997,0.10031481481481486,True,False
2559,20,20.799999999999997,0.09996296296296303,True,False
2560,18,20.819999999999997,0.0996111111111111,True,False
2561,18,20.819999999999997,0.09925925925925927,True,False
2562,22,20.779999999999998,0.09890740740740744,True,False
2563,20,20.799999999999997,0.09855555555555562,True,False
2564,20,20.799999999999997,0.09820370370370379,True,False
2565,18,20.819999999999997,0.09785185185185197,True,False
2566,20,20.799999999999997,0.09750000000000003,True,False
2567,22,20.779999999999998,0.0971481481481481,True,False
2568,20,20.799999999999997,0.09679629629629627,True,False
2569,18,20.819999999999997,0.09644444444444444,True,False
2570,20,20.799999999999997,0.09609259259259262,True,False
2571,20,20.799999999999997,0.09574074074074079,True,False
2572,18,20.819999999999997,0.09538888888888897,True,False
2573,24,20.759999999999998,0.09503703703703714,True,False
2574,19,20.81,0.0946851851851852,True,False
2575,18,20.819999999999997,0.09433333333333338,True,False
2576,18,20.819999999999997,0.09398148148148155,True,False
2577,18,20.819999999999997,0.09362962962962962,True,False
2578,20,20.799999999999997,0.09327777777777779,True,False
2579,18,20.819999999999997,0.09292592592592597,True,False
2580,22,20.779999999999998,0.09257407407407414,True,False
2581,20,20.799999999999997,0.0922222222222222,True,False
2582,20,20.799999999999997,0.09187037037037038,True,False
2583,18,20.819999999999997,0.09151851851851855,True,False
2584,20,20.799999999999997,0.09116666666666673,True,False
2585,18,20.819999999999997,0.0908148148148149,True,False
2586,18,20.819999999999997,0.09046296296296308,True,False
2587,18,20.819999999999997,0.09011111111111125,True,False
2588,18,20.819999999999997,0.0897592592592592,True,False
2589,20,20.799999999999997,0.08940740740740738,True,False
2590,21,20.79,0.08905555555555555,True,False
2591,18,20.819999999999997,0.08870370370370373,True,False
2592,22,20.779999999999998,0.0883518518518519,True,False
2593,20,20.799999999999997,0.08800000000000008,True,False
2594,23,20.77,0.08764814814814825,True,False
2595,20,20.799999999999997,0.08729629629629632,True,False
2596,18,20.819999999999997,0.08694444444444449,True,False
2597,19,20.81,0.08659259259259267,True,False
2598,21,20.79,0.08624074074074084,True,False
2599,19,20.81,0.0858888888888889,True,False
2600,20,20.799999999999997,0.08553703703703708,True,False
2601,20,20.799999999999997,0.08518518518518525,True,False
2602,18,20.819999999999997,0.08483333333333332,True,False
2603,21,20.79,0.08448148148148149,True,False
2604,20,20.799999999999997,0.08412962962962967,True,False
2605,18,20.819999999999997,0.08377777777777784,True,False
2606,18,20.819999999999997,0.08342592592592601,True,False
2607,21,20.79,0.08307407407407419,True,False
2608,22,20.779999999999998,0.08272222222222236,True,False
2609,22,20.779999999999998,0.08237037037037043,True,False
2610,19,20.81,0.08201851851851849,True,False
2611,20,20.799999999999997,0.08166666666666667,True,False
2612,18,20.819999999999997,0.08131481481481484,True,False
2613,20,20.799999999999997,0.08096296296296301,True,False
2614,20,20.799999999999997,0.08061111111111119,True,False
2615,18,20.819999999999997,0.08025925925925925,True,False
2616,24,20.759999999999998,0.07990740740740743,True,False
2617,20,20.799999999999997,0.0795555555555556,True,False
2618,18,20.819999999999997,0.07920370370370378,True,False
2619,20,20.799999999999997,0.07885185185185195,True,False
2620,20,20.799999999999997,0.07850000000000001,True,False
2621,22,20.779999999999998,0.07814814814814819,True,False
2622,18,20.819999999999997,0.07779629629629625,True,False
2623,20,20.799999999999997,0.07744444444444443,True,False
2624,20,20.799999999999997,0.0770925925925926,True,False
2625,18,20.819999999999997,0.07674074074074078,True,False
2626,22,20.779999999999998,0.07638888888888895,True,False
2627,20,20.799999999999997,0.07603703703703713,True,False
2628,20,20.799999999999997,0.0756851851851853,True,False
2629,18,20.819999999999997,0.07533333333333336,True,False
2630,22,20.779999999999998,0.07498148148148154,True,False
2631,20,20.799999999999997,0.0746296296296296,True,False
2632,20,20.799999999999997,0.07427777777777778,True,False
2633,18,20.819999999999997,0.07392592592592595,True,False
2634,20,20.799999999999997,0.07357407407407413,True,False
2635,18,20.819999999999997,0.0732222222222223,True,False
2636,20,20.799999999999997,0.07287037037037036,True,False
2637,20,20.799999999999997,0.07251851851851854,True,False
2638,20,20.799999999999997,0.07216666666666671,True,False
2639,18,20.819999999999997,0.07181481481481489,True,False
2640,21,20.79,0.07146296296296306,True,False
2641,18,20.819999999999997,0.07111111111111124,True,False
2642,18,20.819999999999997,0.0707592592592593,True,False
2643,22,20.779999999999998,0.07040740740740736,True,False
2644,18,20.819999999999997,0.07005555555555554,True,False
2645,18,20.819999999999997,0.06970370370370371,True,False
2646,18,20.819999999999997,0.06935185185185189,True,False
2647,18,20.819999999999997,0.06900000000000006,True,False
2648,20,20.799999999999997,0.06864814814814824,True,False
2649,23,20.77,0.06829629629629641,True,False
2650,18,20.819999999999997,0.06794444444444447,True,False
2651,18,20.819999999999997,0.06759259259259265,True,False
2652,18,20.819999999999997,0.06724074074074082,True,False
2653,20,20.799999999999997,0.06688888888888889,True,False
2654,19,20.81,0.06653703703703706,True,False
2655,18,20.819999999999997,0.06618518518518524,True,False
2656,18,20.819999999999997,0.06583333333333341,True,False
2657,19,20.81,0.06548148148148147,True,False
2658,20,20.799999999999997,0.06512962962962965,True,False
2659,18,20.819999999999997,0.06477777777777782,True,False
2660,19,20.81,0.064425925925926,True,False
2661,18,20.819999999999997,0.06407407407407417,True,False
2662,18,20.819999999999997,0.06372222222222235,True,False
2663,18,20.819999999999997,0.06337037037037041,True,False
2664,19,20.81,0.06301851851851847,True,False
2665,22,20.779999999999998,0.06266666666666665,True,False
2666,18,20.819999999999997,0.06231481481481482,True,False
2667,18,20.819999999999997,0.061962962962963,True,False
2668,20,20.799999999999997,0.06161111111111117,True,False
2669,20,20.799999999999997,0.06125925925925935,True,False
2670,18,20.819999999999997,0.06090740740740752,True,False
2671,18,20.819999999999997,0.060555555555555585,True,False
2672,20,20.799999999999997,0.06020370370370376,True,False
2673,18,20.819999999999997,0.059851851851851934,True,False
2674,20,20.799999999999997,0.0595,True,False
2675,22,20.779999999999998,0.05914814814814817,True,False
2676,19,20.81,0.058796296296296346,True,False
2677,21,20.79,0.05844444444444441,True,False
2678,18,20.819999999999997,0.058092592592592585,True,False
2679,18,20.819999999999997,0.05774074074074076,True,False
2680,18,20.819999999999997,0.057388888888888934,True,False
2681,18,20.819999999999997,0.05703703703703711,True,False
2682,18,20.819999999999997,0.05668518518518528,True,False
2683,20,20.799999999999997,0.05633333333333346,True,False
2684,18,20.819999999999997,0.05598148148148152,True,False
2685,18,20.819999999999997,0.055629629629629584,True,False
2686,18,20.819999999999997,0.05527777777777776,True,False
2687,18,20.819999999999997,0.054925925925925934,True,False
2688,18,20.819999999999997,0.05457407407407411,True,False
2689,18,20.819999999999997,0.05422222222222228,True,False
2690,18,20.819999999999997,0.05387037037037046,True,False
2691,20,20.799999999999997,0.05351851851851852,True,False
2692,20,20.799999999999997,0.053166666666666695,True,False
2693,20,20.799999999999997,0.05281481481481487,True,False
2694,20,20.799999999999997,0.052462962962963045,True,False
2695,18,20.819999999999997,0.05211111111111122,True,False
2696,18,20.819999999999997,0.05175925925925928,True,False
2697,18,20.819999999999997,0.05140740740740746,True,False
2698,18,20.819999999999997,0.05105555555555552,True,False
2699,18,20.819999999999997,0.050703703703703695,True,False
2700,18,20.819999999999997,0.05035185185185187,True,False
2701,18,20.819999999999997,0.050000000000000044,True,False
2702,18,20.819999999999997,0.050000000000000044,True,False
2703,20,20.799999999999997,0.050000000000000044,True,False
2704,18,20.819999999999997,0.050000000000000044,True,False
2705,22,20.779999999999998,0.050000000000000044,True,False
2706,22,20.779999999999998,0.050000000000000044,True,False
2707,20,20.799999999999997,0.050000000000000044,True,False
2708,18,20.819999999999997,0.050000000000000044,True,False
2709,18,20.819999999999997,0.050000000000000044,True,False
2710,18,20.819999999999997,0.050000000000000044,True,False
2711,18,20.819999999999997,0.050000000000000044,True,False
2712,18,20.819999999999997,0.050000000000000044,True,False
2713,18,20.819999999999997,0.050000000000000044,True,False
2714,18,20.819999999999997,0.050000000000000044,True,False
2715,20,20.799999999999997,0.050000000000000044,True,False
2716,22,20.779999999999998,0.050000000000000044,True,False
2717,22,20.779999999999998,0.050000000000000044,True,False
2718,20,20.799999999999997,0.050000000000000044,True,False
2719,22,20.779999999999998,0.050000000000000044,True,False
2720,22,20.779999999999998,0.050000000000000044,True,False
2721,18,20.819999999999997,0.050000000000000044,True,False
2722,20,20.799999999999997,0.050000000000000044,True,False
2723,18,20.819999999999997,0.050000000000000044,True,False
2724,19,20.81,0.050000000000000044,True,False
2725,18,20.819999999999997,0.050000000000000044,True,False
2726,18,20.819999999999997,0.050000000000000044,True,False
2727,18,20.819999999999997,0.050000000000000044,True,False
2728,18,20.819999999999997,0.050000000000000044,True,False
2729,18,20.819999999999997,0.050000000000000044,True,False
2730,18,20.819999999999997,0.050000000000000044,True,False
2731,18,20.819999999999997,0.050000000000000044,True,False
2732,18,20.819999999999997,0.050000000000000044,True,False
2733,18,20.819999999999997,0.050000000000000044,True,False
2734,20,20.799999999999997,0.050000000000000044,True,False
2735,18,20.819999999999997,0.050000000000000044,True,False
2736,21,20.79,0.050000000000000044,True,False
2737,18,20.819999999999997,0.050000000000000044,True,False
2738,20,20.799999999999997,0.050000000000000044,True,False
2739,20,20.799999999999997,0.050000000000000044,True,False
2740,18,20.819999999999997,0.050000000000000044,True,False
2741,18,20.819999999999997,0.050000000000000044,True,False
2742,18,20.819999999999997,0.050000000000000044,True,False
2743,20,20.799999999999997,0.050000000000000044,True,False
2744,18,20.819999999999997,0.050000000000000044,True,False
2745,20,20.799999999999997,0.050000000000000044,True,False
2746,21,20.79,0.050000000000000044,True,False
2747,18,20.819999999999997,0.050000000000000044,True,False
2748,20,20.799999999999997,0.050000000000000044,True,False
2749,18,20.819999999999997,0.050000000000000044,True,False
2750,18,20.819999999999997,0.050000000000000044,True,False
2751,18,20.819999999999997,0.050000000000000044,True,False
2752,20,20.799999999999997,0.050000000000000044,True,False
2753,18,20.819999999999997,0.050000000000000044,True,False
2754,18,20.819999999999997,0.050000000000000044,True,False
2755,19,20.81,0.050000000000000044,True,False
2756,20,20.799999999999997,0.050000000000000044,True,False
2757,24,20.759999999999998,0.050000000000000044,True,False
2758,19,20.81,0.050000000000000044,True,False
2759,20,20.799999999999997,0.050000000000000044,True,False
2760,20,20.799999999999997,0.050000000000000044,True,False
2761,18,20.819999999999997,0.050000000000000044,True,False
2762,20,20.799999999999997,0.050000000000000044,True,False
2763,20,20.799999999999997,0.050000000000000044,True,False
2764,20,20.799999999999997,0.050000000000000044,True,False
2765,18,20.819999999999997,0.050000000000000044,True,False
2766,18,20.819999999999997,0.050000000000000044,True,False
2767,20,20.799999999999997,0.050000000000000044,True,False
2768,18,20.819999999999997,0.050000000000000044,True,False
2769,18,20.819999999999997,0.050000000000000044,True,False
2770,20,20.799999999999997,0.050000000000000044,True,False
2771,18,20.819999999999997,0.050000000000000044,True,False
2772,18,20.819999999999997,0.050000000000000044,True,False
2773,20,20.799999999999997,0.050000000000000044,True,False
2774,18,20.819999999999997,0.050000000000000044,True,False
2775,18,20.819999999999997,0.050000000000000044,True,False
2776,18,20.819999999999997,0.050000000000000044,True,False
2777,20,20.799999999999997,0.050000000000000044,True,False
2778,18,20.819999999999997,0.050000000000000044,True,False
2779,20,20.799999999999997,0.050000000000000044,True,False
2780,18,20.819999999999997,0.050000000000000044,True,False
2781,18,20.819999999999997,0.050000000000000044,True,False
2782,18,20.819999999999997,0.050000000000000044,True,False
2783,18,20.819999999999997,0.050000000000000044,True,False
2784,20,20.799999999999997,0.050000000000000044,True,False
2785,18,20.819999999999997,0.050000000000000044,True,False
2786,22,20.779999999999998,0.050000000000000044,True,False
2787,18,20.819999999999997,0.050000000000000044,True,False
2788,20,20.799999999999997,0.050000000000000044,True,False
2789,18,20.819999999999997,0.050000000000000044,True,False
2790,20,20.799999999999997,0.050000000000000044,True,False
2791,18,20.819999999999997,0.050000000000000044,True,False
2792,21,20.79,0.050000000000000044,True,False
2793,19,20.81,0.050000000000000044,True,False
2794,18,20.819999999999997,0.050000000000000044,True,False
2795,18,20.819999999999997,0.050000000000000044,True,False
2796,19,20.81,0.050000000000000044,True,False
2797,18,20.819999999999997,0.050000000000000044,True,False
2798,18,20.819999999999997,0.050000000000000044,True,False
2799,18,20.819999999999997,0.050000000000000044,True,False
2800,18,20.819999999999997,0.050000000000000044,True,False
2801,19,20.81,0.050000000000000044,True,False
2802,18,20.819999999999997,0.050000000000000044,True,False
2803,18,20.819999999999997,0.050000000000000044,True,False
2804,19,20.81,0.050000000000000044,True,False
2805,21,20.79,0.050000000000000044,True,False
2806,20,20.799999999999997,0.050000000000000044,True,False
2807,18,20.819999999999997,0.050000000000000044,True,False
2808,18,20.819999999999997,0.050000000000000044,True,False
2809,18,20.819999999999997,0.050000000000000044,True,False
2810,18,20.819999999999997,0.050000000000000044,True,False
2811,20,20.799999999999997,0.050000000000000044,True,False
2812,18,20.819999999999997,0.050000000000000044,True,False
2813,20,20.799999999999997,0.050000000000000044,True,False
2814,18,20.819999999999997,0.050000000000000044,True,False
2815,18,20.819999999999997,0.050000000000000044,True,False
2816,19,20.81,0.050000000000000044,True,False
2817,18,20.819999999999997,0.050000000000000044,True,False
2818,18,20.819999999999997,0.050000000000000044,True,False
2819,20,20.799999999999997,0.050000000000000044,True,False
2820,18,20.819999999999997,0.050000000000000044,True,False
2821,18,20.819999999999997,0.050000000000000044,True,False
2822,19,20.81,0.050000000000000044,True,False
2823,18,20.819999999999997,0.050000000000000044,True,False
2824,18,20.819999999999997,0.050000000000000044,True,False
2825,18,20.819999999999997,0.050000000000000044,True,False
2826,18,20.819999999999997,0.050000000000000044,True,False
2827,18,20.819999999999997,0.050000000000000044,True,False
2828,18,20.819999999999997,0.050000000000000044,True,False
2829,18,20.819999999999997,0.050000000000000044,True,False
2830,18,20.819999999999997,0.050000000000000044,True,False
2831,18,20.819999999999997,0.050000000000000044,True,False
2832,18,20.819999999999997,0.050000000000000044,True,False
2833,22,20.779999999999998,0.050000000000000044,True,False
2834,18,20.819999999999997,0.050000000000000044,True,False
2835,20,20.799999999999997,0.050000000000000044,True,False
2836,18,20.819999999999997,0.050000000000000044,True,False
2837,19,20.81,0.050000000000000044,True,False
2838,20,20.799999999999997,0.050000000000000044,True,False
2839,21,20.79,0.050000000000000044,True,False
2840,20,20.799999999999997,0.050000000000000044,True,False
2841,18,20.819999999999997,0.050000000000000044,True,False
2842,18,20.819999999999997,0.050000000000000044,True,False
2843,18,20.819999999999997,0.050000000000000044,True,False
2844,20,20.799999999999997,0.050000000000000044,True,False
2845,18,20.819999999999997,0.050000000000000044,True,False
2846,18,20.819999999999997,0.050000000000000044,True,False
2847,18,20.819999999999997,0.050000000000000044,True,False
2848,20,20.799999999999997,0.050000000000000044,True,False
2849,20,20.799999999999997,0.050000000000000044,True,False
2850,20,20.799999999999997,0.050000000000000044,True,False
2851,20,20.799999999999997,0.050000000000000044,True,False
2852,20,20.799999999999997,0.050000000000000044,True,False
2853,20,20.799999999999997,0.050000000000000044,True,False
2854,18,20.819999999999997,0.050000000000000044,True,False
2855,19,20.81,0.050000000000000044,True,False
2856,18,20.819999999999997,0.050000000000000044,True,False
2857,18,20.819999999999997,0.050000000000000044,True,False
2858,22,20.779999999999998,0.050000000000000044,True,False
2859,18,20.819999999999997,0.050000000000000044,True,False
2860,20,20.799999999999997,0.050000000000000044,True,False
2861,22,20.779999999999998,0.050000000000000044,True,False
2862,18,20.819999999999997,0.050000000000000044,True,False
2863,18,20.819999999999997,0.050000000000000044,True,False
2864,18,20.819999999999997,0.050000000000000044,True,False
2865,18,20.819999999999997,0.050000000000000044,True,False
2866,20,20.799999999999997,0.050000000000000044,True,False
2867,18,20.819999999999997,0.050000000000000044,True,False
2868,18,20.819999999999997,0.050000000000000044,True,False
2869,18,20.819999999999997,0.050000000000000044,True,False
2870,18,20.819999999999997,0.050000000000000044,True,False
2871,18,20.819999999999997,0.050000000000000044,True,False
2872,22,20.779999999999998,0.050000000000000044,True,False
2873,18,20.819999999999997,0.050000000000000044,True,False
2874,18,20.819999999999997,0.050000000000000044,True,False
2875,18,20.819999999999997,0.050000000000000044,True,False
2876,18,20.819999999999997,0.050000000000000044,True,False
2877,18,20.819999999999997,0.050000000000000044,True,False
2878,18,20.819999999999997,0.050000000000000044,True,False
2879,18,20.819999999999997,0.050000000000000044,True,False
2880,18,20.819999999999997,0.050000000000000044,True,False
2881,18,20.819999999999997,0.050000000000000044,True,False
2882,20,20.799999999999997,0.050000000000000044,True,False
2883,20,20.799999999999997,0.050000000000000044,True,False
2884,18,20.819999999999997,0.050000000000000044,True,False
2885,18,20.819999999999997,0.050000000000000044,True,False
2886,20,20.799999999999997,0.050000000000000044,True,False
2887,20,20.799999999999997,0.050000000000000044,True,False
2888,22,20.779999999999998,0.050000000000000044,True,False
2889,18,20.819999999999997,0.050000000000000044,True,False
2890,18,20.819999999999997,0.050000000000000044,True,False
2891,18,20.819999999999997,0.050000000000000044,True,False
2892,18,20.819999999999997,0.050000000000000044,True,False
2893,20,20.799999999999997,0.050000000000000044,True,False
2894,18,20.819999999999997,0.050000000000000044,True,False
2895,18,20.819999999999997,0.050000000000000044,True,False
2896,18,20.819999999999997,0.050000000000000044,True,False
2897,18,20.819999999999997,0.050000000000000044,True,False
2898,18,20.819999999999997,0.050000000000000044,True,False
2899,20,20.799999999999997,0.050000000000000044,True,False
2900,18,20.819999999999997,0.050000000000000044,True,False
2901,20,20.799999999999997,0.050000000000000044,True,False
2902,19,20.81,0.050000000000000044,True,False
2903,18,20.819999999999997,0.050000000000000044,True,False
2904,18,20.819999999999997,0.050000000000000044,True,False
2905,18,20.819999999999997,0.050000000000000044,True,False
2906,22,20.779999999999998,0.050000000000000044,True,False
2907,18,20.819999999999997,0.050000000000000044,True,False
2908,18,20.819999999999997,0.050000000000000044,True,False
2909,18,20.819999999999997,0.050000000000000044,True,False
2910,18,20.819999999999997,0.050000000000000044,True,False
2911,20,20.799999999999997,0.050000000000000044,True,False
2912,18,20.819999999999997,0.050000000000000044,True,False
2913,18,20.819999999999997,0.050000000000000044,True,False
2914,18,20.819999999999997,0.050000000000000044,True,False
2915,18,20.819999999999997,0.050000000000000044,True,False
2916,20,20.799999999999997,0.050000000000000044,True,False
2917,18,20.819999999999997,0.050000000000000044,True,False
2918,20,20.799999999999997,0.050000000000000044,True,False
2919,20,20.799999999999997,0.050000000000000044,True,False
2920,18,20.819999999999997,0.050000000000000044,True,False
2921,18,20.819999999999997,0.050000000000000044,True,False
2922,18,20.819999999999997,0.050000000000000044,True,False
2923,18,20.819999999999997,0.050000000000000044,True,False
2924,20,20.799999999999997,0.050000000000000044,True,False
2925,18,20.819999999999997,0.050000000000000044,True,False
2926,21,20.79,0.050000000000000044,True,False
2927,18,20.819999999999997,0.050000000000000044,True,False
2928,20,20.799999999999997,0.050000000000000044,True,False
2929,18,20.819999999999997,0.050000000000000044,True,False
2930,18,20.819999999999997,0.050000000000000044,True,False
2931,18,20.819999999999997,0.050000000000000044,True,False
2932,21,20.79,0.050000000000000044,True,False
2933,18,20.819999999999997,0.050000000000000044,True,False
2934,18,20.819999999999997,0.050000000000000044,True,False
2935,20,20.799999999999997,0.050000000000000044,True,False
2936,18,20.819999999999997,0.050000000000000044,True,False
2937,18,20.819999999999997,0.050000000000000044,True,False
2938,20,20.799999999999997,0.050000000000000044,True,False
2939,18,20.819999999999997,0.050000000000000044,True,False
2940,20,20.799999999999997,0.050000000000000044,True,False
2941,18,20.819999999999997,0.050000000000000044,True,False
2942,18,20.819999999999997,0.050000000000000044,True,False
2943,18,20.819999999999997,0.050000000000000044,True,False
2944,20,20.799999999999997,0.050000000000000044,True,False
2945,18,20.819999999999997,0.050000000000000044,True,False
2946,20,20.799999999999997,0.050000000000000044,True,False
2947,24,20.759999999999998,0.050000000000000044,True,False
2948,18,20.819999999999997,0.050000000000000044,True,False
2949,18,20.819999999999997,0.050000000000000044,True,False
2950,18,20.819999999999997,0.050000000000000044,True,False
2951,20,20.799999999999997,0.050000000000000044,True,False
2952,20,20.799999999999997,0.050000000000000044,True,False
2953,18,20.819999999999997,0.050000000000000044,True,False
2954,20,20.799999999999997,0.050000000000000044,True,False
2955,18,20.819999999999997,0.050000000000000044,True,False
2956,22,20.779999999999998,0.050000000000000044,True,False
2957,21,20.79,0.050000000000000044,True,False
2958,18,20.819999999999997,0.050000000000000044,True,False
2959,18,20.819999999999997,0.050000000000000044,True,False
2960,18,20.819999999999997,0.050000000000000044,True,False
2961,18,20.819999999999997,0.050000000000000044,True,False
2962,18,20.819999999999997,0.050000000000000044,True,False
2963,18,20.819999999999997,0.050000000000000044,True,False
2964,22,20.779999999999998,0.050000000000000044,True,False
2965,18,20.819999999999997,0.050000000000000044,True,False
2966,20,20.799999999999997,0.050000000000000044,True,False
2967,20,20.799999999999997,0.050000000000000044,True,False
2968,20,20.799999999999997,0.050000000000000044,True,False
2969,18,20.819999999999997,0.050000000000000044,True,False
2970,22,20.779999999999998,0.050000000000000044,True,False
2971,19,20.81,0.050000000000000044,True,False
2972,20,20.799999999999997,0.050000000000000044,True,False
2973,18,20.819999999999997,0.050000000000000044,True,False
2974,22,20.779999999999998,0.050000000000000044,True,False
2975,18,20.819999999999997,0.050000000000000044,True,False
2976,18,20.819999999999997,0.050000000000000044,True,False
2977,18,20.819999999999997,0.050000000000000044,True,False
2978,20,20.799999999999997,0.050000000000000044,True,False
2979,18,20.819999999999997,0.050000000000000044,True,False
2980,18,20.819999999999997,0.050000000000000044,True,False
2981,18,20.819999999999997,0.050000000000000044,True,False
2982,20,20.799999999999997,0.050000000000000044,True,False
2983,18,20.819999999999997,0.050000000000000044,True,False
2984,20,20.799999999999997,0.050000000000000044,True,False
2985,18,20.819999999999997,0.050000000000000044,True,False
2986,18,20.819999999999997,0.050000000000000044,True,False
2987,18,20.819999999999997,0.050000000000000044,True,False
2988,22,20.779999999999998,0.050000000000000044,True,False
2989,18,20.819999999999997,0.050000000000000044,True,False
2990,18,20.819999999999997,0.050000000000000044,True,False
2991,18,20.819999999999997,0.050000000000000044,True,False
2992,18,20.819999999999997,0.050000000000000044,True,False
2993,22,20.779999999999998,0.050000000000000044,True,False
2994,20,20.799999999999997,0.050000000000000044,True,False
2995,24,20.759999999999998,0.050000000000000044,True,False
2996,18,20.819999999999997,0.050000000000000044,True,False
2997,18,20.819999999999997,0.050000000000000044,True,False
2998,20,20.799999999999997,0.050000000000000044,True,False
2999,18,20.819999999999997,0.050000000000000044,True,False
3000,18,20.819999999999997,0.050000000000000044,True,False
