episode,steps,totalReward,epsilon,completed,died
1,23,-0.22000000000000008,1.0,False,True
2,242,-2.4100000000000015,0.9996481481481482,False,True
3,158,-1.570000000000001,0.9992962962962963,False,True
4,27,-0.2600000000000001,0.9989444444444444,False,True
5,114,-2.130000000000001,0.9985925925925926,False,True
6,105,-1.0400000000000007,0.9982407407407408,False,True
7,400,-2.999999999999981,0.9978888888888889,False,False
8,73,-1.7200000000000004,0.997537037037037,False,True
9,54,-0.5300000000000002,0.9971851851851852,False,True
10,148,-0.47000000000000086,0.9968333333333333,False,True
11,57,-0.5600000000000003,0.9964814814814815,False,True
12,18,-0.17000000000000004,0.9961296296296296,False,True
13,35,-0.3400000000000001,0.9957777777777778,False,True
14,17,-0.16000000000000003,0.9954259259259259,False,True
15,172,-2.7100000000000013,0.9950740740740741,False,True
16,37,-0.3600000000000001,0.9947222222222222,False,True
17,137,-1.3600000000000008,0.9943703703703703,False,True
18,44,-1.4300000000000002,0.9940185185185185,False,True
19,27,-0.2600000000000001,0.9936666666666667,False,True
20,242,-2.410000000000002,0.9933148148148148,False,True
21,127,-2.2600000000000007,0.9929629629629629,False,True
22,84,-0.8300000000000005,0.9926111111111111,False,True
23,45,-0.4400000000000003,0.9922592592592593,False,True
24,115,-1.1400000000000006,0.9919074074074075,False,True
25,45,-1.4400000000000002,0.9915555555555555,False,True
26,193,-1.9200000000000013,0.9912037037037037,False,True
27,197,-1.9600000000000013,0.9908518518518519,False,True
28,80,-1.7900000000000005,0.9905,False,True
29,298,-1.970000000000002,0.9901481481481481,False,True
30,166,-2.6500000000000012,0.9897962962962963,False,True
31,13,-0.12,0.9894444444444445,False,True
32,64,-0.6300000000000003,0.9890925925925926,False,True
33,334,-3.329999999999995,0.9887407407407407,False,True
34,41,-0.40000000000000013,0.9883888888888889,False,True
35,64,-0.6300000000000003,0.988037037037037,False,True
36,60,-0.5900000000000003,0.9876851851851852,False,True
37,94,-0.9300000000000005,0.9873333333333333,False,True
38,8,-0.07000000000000006,0.9869814814814815,False,True
39,26,-0.2500000000000001,0.9866296296296296,False,True
40,8,-0.07000000000000006,0.9862777777777778,False,True
41,28,-0.27,0.9859259259259259,False,True
42,57,-0.5600000000000003,0.985574074074074,False,True
43,118,-2.170000000000001,0.9852222222222222,False,True
44,58,-0.5700000000000003,0.9848703703703704,False,True
45,49,-0.4800000000000002,0.9845185185185186,False,True
46,41,-0.40000000000000013,0.9841666666666666,False,True
47,98,-0.9700000000000005,0.9838148148148148,False,True
48,55,-1.5400000000000003,0.983462962962963,False,True
49,58,-0.5700000000000003,0.9831111111111112,False,True
50,86,-1.8500000000000005,0.9827592592592592,False,True
51,23,-1.22,0.9824074074074074,False,True
52,67,-0.6600000000000004,0.9820555555555556,False,True
53,101,-1.0000000000000004,0.9817037037037037,False,True
54,77,-1.7600000000000005,0.9813518518518518,False,True
55,46,-0.4500000000000002,0.981,False,True
56,221,-2.200000000000001,0.9806481481481482,False,True
57,19,-0.18000000000000005,0.9802962962962963,False,True
58,98,-0.9700000000000005,0.9799444444444444,False,True
59,70,-1.6900000000000004,0.9795925925925926,False,True
60,25,-0.2400000000000001,0.9792407407407407,False,True
61,74,-0.7300000000000004,0.9788888888888889,False,True
62,117,-1.1600000000000006,0.978537037037037,False,True
63,35,-0.3400000000000001,0.9781851851851852,False,True
64,6,-0.050000000000000044,0.9778333333333333,False,True
65,54,-0.5300000000000002,0.9774814814814815,False,True
66,29,-0.28,0.9771296296296297,False,True
67,107,-2.0600000000000005,0.9767777777777777,False,True
68,13,-0.12,0.9764259259259259,False,True
69,41,-0.40000000000000024,0.9760740740740741,False,True
70,19,-0.18000000000000005,0.9757222222222223,False,True
71,24,-0.2300000000000001,0.9753703703703703,False,True
72,68,-0.6700000000000004,0.9750185185185185,False,True
73,31,-0.30000000000000004,0.9746666666666667,False,True
74,97,-0.9600000000000005,0.9743148148148149,False,True
75,82,0.18999999999999928,0.9739629629629629,False,True
76,65,-1.6400000000000003,0.9736111111111111,False,True
77,52,-0.5100000000000003,0.9732592592592593,False,True
78,104,-2.0300000000000007,0.9729074074074074,False,True
79,125,-2.240000000000001,0.9725555555555555,False,True
80,108,-1.0700000000000007,0.9722037037037037,False,True
81,52,-0.5100000000000005,0.9718518518518519,False,True
82,62,-1.6100000000000003,0.9715,False,True
83,71,-0.7000000000000006,0.9711481481481481,False,True
84,30,-0.29000000000000004,0.9707962962962963,False,True
85,84,-0.8300000000000005,0.9704444444444444,False,True
86,45,-0.44000000000000017,0.9700925925925926,False,True
87,63,-0.6200000000000003,0.9697407407407408,False,True
88,62,-0.6100000000000004,0.9693888888888889,False,True
89,18,-0.17000000000000004,0.969037037037037,False,True
90,179,-1.7800000000000011,0.9686851851851852,False,True
91,72,-0.7100000000000005,0.9683333333333334,False,True
92,135,-1.3400000000000007,0.9679814814814814,False,True
93,368,-4.669999999999966,0.9676296296296296,False,True
94,92,-0.9100000000000006,0.9672777777777778,False,True
95,79,-0.7800000000000005,0.966925925925926,False,True
96,28,-0.27,0.966574074074074,False,True
97,23,-0.22000000000000008,0.9662222222222222,False,True
98,212,-2.110000000000001,0.9658703703703704,False,True
99,227,-2.2600000000000016,0.9655185185185186,False,True
100,170,-2.6900000000000013,0.9651666666666666,False,True
101,17,-0.16000000000000003,0.9648148148148148,False,True
102,300,-2.990000000000002,0.964462962962963,False,True
103,73,-0.7200000000000004,0.9641111111111111,False,True
104,46,-0.4500000000000003,0.9637592592592592,False,True
105,133,-2.320000000000001,0.9634074074074074,False,True
106,91,-0.9000000000000007,0.9630555555555556,False,True
107,21,-0.20000000000000007,0.9627037037037037,False,True
108,223,-2.2200000000000015,0.9623518518518519,False,True
109,190,-2.8900000000000015,0.962,False,True
110,55,-0.5400000000000004,0.9616481481481481,False,True
111,148,-1.470000000000001,0.9612962962962963,False,True
112,137,-1.3600000000000008,0.9609444444444445,False,True
113,43,-0.42000000000000015,0.9605925925925926,False,True
114,195,-0.9400000000000014,0.9602407407407407,False,True
115,87,-0.8600000000000005,0.9598888888888889,False,True
116,29,-0.28,0.9595370370370371,False,True
117,102,-0.010000000000000675,0.9591851851851851,False,True
118,187,-1.8600000000000012,0.9588333333333333,False,True
119,39,-0.3800000000000001,0.9584814814814815,False,True
120,93,-1.9200000000000006,0.9581296296296297,False,True
121,118,-1.1700000000000006,0.9577777777777777,False,True
122,56,-0.5500000000000004,0.9574259259259259,False,True
123,106,-1.0500000000000007,0.9570740740740741,False,True
124,87,-0.8600000000000005,0.9567222222222223,False,True
125,108,-1.0700000000000007,0.9563703703703703,False,True
126,23,-0.22000000000000008,0.9560185185185185,False,True
127,340,-3.3899999999999935,0.9556666666666667,False,True
128,68,-0.6700000000000004,0.9553148148148148,False,True
129,29,-0.28,0.954962962962963,False,True
130,291,-2.900000000000002,0.9546111111111111,False,True
131,85,-0.8400000000000006,0.9542592592592593,False,True
132,17,-0.16000000000000003,0.9539074074074074,False,True
133,37,-1.36,0.9535555555555556,False,True
134,48,-0.4700000000000002,0.9532037037037037,False,True
135,50,-0.4900000000000002,0.9528518518518518,False,True
136,171,-1.700000000000001,0.9525,False,True
137,18,-0.17000000000000004,0.9521481481481482,False,True
138,14,-0.13,0.9517962962962963,False,True
139,124,-2.230000000000001,0.9514444444444444,False,True
140,36,-0.3500000000000001,0.9510925925925926,False,True
141,34,-0.33000000000000007,0.9507407407407408,False,True
142,233,-2.320000000000001,0.9503888888888888,False,True
143,16,-0.15000000000000002,0.950037037037037,False,True
144,89,-0.8800000000000006,0.9496851851851852,False,True
145,28,-0.27000000000000013,0.9493333333333334,False,True
146,119,-1.1800000000000008,0.9489814814814814,False,True
147,152,-1.5100000000000011,0.9486296296296296,False,True
148,31,-0.30000000000000004,0.9482777777777778,False,True
149,62,-0.6100000000000004,0.947925925925926,False,True
150,86,-0.8500000000000005,0.9475740740740741,False,True
151,41,-0.40000000000000013,0.9472222222222222,False,True
152,30,-0.29000000000000026,0.9468703703703704,False,True
153,195,-0.9400000000000012,0.9465185185185185,False,True
154,246,-2.450000000000002,0.9461666666666667,False,True
155,122,-0.21000000000000063,0.9458148148148148,False,True
156,31,-0.30000000000000004,0.945462962962963,False,True
157,139,-1.3800000000000008,0.9451111111111111,False,True
158,113,-2.120000000000001,0.9447592592592593,False,True
159,347,-2.459999999999992,0.9444074074074074,False,True
160,11,-0.09999999999999998,0.9440555555555555,False,True
161,256,-2.5500000000000016,0.9437037037037037,False,True
162,225,-1.2400000000000013,0.9433518518518519,False,True
163,116,-1.1500000000000006,0.9430000000000001,False,True
164,35,-0.3400000000000003,0.9426481481481481,False,True
165,18,-0.17000000000000004,0.9422962962962963,False,True
166,208,-2.070000000000001,0.9419444444444445,False,True
167,12,-0.10999999999999999,0.9415925925925925,False,True
168,29,-0.28000000000000014,0.9412407407407407,False,True
169,22,-0.21000000000000008,0.9408888888888889,False,True
170,40,-0.39000000000000024,0.9405370370370371,False,True
171,35,-0.3400000000000002,0.9401851851851852,False,True
172,25,-0.2400000000000001,0.9398333333333333,False,True
173,123,-1.2200000000000009,0.9394814814814815,False,True
174,215,-2.1400000000000015,0.9391296296296296,False,True
175,10,-0.09000000000000008,0.9387777777777778,False,True
176,12,-0.1100000000000001,0.9384259259259259,False,True
177,13,-0.1200000000000001,0.9380740740740741,False,True
178,178,-1.7700000000000011,0.9377222222222222,False,True
179,267,-2.660000000000002,0.9373703703703704,False,True
180,10,-0.08999999999999997,0.9370185185185185,False,True
181,65,-0.6400000000000003,0.9366666666666666,False,True
182,110,-2.0900000000000007,0.9363148148148148,False,True
183,286,-1.8500000000000023,0.935962962962963,False,True
184,8,-0.07000000000000006,0.9356111111111111,False,True
185,15,-0.14,0.9352592592592592,False,True
186,23,-0.22000000000000008,0.9349074074074074,False,True
187,248,-2.4700000000000015,0.9345555555555556,False,True
188,35,-0.3400000000000002,0.9342037037037036,False,True
189,18,-0.17000000000000004,0.9338518518518518,False,True
190,28,-0.27,0.9335,False,True
191,50,-0.4900000000000003,0.9331481481481482,False,True
192,117,-1.1600000000000006,0.9327962962962963,False,True
193,74,-0.7300000000000004,0.9324444444444444,False,True
194,35,-0.3400000000000001,0.9320925925925926,False,True
195,25,-0.2400000000000001,0.9317407407407408,False,True
196,112,-0.11000000000000099,0.9313888888888889,False,True
197,40,-1.3900000000000001,0.931037037037037,False,True
198,123,-1.2200000000000006,0.9306851851851852,False,True
199,6,-0.050000000000000044,0.9303333333333333,False,True
200,24,-0.2300000000000001,0.9299814814814815,False,True
201,163,-2.620000000000001,0.9296296296296296,False,True
202,44,-0.43000000000000016,0.9292777777777778,False,True
203,144,-1.430000000000001,0.9289259259259259,False,True
204,34,-0.33000000000000007,0.9285740740740741,False,True
205,19,-0.18000000000000005,0.9282222222222223,False,True
206,52,-0.5100000000000002,0.9278703703703703,False,True
207,68,-0.6700000000000004,0.9275185185185185,False,True
208,82,-0.8100000000000005,0.9271666666666667,False,True
209,42,-0.41000000000000025,0.9268148148148148,False,True
210,21,-0.20000000000000007,0.9264629629629629,False,True
211,24,-0.2300000000000001,0.9261111111111111,False,True
212,5,-0.040000000000000036,0.9257592592592593,False,True
213,105,-1.0400000000000005,0.9254074074074075,False,True
214,255,-3.53999999999999,0.9250555555555555,False,True
215,321,-3.1999999999999975,0.9247037037037037,False,True
216,74,-0.7300000000000006,0.9243518518518519,False,True
217,400,-2.0000000000000027,0.924,False,False
218,96,-0.9500000000000005,0.9236481481481481,False,True
219,94,-0.9300000000000005,0.9232962962962963,False,True
220,24,-0.2300000000000001,0.9229444444444445,False,True
221,134,-1.3300000000000007,0.9225925925925926,False,True
222,14,-0.13,0.9222407407407407,False,True
223,56,-1.5500000000000003,0.9218888888888889,False,True
224,32,-0.31000000000000005,0.921537037037037,False,True
225,26,-0.2500000000000001,0.9211851851851852,False,True
226,400,-1.9999999999999927,0.9208333333333334,False,False
227,30,-0.29000000000000004,0.9204814814814815,False,True
228,78,-0.7700000000000005,0.9201296296296296,False,True
229,18,-0.17000000000000004,0.9197777777777778,False,True
230,26,-0.2500000000000001,0.9194259259259259,False,True
231,400,-2.000000000000003,0.919074074074074,False,False
232,155,-1.540000000000001,0.9187222222222222,False,True
233,206,-2.0500000000000016,0.9183703703703704,False,True
234,12,-0.10999999999999999,0.9180185185185186,False,True
235,125,-1.2400000000000007,0.9176666666666666,False,True
236,103,-1.0200000000000005,0.9173148148148148,False,True
237,159,-1.580000000000001,0.916962962962963,False,True
238,25,-1.24,0.9166111111111112,False,True
239,6,-0.050000000000000044,0.9162592592592593,False,True
240,15,-0.14,0.9159074074074074,False,True
241,238,-2.3700000000000014,0.9155555555555556,False,True
242,24,-0.2300000000000001,0.9152037037037037,False,True
243,76,-1.7500000000000004,0.9148518518518518,False,True
244,43,-0.42000000000000026,0.9145,False,True
245,38,-0.3700000000000001,0.9141481481481482,False,True
246,18,-0.17000000000000004,0.9137962962962963,False,True
247,26,-0.2500000000000001,0.9134444444444445,False,True
248,53,-0.5200000000000004,0.9130925925925926,False,True
249,52,-0.5100000000000003,0.9127407407407407,False,True
250,71,-1.7000000000000004,0.9123888888888889,False,True
251,40,-0.3900000000000001,0.9120370370370371,False,True
252,15,-0.14,0.9116851851851852,False,True
253,108,-1.0700000000000007,0.9113333333333333,False,True
254,293,-2.920000000000002,0.9109814814814815,False,True
255,144,-1.4300000000000008,0.9106296296296297,False,True
256,144,-1.4300000000000008,0.9102777777777777,False,True
257,147,-1.4600000000000009,0.9099259259259259,False,True
258,79,-0.7800000000000005,0.9095740740740741,False,True
259,143,-1.4200000000000008,0.9092222222222223,False,True
260,58,-0.5700000000000004,0.9088703703703703,False,True
261,74,-0.7300000000000004,0.9085185185185185,False,True
262,126,-1.2500000000000007,0.9081666666666667,False,True
263,229,-2.2800000000000016,0.9078148148148149,False,True
264,62,0.3899999999999997,0.9074629629629629,False,True
265,14,-0.13,0.9071111111111111,False,True
266,124,-1.2300000000000006,0.9067592592592593,False,True
267,66,-0.6500000000000004,0.9064074074074074,False,True
268,139,-1.3800000000000008,0.9060555555555556,False,True
269,143,-1.4200000000000008,0.9057037037037037,False,True
270,191,-1.9000000000000012,0.9053518518518519,False,True
271,11,-0.09999999999999998,0.905,False,True
272,35,-0.3400000000000002,0.9046481481481481,False,True
273,93,-0.9200000000000005,0.9042962962962963,False,True
274,84,-0.8300000000000006,0.9039444444444444,False,True
275,186,-1.8500000000000012,0.9035925925925926,False,True
276,254,-1.5300000000000016,0.9032407407407408,False,True
277,147,-1.4600000000000009,0.9028888888888889,False,True
278,179,-1.7800000000000011,0.902537037037037,False,True
279,41,-0.40000000000000024,0.9021851851851852,False,True
280,174,-0.7300000000000011,0.9018333333333334,False,True
281,7,-0.06000000000000005,0.9014814814814816,False,True
282,42,-0.41000000000000014,0.9011296296296296,False,True
283,351,-2.5000000000000027,0.9007777777777778,False,True
284,37,-0.3600000000000001,0.900425925925926,False,True
285,66,-0.6500000000000004,0.900074074074074,False,True
286,171,-1.700000000000001,0.8997222222222222,False,True
287,165,-1.640000000000001,0.8993703703703704,False,True
288,280,-1.790000000000002,0.8990185185185186,False,True
289,17,-0.16000000000000014,0.8986666666666667,False,True
290,21,-0.20000000000000007,0.8983148148148148,False,True
291,207,-1.0600000000000014,0.897962962962963,False,True
292,91,-0.9000000000000007,0.8976111111111111,False,True
293,40,-0.3900000000000001,0.8972592592592593,False,True
294,37,-0.3600000000000002,0.8969074074074074,False,True
295,45,-0.4400000000000003,0.8965555555555556,False,True
296,26,-0.2500000000000001,0.8962037037037037,False,True
297,156,-1.5500000000000012,0.8958518518518519,False,True
298,232,-1.3100000000000014,0.8955,False,True
299,175,-0.7400000000000011,0.8951481481481481,False,True
300,33,-0.3200000000000002,0.8947962962962963,False,True
301,10,-0.09000000000000008,0.8944444444444445,False,True
302,89,-0.8800000000000007,0.8940925925925925,False,True
303,21,-0.20000000000000007,0.8937407407407407,False,True
304,6,-0.050000000000000044,0.8933888888888889,False,True
305,228,-2.2700000000000014,0.8930370370370371,False,True
306,89,-1.8800000000000006,0.8926851851851851,False,True
307,51,-0.5000000000000002,0.8923333333333333,False,True
308,296,-2.950000000000002,0.8919814814814815,False,True
309,48,-0.4700000000000002,0.8916296296296297,False,True
310,79,0.21999999999999953,0.8912777777777778,False,True
311,143,-1.4200000000000008,0.8909259259259259,False,True
312,12,-0.10999999999999999,0.8905740740740741,False,True
313,75,-0.7400000000000005,0.8902222222222222,False,True
314,46,-0.4500000000000003,0.8898703703703703,False,True
315,12,-0.10999999999999999,0.8895185185185185,False,True
316,44,-0.43000000000000016,0.8891666666666667,False,True
317,16,-0.15000000000000002,0.8888148148148148,False,True
318,11,-0.09999999999999998,0.888462962962963,False,True
319,259,-1.5800000000000018,0.8881111111111111,False,True
320,11,-0.10000000000000009,0.8877592592592592,False,True
321,10,-0.08999999999999997,0.8874074074074074,False,True
322,291,-2.900000000000002,0.8870555555555556,False,True
323,82,-0.8100000000000005,0.8867037037037037,False,True
324,25,-0.2400000000000001,0.8863518518518518,False,True
325,175,-2.740000000000001,0.886,False,True
326,66,-0.6500000000000004,0.8856481481481482,False,True
327,262,-2.610000000000002,0.8852962962962962,False,True
328,187,-1.8600000000000012,0.8849444444444444,False,True
329,67,0.33999999999999964,0.8845925925925926,False,True
330,231,-2.3000000000000016,0.8842407407407408,False,True
331,104,-0.030000000000000693,0.883888888888889,False,True
332,120,-1.1900000000000006,0.883537037037037,False,True
333,149,-1.4800000000000009,0.8831851851851852,False,True
334,34,-0.3300000000000002,0.8828333333333334,False,True
335,266,-1.6500000000000017,0.8824814814814815,False,True
336,85,-0.8400000000000006,0.8821296296296296,False,True
337,346,-3.4499999999999926,0.8817777777777778,False,True
338,20,-0.19000000000000017,0.881425925925926,False,True
339,185,-1.8400000000000012,0.8810740740740741,False,True
340,150,-1.4900000000000009,0.8807222222222222,False,True
341,134,-1.3300000000000007,0.8803703703703704,False,True
342,53,-0.5200000000000002,0.8800185185185185,False,True
343,31,-0.30000000000000004,0.8796666666666667,False,True
344,16,-0.15000000000000002,0.8793148148148149,False,True
345,113,-1.1200000000000006,0.878962962962963,False,True
346,35,-0.3400000000000001,0.8786111111111111,False,True
347,28,-0.27,0.8782592592592593,False,True
348,30,-0.29000000000000004,0.8779074074074074,False,True
349,6,-0.050000000000000044,0.8775555555555555,False,True
350,12,-0.10999999999999999,0.8772037037037037,False,True
351,11,-0.09999999999999998,0.8768518518518519,False,True
352,241,-1.4000000000000012,0.8765000000000001,False,True
353,11,-0.09999999999999998,0.8761481481481481,False,True
354,6,-0.050000000000000044,0.8757962962962963,False,True
355,48,-0.4700000000000002,0.8754444444444445,False,True
356,83,-0.8200000000000006,0.8750925925925926,False,True
357,30,-0.29000000000000015,0.8747407407407407,False,True
358,258,-1.5700000000000016,0.8743888888888889,False,True
359,106,-1.0500000000000007,0.8740370370370371,False,True
360,149,-0.4800000000000011,0.8736851851851852,False,True
361,37,-0.3600000000000001,0.8733333333333333,False,True
362,189,-1.8800000000000012,0.8729814814814815,False,True
363,166,-1.650000000000001,0.8726296296296296,False,True
364,322,-3.2099999999999973,0.8722777777777778,False,True
365,57,-0.5600000000000003,0.871925925925926,False,True
366,270,-1.6900000000000017,0.8715740740740741,False,True
367,15,-0.14,0.8712222222222222,False,True
368,10,-0.08999999999999997,0.8708703703703704,False,True
369,172,-0.710000000000001,0.8705185185185185,False,True
370,51,-0.5000000000000002,0.8701666666666666,False,True
371,39,-0.3800000000000002,0.8698148148148148,False,True
372,340,-3.3899999999999935,0.869462962962963,False,True
373,35,-0.3400000000000001,0.8691111111111112,False,True
374,23,-0.22000000000000008,0.8687592592592592,False,True
375,173,-1.720000000000001,0.8684074074074074,False,True
376,179,-1.7800000000000011,0.8680555555555556,False,True
377,79,-0.7800000000000005,0.8677037037037038,False,True
378,400,-2.999999999999981,0.8673518518518518,False,False
379,36,-0.3500000000000001,0.867,False,True
380,14,-0.13,0.8666481481481482,False,True
381,20,-0.19000000000000006,0.8662962962962963,False,True
382,29,-0.28000000000000014,0.8659444444444444,False,True
383,10,-0.09000000000000008,0.8655925925925926,False,True
384,377,-3.7599999999999856,0.8652407407407408,False,True
385,208,-2.070000000000001,0.8648888888888889,False,True
386,400,-2.999999999999981,0.864537037037037,False,False
387,38,-0.3700000000000001,0.8641851851851852,False,True
388,15,-0.14,0.8638333333333333,False,True
389,17,-0.16000000000000003,0.8634814814814815,False,True
390,69,-0.6800000000000005,0.8631296296296296,False,True
391,47,-0.4600000000000002,0.8627777777777779,False,True
392,16,-0.15000000000000002,0.8624259259259259,False,True
393,213,-2.1200000000000014,0.8620740740740741,False,True
394,22,-0.21000000000000008,0.8617222222222223,False,True
395,87,-0.8600000000000005,0.8613703703703703,False,True
396,107,-1.0600000000000007,0.8610185185185185,False,True
397,11,-0.10000000000000009,0.8606666666666667,False,True
398,58,-0.5700000000000003,0.8603148148148148,False,True
399,217,-1.1600000000000013,0.859962962962963,False,True
400,24,-0.2300000000000001,0.8596111111111111,False,True
401,195,-1.9400000000000013,0.8592592592592593,False,True
402,28,-0.27,0.8589074074074075,False,True
403,389,-3.8799999999999835,0.8585555555555555,False,True
404,87,-0.8600000000000008,0.8582037037037037,False,True
405,25,-0.2400000000000002,0.8578518518518519,False,True
406,15,-0.14,0.8575,False,True
407,11,-0.09999999999999998,0.8571481481481482,False,True
408,400,-2.999999999999981,0.8567962962962963,False,False
409,193,-1.9200000000000013,0.8564444444444445,False,True
410,53,-0.5200000000000002,0.8560925925925926,False,True
411,74,-0.7300000000000004,0.8557407407407407,False,True
412,70,-1.6900000000000004,0.8553888888888889,False,True
413,12,-0.10999999999999999,0.855037037037037,False,True
414,119,-0.18000000000000105,0.8546851851851852,False,True
415,17,-0.16000000000000003,0.8543333333333334,False,True
416,17,-0.16000000000000003,0.8539814814814815,False,True
417,71,-0.7000000000000004,0.8536296296296296,False,True
418,29,-0.28000000000000014,0.8532777777777778,False,True
419,71,-0.7000000000000005,0.8529259259259259,False,True
420,154,-0.5300000000000008,0.8525740740740742,False,True
421,136,-1.3500000000000008,0.8522222222222222,False,True
422,240,-1.390000000000002,0.8518703703703704,False,True
423,22,-0.2100000000000002,0.8515185185185186,False,True
424,81,-0.8000000000000006,0.8511666666666666,False,True
425,114,-1.1300000000000008,0.8508148148148148,False,True
426,173,-1.720000000000001,0.850462962962963,False,True
427,265,-2.6400000000000015,0.8501111111111112,False,True
428,180,-1.7900000000000011,0.8497592592592593,False,True
429,400,-2.000000000000003,0.8494074074074074,False,False
430,91,0.09999999999999942,0.8490555555555556,False,True
431,91,-0.9000000000000007,0.8487037037037037,False,True
432,18,-0.17000000000000004,0.8483518518518518,False,True
433,82,-0.8100000000000005,0.848,False,True
434,32,0.6899999999999997,0.8476481481481482,False,True
435,152,-0.5100000000000008,0.8472962962962963,False,True
436,9,-0.08000000000000007,0.8469444444444445,False,True
437,223,-3.2199999999999966,0.8465925925925926,False,True
438,344,-3.429999999999993,0.8462407407407407,False,True
439,282,-1.810000000000002,0.8458888888888889,False,True
440,48,-0.4700000000000002,0.845537037037037,False,True
441,21,-0.20000000000000007,0.8451851851851852,False,True
442,75,-0.7400000000000005,0.8448333333333333,False,True
443,66,-0.6500000000000004,0.8444814814814815,False,True
444,17,-0.16000000000000003,0.8441296296296297,False,True
445,126,-1.2500000000000007,0.8437777777777777,False,True
446,10,-0.08999999999999997,0.8434259259259259,False,True
447,128,-1.2700000000000007,0.8430740740740741,False,True
448,235,-1.3400000000000014,0.8427222222222222,False,True
449,10,-0.09000000000000008,0.8423703703703704,False,True
450,128,-0.2700000000000008,0.8420185185185185,False,True
451,91,0.0999999999999992,0.8416666666666667,False,True
452,22,-0.21000000000000008,0.8413148148148148,False,True
453,21,-0.20000000000000007,0.840962962962963,False,True
454,11,-0.09999999999999998,0.8406111111111111,False,True
455,51,-0.5000000000000002,0.8402592592592593,False,True
456,222,-2.2100000000000013,0.8399074074074074,False,True
457,34,-0.33000000000000007,0.8395555555555556,False,True
458,84,-0.8300000000000006,0.8392037037037037,False,True
459,98,-0.9700000000000008,0.8388518518518518,False,True
460,285,-1.8400000000000019,0.8385,False,True
461,54,-0.5300000000000002,0.8381481481481482,False,True
462,51,-0.5000000000000002,0.8377962962962963,False,True
463,64,0.36999999999999944,0.8374444444444444,False,True
464,302,-3.010000000000002,0.8370925925925926,False,True
465,43,-0.42000000000000015,0.8367407407407408,False,True
466,25,-0.2400000000000001,0.8363888888888888,False,True
467,16,-0.15000000000000002,0.836037037037037,False,True
468,354,-3.529999999999991,0.8356851851851852,False,True
469,29,-0.28000000000000014,0.8353333333333334,False,True
470,400,-2.999999999999981,0.8349814814814815,False,False
471,14,-0.13,0.8346296296296296,False,True
472,10,-0.08999999999999997,0.8342777777777778,False,True
473,18,-0.17000000000000004,0.833925925925926,False,True
474,148,-1.470000000000001,0.833574074074074,False,True
475,329,-2.280000000000002,0.8332222222222222,False,True
476,279,-2.780000000000002,0.8328703703703704,False,True
477,137,-1.3600000000000008,0.8325185185185185,False,True
478,136,-0.35000000000000075,0.8321666666666667,False,True
479,118,-0.17000000000000082,0.8318148148148148,False,True
480,34,-0.33000000000000007,0.831462962962963,False,True
481,73,-0.7200000000000004,0.8311111111111111,False,True
482,84,0.16999999999999926,0.8307592592592593,False,True
483,29,-0.28,0.8304074074074074,False,True
484,16,-0.15000000000000002,0.8300555555555555,False,True
485,88,-0.8700000000000007,0.8297037037037037,False,True
486,251,-1.5000000000000013,0.8293518518518519,False,True
487,41,-0.40000000000000013,0.829,False,True
488,144,-1.4300000000000008,0.8286481481481481,False,True
489,16,-0.15000000000000002,0.8282962962962963,False,True
490,13,-0.12,0.8279444444444445,False,True
491,21,-0.20000000000000007,0.8275925925925927,False,True
492,18,-0.17000000000000004,0.8272407407407407,False,True
493,30,-0.29000000000000004,0.8268888888888889,False,True
494,7,-0.06000000000000005,0.8265370370370371,False,True
495,280,-1.7900000000000018,0.8261851851851851,False,True
496,56,-0.5500000000000004,0.8258333333333334,False,True
497,181,-1.8000000000000012,0.8254814814814815,False,True
498,16,-0.15000000000000002,0.8251296296296297,False,True
499,268,-1.670000000000002,0.8247777777777778,False,True
500,105,-1.0400000000000007,0.8244259259259259,False,True
501,14,-0.13,0.8240740740740741,False,True
502,308,-3.0700000000000007,0.8237222222222222,False,True
503,17,-0.16000000000000003,0.8233703703703703,False,True
504,151,-1.5000000000000009,0.8230185185185186,False,True
505,358,-2.570000000000003,0.8226666666666667,False,True
506,358,-3.56999999999999,0.8223148148148148,False,True
507,14,-0.13,0.821962962962963,False,True
508,30,-0.29000000000000004,0.8216111111111111,False,True
509,7,-0.06000000000000005,0.8212592592592592,False,True
510,146,-1.450000000000001,0.8209074074074074,False,True
511,46,-0.4500000000000002,0.8205555555555556,False,True
512,107,-1.0600000000000007,0.8202037037037038,False,True
513,175,-1.740000000000001,0.8198518518518518,False,True
514,11,-0.09999999999999998,0.8195,False,True
515,328,-2.2700000000000022,0.8191481481481482,False,True
516,400,-1.9999999999999964,0.8187962962962962,False,False
517,59,-0.5800000000000003,0.8184444444444444,False,True
518,194,-1.9300000000000013,0.8180925925925926,False,True
519,236,-1.3500000000000014,0.8177407407407408,False,True
520,28,-0.27,0.8173888888888889,False,True
521,21,-0.20000000000000007,0.817037037037037,False,True
522,347,-2.4600000000000026,0.8166851851851852,False,True
523,208,-2.070000000000001,0.8163333333333334,False,True
524,9,-0.08000000000000007,0.8159814814814814,False,True
525,400,-2.999999999999981,0.8156296296296297,False,False
526,24,-0.2300000000000001,0.8152777777777778,False,True
527,25,-0.2400000000000001,0.8149259259259259,False,True
528,15,-0.14,0.8145740740740741,False,True
529,23,-0.22000000000000008,0.8142222222222222,False,True
530,30,-0.29000000000000004,0.8138703703703704,False,True
531,31,-0.30000000000000004,0.8135185185185185,False,True
532,18,-0.17000000000000004,0.8131666666666667,False,True
533,44,-0.43000000000000016,0.8128148148148149,False,True
534,158,-0.5700000000000012,0.8124629629629629,False,True
535,8,-0.07000000000000006,0.8121111111111111,False,True
536,175,-1.740000000000001,0.8117592592592593,False,True
537,11,-0.09999999999999998,0.8114074074074074,False,True
538,195,-0.9400000000000014,0.8110555555555555,False,True
539,400,-1.999999999999988,0.8107037037037037,False,False
540,124,-1.2300000000000006,0.8103518518518519,False,True
541,400,-2.0000000000000027,0.81,False,False
542,359,-2.5800000000000027,0.8096481481481481,False,True
543,115,-1.1400000000000006,0.8092962962962963,False,True
544,400,-2.999999999999981,0.8089444444444445,False,False
545,335,-3.3399999999999945,0.8085925925925926,False,True
546,47,-0.4600000000000003,0.8082407407407407,False,True
547,12,-0.10999999999999999,0.8078888888888889,False,True
548,163,-0.6200000000000009,0.807537037037037,False,True
549,284,21.159999999999997,0.8071851851851852,True,False
550,16,-0.15000000000000002,0.8068333333333333,False,True
551,151,-1.5000000000000009,0.8064814814814815,False,True
552,20,-0.19000000000000017,0.8061296296296296,False,True
553,23,-0.22000000000000008,0.8057777777777778,False,True
554,174,-1.730000000000001,0.805425925925926,False,True
555,190,-0.8900000000000013,0.805074074074074,False,True
556,99,-0.9800000000000008,0.8047222222222222,False,True
557,33,-0.32000000000000006,0.8043703703703704,False,True
558,75,-0.7400000000000004,0.8040185185185186,False,True
559,104,-0.030000000000000693,0.8036666666666666,False,True
560,400,-2.999999999999981,0.8033148148148148,False,False
561,400,-2.999999999999981,0.802962962962963,False,False
562,34,-0.3300000000000002,0.8026111111111112,False,True
563,130,-1.2900000000000007,0.8022592592592592,False,True
564,5,-0.040000000000000036,0.8019074074074074,False,True
565,14,-0.13,0.8015555555555556,False,True
566,250,-2.490000000000002,0.8012037037037038,False,True
567,17,-0.16000000000000003,0.8008518518518518,False,True
568,283,-1.820000000000002,0.8005,False,True
569,400,-2.999999999999981,0.8001481481481482,False,False
570,256,-1.5500000000000016,0.7997962962962963,False,True
571,293,-1.9200000000000021,0.7994444444444444,False,True
572,11,-0.09999999999999998,0.7990925925925926,False,True
573,14,-0.13,0.7987407407407408,False,True
574,163,-1.620000000000001,0.7983888888888889,False,True
575,266,-2.6500000000000017,0.7980370370370371,False,True
576,167,-0.660000000000001,0.7976851851851852,False,True
577,16,-0.15000000000000002,0.7973333333333333,False,True
578,400,-2.9999999999999805,0.7969814814814815,False,False
579,225,-1.2400000000000015,0.7966296296296296,False,True
580,138,-1.3700000000000008,0.7962777777777779,False,True
581,20,-0.19000000000000006,0.7959259259259259,False,True
582,400,-2.9999999999999805,0.7955740740740741,False,False
583,80,-0.7900000000000006,0.7952222222222223,False,True
584,53,0.47999999999999954,0.7948703703703703,False,True
585,14,-0.13,0.7945185185185185,False,True
586,92,-0.9100000000000006,0.7941666666666667,False,True
587,11,-0.09999999999999998,0.7938148148148149,False,True
588,181,-1.8000000000000012,0.793462962962963,False,True
589,28,-0.27000000000000013,0.7931111111111111,False,True
590,98,-0.9700000000000006,0.7927592592592593,False,True
591,151,-1.5000000000000009,0.7924074074074074,False,True
592,19,-0.18000000000000005,0.7920555555555555,False,True
593,73,-0.7200000000000005,0.7917037037037037,False,True
594,400,-1.9999999999999862,0.7913518518518519,False,False
595,6,-0.050000000000000044,0.791,False,True
596,400,-2.999999999999981,0.7906481481481482,False,False
597,117,-1.1600000000000006,0.7902962962962963,False,True
598,7,-0.06000000000000005,0.7899444444444444,False,True
599,14,-0.13,0.7895925925925926,False,True
600,36,-0.3500000000000002,0.7892407407407407,False,True
601,400,-2.999999999999981,0.788888888888889,False,False
602,203,-2.0200000000000014,0.788537037037037,False,True
603,28,-0.27,0.7881851851851852,False,True
604,14,-0.13,0.7878333333333334,False,True
605,400,-2.999999999999981,0.7874814814814814,False,False
606,344,-2.429999999999997,0.7871296296296296,False,True
607,17,-0.16000000000000003,0.7867777777777778,False,True
608,117,-1.1600000000000006,0.7864259259259259,False,True
609,359,-2.5799999999999965,0.7860740740740741,False,True
610,134,-1.3300000000000007,0.7857222222222222,False,True
611,400,-2.999999999999981,0.7853703703703704,False,False
612,76,0.24999999999999933,0.7850185185185186,False,True
613,32,-0.31000000000000016,0.7846666666666666,False,True
614,150,-0.4900000000000013,0.7843148148148148,False,True
615,137,-1.3600000000000008,0.783962962962963,False,True
616,186,-1.8500000000000014,0.7836111111111111,False,True
617,23,-0.22000000000000008,0.7832592592592593,False,True
618,234,-2.330000000000002,0.7829074074074074,False,True
619,7,-0.06000000000000005,0.7825555555555556,False,True
620,13,-0.12,0.7822037037037037,False,True
621,29,-0.28000000000000014,0.7818518518518518,False,True
622,396,-2.950000000000003,0.7815,False,True
623,100,0.009999999999999343,0.7811481481481481,False,True
624,93,-1.9200000000000006,0.7807962962962963,False,True
625,394,-2.9300000000000033,0.7804444444444445,False,True
626,400,-1.9999999999999913,0.7800925925925926,False,False
627,21,-0.20000000000000007,0.7797407407407407,False,True
628,295,-2.940000000000002,0.7793888888888889,False,True
629,41,-0.40000000000000013,0.779037037037037,False,True
630,400,-2.999999999999981,0.7786851851851853,False,False
631,112,-0.11000000000000099,0.7783333333333333,False,True
632,207,-1.0600000000000014,0.7779814814814815,False,True
633,103,-0.020000000000000684,0.7776296296296297,False,True
634,400,-2.999999999999981,0.7772777777777777,False,False
635,24,-0.2300000000000001,0.7769259259259259,False,True
636,116,-1.1500000000000008,0.7765740740740741,False,True
637,400,-2.999999999999981,0.7762222222222223,False,False
638,13,-0.1200000000000001,0.7758703703703704,False,True
639,41,-0.40000000000000036,0.7755185185185185,False,True
640,124,-0.23000000000000098,0.7751666666666667,False,True
641,14,-0.13000000000000012,0.7748148148148148,False,True
642,180,-1.7900000000000011,0.774462962962963,False,True
643,400,-2.999999999999981,0.7741111111111111,False,False
644,22,-0.21000000000000008,0.7737592592592593,False,True
645,38,-0.3700000000000001,0.7734074074074074,False,True
646,8,-0.07000000000000006,0.7730555555555556,False,True
647,16,-0.15000000000000002,0.7727037037037037,False,True
648,27,-0.26,0.7723518518518518,False,True
649,334,-3.329999999999995,0.772,False,True
650,204,-2.030000000000001,0.7716481481481482,False,True
651,16,-0.15000000000000002,0.7712962962962964,False,True
652,144,-1.4300000000000008,0.7709444444444444,False,True
653,8,-0.07000000000000006,0.7705925925925926,False,True
654,148,-1.4700000000000009,0.7702407407407408,False,True
655,123,-1.2200000000000006,0.7698888888888888,False,True
656,379,-2.7799999999999883,0.769537037037037,False,True
657,400,-1.9999999999999827,0.7691851851851852,False,False
658,12,-0.10999999999999999,0.7688333333333334,False,True
659,400,-2.999999999999981,0.7684814814814815,False,False
660,7,-0.06000000000000005,0.7681296296296296,False,True
661,321,-3.1999999999999975,0.7677777777777778,False,True
662,400,-2.999999999999981,0.767425925925926,False,False
663,12,-0.10999999999999999,0.7670740740740741,False,True
664,16,-0.15000000000000002,0.7667222222222222,False,True
665,187,-1.8600000000000012,0.7663703703703704,False,True
666,18,-0.17000000000000004,0.7660185185185185,False,True
667,47,-0.4600000000000003,0.7656666666666667,False,True
668,400,-2.999999999999981,0.7653148148148148,False,False
669,290,-2.8900000000000023,0.764962962962963,False,True
670,63,-0.6200000000000004,0.7646111111111111,False,True
671,400,-2.000000000000003,0.7642592592592593,False,False
672,389,-3.8799999999999835,0.7639074074074074,False,True
673,175,-0.7400000000000013,0.7635555555555555,False,True
674,400,-2.999999999999981,0.7632037037037037,False,False
675,11,-0.09999999999999998,0.7628518518518519,False,True
676,9,-0.08000000000000007,0.7625,False,True
677,400,-2.999999999999981,0.7621481481481482,False,False
678,123,-1.2200000000000006,0.7617962962962963,False,True
679,400,-2.000000000000001,0.7614444444444445,False,False
680,400,-2.999999999999981,0.7610925925925927,False,False
681,87,-0.8600000000000007,0.7607407407407407,False,True
682,400,-2.999999999999981,0.7603888888888889,False,False
683,14,-0.13,0.7600370370370371,False,True
684,6,-0.050000000000000044,0.7596851851851852,False,True
685,400,-2.999999999999981,0.7593333333333333,False,False
686,8,-0.07000000000000006,0.7589814814814815,False,True
687,117,-1.1600000000000006,0.7586296296296297,False,True
688,38,-0.3700000000000001,0.7582777777777778,False,True
689,293,-1.920000000000002,0.7579259259259259,False,True
690,21,-0.20000000000000007,0.7575740740740741,False,True
691,251,-1.5000000000000013,0.7572222222222222,False,True
692,400,-2.999999999999981,0.7568703703703703,False,False
693,157,-1.560000000000001,0.7565185185185186,False,True
694,14,-0.13,0.7561666666666667,False,True
695,163,-0.6200000000000012,0.7558148148148148,False,True
696,286,-2.850000000000002,0.755462962962963,False,True
697,116,-0.15000000000000102,0.7551111111111111,False,True
698,400,-2.999999999999981,0.7547592592592594,False,False
699,400,-1.9999999999999951,0.7544074074074074,False,False
700,31,-0.30000000000000004,0.7540555555555556,False,True
701,25,-0.2400000000000001,0.7537037037037038,False,True
702,11,-0.09999999999999998,0.7533518518518518,False,True
703,260,-2.5900000000000016,0.753,False,True
704,17,-0.16000000000000003,0.7526481481481482,False,True
705,14,-0.13,0.7522962962962964,False,True
706,94,0.0699999999999994,0.7519444444444444,False,True
707,400,-2.000000000000003,0.7515925925925926,False,False
708,44,-0.43000000000000016,0.7512407407407408,False,True
709,66,0.34999999999999964,0.7508888888888889,False,True
710,400,-2.9999999999999805,0.750537037037037,False,False
711,204,-1.0300000000000011,0.7501851851851852,False,True
712,400,-2.000000000000003,0.7498333333333334,False,False
713,400,-2.999999999999981,0.7494814814814814,False,False
714,400,-2.000000000000003,0.7491296296296297,False,False
715,22,0.7899999999999998,0.7487777777777778,False,True
716,305,-2.040000000000002,0.7484259259259259,False,True
717,179,-1.7800000000000011,0.7480740740740741,False,True
718,196,-0.9500000000000013,0.7477222222222222,False,True
719,93,-0.9200000000000007,0.7473703703703705,False,True
720,73,-0.7200000000000004,0.7470185185185185,False,True
721,386,-2.8499999999999845,0.7466666666666667,False,True
722,289,-2.880000000000002,0.7463148148148149,False,True
723,10,-0.08999999999999997,0.7459629629629629,False,True
724,288,-2.870000000000002,0.7456111111111111,False,True
725,400,-2.999999999999981,0.7452592592592593,False,False
726,31,-0.30000000000000016,0.7449074074074074,False,True
727,34,-0.33000000000000007,0.7445555555555556,False,True
728,400,-2.999999999999981,0.7442037037037037,False,False
729,91,-0.9000000000000007,0.7438518518518519,False,True
730,400,-2.999999999999981,0.7435,False,False
731,14,-0.13,0.7431481481481481,False,True
732,5,-0.040000000000000036,0.7427962962962964,False,True
733,400,-2.999999999999981,0.7424444444444445,False,False
734,400,-2.999999999999981,0.7420925925925925,False,False
735,51,-0.5000000000000002,0.7417407407407408,False,True
736,400,-2.999999999999981,0.7413888888888889,False,False
737,387,-2.8600000000000025,0.741037037037037,False,True
738,400,-2.999999999999981,0.7406851851851852,False,False
739,36,-0.3500000000000001,0.7403333333333333,False,True
740,18,-0.17000000000000004,0.7399814814814815,False,True
741,24,-0.2300000000000001,0.7396296296296296,False,True
742,400,-2.999999999999981,0.7392777777777778,False,False
743,400,-2.999999999999981,0.738925925925926,False,False
744,12,-0.10999999999999999,0.738574074074074,False,True
745,141,-1.400000000000001,0.7382222222222222,False,True
746,400,-2.999999999999981,0.7378703703703704,False,False
747,400,-2.999999999999981,0.7375185185185185,False,False
748,400,-2.999999999999981,0.7371666666666667,False,False
749,400,-2.9999999999999805,0.7368148148148148,False,False
750,400,-2.999999999999981,0.736462962962963,False,False
751,400,-2.999999999999981,0.7361111111111112,False,False
752,14,-0.13,0.7357592592592592,False,True
753,18,-0.17000000000000004,0.7354074074074075,False,True
754,400,-2.999999999999981,0.7350555555555556,False,False
755,13,-0.12,0.7347037037037036,False,True
756,245,-2.4400000000000017,0.7343518518518519,False,True
757,156,-1.5500000000000012,0.734,False,True
758,400,-2.999999999999981,0.7336481481481482,False,False
759,14,-0.13,0.7332962962962963,False,True
760,298,-2.9700000000000024,0.7329444444444444,False,True
761,400,-2.999999999999981,0.7325925925925926,False,False
762,269,-2.680000000000002,0.7322407407407407,False,True
763,145,-1.4400000000000008,0.7318888888888889,False,True
764,293,-2.920000000000002,0.7315370370370371,False,True
765,50,-0.4900000000000002,0.7311851851851852,False,True
766,400,-1.9999999999999951,0.7308333333333333,False,False
767,400,-2.999999999999981,0.7304814814814815,False,False
768,400,-2.999999999999981,0.7301296296296296,False,False
769,27,-0.26,0.7297777777777779,False,True
770,400,-2.999999999999981,0.7294259259259259,False,False
771,327,-3.2599999999999967,0.729074074074074,False,True
772,359,-2.5800000000000023,0.7287222222222223,False,True
773,268,-1.6700000000000017,0.7283703703703703,False,True
774,19,-0.18000000000000005,0.7280185185185186,False,True
775,160,-1.590000000000001,0.7276666666666667,False,True
776,400,-2.999999999999981,0.7273148148148147,False,False
777,250,-1.4900000000000018,0.726962962962963,False,True
778,400,-2.999999999999981,0.7266111111111111,False,False
779,191,-1.9000000000000012,0.7262592592592593,False,True
780,123,-0.22000000000000108,0.7259074074074074,False,True
781,27,-0.2600000000000001,0.7255555555555556,False,True
782,400,-2.999999999999981,0.7252037037037037,False,False
783,17,-0.16000000000000003,0.7248518518518519,False,True
784,329,-2.2800000000000025,0.7245,False,True
785,396,-2.9499999999999824,0.7241481481481482,False,True
786,138,-0.370000000000001,0.7237962962962963,False,True
787,400,-2.999999999999981,0.7234444444444444,False,False
788,7,-0.06000000000000005,0.7230925925925926,False,True
789,247,-2.4600000000000017,0.7227407407407407,False,True
790,20,-0.19000000000000006,0.722388888888889,False,True
791,5,-0.040000000000000036,0.722037037037037,False,True
792,400,-2.999999999999981,0.7216851851851852,False,False
793,400,-2.999999999999981,0.7213333333333334,False,False
794,16,-0.15000000000000002,0.7209814814814814,False,True
795,18,-0.17000000000000004,0.7206296296296296,False,True
796,158,-0.570000000000001,0.7202777777777778,False,True
797,352,-2.509999999999992,0.719925925925926,False,True
798,11,-0.09999999999999998,0.7195740740740741,False,True
799,291,-2.900000000000002,0.7192222222222222,False,True
800,39,-0.3800000000000001,0.7188703703703704,False,True
801,240,-2.3900000000000015,0.7185185185185186,False,True
802,371,-3.6999999999999873,0.7181666666666666,False,True
803,206,-2.0500000000000016,0.7178148148148148,False,True
804,61,-0.6000000000000004,0.717462962962963,False,True
805,400,-2.9999999999999805,0.7171111111111111,False,False
806,400,-2.999999999999981,0.7167592592592593,False,False
807,203,-1.0200000000000016,0.7164074074074074,False,True
808,47,-0.4600000000000004,0.7160555555555557,False,True
809,296,-1.9500000000000024,0.7157037037037037,False,True
810,8,-0.07000000000000006,0.7153518518518518,False,True
811,27,-0.2600000000000001,0.7150000000000001,False,True
812,400,-2.9999999999999805,0.7146481481481481,False,False
813,6,-0.050000000000000044,0.7142962962962963,False,True
814,188,-0.8700000000000014,0.7139444444444445,False,True
815,143,-1.4200000000000008,0.7135925925925926,False,True
816,400,-2.999999999999981,0.7132407407407407,False,False
817,400,-2.999999999999981,0.7128888888888889,False,False
818,400,-2.999999999999981,0.7125370370370371,False,False
819,148,-1.4700000000000009,0.7121851851851853,False,True
820,7,-0.06000000000000005,0.7118333333333333,False,True
821,337,-2.360000000000002,0.7114814814814815,False,True
822,400,-2.999999999999981,0.7111296296296297,False,False
823,400,-2.0000000000000027,0.7107777777777777,False,False
824,12,-0.10999999999999999,0.710425925925926,False,True
825,5,-0.040000000000000036,0.7100740740740741,False,True
826,400,-2.999999999999981,0.7097222222222221,False,False
827,28,-0.27,0.7093703703703704,False,True
828,313,-3.1199999999999997,0.7090185185185185,False,True
829,400,-2.999999999999981,0.7086666666666668,False,False
830,213,-2.1200000000000014,0.7083148148148148,False,True
831,400,-2.999999999999981,0.7079629629629629,False,False
832,400,-2.999999999999981,0.7076111111111112,False,False
833,10,-0.09000000000000008,0.7072592592592593,False,True
834,22,-0.21000000000000008,0.7069074074074074,False,True
835,400,-2.999999999999981,0.7065555555555556,False,False
836,400,-2.999999999999981,0.7062037037037037,False,False
837,384,-3.8299999999999845,0.7058518518518518,False,True
838,36,-0.3500000000000002,0.7055,False,True
839,400,-2.999999999999981,0.7051481481481482,False,False
840,400,-2.000000000000003,0.7047962962962964,False,False
841,267,-1.660000000000002,0.7044444444444444,False,True
842,17,-0.16000000000000003,0.7040925925925926,False,True
843,400,-2.999999999999981,0.7037407407407408,False,False
844,400,-2.999999999999981,0.7033888888888888,False,False
845,317,-3.159999999999999,0.7030370370370371,False,True
846,53,0.47999999999999954,0.7026851851851852,False,True
847,164,-0.6300000000000012,0.7023333333333333,False,True
848,400,-2.999999999999981,0.7019814814814815,False,False
849,280,-1.7900000000000018,0.7016296296296296,False,True
850,244,-1.4300000000000015,0.7012777777777778,False,True
851,107,-1.0600000000000007,0.700925925925926,False,True
852,281,-1.800000000000002,0.700574074074074,False,True
853,400,-2.999999999999981,0.7002222222222223,False,False
854,290,-2.8900000000000023,0.6998703703703704,False,True
855,400,-2.999999999999981,0.6995185185185185,False,False
856,12,-0.10999999999999999,0.6991666666666667,False,True
857,400,-2.999999999999981,0.6988148148148148,False,False
858,15,-0.14,0.698462962962963,False,True
859,400,-2.999999999999981,0.6981111111111111,False,False
860,208,-2.070000000000001,0.6977592592592593,False,True
861,400,-1.9999999999999825,0.6974074074074075,False,False
862,18,-0.17000000000000004,0.6970555555555555,False,True
863,7,-0.06000000000000005,0.6967037037037037,False,True
864,400,-2.999999999999981,0.6963518518518519,False,False
865,21,-0.20000000000000007,0.696,False,True
866,400,-2.9999999999999805,0.6956481481481482,False,False
867,400,-2.999999999999981,0.6952962962962963,False,False
868,400,-2.999999999999981,0.6949444444444444,False,False
869,400,-2.999999999999981,0.6945925925925927,False,False
870,400,-2.999999999999981,0.6942407407407407,False,False
871,400,-2.999999999999981,0.6938888888888889,False,False
872,340,-3.389999999999994,0.6935370370370371,False,True
873,400,-2.999999999999981,0.6931851851851852,False,False
874,7,-0.06000000000000005,0.6928333333333334,False,True
875,20,-0.19000000000000006,0.6924814814814815,False,True
876,31,-0.30000000000000004,0.6921296296296297,False,True
877,9,-0.08000000000000007,0.6917777777777778,False,True
878,400,-2.999999999999981,0.6914259259259259,False,False
879,16,-0.15000000000000002,0.6910740740740741,False,True
880,400,-2.999999999999981,0.6907222222222222,False,False
881,400,-2.999999999999981,0.6903703703703703,False,False
882,400,-1.999999999999996,0.6900185185185186,False,False
883,400,-2.999999999999981,0.6896666666666667,False,False
884,400,-2.999999999999981,0.6893148148148148,False,False
885,400,-2.999999999999981,0.688962962962963,False,False
886,7,-0.06000000000000005,0.6886111111111111,False,True
887,12,-0.10999999999999999,0.6882592592592593,False,True
888,13,-0.12,0.6879074074074074,False,True
889,32,-0.31000000000000016,0.6875555555555556,False,True
890,400,-2.999999999999981,0.6872037037037038,False,False
891,400,-2.9999999999999805,0.6868518518518518,False,False
892,89,-0.8800000000000007,0.6865,False,True
893,11,-0.09999999999999998,0.6861481481481482,False,True
894,400,-2.9999999999999805,0.6857962962962963,False,False
895,19,-0.18000000000000005,0.6854444444444444,False,True
896,400,-2.999999999999981,0.6850925925925926,False,False
897,18,-0.17000000000000004,0.6847407407407408,False,True
898,202,-1.0100000000000011,0.6843888888888889,False,True
899,400,-2.0000000000000018,0.684037037037037,False,False
900,400,-2.0000000000000027,0.6836851851851853,False,False
901,400,-2.999999999999981,0.6833333333333333,False,False
902,251,-1.5000000000000018,0.6829814814814814,False,True
903,149,-1.4800000000000009,0.6826296296296297,False,True
904,43,-0.42000000000000015,0.6822777777777778,False,True
905,400,-2.999999999999981,0.681925925925926,False,False
906,351,-2.5000000000000027,0.6815740740740741,False,True
907,18,-0.17000000000000004,0.6812222222222222,False,True
908,400,-2.000000000000003,0.6808703703703705,False,False
909,11,-0.09999999999999998,0.6805185185185185,False,True
910,110,-0.09000000000000064,0.6801666666666667,False,True
911,107,-0.06000000000000072,0.6798148148148149,False,True
912,223,-1.2200000000000017,0.6794629629629629,False,True
913,24,-0.2300000000000001,0.6791111111111111,False,True
914,158,22.419999999999998,0.6787592592592593,True,False
915,115,-0.1400000000000008,0.6784074074074075,False,True
916,186,-0.8500000000000014,0.6780555555555556,False,True
917,9,-0.08000000000000007,0.6777037037037037,False,True
918,10,-0.08999999999999997,0.6773518518518519,False,True
919,220,-1.1900000000000017,0.677,False,True
920,10,-0.08999999999999997,0.6766481481481481,False,True
921,302,-2.0100000000000016,0.6762962962962964,False,True
922,400,-2.000000000000003,0.6759444444444445,False,False
923,85,0.15999999999999925,0.6755925925925925,False,True
924,400,-2.0000000000000013,0.6752407407407408,False,False
925,112,-0.11000000000000076,0.6748888888888889,False,True
926,400,-2.0000000000000027,0.674537037037037,False,False
927,400,-2.0000000000000027,0.6741851851851852,False,False
928,5,-0.040000000000000036,0.6738333333333333,False,True
929,65,-0.6400000000000003,0.6734814814814816,False,True
930,324,-3.2299999999999973,0.6731296296296296,False,True
931,53,-0.5200000000000002,0.6727777777777778,False,True
932,54,0.46999999999999975,0.672425925925926,False,True
933,143,-0.4200000000000008,0.672074074074074,False,True
934,113,-0.120000000000001,0.6717222222222222,False,True
935,144,-0.4300000000000008,0.6713703703703704,False,True
936,28,-0.27000000000000013,0.6710185185185186,False,True
937,205,-1.0400000000000016,0.6706666666666667,False,True
938,87,0.13999999999999946,0.6703148148148148,False,True
939,206,-1.0500000000000016,0.669962962962963,False,True
940,310,-2.0900000000000025,0.6696111111111112,False,True
941,70,0.3099999999999996,0.6692592592592592,False,True
942,323,-2.2200000000000024,0.6689074074074075,False,True
943,146,-0.45000000000000107,0.6685555555555556,False,True
944,400,-2.0000000000000027,0.6682037037037036,False,False
945,349,-2.480000000000002,0.6678518518518519,False,True
946,10,-0.08999999999999997,0.6675,False,True
947,239,-1.3800000000000014,0.6671481481481482,False,True
948,63,-0.6200000000000006,0.6667962962962963,False,True
949,400,-2.000000000000003,0.6664444444444444,False,False
950,400,-2.000000000000003,0.6660925925925926,False,False
951,9,-0.08000000000000007,0.6657407407407407,False,True
952,12,-0.1100000000000001,0.6653888888888889,False,True
953,175,-0.7400000000000015,0.6650370370370371,False,True
954,12,-0.10999999999999999,0.6646851851851852,False,True
955,184,-0.8300000000000016,0.6643333333333333,False,True
956,6,-0.050000000000000044,0.6639814814814815,False,True
957,141,-0.400000000000001,0.6636296296296296,False,True
958,26,-0.2500000000000001,0.6632777777777779,False,True
959,120,-0.19000000000000083,0.6629259259259259,False,True
960,147,-0.4600000000000013,0.6625740740740741,False,True
961,48,-0.4700000000000003,0.6622222222222223,False,True
962,272,21.279999999999998,0.6618703703703703,True,False
963,31,-0.30000000000000016,0.6615185185185186,False,True
964,129,-0.2800000000000009,0.6611666666666667,False,True
965,59,0.4199999999999995,0.6608148148148147,False,True
966,87,-0.8600000000000005,0.660462962962963,False,True
967,400,-2.0000000000000027,0.6601111111111111,False,False
968,96,-0.9500000000000006,0.6597592592592593,False,True
969,177,22.229999999999997,0.6594074074074074,True,False
970,226,-1.2500000000000018,0.6590555555555556,False,True
971,103,-1.0200000000000007,0.6587037037037037,False,True
972,27,-0.26000000000000023,0.6583518518518519,False,True
973,233,-1.3200000000000018,0.658,False,True
974,400,-2.000000000000003,0.6576481481481482,False,False
975,224,-1.2300000000000018,0.6572962962962963,False,True
976,14,-0.13,0.6569444444444444,False,True
977,162,-1.610000000000001,0.6565925925925926,False,True
978,26,-0.2500000000000001,0.6562407407407407,False,True
979,276,-1.7500000000000022,0.655888888888889,False,True
980,63,0.37999999999999945,0.655537037037037,False,True
981,17,-0.16000000000000003,0.6551851851851852,False,True
982,96,0.049999999999999156,0.6548333333333334,False,True
983,11,-0.09999999999999998,0.6544814814814814,False,True
984,148,-0.4700000000000011,0.6541296296296297,False,True
985,45,-0.4400000000000003,0.6537777777777778,False,True
986,38,-0.37000000000000033,0.653425925925926,False,True
987,232,-1.3100000000000016,0.6530740740740741,False,True
988,44,-0.43000000000000016,0.6527222222222222,False,True
989,24,-0.2300000000000001,0.6523703703703704,False,True
990,400,-2.000000000000003,0.6520185185185186,False,False
991,236,-1.3500000000000019,0.6516666666666667,False,True
992,400,-2.0000000000000027,0.6513148148148148,False,False
993,59,-0.5800000000000004,0.650962962962963,False,True
994,251,-1.5000000000000018,0.6506111111111111,False,True
995,74,0.2699999999999996,0.6502592592592593,False,True
996,35,-0.3400000000000002,0.6499074074074074,False,True
997,400,-2.000000000000003,0.6495555555555557,False,False
998,54,0.46999999999999975,0.6492037037037037,False,True
999,168,-0.6700000000000013,0.6488518518518518,False,True
1000,109,-0.08000000000000063,0.6485000000000001,False,True
1001,107,-0.06000000000000094,0.6481481481481481,False,True
1002,10,-0.08999999999999997,0.6477962962962963,False,True
1003,75,0.25999999999999934,0.6474444444444445,False,True
1004,280,-1.7900000000000023,0.6470925925925926,False,True
1005,243,-1.420000000000002,0.6467407407407407,False,True
1006,400,-2.000000000000003,0.6463888888888889,False,False
1007,291,21.089999999999996,0.6460370370370371,True,False
1008,9,-0.08000000000000007,0.6456851851851853,False,True
1009,36,-0.3500000000000003,0.6453333333333333,False,True
1010,384,-2.8300000000000027,0.6449814814814815,False,True
1011,199,22.009999999999998,0.6446296296296297,True,False
1012,24,-0.2300000000000001,0.6442777777777777,False,True
1013,343,20.569999999999997,0.643925925925926,True,False
1014,18,-0.17000000000000004,0.6435740740740741,False,True
1015,13,-0.12,0.6432222222222223,False,True
1016,400,-2.000000000000003,0.6428703703703704,False,False
1017,370,-2.690000000000003,0.6425185185185185,False,True
1018,7,-0.06000000000000005,0.6421666666666668,False,True
1019,53,0.47999999999999954,0.6418148148148148,False,True
1020,84,0.16999999999999926,0.6414629629629629,False,True
1021,53,0.47999999999999976,0.6411111111111112,False,True
1022,9,-0.08000000000000007,0.6407592592592593,False,True
1023,400,-2.000000000000003,0.6404074074074074,False,False
1024,10,-0.09000000000000008,0.6400555555555556,False,True
1025,185,-0.8400000000000016,0.6397037037037037,False,True
1026,33,0.6799999999999997,0.6393518518518518,False,True
1027,348,20.519999999999996,0.639,True,False
1028,366,20.339999999999996,0.6386481481481482,True,False
1029,100,0.00999999999999912,0.6382962962962964,False,True
1030,228,21.719999999999995,0.6379444444444444,True,False
1031,10,-0.08999999999999997,0.6375925925925926,False,True
1032,24,-0.2300000000000001,0.6372407407407408,False,True
1033,31,0.6999999999999997,0.6368888888888888,False,True
1034,117,-0.1600000000000008,0.6365370370370371,False,True
1035,44,-0.43000000000000027,0.6361851851851852,False,True
1036,113,-0.120000000000001,0.6358333333333333,False,True
1037,284,-1.8300000000000023,0.6354814814814815,False,True
1038,10,-0.08999999999999997,0.6351296296296296,False,True
1039,400,-2.000000000000003,0.6347777777777779,False,False
1040,34,0.6699999999999997,0.634425925925926,False,True
1041,62,0.3899999999999997,0.634074074074074,False,True
1042,55,-0.5400000000000004,0.6337222222222223,False,True
1043,110,-0.09000000000000097,0.6333703703703704,False,True
1044,151,-0.5000000000000011,0.6330185185185185,False,True
1045,75,0.25999999999999934,0.6326666666666667,False,True
1046,153,-0.5200000000000014,0.6323148148148148,False,True
1047,167,22.33,0.631962962962963,True,False
1048,37,0.6399999999999997,0.6316111111111111,False,True
1049,182,22.179999999999996,0.6312592592592593,True,False
1050,11,-0.09999999999999998,0.6309074074074075,False,True
1051,8,-0.07000000000000006,0.6305555555555555,False,True
1052,26,-0.2500000000000001,0.6302037037037037,False,True
1053,28,-0.27000000000000013,0.6298518518518519,False,True
1054,273,-1.720000000000002,0.6295,False,True
1055,9,-0.08000000000000007,0.6291481481481482,False,True
1056,163,-0.6200000000000014,0.6287962962962963,False,True
1057,400,-2.000000000000003,0.6284444444444444,False,False
1058,266,-1.6500000000000017,0.6280925925925926,False,True
1059,232,-1.3100000000000018,0.6277407407407407,False,True
1060,83,-0.8200000000000006,0.6273888888888889,False,True
1061,70,0.3099999999999994,0.6270370370370371,False,True
1062,122,22.779999999999998,0.6266851851851852,True,False
1063,396,-2.950000000000003,0.6263333333333334,False,True
1064,292,21.079999999999995,0.6259814814814815,True,False
1065,230,21.699999999999996,0.6256296296296296,True,False
1066,103,-0.020000000000000684,0.6252777777777778,False,True
1067,257,-1.5600000000000018,0.6249259259259259,False,True
1068,187,22.129999999999995,0.6245740740740741,True,False
1069,271,-1.700000000000002,0.6242222222222222,False,True
1070,68,0.3299999999999994,0.6238703703703704,False,True
1071,400,-2.000000000000003,0.6235185185185186,False,False
1072,190,-0.8900000000000017,0.6231666666666666,False,True
1073,303,20.969999999999995,0.6228148148148148,True,False
1074,43,0.5799999999999996,0.622462962962963,False,True
1075,25,-0.2400000000000002,0.6221111111111111,False,True
1076,46,0.5499999999999998,0.6217592592592593,False,True
1077,80,0.20999999999999952,0.6214074074074074,False,True
1078,17,-0.16000000000000003,0.6210555555555556,False,True
1079,366,20.339999999999996,0.6207037037037038,True,False
1080,229,21.709999999999997,0.6203518518518518,True,False
1081,132,-0.31000000000000116,0.62,False,True
1082,236,-1.3500000000000019,0.6196481481481482,False,True
1083,48,-0.4700000000000004,0.6192962962962963,False,True
1084,230,21.699999999999996,0.6189444444444445,True,False
1085,205,-1.0400000000000014,0.6185925925925926,False,True
1086,5,-0.040000000000000036,0.6182407407407408,False,True
1087,17,-0.16000000000000003,0.6178888888888889,False,True
1088,8,-0.07000000000000006,0.617537037037037,False,True
1089,142,-0.41000000000000103,0.6171851851851853,False,True
1090,11,-0.09999999999999998,0.6168333333333333,False,True
1091,210,21.9,0.6164814814814814,True,False
1092,15,-0.14,0.6161296296296297,False,True
1093,11,-0.09999999999999998,0.6157777777777778,False,True
1094,52,0.48999999999999955,0.615425925925926,False,True
1095,222,-1.2100000000000017,0.6150740740740741,False,True
1096,16,-0.15000000000000002,0.6147222222222222,False,True
1097,235,-1.3400000000000019,0.6143703703703705,False,True
1098,29,-0.28000000000000025,0.6140185185185185,False,True
1099,132,-0.31000000000000094,0.6136666666666667,False,True
1100,8,-0.07000000000000006,0.6133148148148149,False,True
1101,17,-0.16000000000000014,0.6129629629629629,False,True
1102,14,-0.13,0.6126111111111111,False,True
1103,273,21.269999999999996,0.6122592592592593,True,False
1104,51,-0.5000000000000003,0.6119074074074075,False,True
1105,144,22.56,0.6115555555555556,True,False
1106,81,0.1999999999999993,0.6112037037037037,False,True
1107,14,-0.13,0.6108518518518519,False,True
1108,88,0.12999999999999923,0.6105,False,True
1109,15,-0.14,0.6101481481481481,False,True
1110,18,-0.17000000000000015,0.6097962962962964,False,True
1111,62,-0.6100000000000004,0.6094444444444445,False,True
1112,106,22.939999999999998,0.6090925925925925,True,False
1113,228,21.719999999999995,0.6087407407407408,True,False
1114,246,21.539999999999996,0.6083888888888889,True,False
1115,14,-0.13,0.6080370370370372,False,True
1116,48,0.5299999999999996,0.6076851851851852,False,True
1117,279,21.209999999999997,0.6073333333333333,True,False
1118,222,21.779999999999998,0.6069814814814816,True,False
1119,42,0.5899999999999996,0.6066296296296296,False,True
1120,10,-0.08999999999999997,0.6062777777777778,False,True
1121,43,0.5799999999999996,0.605925925925926,False,True
1122,65,0.35999999999999943,0.605574074074074,False,True
1123,24,-0.2300000000000001,0.6052222222222222,False,True
1124,9,-0.08000000000000007,0.6048703703703704,False,True
1125,9,-0.08000000000000007,0.6045185185185186,False,True
1126,269,21.309999999999995,0.6041666666666667,True,False
1127,49,0.5199999999999996,0.6038148148148148,False,True
1128,14,-0.13,0.603462962962963,False,True
1129,71,-0.7000000000000004,0.6031111111111112,False,True
1130,207,-1.0600000000000014,0.6027592592592592,False,True
1131,122,-0.21000000000000107,0.6024074074074075,False,True
1132,44,0.5699999999999996,0.6020555555555556,False,True
1133,166,-0.6500000000000015,0.6017037037037036,False,True
1134,376,-2.7500000000000027,0.6013518518518519,False,True
1135,58,0.4299999999999995,0.601,False,True
1136,240,21.599999999999998,0.6006481481481482,True,False
1137,8,-0.07000000000000006,0.6002962962962963,False,True
1138,15,-0.14,0.5999444444444444,False,True
1139,9,-0.08000000000000007,0.5995925925925927,False,True
1140,240,-1.390000000000002,0.5992407407407407,False,True
1141,142,22.58,0.5988888888888889,True,False
1142,101,22.99,0.5985370370370371,True,False
1143,10,-0.08999999999999997,0.5981851851851852,False,True
1144,40,0.6099999999999999,0.5978333333333333,False,True
1145,12,-0.1100000000000001,0.5974814814814815,False,True
1146,173,-0.7200000000000013,0.5971296296296297,False,True
1147,166,22.339999999999996,0.5967777777777779,True,False
1148,216,21.839999999999996,0.5964259259259259,True,False
1149,168,22.319999999999997,0.5960740740740741,True,False
1150,158,22.419999999999998,0.5957222222222223,True,False
1151,168,22.319999999999997,0.5953703703703703,True,False
1152,12,-0.10999999999999999,0.5950185185185186,False,True
1153,144,22.56,0.5946666666666667,True,False
1154,102,22.979999999999997,0.5943148148148147,True,False
1155,133,-0.3200000000000012,0.593962962962963,False,True
1156,6,-0.050000000000000044,0.5936111111111111,False,True
1157,164,22.359999999999996,0.5932592592592593,True,False
1158,93,23.069999999999997,0.5929074074074074,True,False
1159,12,-0.10999999999999999,0.5925555555555556,False,True
1160,6,-0.050000000000000044,0.5922037037037037,False,True
1161,15,-0.14,0.5918518518518519,False,True
1162,24,-0.2300000000000001,0.5915,False,True
1163,42,-0.41000000000000014,0.5911481481481482,False,True
1164,30,-0.29000000000000004,0.5907962962962963,False,True
1165,158,22.419999999999998,0.5904444444444444,True,False
1166,107,-0.06000000000000072,0.5900925925925926,False,True
1167,74,0.26999999999999935,0.5897407407407407,False,True
1168,33,-0.3200000000000002,0.589388888888889,False,True
1169,197,22.029999999999998,0.589037037037037,True,False
1170,225,-1.2400000000000015,0.5886851851851852,False,True
1171,58,0.4299999999999995,0.5883333333333334,False,True
1172,135,-0.3400000000000012,0.5879814814814814,False,True
1173,35,0.6599999999999997,0.5876296296296297,False,True
1174,200,21.999999999999996,0.5872777777777778,True,False
1175,185,22.15,0.586925925925926,True,False
1176,11,-0.09999999999999998,0.5865740740740741,False,True
1177,30,-0.29000000000000026,0.5862222222222222,False,True
1178,45,-0.4400000000000003,0.5858703703703704,False,True
1179,6,-0.050000000000000044,0.5855185185185185,False,True
1180,137,-0.3600000000000012,0.5851666666666667,False,True
1181,91,0.0999999999999992,0.5848148148148148,False,True
1182,44,0.5699999999999996,0.584462962962963,False,True
1183,204,21.959999999999997,0.5841111111111111,True,False
1184,44,0.5699999999999998,0.5837592592592593,False,True
1185,29,-0.28000000000000014,0.5834074074074074,False,True
1186,43,0.5799999999999996,0.5830555555555557,False,True
1187,140,22.599999999999998,0.5827037037037037,True,False
1188,18,-0.17000000000000015,0.5823518518518518,False,True
1189,158,-0.5700000000000012,0.5820000000000001,False,True
1190,48,0.5299999999999998,0.5816481481481481,False,True
1191,30,0.71,0.5812962962962963,False,True
1192,8,-0.07000000000000006,0.5809444444444445,False,True
1193,280,21.199999999999996,0.5805925925925925,True,False
1194,39,0.6199999999999997,0.5802407407407408,False,True
1195,400,-2.000000000000003,0.5798888888888889,False,False
1196,18,-0.17000000000000004,0.5795370370370371,False,True
1197,40,0.6099999999999999,0.5791851851851852,False,True
1198,233,21.669999999999998,0.5788333333333333,True,False
1199,170,22.299999999999997,0.5784814814814815,True,False
1200,5,-0.040000000000000036,0.5781296296296297,False,True
1201,10,-0.08999999999999997,0.5777777777777778,False,True
1202,32,0.69,0.577425925925926,False,True
1203,19,-0.18000000000000005,0.5770740740740741,False,True
1204,157,22.429999999999996,0.5767222222222222,True,False
1205,7,-0.06000000000000005,0.5763703703703704,False,True
1206,250,21.499999999999996,0.5760185185185185,True,False
1207,16,-0.15000000000000002,0.5756666666666668,False,True
1208,50,0.5099999999999996,0.5753148148148148,False,True
1209,14,-0.13,0.5749629629629629,False,True
1210,319,-2.1800000000000024,0.5746111111111112,False,True
1211,8,-0.07000000000000006,0.5742592592592592,False,True
1212,243,21.569999999999997,0.5739074074074074,True,False
1213,205,21.949999999999996,0.5735555555555556,True,False
1214,119,22.81,0.5732037037037037,True,False
1215,155,22.449999999999996,0.5728518518518518,True,False
1216,219,21.809999999999995,0.5725,True,False
1217,116,-0.15000000000000102,0.5721481481481482,False,True
1218,8,-0.07000000000000006,0.5717962962962964,False,True
1219,135,22.65,0.5714444444444444,True,False
1220,137,22.63,0.5710925925925926,True,False
1221,108,22.919999999999998,0.5707407407407408,True,False
1222,149,22.509999999999998,0.5703888888888888,True,False
1223,20,-0.19000000000000006,0.5700370370370371,False,True
1224,123,22.769999999999996,0.5696851851851852,True,False
1225,30,0.71,0.5693333333333334,False,True
1226,38,0.6299999999999999,0.5689814814814815,False,True
1227,14,-0.13,0.5686296296296296,False,True
1228,46,-0.4500000000000004,0.5682777777777779,False,True
1229,168,22.319999999999997,0.567925925925926,True,False
1230,13,-0.1200000000000001,0.567574074074074,False,True
1231,53,-0.5200000000000005,0.5672222222222223,False,True
1232,20,-0.19000000000000017,0.5668703703703704,False,True
1233,62,0.38999999999999946,0.5665185185185185,False,True
1234,98,23.019999999999996,0.5661666666666667,True,False
1235,61,0.39999999999999947,0.5658148148148148,False,True
1236,169,22.309999999999995,0.565462962962963,True,False
1237,138,-0.370000000000001,0.5651111111111111,False,True
1238,53,0.47999999999999976,0.5647592592592593,False,True
1239,158,22.419999999999998,0.5644074074074075,True,False
1240,97,23.029999999999998,0.5640555555555555,True,False
1241,171,-0.7000000000000013,0.5637037037037037,False,True
1242,164,22.359999999999996,0.5633518518518519,True,False
1243,5,-0.040000000000000036,0.563,False,True
1244,32,0.6899999999999997,0.5626481481481482,False,True
1245,227,21.729999999999997,0.5622962962962963,True,False
1246,229,21.709999999999997,0.5619444444444444,True,False
1247,16,-0.15000000000000013,0.5615925925925926,False,True
1248,16,-0.15000000000000013,0.5612407407407407,False,True
1249,100,22.999999999999996,0.560888888888889,True,False
1250,214,-1.1300000000000017,0.5605370370370371,False,True
1251,209,21.909999999999997,0.5601851851851852,True,False
1252,177,22.229999999999997,0.5598333333333334,True,False
1253,8,-0.07000000000000006,0.5594814814814815,False,True
1254,35,0.6599999999999997,0.5591296296296296,False,True
1255,175,22.249999999999996,0.5587777777777778,True,False
1256,9,-0.08000000000000007,0.558425925925926,False,True
1257,43,0.5799999999999998,0.5580740740740741,False,True
1258,157,22.429999999999996,0.5577222222222222,True,False
1259,24,0.7699999999999998,0.5573703703703704,False,True
1260,63,0.37999999999999945,0.5570185185185186,False,True
1261,37,0.6399999999999997,0.5566666666666666,False,True
1262,100,0.00999999999999912,0.5563148148148148,False,True
1263,65,0.35999999999999965,0.555962962962963,False,True
1264,400,-2.000000000000003,0.5556111111111111,False,False
1265,23,-0.22000000000000008,0.5552592592592593,False,True
1266,37,0.6399999999999997,0.5549074074074074,False,True
1267,169,22.309999999999995,0.5545555555555556,True,False
1268,232,21.679999999999996,0.5542037037037038,True,False
1269,159,22.409999999999997,0.5538518518518518,True,False
1270,149,-0.4800000000000011,0.5535000000000001,False,True
1271,20,-0.19000000000000017,0.5531481481481482,False,True
1272,177,22.229999999999997,0.5527962962962963,True,False
1273,109,-0.08000000000000096,0.5524444444444445,False,True
1274,20,-0.19000000000000017,0.5520925925925926,False,True
1275,120,-0.19000000000000083,0.5517407407407408,False,True
1276,400,-2.000000000000003,0.5513888888888889,False,False
1277,232,21.679999999999996,0.551037037037037,True,False
1278,285,-1.840000000000002,0.5506851851851853,False,True
1279,377,20.229999999999997,0.5503333333333333,True,False
1280,124,22.759999999999998,0.5499814814814815,True,False
1281,86,0.14999999999999925,0.5496296296296297,False,True
1282,37,-0.3600000000000003,0.5492777777777778,False,True
1283,261,21.389999999999997,0.548925925925926,True,False
1284,163,22.369999999999997,0.5485740740740741,True,False
1285,157,22.429999999999996,0.5482222222222222,True,False
1286,92,0.08999999999999919,0.5478703703703705,False,True
1287,326,20.739999999999995,0.5475185185185185,True,False
1288,15,-0.14,0.5471666666666667,False,True
1289,266,21.339999999999996,0.5468148148148149,True,False
1290,221,21.789999999999996,0.5464629629629629,True,False
1291,146,22.539999999999996,0.5461111111111111,True,False
1292,254,21.459999999999997,0.5457592592592593,True,False
1293,59,0.4199999999999995,0.5454074074074075,False,True
1294,139,22.609999999999996,0.5450555555555556,True,False
1295,187,22.129999999999995,0.5447037037037037,True,False
1296,38,-0.37000000000000033,0.5443518518518519,False,True
1297,21,-0.20000000000000007,0.544,False,True
1298,191,22.089999999999996,0.5436481481481481,True,False
1299,18,-0.17000000000000004,0.5432962962962964,False,True
1300,52,0.48999999999999955,0.5429444444444445,False,True
1301,115,-0.14000000000000057,0.5425925925925926,False,True
1302,245,21.549999999999997,0.5422407407407408,True,False
1303,37,-0.3600000000000003,0.5418888888888889,False,True
1304,41,-0.40000000000000036,0.5415370370370372,False,True
1305,16,-0.15000000000000002,0.5411851851851852,False,True
1306,9,-0.08000000000000007,0.5408333333333333,False,True
1307,96,0.04999999999999938,0.5404814814814816,False,True
1308,181,-0.8000000000000012,0.5401296296296296,False,True
1309,400,-2.0000000000000027,0.5397777777777778,False,False
1310,5,-0.040000000000000036,0.539425925925926,False,True
1311,94,0.0699999999999994,0.539074074074074,False,True
1312,20,-0.19000000000000006,0.5387222222222222,False,True
1313,400,-2.000000000000003,0.5383703703703704,False,False
1314,196,-0.9500000000000016,0.5380185185185186,False,True
1315,207,21.929999999999996,0.5376666666666667,True,False
1316,6,-0.050000000000000044,0.5373148148148148,False,True
1317,32,0.6899999999999997,0.536962962962963,False,True
1318,187,-0.8600000000000014,0.5366111111111111,False,True
1319,268,-1.6700000000000021,0.5362592592592592,False,True
1320,194,-0.9300000000000016,0.5359074074074075,False,True
1321,352,20.479999999999997,0.5355555555555556,True,False
1322,145,22.549999999999997,0.5352037037037036,True,False
1323,149,22.509999999999998,0.5348518518518519,True,False
1324,98,23.019999999999996,0.5345,True,False
1325,113,22.869999999999997,0.5341481481481483,True,False
1326,91,23.089999999999996,0.5337962962962963,True,False
1327,121,-0.20000000000000107,0.5334444444444444,False,True
1328,131,22.689999999999998,0.5330925925925927,True,False
1329,9,-0.08000000000000007,0.5327407407407407,False,True
1330,5,-0.040000000000000036,0.5323888888888889,False,True
1331,98,23.019999999999996,0.5320370370370371,True,False
1332,184,22.159999999999997,0.5316851851851851,True,False
1333,73,0.27999999999999936,0.5313333333333333,False,True
1334,40,0.6099999999999997,0.5309814814814815,False,True
1335,147,22.529999999999998,0.5306296296296297,True,False
1336,100,22.999999999999996,0.5302777777777778,True,False
1337,117,22.83,0.5299259259259259,True,False
1338,122,22.779999999999998,0.5295740740740741,True,False
1339,132,22.679999999999996,0.5292222222222223,True,False
1340,317,20.829999999999995,0.5288703703703703,True,False
1341,400,-2.000000000000003,0.5285185185185186,False,False
1342,150,22.499999999999996,0.5281666666666667,True,False
1343,400,-2.000000000000003,0.5278148148148147,False,False
1344,5,-0.040000000000000036,0.527462962962963,False,True
1345,118,22.819999999999997,0.5271111111111111,True,False
1346,7,-0.06000000000000005,0.5267592592592593,False,True
1347,174,22.259999999999998,0.5264074074074074,True,False
1348,14,-0.13,0.5260555555555556,False,True
1349,33,0.6799999999999997,0.5257037037037038,False,True
1350,159,22.409999999999997,0.5253518518518518,True,False
1351,169,22.31,0.525,True,False
1352,400,-2.000000000000003,0.5246481481481482,False,False
1353,152,-0.5100000000000013,0.5242962962962964,False,True
1354,140,-0.39000000000000123,0.5239444444444445,False,True
1355,16,-0.15000000000000013,0.5235925925925926,False,True
1356,199,22.009999999999998,0.5232407407407407,True,False
1357,8,-0.07000000000000006,0.522888888888889,False,True
1358,112,22.88,0.522537037037037,True,False
1359,7,-0.06000000000000005,0.5221851851851853,False,True
1360,16,-0.15000000000000002,0.5218333333333334,False,True
1361,169,22.31,0.5214814814814815,True,False
1362,114,22.859999999999996,0.5211296296296296,True,False
1363,10,-0.08999999999999997,0.5207777777777778,False,True
1364,119,22.81,0.520425925925926,True,False
1365,123,22.769999999999996,0.5200740740740741,True,False
1366,25,0.7599999999999998,0.5197222222222222,False,True
1367,137,22.629999999999995,0.5193703703703705,True,False
1368,17,-0.16000000000000003,0.5190185185185185,False,True
1369,8,-0.07000000000000006,0.5186666666666666,False,True
1370,167,22.33,0.5183148148148149,True,False
1371,75,23.249999999999996,0.517962962962963,True,False
1372,141,22.589999999999996,0.5176111111111111,True,False
1373,97,23.029999999999998,0.5172592592592593,True,False
1374,171,22.289999999999996,0.5169074074074075,True,False
1375,55,-0.5400000000000005,0.5165555555555557,False,True
1376,40,-0.39000000000000035,0.5162037037037037,False,True
1377,400,-2.000000000000003,0.5158518518518518,False,False
1378,400,-2.000000000000003,0.5155000000000001,False,False
1379,8,-0.07000000000000006,0.5151481481481481,False,True
1380,92,23.08,0.5147962962962964,True,False
1381,11,-0.09999999999999998,0.5144444444444445,False,True
1382,400,-2.0000000000000027,0.5140925925925925,False,False
1383,5,-0.040000000000000036,0.5137407407407407,False,True
1384,192,-0.9100000000000015,0.5133888888888889,False,True
1385,44,0.5699999999999996,0.5130370370370371,False,True
1386,169,22.309999999999995,0.5126851851851852,True,False
1387,152,22.479999999999997,0.5123333333333333,True,False
1388,161,22.389999999999997,0.5119814814814816,True,False
1389,68,0.3299999999999996,0.5116296296296297,False,True
1390,118,22.819999999999997,0.5112777777777777,True,False
1391,48,0.5299999999999998,0.510925925925926,False,True
1392,162,-0.6100000000000014,0.5105740740740741,False,True
1393,400,-2.0000000000000027,0.5102222222222222,False,False
1394,63,23.369999999999997,0.5098703703703704,True,False
1395,15,-0.14,0.5095185185185186,False,True
1396,164,-0.6300000000000014,0.5091666666666667,False,True
1397,112,22.88,0.5088148148148148,True,False
1398,150,22.499999999999996,0.5084629629629629,True,False
1399,110,22.9,0.5081111111111112,True,False
1400,239,-1.380000000000002,0.5077592592592592,False,True
1401,155,-0.5400000000000014,0.5074074074074075,False,True
1402,66,0.34999999999999964,0.5070555555555556,False,True
1403,8,-0.07000000000000006,0.5067037037037037,False,True
1404,57,0.4399999999999995,0.5063518518518518,False,True
1405,11,-0.10000000000000009,0.506,False,True
1406,137,22.629999999999995,0.5056481481481482,True,False
1407,91,23.089999999999996,0.5052962962962964,True,False
1408,125,22.749999999999996,0.5049444444444444,True,False
1409,127,22.729999999999997,0.5045925925925927,True,False
1410,146,22.539999999999996,0.5042407407407408,True,False
1411,113,22.869999999999997,0.5038888888888888,True,False
1412,125,22.749999999999996,0.5035370370370371,True,False
1413,33,0.6799999999999997,0.5031851851851852,False,True
1414,118,22.819999999999997,0.5028333333333334,True,False
1415,400,-2.000000000000003,0.5024814814814815,False,False
1416,81,23.189999999999998,0.5021296296296297,True,False
1417,219,21.81,0.5017777777777778,True,False
1418,27,0.7399999999999998,0.5014259259259259,False,True
1419,96,23.04,0.501074074074074,True,False
1420,116,22.839999999999996,0.5007222222222223,True,False
1421,180,22.199999999999996,0.5003703703703704,True,False
1422,91,23.089999999999996,0.5000185185185186,True,False
1423,139,22.609999999999996,0.4996666666666667,True,False
1424,18,-0.17000000000000015,0.49931481481481477,False,True
1425,94,23.06,0.49896296296296294,True,False
1426,134,22.659999999999997,0.4986111111111111,True,False
1427,17,-0.16000000000000014,0.4982592592592593,False,True
1428,24,-0.2300000000000002,0.49790740740740747,False,True
1429,143,22.569999999999997,0.49755555555555564,True,False
1430,400,-2.000000000000003,0.4972037037037038,False,False
1431,125,22.749999999999996,0.4968518518518519,True,False
1432,154,22.459999999999997,0.49650000000000005,True,False
1433,84,23.159999999999997,0.4961481481481481,True,False
1434,96,23.04,0.4957962962962963,True,False
1435,141,22.589999999999996,0.49544444444444447,True,False
1436,136,22.639999999999997,0.49509259259259264,True,False
1437,378,-2.7700000000000027,0.4947407407407408,False,True
1438,181,22.189999999999998,0.4943888888888889,True,False
1439,207,21.929999999999996,0.49403703703703705,True,False
1440,198,-0.9700000000000016,0.4936851851851852,False,True
1441,400,-2.000000000000003,0.4933333333333334,False,False
1442,7,-0.06000000000000005,0.4929814814814816,False,True
1443,170,22.299999999999997,0.49262962962962964,True,False
1444,123,22.769999999999996,0.4922777777777777,True,False
1445,18,-0.17000000000000015,0.4919259259259259,False,True
1446,400,-2.000000000000003,0.49157407407407405,False,False
1447,119,-0.18000000000000105,0.4912222222222222,False,True
1448,120,22.799999999999997,0.4908703703703704,True,False
1449,28,0.7299999999999998,0.4905185185185186,False,True
1450,400,-2.000000000000003,0.49016666666666675,False,False
1451,73,0.27999999999999936,0.4898148148148148,False,True
1452,94,0.06999999999999917,0.489462962962963,False,True
1453,7,-0.06000000000000005,0.48911111111111116,False,True
1454,101,22.99,0.4887592592592592,True,False
1455,25,-0.2400000000000001,0.4884074074074074,False,True
1456,220,21.799999999999997,0.4880555555555556,True,False
1457,22,-0.2100000000000002,0.48770370370370375,False,True
1458,32,0.6899999999999997,0.4873518518518518,False,True
1459,197,-0.9600000000000016,0.487,False,True
1460,223,21.769999999999996,0.48664814814814816,True,False
1461,95,23.049999999999997,0.48629629629629634,True,False
1462,29,-0.28000000000000014,0.4859444444444445,False,True
1463,186,-0.8500000000000014,0.4855925925925927,False,True
1464,11,-0.09999999999999998,0.48524074074074086,False,True
1465,21,-0.20000000000000007,0.4848888888888888,False,True
1466,75,0.25999999999999956,0.484537037037037,False,True
1467,210,21.9,0.48418518518518516,True,False
1468,71,23.29,0.48383333333333334,True,False
1469,8,-0.07000000000000006,0.4834814814814815,False,True
1470,66,23.339999999999996,0.4831296296296297,True,False
1471,100,22.999999999999996,0.48277777777777786,True,False
1472,7,-0.06000000000000005,0.4824259259259259,False,True
1473,11,-0.09999999999999998,0.4820740740740741,False,True
1474,14,-0.13,0.4817222222222223,False,True
1475,37,0.6399999999999997,0.48137037037037045,False,True
1476,131,22.689999999999998,0.4810185185185185,True,False
1477,30,0.71,0.4806666666666667,False,True
1478,24,-0.2300000000000002,0.48031481481481486,False,True
1479,71,0.2999999999999994,0.4799629629629629,False,True
1480,203,21.969999999999995,0.4796111111111111,True,False
1481,103,22.97,0.4792592592592593,True,False
1482,31,-0.30000000000000016,0.47890740740740745,False,True
1483,8,-0.07000000000000006,0.4785555555555556,False,True
1484,10,-0.08999999999999997,0.4782037037037038,False,True
1485,82,23.179999999999996,0.47785185185185197,True,False
1486,89,23.11,0.47750000000000004,True,False
1487,80,23.2,0.4771481481481481,True,False
1488,89,23.11,0.4767962962962963,True,False
1489,8,-0.07000000000000006,0.47644444444444445,False,True
1490,29,0.7199999999999998,0.4760925925925926,False,True
1491,114,22.859999999999996,0.4757407407407408,True,False
1492,25,0.7599999999999998,0.47538888888888897,False,True
1493,6,-0.050000000000000044,0.47503703703703704,False,True
1494,70,23.299999999999997,0.4746851851851852,True,False
1495,77,23.229999999999997,0.4743333333333334,True,False
1496,102,22.979999999999997,0.47398148148148156,True,False
1497,46,-0.4500000000000003,0.4736296296296296,False,True
1498,106,22.939999999999998,0.4732777777777778,True,False
1499,80,23.2,0.47292592592592597,True,False
1500,78,23.22,0.47257407407407404,True,False
1501,101,22.99,0.4722222222222222,True,False
1502,147,22.529999999999998,0.4718703703703704,True,False
1503,94,23.06,0.47151851851851856,True,False
1504,95,23.049999999999997,0.47116666666666673,True,False
1505,46,0.5499999999999996,0.4708148148148149,False,True
1506,119,22.81,0.47046296296296297,True,False
1507,69,0.3199999999999994,0.47011111111111115,False,True
1508,67,23.33,0.4697592592592592,True,False
1509,8,-0.07000000000000006,0.4694074074074074,False,True
1510,5,-0.040000000000000036,0.46905555555555556,False,True
1511,92,23.08,0.46870370370370373,True,False
1512,60,23.4,0.4683518518518519,True,False
1513,89,23.11,0.46799999999999997,True,False
1514,5,-0.040000000000000036,0.46764814814814815,False,True
1515,45,0.5599999999999996,0.4672962962962963,False,True
1516,31,-0.30000000000000027,0.4669444444444445,False,True
1517,100,22.999999999999996,0.46659259259259267,True,False
1518,201,21.99,0.46624074074074084,True,False
1519,111,22.889999999999997,0.4658888888888889,True,False
1520,161,22.389999999999997,0.46553703703703697,True,False
1521,78,23.22,0.46518518518518515,True,False
1522,75,23.249999999999996,0.4648333333333333,True,False
1523,73,23.269999999999996,0.4644814814814815,True,False
1524,13,-0.12,0.46412962962962967,False,True
1525,13,-0.12,0.46377777777777784,False,True
1526,71,23.29,0.463425925925926,True,False
1527,95,23.049999999999997,0.4630740740740741,True,False
1528,7,-0.06000000000000005,0.46272222222222226,False,True
1529,7,-0.06000000000000005,0.46237037037037043,False,True
1530,15,-0.14,0.4620185185185185,False,True
1531,12,-0.10999999999999999,0.46166666666666667,False,True
1532,80,23.2,0.46131481481481484,True,False
1533,42,0.5899999999999996,0.460962962962963,False,True
1534,82,23.179999999999996,0.4606111111111111,True,False
1535,10,-0.08999999999999997,0.46025925925925926,False,True
1536,73,23.27,0.45990740740740743,True,False
1537,26,0.7499999999999998,0.4595555555555556,False,True
1538,94,23.06,0.4592037037037038,True,False
1539,112,22.88,0.45885185185185196,True,False
1540,95,23.049999999999997,0.4585,True,False
1541,102,22.979999999999997,0.4581481481481481,True,False
1542,78,23.22,0.45779629629629626,True,False
1543,70,23.299999999999997,0.45744444444444443,True,False
1544,63,23.369999999999997,0.4570925925925926,True,False
1545,43,0.5799999999999996,0.4567407407407408,False,True
1546,101,22.99,0.45638888888888896,True,False
1547,74,23.259999999999998,0.45603703703703713,True,False
1548,112,22.88,0.4556851851851852,True,False
1549,9,-0.08000000000000007,0.45533333333333337,False,True
1550,5,-0.040000000000000036,0.45498148148148154,False,True
1551,35,0.6599999999999997,0.4546296296296296,False,True
1552,75,0.25999999999999956,0.4542777777777778,False,True
1553,79,23.209999999999997,0.45392592592592595,True,False
1554,77,23.229999999999997,0.45357407407407413,True,False
1555,5,-0.040000000000000036,0.4532222222222222,False,True
1556,88,23.119999999999997,0.45287037037037037,True,False
1557,82,23.179999999999996,0.45251851851851854,True,False
1558,47,0.5399999999999998,0.4521666666666667,False,True
1559,83,23.169999999999998,0.4518148148148149,True,False
1560,70,23.299999999999997,0.45146296296296307,True,False
1561,89,23.11,0.45111111111111124,True,False
1562,23,0.7799999999999998,0.4507592592592592,False,True
1563,119,22.81,0.45040740740740737,True,False
1564,72,23.279999999999998,0.45005555555555554,True,False
1565,95,23.049999999999997,0.4497037037037037,True,False
1566,20,0.8099999999999998,0.4493518518518519,False,True
1567,97,23.029999999999998,0.44900000000000007,True,False
1568,82,23.179999999999996,0.44864814814814813,True,False
1569,72,23.279999999999998,0.4482962962962963,True,False
1570,39,-0.3800000000000002,0.4479444444444445,False,True
1571,400,-2.000000000000003,0.44759259259259265,False,False
1572,87,23.13,0.4472407407407408,True,False
1573,87,23.13,0.4468888888888889,True,False
1574,83,23.169999999999998,0.44653703703703707,True,False
1575,73,0.27999999999999936,0.44618518518518513,False,True
1576,115,22.849999999999998,0.4458333333333333,True,False
1577,69,23.31,0.4454814814814815,True,False
1578,93,23.069999999999997,0.44512962962962965,True,False
1579,80,23.2,0.4447777777777778,True,False
1580,26,0.7499999999999998,0.444425925925926,False,True
1581,45,0.5599999999999996,0.4440740740740742,False,True
1582,35,0.6599999999999997,0.44372222222222224,False,True
1583,50,0.5099999999999998,0.4433703703703704,False,True
1584,11,-0.09999999999999998,0.4430185185185185,False,True
1585,46,0.5499999999999996,0.44266666666666665,False,True
1586,69,23.31,0.4423148148148148,True,False
1587,114,22.859999999999996,0.441962962962963,True,False
1588,36,0.6499999999999997,0.4416111111111112,False,True
1589,107,22.929999999999996,0.44125925925925924,True,False
1590,74,23.259999999999998,0.4409074074074074,True,False
1591,92,23.08,0.4405555555555556,True,False
1592,97,23.029999999999998,0.44020370370370376,True,False
1593,69,23.31,0.43985185185185194,True,False
1594,35,0.6599999999999997,0.4395,False,True
1595,112,22.88,0.4391481481481482,True,False
1596,5,-0.040000000000000036,0.43879629629629624,False,True
1597,81,23.189999999999998,0.4384444444444444,True,False
1598,105,22.95,0.4380925925925926,True,False
1599,84,23.159999999999997,0.43774074074074076,True,False
1600,12,-0.10999999999999999,0.43738888888888894,False,True
1601,85,23.15,0.4370370370370371,True,False
1602,96,23.04,0.4366851851851853,True,False
1603,11,-0.09999999999999998,0.43633333333333335,False,True
1604,102,22.979999999999997,0.4359814814814815,True,False
1605,67,23.33,0.4356296296296296,True,False
1606,157,22.429999999999996,0.43527777777777776,True,False
1607,5,-0.040000000000000036,0.43492592592592594,False,True
1608,19,-0.18000000000000016,0.4345740740740741,False,True
1609,93,23.069999999999997,0.4342222222222223,True,False
1610,87,23.13,0.43387037037037035,True,False
1611,30,0.7099999999999997,0.4335185185185185,False,True
1612,77,23.229999999999997,0.4331666666666667,True,False
1613,7,-0.06000000000000005,0.4328148148148149,False,True
1614,93,23.069999999999997,0.43246296296296305,True,False
1615,40,0.6099999999999997,0.4321111111111112,False,True
1616,78,23.22,0.4317592592592593,True,False
1617,93,23.069999999999997,0.43140740740740735,True,False
1618,70,23.299999999999997,0.4310555555555555,True,False
1619,16,-0.15000000000000013,0.4307037037037037,False,True
1620,77,23.229999999999997,0.4303518518518519,True,False
1621,39,0.6199999999999999,0.43000000000000005,False,True
1622,137,22.63,0.4296481481481482,True,False
1623,10,-0.08999999999999997,0.4292962962962964,False,True
1624,77,23.229999999999997,0.42894444444444446,True,False
1625,88,23.119999999999997,0.42859259259259264,True,False
1626,30,0.7099999999999997,0.4282407407407408,False,True
1627,20,0.8099999999999998,0.4278888888888889,False,True
1628,111,22.889999999999997,0.42753703703703705,True,False
1629,69,23.31,0.4271851851851852,True,False
1630,91,23.089999999999996,0.4268333333333333,True,False
1631,62,23.38,0.42648148148148146,True,False
1632,67,23.33,0.42612962962962964,True,False
1633,82,23.179999999999996,0.4257777777777778,True,False
1634,97,23.029999999999998,0.425425925925926,True,False
1635,83,23.169999999999998,0.42507407407407416,True,False
1636,109,22.909999999999997,0.42472222222222233,True,False
1637,72,23.279999999999998,0.4243703703703704,True,False
1638,12,-0.1100000000000001,0.42401851851851846,False,True
1639,72,23.279999999999998,0.42366666666666664,True,False
1640,15,-0.14000000000000012,0.4233148148148148,False,True
1641,62,23.38,0.422962962962963,True,False
1642,10,-0.09000000000000008,0.42261111111111116,False,True
1643,23,0.7799999999999998,0.42225925925925933,False,True
1644,67,23.33,0.4219074074074074,True,False
1645,32,0.6899999999999997,0.42155555555555557,False,True
1646,80,23.2,0.42120370370370375,True,False
1647,8,-0.07000000000000006,0.4208518518518519,False,True
1648,99,23.009999999999998,0.4205,True,False
1649,72,23.279999999999998,0.42014814814814816,True,False
1650,81,23.189999999999998,0.41979629629629633,True,False
1651,73,23.269999999999996,0.4194444444444444,True,False
1652,32,0.6899999999999997,0.41909259259259257,False,True
1653,90,23.099999999999998,0.41874074074074075,True,False
1654,63,23.369999999999997,0.4183888888888889,True,False
1655,26,0.7499999999999998,0.4180370370370371,False,True
1656,93,23.069999999999997,0.41768518518518527,True,False
1657,99,23.009999999999998,0.41733333333333344,True,False
1658,80,23.2,0.4169814814814815,True,False
1659,67,23.33,0.41662962962962957,True,False
1660,31,0.6999999999999997,0.41627777777777775,False,True
1661,70,23.299999999999997,0.4159259259259259,True,False
1662,400,-2.000000000000003,0.4155740740740741,False,False
1663,8,-0.07000000000000006,0.41522222222222227,False,True
1664,75,23.249999999999996,0.41487037037037044,True,False
1665,77,23.229999999999997,0.4145185185185185,True,False
1666,77,23.229999999999997,0.4141666666666667,True,False
1667,91,23.089999999999996,0.41381481481481486,True,False
1668,82,23.18,0.41346296296296303,True,False
1669,82,23.179999999999996,0.4131111111111112,True,False
1670,66,23.339999999999996,0.41275925925925927,True,False
1671,75,23.249999999999996,0.41240740740740744,True,False
1672,108,22.919999999999998,0.4120555555555555,True,False
1673,105,22.949999999999996,0.4117037037037037,True,False
1674,38,0.6299999999999997,0.41135185185185186,False,True
1675,69,23.31,0.41100000000000003,True,False
1676,26,0.75,0.4106481481481482,False,True
1677,72,23.279999999999998,0.4102962962962964,True,False
1678,67,0.3399999999999994,0.40994444444444456,False,True
1679,66,23.339999999999996,0.4095925925925926,True,False
1680,90,23.099999999999998,0.4092407407407408,True,False
1681,83,23.169999999999998,0.40888888888888886,True,False
1682,77,23.229999999999997,0.40853703703703703,True,False
1683,26,0.75,0.4081851851851852,False,True
1684,79,23.209999999999997,0.4078333333333334,True,False
1685,6,-0.050000000000000044,0.40748148148148156,False,True
1686,12,-0.10999999999999999,0.4071296296296296,False,True
1687,61,0.39999999999999947,0.4067777777777778,False,True
1688,83,23.169999999999998,0.40642592592592597,True,False
1689,65,23.349999999999998,0.40607407407407414,True,False
1690,39,0.6199999999999997,0.4057222222222223,False,True
1691,82,23.179999999999996,0.4053703703703705,True,False
1692,46,0.5499999999999998,0.40501851851851844,False,True
1693,29,0.7199999999999998,0.4046666666666666,False,True
1694,72,23.279999999999998,0.4043148148148148,True,False
1695,5,-0.040000000000000036,0.40396296296296297,False,True
1696,125,22.749999999999996,0.40361111111111114,True,False
1697,147,22.529999999999998,0.4032592592592593,True,False
1698,18,0.8299999999999998,0.4029074074074075,False,True
1699,80,23.2,0.40255555555555556,True,False
1700,71,23.29,0.40220370370370373,True,False
1701,29,0.7199999999999998,0.4018518518518519,False,True
1702,78,23.22,0.4015000000000001,True,False
1703,81,23.189999999999998,0.40114814814814814,True,False
1704,72,23.279999999999998,0.4007962962962963,True,False
1705,75,23.249999999999996,0.4004444444444445,True,False
1706,75,23.249999999999996,0.40009259259259256,True,False
1707,76,23.24,0.39974074074074073,True,False
1708,66,23.339999999999996,0.3993888888888889,True,False
1709,99,23.009999999999998,0.3990370370370371,True,False
1710,5,-0.040000000000000036,0.39868518518518525,False,True
1711,81,23.189999999999998,0.39833333333333343,True,False
1712,88,23.119999999999997,0.3979814814814816,True,False
1713,79,23.209999999999997,0.39762962962962967,True,False
1714,76,23.24,0.39727777777777773,True,False
1715,94,23.06,0.3969259259259259,True,False
1716,19,-0.18000000000000016,0.3965740740740741,False,True
1717,6,-0.050000000000000044,0.39622222222222225,False,True
1718,28,0.7299999999999998,0.39587037037037043,False,True
1719,90,23.099999999999998,0.3955185185185186,True,False
1720,59,23.409999999999997,0.39516666666666667,True,False
1721,101,22.99,0.39481481481481484,True,False
1722,78,23.22,0.394462962962963,True,False
1723,135,22.65,0.3941111111111112,True,False
1724,78,23.22,0.39375925925925925,True,False
1725,74,23.259999999999998,0.39340740740740743,True,False
1726,94,23.06,0.3930555555555556,True,False
1727,67,23.33,0.39270370370370367,True,False
1728,77,23.229999999999997,0.39235185185185184,True,False
1729,21,-0.20000000000000007,0.392,False,True
1730,83,23.169999999999998,0.3916481481481482,True,False
1731,33,0.6799999999999997,0.39129629629629636,False,True
1732,60,0.4099999999999995,0.39094444444444454,False,True
1733,85,23.15,0.3905925925925927,True,False
1734,80,23.2,0.3902407407407408,True,False
1735,52,23.479999999999997,0.38988888888888884,True,False
1736,96,23.04,0.389537037037037,True,False
1737,81,23.189999999999998,0.3891851851851852,True,False
1738,34,0.6699999999999997,0.38883333333333336,False,True
1739,91,23.089999999999996,0.38848148148148154,True,False
1740,96,23.04,0.3881296296296297,True,False
1741,7,-0.06000000000000005,0.3877777777777778,False,True
1742,75,23.249999999999996,0.38742592592592595,True,False
1743,87,23.13,0.3870740740740741,True,False
1744,60,0.4099999999999997,0.3867222222222223,False,True
1745,56,23.439999999999998,0.3863703703703705,True,False
1746,76,23.24,0.38601851851851854,True,False
1747,101,22.99,0.3856666666666667,True,False
1748,62,23.38,0.3853148148148148,True,False
1749,55,23.45,0.38496296296296295,True,False
1750,92,23.08,0.3846111111111111,True,False
1751,67,23.33,0.3842592592592593,True,False
1752,92,23.08,0.3839074074074075,True,False
1753,17,-0.16000000000000014,0.38355555555555565,False,True
1754,73,23.269999999999996,0.3832037037037037,True,False
1755,78,23.22,0.3828518518518519,True,False
1756,70,23.299999999999997,0.38250000000000006,True,False
1757,64,23.36,0.3821481481481481,True,False
1758,58,23.419999999999998,0.3817962962962963,True,False
1759,79,23.209999999999997,0.3814444444444445,True,False
1760,94,23.06,0.38109259259259265,True,False
1761,69,23.31,0.3807407407407407,True,False
1762,91,23.089999999999996,0.3803888888888889,True,False
1763,5,-0.040000000000000036,0.38003703703703706,False,True
1764,78,23.22,0.37968518518518524,True,False
1765,5,-0.040000000000000036,0.3793333333333334,False,True
1766,12,-0.1100000000000001,0.3789814814814816,False,True
1767,61,23.389999999999997,0.37862962962962965,True,False
1768,6,-0.050000000000000044,0.3782777777777777,False,True
1769,88,23.119999999999997,0.3779259259259259,True,False
1770,114,22.86,0.37757407407407406,True,False
1771,84,23.159999999999997,0.37722222222222224,True,False
1772,5,-0.040000000000000036,0.3768703703703704,False,True
1773,13,-0.12,0.3765185185185186,False,True
1774,48,-0.4700000000000002,0.37616666666666676,False,True
1775,102,22.979999999999997,0.3758148148148148,True,False
1776,113,22.869999999999997,0.375462962962963,True,False
1777,88,23.119999999999997,0.3751111111111112,True,False
1778,71,0.2999999999999994,0.37475925925925924,False,True
1779,78,23.22,0.3744074074074074,True,False
1780,65,23.349999999999998,0.3740555555555556,True,False
1781,63,23.369999999999997,0.37370370370370376,True,False
1782,69,23.31,0.3733518518518518,True,False
1783,69,23.31,0.373,True,False
1784,35,0.6599999999999997,0.3726481481481482,False,True
1785,60,23.4,0.37229629629629635,True,False
1786,75,23.249999999999996,0.3719444444444445,True,False
1787,64,23.36,0.3715925925925927,True,False
1788,64,23.36,0.37124074074074087,True,False
1789,13,-0.12,0.3708888888888888,False,True
1790,72,23.279999999999998,0.370537037037037,True,False
1791,89,23.11,0.3701851851851852,True,False
1792,28,0.7299999999999998,0.36983333333333335,False,True
1793,69,23.31,0.3694814814814815,True,False
1794,66,23.339999999999996,0.3691296296296297,True,False
1795,71,23.29,0.36877777777777787,True,False
1796,70,23.299999999999997,0.36842592592592593,True,False
1797,88,23.119999999999997,0.3680740740740741,True,False
1798,31,0.6999999999999997,0.3677222222222223,False,True
1799,110,22.9,0.36737037037037046,True,False
1800,78,23.22,0.3670185185185185,True,False
1801,72,23.279999999999998,0.3666666666666667,True,False
1802,71,23.29,0.36631481481481487,True,False
1803,74,23.259999999999998,0.36596296296296293,True,False
1804,71,23.29,0.3656111111111111,True,False
1805,68,0.3299999999999994,0.3652592592592593,False,True
1806,85,23.15,0.36490740740740746,True,False
1807,76,23.24,0.36455555555555563,True,False
1808,81,23.189999999999998,0.3642037037037038,True,False
1809,59,23.409999999999997,0.363851851851852,True,False
1810,79,23.209999999999997,0.36350000000000005,True,False
1811,39,0.6199999999999997,0.3631481481481481,False,True
1812,59,23.409999999999997,0.3627962962962963,True,False
1813,80,23.2,0.36244444444444446,True,False
1814,58,23.419999999999998,0.36209259259259263,True,False
1815,78,23.22,0.3617407407407408,True,False
1816,99,23.009999999999998,0.36138888888888887,True,False
1817,66,23.339999999999996,0.36103703703703705,True,False
1818,69,23.31,0.3606851851851852,True,False
1819,52,23.479999999999997,0.3603333333333334,True,False
1820,92,23.08,0.35998148148148157,True,False
1821,83,23.169999999999998,0.35962962962962963,True,False
1822,78,23.22,0.3592777777777778,True,False
1823,53,23.47,0.35892592592592587,True,False
1824,59,23.409999999999997,0.35857407407407405,True,False
1825,68,23.319999999999997,0.3582222222222222,True,False
1826,83,23.169999999999998,0.3578703703703704,True,False
1827,6,-0.050000000000000044,0.35751851851851857,False,True
1828,71,23.29,0.35716666666666674,True,False
1829,66,23.339999999999996,0.3568148148148149,True,False
1830,86,23.139999999999997,0.356462962962963,True,False
1831,61,23.389999999999997,0.35611111111111116,True,False
1832,76,23.24,0.3557592592592592,True,False
1833,61,23.389999999999997,0.3554074074074074,True,False
1834,76,23.24,0.35505555555555557,True,False
1835,69,23.31,0.35470370370370374,True,False
1836,69,23.31,0.3543518518518519,True,False
1837,71,23.29,0.354,True,False
1838,72,23.279999999999998,0.35364814814814816,True,False
1839,61,23.389999999999997,0.35329629629629633,True,False
1840,68,23.319999999999997,0.3529444444444445,True,False
1841,79,0.2199999999999993,0.3525925925925927,False,True
1842,76,23.24,0.35224074074074085,True,False
1843,61,23.389999999999997,0.3518888888888889,True,False
1844,67,23.33,0.351537037037037,True,False
1845,72,23.279999999999998,0.35118518518518516,True,False
1846,107,22.929999999999996,0.35083333333333333,True,False
1847,71,23.29,0.3504814814814815,True,False
1848,13,-0.1200000000000001,0.3501296296296297,False,True
1849,78,23.22,0.34977777777777785,True,False
1850,58,23.419999999999998,0.34942592592592603,True,False
1851,10,-0.08999999999999997,0.3490740740740741,False,True
1852,64,0.36999999999999966,0.34872222222222227,False,True
1853,58,23.419999999999998,0.34837037037037044,True,False
1854,75,23.249999999999996,0.3480185185185185,True,False
1855,43,0.5799999999999996,0.3476666666666667,False,True
1856,66,23.339999999999996,0.34731481481481485,True,False
1857,64,23.36,0.34696296296296303,True,False
1858,79,23.209999999999997,0.3466111111111111,True,False
1859,91,23.089999999999996,0.34625925925925927,True,False
1860,78,23.22,0.34590740740740744,True,False
1861,69,23.31,0.3455555555555556,True,False
1862,73,23.269999999999996,0.3452037037037038,True,False
1863,57,23.43,0.34485185185185196,True,False
1864,68,23.319999999999997,0.34450000000000003,True,False
1865,89,23.11,0.3441481481481481,True,False
1866,8,-0.07000000000000006,0.34379629629629627,False,True
1867,9,-0.08000000000000007,0.34344444444444444,False,True
1868,57,23.43,0.3430925925925926,True,False
1869,74,23.259999999999998,0.3427407407407408,True,False
1870,76,23.24,0.34238888888888896,True,False
1871,73,23.269999999999996,0.34203703703703714,True,False
1872,61,23.389999999999997,0.3416851851851852,True,False
1873,76,23.24,0.3413333333333334,True,False
1874,9,-0.08000000000000007,0.34098148148148155,False,True
1875,61,0.39999999999999947,0.3406296296296296,False,True
1876,89,23.11,0.3402777777777778,True,False
1877,67,23.33,0.33992592592592596,True,False
1878,73,23.269999999999996,0.33957407407407403,True,False
1879,67,23.33,0.3392222222222222,True,False
1880,82,23.18,0.3388703703703704,True,False
1881,185,22.15,0.33851851851851855,True,False
1882,73,23.269999999999996,0.3381666666666667,True,False
1883,70,23.299999999999997,0.3378148148148149,True,False
1884,79,23.209999999999997,0.3374629629629631,True,False
1885,30,0.7099999999999997,0.33711111111111114,False,True
1886,75,23.249999999999996,0.3367592592592592,True,False
1887,24,0.7699999999999998,0.3364074074074074,False,True
1888,41,0.5999999999999996,0.33605555555555555,False,True
1889,97,23.029999999999998,0.3357037037037037,True,False
1890,90,23.099999999999998,0.3353518518518519,True,False
1891,61,23.389999999999997,0.3350000000000001,True,False
1892,90,23.099999999999998,0.33464814814814814,True,False
1893,77,23.229999999999997,0.3342962962962963,True,False
1894,65,23.349999999999998,0.3339444444444445,True,False
1895,63,23.369999999999997,0.33359259259259266,True,False
1896,64,23.36,0.33324074074074084,True,False
1897,68,23.319999999999997,0.3328888888888889,True,False
1898,61,23.389999999999997,0.3325370370370371,True,False
1899,56,23.439999999999998,0.33218518518518514,True,False
1900,54,23.459999999999997,0.3318333333333333,True,False
1901,26,0.7499999999999998,0.3314814814814815,False,True
1902,7,-0.06000000000000005,0.33112962962962966,False,True
1903,73,23.269999999999996,0.33077777777777784,True,False
1904,20,0.8099999999999998,0.330425925925926,False,True
1905,9,-0.08000000000000007,0.3300740740740742,False,True
1906,18,-0.17000000000000004,0.32972222222222225,False,True
1907,73,23.27,0.3293703703703704,True,False
1908,87,23.13,0.3290185185185185,True,False
1909,56,23.439999999999998,0.32866666666666666,True,False
1910,73,23.269999999999996,0.32831481481481484,True,False
1911,68,23.319999999999997,0.327962962962963,True,False
1912,8,-0.07000000000000006,0.3276111111111112,False,True
1913,5,-0.040000000000000036,0.32725925925925925,False,True
1914,75,23.249999999999996,0.3269074074074074,True,False
1915,76,23.24,0.3265555555555556,True,False
1916,72,23.279999999999998,0.3262037037037038,True,False
1917,61,0.39999999999999947,0.32585185185185195,False,True
1918,8,-0.07000000000000006,0.3255,False,True
1919,72,23.279999999999998,0.3251481481481482,True,False
1920,71,23.29,0.32479629629629625,True,False
1921,63,23.369999999999997,0.3244444444444444,True,False
1922,81,23.189999999999998,0.3240925925925926,True,False
1923,70,23.299999999999997,0.3237407407407408,True,False
1924,67,23.33,0.32338888888888895,True,False
1925,87,23.13,0.3230370370370371,True,False
1926,51,23.49,0.3226851851851853,True,False
1927,58,23.419999999999998,0.32233333333333336,True,False
1928,61,23.389999999999997,0.32198148148148154,True,False
1929,56,23.439999999999998,0.3216296296296296,True,False
1930,83,23.169999999999998,0.3212777777777778,True,False
1931,68,23.319999999999997,0.32092592592592595,True,False
1932,77,23.229999999999997,0.3205740740740741,True,False
1933,66,23.339999999999996,0.3202222222222223,True,False
1934,55,23.45,0.31987037037037036,True,False
1935,76,23.24,0.31951851851851854,True,False
1936,64,23.36,0.3191666666666667,True,False
1937,72,23.279999999999998,0.3188148148148149,True,False
1938,64,23.36,0.31846296296296306,True,False
1939,60,23.4,0.31811111111111123,True,False
1940,59,23.409999999999997,0.3177592592592592,True,False
1941,8,-0.07000000000000006,0.31740740740740736,False,True
1942,71,23.29,0.31705555555555553,True,False
1943,69,23.31,0.3167037037037037,True,False
1944,28,0.7299999999999998,0.3163518518518519,False,True
1945,69,0.3199999999999994,0.31600000000000006,False,True
1946,7,-0.06000000000000005,0.31564814814814823,False,True
1947,66,0.3499999999999994,0.3152962962962963,False,True
1948,83,0.17999999999999927,0.31494444444444447,False,True
1949,25,0.7599999999999998,0.31459259259259265,False,True
1950,61,23.389999999999997,0.3142407407407408,True,False
1951,71,23.29,0.3138888888888889,True,False
1952,65,23.349999999999998,0.31353703703703706,True,False
1953,85,23.15,0.31318518518518523,True,False
1954,60,23.4,0.3128333333333333,True,False
1955,57,23.43,0.31248148148148147,True,False
1956,58,23.419999999999998,0.31212962962962965,True,False
1957,62,23.38,0.3117777777777778,True,False
1958,61,23.389999999999997,0.311425925925926,True,False
1959,68,23.319999999999997,0.31107407407407417,True,False
1960,98,23.019999999999996,0.31072222222222234,True,False
1961,64,23.36,0.3103703703703704,True,False
1962,62,23.38,0.31001851851851847,True,False
1963,74,23.259999999999998,0.30966666666666665,True,False
1964,9,-0.08000000000000007,0.3093148148148148,False,True
1965,67,23.33,0.308962962962963,True,False
1966,71,23.29,0.30861111111111117,True,False
1967,25,0.7599999999999998,0.30825925925925934,False,True
1968,21,0.7999999999999998,0.3079074074074074,False,True
1969,61,23.389999999999997,0.3075555555555556,True,False
1970,65,23.349999999999998,0.30720370370370376,True,False
1971,63,23.369999999999997,0.30685185185185193,True,False
1972,54,23.459999999999997,0.3065,True,False
1973,63,0.37999999999999967,0.30614814814814817,False,True
1974,59,23.409999999999997,0.30579629629629634,True,False
1975,89,23.11,0.3054444444444444,True,False
1976,8,-0.07000000000000006,0.3050925925925926,False,True
1977,64,23.36,0.30474074074074076,True,False
1978,91,23.089999999999996,0.30438888888888893,True,False
1979,58,23.419999999999998,0.3040370370370371,True,False
1980,76,23.24,0.3036851851851853,True,False
1981,63,23.369999999999997,0.30333333333333345,True,False
1982,9,-0.08000000000000007,0.3029814814814815,False,True
1983,61,23.389999999999997,0.3026296296296296,True,False
1984,68,23.319999999999997,0.30227777777777776,True,False
1985,36,0.6499999999999997,0.30192592592592593,False,True
1986,62,23.38,0.3015740740740741,True,False
1987,62,23.38,0.3012222222222223,True,False
1988,71,23.29,0.30087037037037045,True,False
1989,62,23.38,0.3005185185185185,True,False
1990,57,23.43,0.3001666666666667,True,False
1991,61,23.389999999999997,0.29981481481481487,True,False
1992,63,23.369999999999997,0.29946296296296304,True,False
1993,73,23.269999999999996,0.2991111111111112,True,False
1994,70,0.3099999999999996,0.2987592592592593,False,True
1995,73,23.269999999999996,0.29840740740740745,True,False
1996,56,23.439999999999998,0.2980555555555555,True,False
1997,62,23.38,0.2977037037037037,True,False
1998,66,23.339999999999996,0.29735185185185187,True,False
1999,55,23.45,0.29700000000000004,True,False
2000,70,23.299999999999997,0.2966481481481482,True,False
2001,66,23.339999999999996,0.2962962962962964,True,False
2002,70,23.299999999999997,0.29594444444444445,True,False
2003,66,23.339999999999996,0.29559259259259263,True,False
2004,73,23.269999999999996,0.2952407407407408,True,False
2005,62,23.38,0.29488888888888887,True,False
2006,60,23.4,0.29453703703703704,True,False
2007,59,23.409999999999997,0.2941851851851852,True,False
2008,5,-0.040000000000000036,0.2938333333333334,False,True
2009,67,23.33,0.29348148148148145,True,False
2010,53,23.47,0.29312962962962963,True,False
2011,75,23.249999999999996,0.2927777777777778,True,False
2012,61,23.389999999999997,0.292425925925926,True,False
2013,84,23.159999999999997,0.29207407407407415,True,False
2014,59,23.409999999999997,0.2917222222222223,True,False
2015,77,23.229999999999997,0.2913703703703704,True,False
2016,58,23.419999999999998,0.29101851851851845,True,False
2017,5,-0.040000000000000036,0.29066666666666663,False,True
2018,74,23.259999999999998,0.2903148148148148,True,False
2019,56,23.439999999999998,0.289962962962963,True,False
2020,23,0.7799999999999998,0.28961111111111115,False,True
2021,51,23.49,0.2892592592592593,True,False
2022,74,23.259999999999998,0.2889074074074075,True,False
2023,17,0.8399999999999999,0.28855555555555557,False,True
2024,72,23.279999999999998,0.28820370370370374,True,False
2025,70,23.299999999999997,0.2878518518518519,True,False
2026,77,23.229999999999997,0.2875000000000001,True,False
2027,60,23.4,0.28714814814814815,True,False
2028,54,23.459999999999997,0.2867962962962963,True,False
2029,49,23.509999999999998,0.2864444444444445,True,False
2030,27,0.7399999999999998,0.28609259259259257,False,True
2031,68,23.319999999999997,0.28574074074074074,True,False
2032,66,23.339999999999996,0.2853888888888889,True,False
2033,68,23.319999999999997,0.2850370370370371,True,False
2034,60,23.4,0.28468518518518526,True,False
2035,17,0.8399999999999999,0.28433333333333344,False,True
2036,27,0.7399999999999998,0.2839814814814816,False,True
2037,115,22.849999999999998,0.2836296296296297,True,False
2038,64,23.36,0.28327777777777774,True,False
2039,22,0.7899999999999998,0.2829259259259259,False,True
2040,18,0.8299999999999998,0.2825740740740741,False,True
2041,28,0.7299999999999998,0.28222222222222226,False,True
2042,98,23.019999999999996,0.28187037037037044,True,False
2043,90,23.099999999999998,0.2815185185185186,True,False
2044,56,23.439999999999998,0.2811666666666667,True,False
2045,47,23.529999999999998,0.28081481481481485,True,False
2046,64,23.36,0.280462962962963,True,False
2047,53,23.47,0.2801111111111112,True,False
2048,72,23.279999999999998,0.27975925925925926,True,False
2049,60,23.4,0.27940740740740744,True,False
2050,60,23.4,0.2790555555555556,True,False
2051,64,23.36,0.2787037037037037,True,False
2052,58,23.419999999999998,0.27835185185185185,True,False
2053,65,23.349999999999998,0.278,True,False
2054,63,23.369999999999997,0.2776481481481482,True,False
2055,17,0.8399999999999999,0.2772962962962964,False,True
2056,57,23.43,0.27694444444444455,True,False
2057,5,-0.040000000000000036,0.2765925925925926,False,True
2058,64,23.36,0.2762407407407408,True,False
2059,59,23.409999999999997,0.27588888888888885,True,False
2060,55,23.45,0.275537037037037,True,False
2061,25,0.7599999999999998,0.2751851851851852,False,True
2062,64,23.36,0.2748333333333334,True,False
2063,16,-0.15000000000000013,0.27448148148148155,False,True
2064,25,0.7599999999999998,0.2741296296296296,False,True
2065,63,23.369999999999997,0.2737777777777778,True,False
2066,64,23.36,0.27342592592592596,True,False
2067,52,23.479999999999997,0.27307407407407414,True,False
2068,65,23.349999999999998,0.2727222222222223,True,False
2069,60,23.4,0.2723703703703705,True,False
2070,55,23.45,0.27201851851851855,True,False
2071,5,-0.040000000000000036,0.2716666666666666,False,True
2072,53,23.47,0.2713148148148148,True,False
2073,53,23.47,0.27096296296296296,True,False
2074,67,23.33,0.27061111111111114,True,False
2075,49,23.509999999999998,0.2702592592592593,True,False
2076,64,23.36,0.2699074074074075,True,False
2077,31,0.6999999999999997,0.26955555555555566,False,True
2078,50,23.499999999999996,0.2692037037037037,True,False
2079,57,23.43,0.2688518518518519,True,False
2080,54,23.459999999999997,0.26850000000000007,True,False
2081,5,-0.040000000000000036,0.26814814814814814,False,True
2082,14,-0.13,0.2677962962962963,False,True
2083,76,23.24,0.2674444444444445,True,False
2084,62,23.38,0.26709259259259266,True,False
2085,48,23.52,0.2667407407407407,True,False
2086,19,0.8199999999999998,0.2663888888888889,False,True
2087,60,23.4,0.26603703703703707,True,False
2088,59,23.409999999999997,0.26568518518518525,True,False
2089,67,23.33,0.2653333333333334,True,False
2090,5,-0.040000000000000036,0.2649814814814816,False,True
2091,5,-0.040000000000000036,0.26462962962962966,False,True
2092,170,22.299999999999997,0.2642777777777777,True,False
2093,85,23.15,0.2639259259259259,True,False
2094,56,23.439999999999998,0.26357407407407407,True,False
2095,5,-0.040000000000000036,0.26322222222222225,False,True
2096,53,23.47,0.2628703703703704,True,False
2097,64,23.36,0.2625185185185186,True,False
2098,27,0.7399999999999998,0.26216666666666677,False,True
2099,56,23.439999999999998,0.26181481481481483,True,False
2100,60,23.4,0.261462962962963,True,False
2101,50,23.499999999999996,0.2611111111111112,True,False
2102,54,23.459999999999997,0.26075925925925925,True,False
2103,54,23.459999999999997,0.2604074074074074,True,False
2104,66,23.339999999999996,0.2600555555555556,True,False
2105,54,23.459999999999997,0.25970370370370377,True,False
2106,26,0.7499999999999998,0.25935185185185183,False,True
2107,59,23.409999999999997,0.259,True,False
2108,59,23.409999999999997,0.2586481481481482,True,False
2109,49,23.509999999999998,0.25829629629629636,True,False
2110,56,23.439999999999998,0.25794444444444453,True,False
2111,56,23.439999999999998,0.2575925925925927,True,False
2112,5,-0.040000000000000036,0.2572407407407409,False,True
2113,58,23.419999999999998,0.25688888888888883,True,False
2114,54,23.459999999999997,0.256537037037037,True,False
2115,62,23.38,0.2561851851851852,True,False
2116,57,23.43,0.25583333333333336,True,False
2117,70,23.299999999999997,0.25548148148148153,True,False
2118,50,23.499999999999996,0.2551296296296297,True,False
2119,56,23.439999999999998,0.25477777777777777,True,False
2120,58,23.419999999999998,0.25442592592592594,True,False
2121,60,23.4,0.2540740740740741,True,False
2122,62,23.38,0.2537222222222223,True,False
2123,51,23.49,0.25337037037037047,True,False
2124,68,23.319999999999997,0.25301851851851853,True,False
2125,56,23.439999999999998,0.2526666666666667,True,False
2126,73,23.269999999999996,0.25231481481481477,True,False
2127,59,23.409999999999997,0.25196296296296294,True,False
2128,69,23.31,0.2516111111111111,True,False
2129,58,23.419999999999998,0.2512592592592593,True,False
2130,47,23.529999999999998,0.25090740740740747,True,False
2131,55,23.45,0.25055555555555564,True,False
2132,57,23.43,0.2502037037037038,True,False
2133,63,23.369999999999997,0.24985185185185188,True,False
2134,63,23.369999999999997,0.24950000000000006,True,False
2135,8,-0.07000000000000006,0.24914814814814812,False,True
2136,9,-0.08000000000000007,0.2487962962962963,False,True
2137,78,23.22,0.24844444444444447,True,False
2138,57,23.43,0.24809259259259264,True,False
2139,58,23.419999999999998,0.24774074074074082,True,False
2140,68,23.319999999999997,0.24738888888888888,True,False
2141,63,23.369999999999997,0.24703703703703705,True,False
2142,60,23.4,0.24668518518518523,True,False
2143,5,-0.040000000000000036,0.2463333333333334,False,True
2144,64,23.36,0.24598148148148158,True,False
2145,65,23.349999999999998,0.24562962962962964,True,False
2146,57,23.43,0.24527777777777782,True,False
2147,66,23.339999999999996,0.24492592592592588,True,False
2148,47,23.529999999999998,0.24457407407407405,True,False
2149,63,23.369999999999997,0.24422222222222223,True,False
2150,55,23.45,0.2438703703703704,True,False
2151,55,23.45,0.24351851851851858,True,False
2152,52,23.479999999999997,0.24316666666666675,True,False
2153,48,23.52,0.24281481481481493,True,False
2154,63,23.369999999999997,0.242462962962963,True,False
2155,54,23.459999999999997,0.24211111111111117,True,False
2156,63,23.369999999999997,0.24175925925925923,True,False
2157,70,23.299999999999997,0.2414074074074074,True,False
2158,5,-0.040000000000000036,0.24105555555555558,False,True
2159,59,0.4199999999999995,0.24070370370370375,False,True
2160,6,-0.050000000000000044,0.24035185185185193,False,True
2161,44,23.56,0.24,True,False
2162,56,23.439999999999998,0.23964814814814817,True,False
2163,55,23.45,0.23929629629629634,True,False
2164,58,23.419999999999998,0.23894444444444451,True,False
2165,66,23.339999999999996,0.2385925925925927,True,False
2166,52,23.479999999999997,0.23824074074074086,True,False
2167,57,23.43,0.23788888888888893,True,False
2168,59,23.409999999999997,0.237537037037037,True,False
2169,61,23.389999999999997,0.23718518518518517,True,False
2170,47,23.529999999999998,0.23683333333333334,True,False
2171,52,23.479999999999997,0.23648148148148151,True,False
2172,49,23.509999999999998,0.2361296296296297,True,False
2173,52,23.479999999999997,0.23577777777777786,True,False
2174,47,23.529999999999998,0.23542592592592604,True,False
2175,52,23.479999999999997,0.2350740740740741,True,False
2176,50,23.499999999999996,0.23472222222222228,True,False
2177,55,23.45,0.23437037037037045,True,False
2178,8,-0.07000000000000006,0.23401851851851851,False,True
2179,47,23.529999999999998,0.2336666666666667,True,False
2180,60,23.4,0.23331481481481486,True,False
2181,54,23.459999999999997,0.23296296296296293,True,False
2182,72,23.279999999999998,0.2326111111111111,True,False
2183,57,23.43,0.23225925925925928,True,False
2184,6,-0.050000000000000044,0.23190740740740745,False,True
2185,62,23.38,0.23155555555555563,True,False
2186,51,23.49,0.2312037037037038,True,False
2187,47,23.529999999999998,0.23085185185185197,True,False
2188,68,23.319999999999997,0.23050000000000004,True,False
2189,66,23.339999999999996,0.2301481481481481,True,False
2190,65,23.349999999999998,0.22979629629629628,True,False
2191,23,0.7799999999999998,0.22944444444444445,False,True
2192,64,23.36,0.22909259259259263,True,False
2193,64,23.36,0.2287407407407408,True,False
2194,63,23.369999999999997,0.22838888888888897,True,False
2195,58,23.419999999999998,0.22803703703703704,True,False
2196,50,23.499999999999996,0.2276851851851852,True,False
2197,62,23.38,0.2273333333333334,True,False
2198,62,23.38,0.22698148148148156,True,False
2199,56,23.439999999999998,0.22662962962962963,True,False
2200,54,23.459999999999997,0.2262777777777778,True,False
2201,53,23.47,0.22592592592592597,True,False
2202,63,23.369999999999997,0.22557407407407404,True,False
2203,59,23.409999999999997,0.2252222222222222,True,False
2204,64,23.36,0.2248703703703704,True,False
2205,54,23.459999999999997,0.22451851851851856,True,False
2206,66,23.339999999999996,0.22416666666666674,True,False
2207,54,23.459999999999997,0.2238148148148149,True,False
2208,58,23.419999999999998,0.22346296296296309,True,False
2209,56,23.439999999999998,0.22311111111111115,True,False
2210,60,23.4,0.2227592592592592,True,False
2211,50,23.499999999999996,0.2224074074074074,True,False
2212,53,23.47,0.22205555555555556,True,False
2213,55,23.45,0.22170370370370374,True,False
2214,58,23.419999999999998,0.2213518518518519,True,False
2215,61,23.389999999999997,0.22100000000000009,True,False
2216,54,23.459999999999997,0.22064814814814815,True,False
2217,55,23.45,0.22029629629629632,True,False
2218,58,23.419999999999998,0.2199444444444445,True,False
2219,49,23.509999999999998,0.21959259259259267,True,False
2220,53,23.47,0.21924074074074085,True,False
2221,17,0.8399999999999999,0.2188888888888889,False,True
2222,50,23.499999999999996,0.21853703703703709,True,False
2223,54,23.459999999999997,0.21818518518518515,True,False
2224,57,23.43,0.21783333333333332,True,False
2225,63,23.369999999999997,0.2174814814814815,True,False
2226,51,23.49,0.21712962962962967,True,False
2227,66,23.339999999999996,0.21677777777777785,True,False
2228,55,23.45,0.21642592592592602,True,False
2229,54,23.459999999999997,0.2160740740740742,True,False
2230,59,23.409999999999997,0.21572222222222226,True,False
2231,52,23.479999999999997,0.21537037037037043,True,False
2232,58,23.419999999999998,0.2150185185185185,True,False
2233,23,0.7799999999999998,0.21466666666666667,False,True
2234,65,23.349999999999998,0.21431481481481485,True,False
2235,50,23.499999999999996,0.21396296296296302,True,False
2236,66,23.339999999999996,0.2136111111111112,True,False
2237,50,23.499999999999996,0.21325925925925926,True,False
2238,59,23.409999999999997,0.21290740740740743,True,False
2239,50,23.499999999999996,0.2125555555555556,True,False
2240,51,23.49,0.21220370370370378,True,False
2241,55,23.45,0.21185185185185196,True,False
2242,57,23.43,0.21150000000000002,True,False
2243,58,23.419999999999998,0.21114814814814808,True,False
2244,49,23.509999999999998,0.21079629629629626,True,False
2245,60,23.4,0.21044444444444443,True,False
2246,7,-0.06000000000000005,0.2100925925925926,False,True
2247,50,23.499999999999996,0.20974074074074078,True,False
2248,44,23.56,0.20938888888888896,True,False
2249,61,23.389999999999997,0.20903703703703713,True,False
2250,21,0.7999999999999998,0.2086851851851852,False,True
2251,63,23.369999999999997,0.20833333333333337,True,False
2252,56,23.439999999999998,0.20798148148148154,True,False
2253,7,-0.06000000000000005,0.2076296296296296,False,True
2254,33,0.6799999999999999,0.20727777777777778,False,True
2255,58,23.419999999999998,0.20692592592592596,True,False
2256,52,23.479999999999997,0.20657407407407413,True,False
2257,57,23.43,0.2062222222222222,True,False
2258,55,23.45,0.20587037037037037,True,False
2259,55,23.45,0.20551851851851854,True,False
2260,49,23.509999999999998,0.20516666666666672,True,False
2261,60,23.4,0.2048148148148149,True,False
2262,52,23.479999999999997,0.20446296296296307,True,False
2263,53,23.47,0.20411111111111124,True,False
2264,62,23.38,0.2037592592592592,True,False
2265,58,23.419999999999998,0.20340740740740737,True,False
2266,65,23.349999999999998,0.20305555555555554,True,False
2267,6,-0.050000000000000044,0.20270370370370372,False,True
2268,60,23.4,0.2023518518518519,True,False
2269,55,23.45,0.20200000000000007,True,False
2270,61,23.389999999999997,0.20164814814814824,True,False
2271,51,23.49,0.2012962962962963,True,False
2272,49,23.509999999999998,0.20094444444444448,True,False
2273,6,-0.050000000000000044,0.20059259259259266,False,True
2274,60,23.4,0.20024074074074083,True,False
2275,55,23.45,0.1998888888888889,True,False
2276,60,23.4,0.19953703703703707,True,False
2277,58,23.419999999999998,0.19918518518518524,True,False
2278,50,23.499999999999996,0.1988333333333333,True,False
2279,51,23.49,0.19848148148148148,True,False
2280,54,23.459999999999997,0.19812962962962966,True,False
2281,56,23.439999999999998,0.19777777777777783,True,False
2282,55,23.45,0.197425925925926,True,False
2283,52,23.479999999999997,0.19707407407407418,True,False
2284,60,23.4,0.19672222222222235,True,False
2285,54,23.459999999999997,0.19637037037037042,True,False
2286,51,23.49,0.19601851851851848,True,False
2287,59,23.409999999999997,0.19566666666666666,True,False
2288,54,23.459999999999997,0.19531481481481483,True,False
2289,48,23.52,0.194962962962963,True,False
2290,47,0.5399999999999996,0.19461111111111118,False,True
2291,48,23.52,0.19425925925925935,True,False
2292,54,23.459999999999997,0.19390740740740742,True,False
2293,53,23.47,0.1935555555555556,True,False
2294,19,0.8199999999999998,0.19320370370370377,False,True
2295,49,23.509999999999998,0.19285185185185194,True,False
2296,43,23.569999999999997,0.1925,True,False
2297,53,23.47,0.19214814814814818,True,False
2298,50,23.499999999999996,0.19179629629629635,True,False
2299,53,23.47,0.19144444444444442,True,False
2300,58,23.419999999999998,0.1910925925925926,True,False
2301,55,23.45,0.19074074074074077,True,False
2302,45,23.549999999999997,0.19038888888888894,True,False
2303,55,23.45,0.19003703703703712,True,False
2304,51,23.49,0.1896851851851853,True,False
2305,69,23.31,0.18933333333333335,True,False
2306,47,23.529999999999998,0.18898148148148153,True,False
2307,54,23.459999999999997,0.1886296296296296,True,False
2308,57,23.43,0.18827777777777777,True,False
2309,63,23.369999999999997,0.18792592592592594,True,False
2310,53,23.47,0.18757407407407412,True,False
2311,50,23.499999999999996,0.1872222222222223,True,False
2312,57,23.43,0.18687037037037035,True,False
2313,56,23.439999999999998,0.18651851851851853,True,False
2314,20,0.8099999999999998,0.1861666666666667,False,True
2315,61,23.389999999999997,0.18581481481481488,True,False
2316,63,23.369999999999997,0.18546296296296305,True,False
2317,61,23.389999999999997,0.18511111111111123,True,False
2318,56,23.439999999999998,0.1847592592592593,True,False
2319,58,23.419999999999998,0.18440740740740735,True,False
2320,53,23.47,0.18405555555555553,True,False
2321,55,23.45,0.1837037037037037,True,False
2322,54,23.459999999999997,0.18335185185185188,True,False
2323,57,23.43,0.18300000000000005,True,False
2324,55,23.45,0.18264814814814823,True,False
2325,64,23.36,0.1822962962962964,True,False
2326,51,23.49,0.18194444444444446,True,False
2327,5,-0.040000000000000036,0.18159259259259264,False,True
2328,50,23.499999999999996,0.1812407407407408,True,False
2329,44,23.56,0.18088888888888888,True,False
2330,5,-0.040000000000000036,0.18053703703703705,False,True
2331,64,23.36,0.18018518518518523,True,False
2332,66,23.339999999999996,0.1798333333333334,True,False
2333,26,0.7499999999999998,0.17948148148148146,False,True
2334,57,23.43,0.17912962962962964,True,False
2335,59,23.409999999999997,0.1787777777777778,True,False
2336,51,23.49,0.178425925925926,True,False
2337,53,23.47,0.17807407407407416,True,False
2338,54,23.459999999999997,0.17772222222222234,True,False
2339,50,23.499999999999996,0.1773703703703704,True,False
2340,51,23.49,0.17701851851851846,True,False
2341,54,23.459999999999997,0.17666666666666664,True,False
2342,55,23.45,0.1763148148148148,True,False
2343,51,23.49,0.175962962962963,True,False
2344,6,-0.050000000000000044,0.17561111111111116,False,True
2345,49,23.509999999999998,0.17525925925925934,True,False
2346,52,23.479999999999997,0.1749074074074075,True,False
2347,53,23.47,0.17455555555555557,True,False
2348,56,23.439999999999998,0.17420370370370375,True,False
2349,59,23.409999999999997,0.17385185185185192,True,False
2350,52,23.479999999999997,0.1735,True,False
2351,54,23.459999999999997,0.17314814814814816,True,False
2352,51,23.49,0.17279629629629634,True,False
2353,51,23.49,0.1724444444444445,True,False
2354,47,23.529999999999998,0.17209259259259257,True,False
2355,51,23.49,0.17174074074074075,True,False
2356,58,23.419999999999998,0.17138888888888892,True,False
2357,56,23.439999999999998,0.1710370370370371,True,False
2358,50,23.499999999999996,0.17068518518518527,True,False
2359,22,0.7899999999999998,0.17033333333333345,False,True
2360,51,23.49,0.16998148148148162,True,False
2361,57,23.43,0.16962962962962957,True,False
2362,55,23.45,0.16927777777777775,True,False
2363,55,23.45,0.16892592592592592,True,False
2364,47,23.529999999999998,0.1685740740740741,True,False
2365,53,23.47,0.16822222222222227,True,False
2366,52,23.479999999999997,0.16787037037037045,True,False
2367,47,23.529999999999998,0.1675185185185185,True,False
2368,46,23.54,0.16716666666666669,True,False
2369,51,23.49,0.16681481481481486,True,False
2370,51,23.49,0.16646296296296303,True,False
2371,49,23.509999999999998,0.1661111111111112,True,False
2372,45,23.549999999999997,0.16575925925925927,True,False
2373,43,23.569999999999997,0.16540740740740745,True,False
2374,49,23.509999999999998,0.1650555555555555,True,False
2375,54,23.459999999999997,0.16470370370370369,True,False
2376,63,23.369999999999997,0.16435185185185186,True,False
2377,24,0.7699999999999998,0.16400000000000003,False,True
2378,52,23.479999999999997,0.1636481481481482,True,False
2379,58,23.419999999999998,0.16329629629629638,True,False
2380,49,23.509999999999998,0.16294444444444456,True,False
2381,18,0.8299999999999998,0.16259259259259262,False,True
2382,59,23.409999999999997,0.1622407407407408,True,False
2383,50,23.499999999999996,0.16188888888888886,True,False
2384,48,23.52,0.16153703703703703,True,False
2385,48,23.52,0.1611851851851852,True,False
2386,52,23.479999999999997,0.16083333333333338,True,False
2387,50,23.499999999999996,0.16048148148148156,True,False
2388,21,0.7999999999999998,0.16012962962962962,False,True
2389,51,23.49,0.1597777777777778,True,False
2390,44,23.56,0.15942592592592597,True,False
2391,45,23.549999999999997,0.15907407407407415,True,False
2392,45,23.549999999999997,0.15872222222222232,True,False
2393,51,23.49,0.1583703703703705,True,False
2394,47,23.529999999999998,0.15801851851851856,True,False
2395,48,23.52,0.15766666666666662,True,False
2396,53,23.47,0.1573148148148148,True,False
2397,11,-0.10000000000000009,0.15696296296296297,False,True
2398,5,-0.040000000000000036,0.15661111111111115,False,True
2399,50,23.499999999999996,0.15625925925925932,True,False
2400,59,23.409999999999997,0.1559074074074075,True,False
2401,54,23.459999999999997,0.15555555555555567,True,False
2402,61,23.389999999999997,0.15520370370370373,True,False
2403,62,23.38,0.1548518518518519,True,False
2404,47,23.529999999999998,0.15450000000000008,True,False
2405,49,23.509999999999998,0.15414814814814815,True,False
2406,50,23.499999999999996,0.15379629629629632,True,False
2407,51,23.49,0.1534444444444445,True,False
2408,55,23.45,0.15309259259259267,True,False
2409,52,23.479999999999997,0.15274074074074073,True,False
2410,61,23.389999999999997,0.1523888888888889,True,False
2411,50,23.499999999999996,0.15203703703703708,True,False
2412,53,23.47,0.15168518518518526,True,False
2413,49,23.509999999999998,0.15133333333333343,True,False
2414,52,23.479999999999997,0.1509814814814816,True,False
2415,57,23.43,0.15062962962962967,True,False
2416,47,23.529999999999998,0.15027777777777773,True,False
2417,43,23.569999999999997,0.1499259259259259,True,False
2418,51,23.49,0.14957407407407408,True,False
2419,45,23.549999999999997,0.14922222222222226,True,False
2420,48,23.52,0.14887037037037043,True,False
2421,44,23.56,0.1485185185185186,True,False
2422,51,23.49,0.14816666666666678,True,False
2423,46,23.54,0.14781481481481484,True,False
2424,47,23.529999999999998,0.14746296296296302,True,False
2425,56,23.439999999999998,0.1471111111111112,True,False
2426,52,23.479999999999997,0.14675925925925926,True,False
2427,47,23.529999999999998,0.14640740740740743,True,False
2428,56,23.439999999999998,0.1460555555555556,True,False
2429,51,23.49,0.14570370370370367,True,False
2430,48,23.52,0.14535185185185184,True,False
2431,51,23.49,0.14500000000000002,True,False
2432,49,23.509999999999998,0.1446481481481482,True,False
2433,51,23.49,0.14429629629629637,True,False
2434,50,23.499999999999996,0.14394444444444454,True,False
2435,53,23.47,0.14359259259259272,True,False
2436,60,23.4,0.14324074074074078,True,False
2437,53,23.47,0.14288888888888884,True,False
2438,54,23.459999999999997,0.14253703703703702,True,False
2439,47,23.529999999999998,0.1421851851851852,True,False
2440,54,23.459999999999997,0.14183333333333337,True,False
2441,49,23.509999999999998,0.14148148148148154,True,False
2442,47,23.529999999999998,0.14112962962962972,True,False
2443,5,-0.040000000000000036,0.14077777777777778,False,True
2444,55,23.45,0.14042592592592595,True,False
2445,59,23.409999999999997,0.14007407407407413,True,False
2446,6,-0.050000000000000044,0.1397222222222223,False,True
2447,69,23.31,0.13937037037037048,True,False
2448,55,23.45,0.13901851851851854,True,False
2449,53,23.47,0.13866666666666672,True,False
2450,21,0.7999999999999998,0.13831481481481478,False,True
2451,53,23.47,0.13796296296296295,True,False
2452,47,23.529999999999998,0.13761111111111113,True,False
2453,48,23.52,0.1372592592592593,True,False
2454,59,23.409999999999997,0.13690740740740748,True,False
2455,50,23.499999999999996,0.13655555555555565,True,False
2456,25,0.7599999999999998,0.13620370370370383,False,True
2457,48,23.52,0.1358518518518519,True,False
2458,43,23.569999999999997,0.13550000000000006,True,False
2459,46,23.54,0.13514814814814813,True,False
2460,47,23.529999999999998,0.1347962962962963,True,False
2461,48,23.52,0.13444444444444448,True,False
2462,49,23.509999999999998,0.13409259259259265,True,False
2463,47,23.529999999999998,0.13374074074074083,True,False
2464,51,23.49,0.1333888888888889,True,False
2465,51,23.49,0.13303703703703706,True,False
2466,46,23.54,0.13268518518518524,True,False
2467,56,23.439999999999998,0.1323333333333334,True,False
2468,48,23.52,0.1319814814814816,True,False
2469,47,23.529999999999998,0.13162962962962965,True,False
2470,48,23.52,0.13127777777777783,True,False
2471,52,23.479999999999997,0.1309259259259259,True,False
2472,52,23.479999999999997,0.13057407407407406,True,False
2473,52,23.479999999999997,0.13022222222222224,True,False
2474,46,23.54,0.1298703703703704,True,False
2475,49,23.509999999999998,0.1295185185185186,True,False
2476,50,23.499999999999996,0.12916666666666676,True,False
2477,53,23.47,0.12881481481481494,True,False
2478,49,23.509999999999998,0.128462962962963,True,False
2479,49,23.509999999999998,0.12811111111111118,True,False
2480,52,23.479999999999997,0.12775925925925924,True,False
2481,52,23.479999999999997,0.1274074074074074,True,False
2482,53,23.47,0.1270555555555556,True,False
2483,53,23.47,0.12670370370370376,True,False
2484,55,23.45,0.12635185185185194,True,False
2485,19,0.8199999999999998,0.126,False,True
2486,47,23.529999999999998,0.12564814814814818,True,False
2487,46,23.54,0.12529629629629635,True,False
2488,47,23.529999999999998,0.12494444444444452,True,False
2489,48,23.52,0.1245925925925927,True,False
2490,51,23.49,0.12424074074074087,True,False
2491,52,23.479999999999997,0.12388888888888883,True,False
2492,55,23.45,0.123537037037037,True,False
2493,43,23.569999999999997,0.12318518518518518,True,False
2494,48,23.52,0.12283333333333335,True,False
2495,6,-0.050000000000000044,0.12248148148148152,False,True
2496,54,23.459999999999997,0.1221296296296297,True,False
2497,48,23.52,0.12177777777777787,True,False
2498,47,23.529999999999998,0.12142592592592594,True,False
2499,47,23.529999999999998,0.12107407407407411,True,False
2500,46,23.54,0.12072222222222229,True,False
2501,50,23.499999999999996,0.12037037037037046,True,False
2502,46,23.54,0.12001851851851852,True,False
2503,51,23.49,0.1196666666666667,True,False
2504,47,23.529999999999998,0.11931481481481487,True,False
2505,57,23.43,0.11896296296296294,True,False
2506,53,23.47,0.11861111111111111,True,False
2507,49,23.509999999999998,0.11825925925925929,True,False
2508,51,23.49,0.11790740740740746,True,False
2509,50,23.499999999999996,0.11755555555555564,True,False
2510,53,23.47,0.11720370370370381,True,False
2511,48,23.52,0.11685185185185198,True,False
2512,50,23.499999999999996,0.11650000000000005,True,False
2513,59,23.409999999999997,0.11614814814814811,True,False
2514,48,23.52,0.11579629629629629,True,False
2515,52,23.479999999999997,0.11544444444444446,True,False
2516,46,23.54,0.11509259259259264,True,False
2517,44,23.56,0.11474074074074081,True,False
2518,53,23.47,0.11438888888888898,True,False
2519,51,23.49,0.11403703703703705,True,False
2520,53,23.47,0.11368518518518522,True,False
2521,56,23.439999999999998,0.1133333333333334,True,False
2522,7,-0.06000000000000005,0.11298148148148157,False,True
2523,59,23.409999999999997,0.11262962962962964,True,False
2524,44,23.56,0.11227777777777781,True,False
2525,5,-0.040000000000000036,0.11192592592592598,False,True
2526,45,23.549999999999997,0.11157407407407405,True,False
2527,52,23.479999999999997,0.11122222222222222,True,False
2528,56,23.439999999999998,0.1108703703703704,True,False
2529,46,23.54,0.11051851851851857,True,False
2530,48,23.52,0.11016666666666675,True,False
2531,51,23.49,0.10981481481481492,True,False
2532,52,23.479999999999997,0.1094629629629631,True,False
2533,50,23.499999999999996,0.10911111111111116,True,False
2534,46,23.54,0.10875925925925922,True,False
2535,17,0.8399999999999999,0.1084074074074074,False,True
2536,62,23.38,0.10805555555555557,True,False
2537,52,23.479999999999997,0.10770370370370375,True,False
2538,53,23.47,0.10735185185185192,True,False
2539,48,23.52,0.1070000000000001,True,False
2540,44,23.56,0.10664814814814816,True,False
2541,54,23.459999999999997,0.10629629629629633,True,False
2542,58,23.419999999999998,0.10594444444444451,True,False
2543,44,23.56,0.10559259259259268,True,False
2544,43,23.569999999999997,0.10524074074074086,True,False
2545,48,23.52,0.10488888888888892,True,False
2546,44,23.56,0.1045370370370371,True,False
2547,46,23.54,0.10418518518518516,True,False
2548,46,23.54,0.10383333333333333,True,False
2549,50,23.499999999999996,0.10348148148148151,True,False
2550,50,23.499999999999996,0.10312962962962968,True,False
2551,45,23.549999999999997,0.10277777777777786,True,False
2552,46,23.54,0.10242592592592603,True,False
2553,43,23.569999999999997,0.1020740740740741,True,False
2554,49,23.509999999999998,0.10172222222222227,True,False
2555,48,23.52,0.10137037037037044,True,False
2556,51,23.49,0.10101851851851851,True,False
2557,48,23.52,0.10066666666666668,True,False
2558,47,23.529999999999998,0.10031481481481486,True,False
2559,49,23.509999999999998,0.09996296296296303,True,False
2560,51,23.49,0.0996111111111111,True,False
2561,44,23.56,0.09925925925925927,True,False
2562,45,23.549999999999997,0.09890740740740744,True,False
2563,47,23.529999999999998,0.09855555555555562,True,False
2564,52,23.479999999999997,0.09820370370370379,True,False
2565,5,-0.040000000000000036,0.09785185185185197,False,True
2566,46,23.54,0.09750000000000003,True,False
2567,46,23.54,0.0971481481481481,True,False
2568,48,23.52,0.09679629629629627,True,False
2569,48,23.52,0.09644444444444444,True,False
2570,47,23.529999999999998,0.09609259259259262,True,False
2571,48,23.52,0.09574074074074079,True,False
2572,47,23.529999999999998,0.09538888888888897,True,False
2573,47,23.529999999999998,0.09503703703703714,True,False
2574,51,23.49,0.0946851851851852,True,False
2575,55,23.45,0.09433333333333338,True,False
2576,47,23.529999999999998,0.09398148148148155,True,False
2577,52,23.479999999999997,0.09362962962962962,True,False
2578,49,23.509999999999998,0.09327777777777779,True,False
2579,48,23.52,0.09292592592592597,True,False
2580,44,23.56,0.09257407407407414,True,False
2581,46,23.54,0.0922222222222222,True,False
2582,48,23.52,0.09187037037037038,True,False
2583,46,23.54,0.09151851851851855,True,False
2584,45,23.549999999999997,0.09116666666666673,True,False
2585,49,23.509999999999998,0.0908148148148149,True,False
2586,49,23.509999999999998,0.09046296296296308,True,False
2587,51,23.49,0.09011111111111125,True,False
2588,46,23.54,0.0897592592592592,True,False
2589,52,23.479999999999997,0.08940740740740738,True,False
2590,45,23.549999999999997,0.08905555555555555,True,False
2591,45,23.549999999999997,0.08870370370370373,True,False
2592,47,23.529999999999998,0.0883518518518519,True,False
2593,51,23.49,0.08800000000000008,True,False
2594,46,23.54,0.08764814814814825,True,False
2595,51,23.49,0.08729629629629632,True,False
2596,51,23.49,0.08694444444444449,True,False
2597,49,23.509999999999998,0.08659259259259267,True,False
2598,43,23.569999999999997,0.08624074074074084,True,False
2599,45,23.549999999999997,0.0858888888888889,True,False
2600,46,23.54,0.08553703703703708,True,False
2601,43,23.569999999999997,0.08518518518518525,True,False
2602,5,-0.040000000000000036,0.08483333333333332,False,True
2603,43,23.569999999999997,0.08448148148148149,True,False
2604,44,23.56,0.08412962962962967,True,False
2605,45,23.549999999999997,0.08377777777777784,True,False
2606,48,23.52,0.08342592592592601,True,False
2607,54,23.459999999999997,0.08307407407407419,True,False
2608,45,23.549999999999997,0.08272222222222236,True,False
2609,43,23.569999999999997,0.08237037037037043,True,False
2610,43,23.569999999999997,0.08201851851851849,True,False
2611,46,23.54,0.08166666666666667,True,False
2612,43,23.569999999999997,0.08131481481481484,True,False
2613,48,23.52,0.08096296296296301,True,False
2614,49,23.509999999999998,0.08061111111111119,True,False
2615,47,23.529999999999998,0.08025925925925925,True,False
2616,46,23.54,0.07990740740740743,True,False
2617,24,0.7699999999999998,0.0795555555555556,False,True
2618,59,23.409999999999997,0.07920370370370378,True,False
2619,49,23.509999999999998,0.07885185185185195,True,False
2620,43,23.569999999999997,0.07850000000000001,True,False
2621,46,23.54,0.07814814814814819,True,False
2622,44,23.56,0.07779629629629625,True,False
2623,50,23.499999999999996,0.07744444444444443,True,False
2624,45,23.549999999999997,0.0770925925925926,True,False
2625,5,-0.040000000000000036,0.07674074074074078,False,True
2626,43,23.569999999999997,0.07638888888888895,True,False
2627,45,23.549999999999997,0.07603703703703713,True,False
2628,44,23.56,0.0756851851851853,True,False
2629,44,23.56,0.07533333333333336,True,False
2630,48,23.52,0.07498148148148154,True,False
2631,47,23.529999999999998,0.0746296296296296,True,False
2632,49,23.509999999999998,0.07427777777777778,True,False
2633,50,23.499999999999996,0.07392592592592595,True,False
2634,46,23.54,0.07357407407407413,True,False
2635,49,23.509999999999998,0.0732222222222223,True,False
2636,53,23.47,0.07287037037037036,True,False
2637,47,23.529999999999998,0.07251851851851854,True,False
2638,45,23.549999999999997,0.07216666666666671,True,False
2639,52,23.479999999999997,0.07181481481481489,True,False
2640,46,23.54,0.07146296296296306,True,False
2641,45,23.549999999999997,0.07111111111111124,True,False
2642,48,23.52,0.0707592592592593,True,False
2643,43,23.569999999999997,0.07040740740740736,True,False
2644,45,23.549999999999997,0.07005555555555554,True,False
2645,44,23.56,0.06970370370370371,True,False
2646,50,23.499999999999996,0.06935185185185189,True,False
2647,48,23.52,0.06900000000000006,True,False
2648,50,23.499999999999996,0.06864814814814824,True,False
2649,47,23.529999999999998,0.06829629629629641,True,False
2650,46,23.54,0.06794444444444447,True,False
2651,44,23.56,0.06759259259259265,True,False
2652,43,23.569999999999997,0.06724074074074082,True,False
2653,50,23.499999999999996,0.06688888888888889,True,False
2654,51,23.49,0.06653703703703706,True,False
2655,45,23.549999999999997,0.06618518518518524,True,False
2656,44,23.56,0.06583333333333341,True,False
2657,49,23.509999999999998,0.06548148148148147,True,False
2658,47,23.529999999999998,0.06512962962962965,True,False
2659,46,23.54,0.06477777777777782,True,False
2660,17,0.8399999999999999,0.064425925925926,False,True
2661,43,23.569999999999997,0.06407407407407417,True,False
2662,44,23.56,0.06372222222222235,True,False
2663,46,23.54,0.06337037037037041,True,False
2664,45,23.549999999999997,0.06301851851851847,True,False
2665,50,23.499999999999996,0.06266666666666665,True,False
2666,44,23.56,0.06231481481481482,True,False
2667,46,23.54,0.061962962962963,True,False
2668,48,23.52,0.06161111111111117,True,False
2669,47,23.529999999999998,0.06125925925925935,True,False
2670,47,23.529999999999998,0.06090740740740752,True,False
2671,5,-0.040000000000000036,0.060555555555555585,False,True
2672,43,23.569999999999997,0.06020370370370376,True,False
2673,51,23.49,0.059851851851851934,True,False
2674,44,23.56,0.0595,True,False
2675,47,23.529999999999998,0.05914814814814817,True,False
2676,44,23.56,0.058796296296296346,True,False
2677,45,23.549999999999997,0.05844444444444441,True,False
2678,43,23.569999999999997,0.058092592592592585,True,False
2679,47,23.529999999999998,0.05774074074074076,True,False
2680,45,23.549999999999997,0.057388888888888934,True,False
2681,46,23.54,0.05703703703703711,True,False
2682,51,23.49,0.05668518518518528,True,False
2683,45,23.549999999999997,0.05633333333333346,True,False
2684,46,23.54,0.05598148148148152,True,False
2685,48,23.52,0.055629629629629584,True,False
2686,44,23.56,0.05527777777777776,True,False
2687,46,23.54,0.054925925925925934,True,False
2688,50,23.499999999999996,0.05457407407407411,True,False
2689,47,23.529999999999998,0.05422222222222228,True,False
2690,23,0.7799999999999998,0.05387037037037046,False,True
2691,44,23.56,0.05351851851851852,True,False
2692,44,23.56,0.053166666666666695,True,False
2693,45,23.549999999999997,0.05281481481481487,True,False
2694,46,23.54,0.052462962962963045,True,False
2695,48,23.52,0.05211111111111122,True,False
2696,18,0.8299999999999998,0.05175925925925928,False,True
2697,56,23.439999999999998,0.05140740740740746,True,False
2698,43,23.569999999999997,0.05105555555555552,True,False
2699,45,23.549999999999997,0.050703703703703695,True,False
2700,43,23.569999999999997,0.05035185185185187,True,False
2701,46,23.54,0.050000000000000044,True,False
2702,45,23.549999999999997,0.050000000000000044,True,False
2703,47,23.529999999999998,0.050000000000000044,True,False
2704,44,23.56,0.050000000000000044,True,False
2705,46,23.54,0.050000000000000044,True,False
2706,45,23.549999999999997,0.050000000000000044,True,False
2707,46,23.54,0.050000000000000044,True,False
2708,44,23.56,0.050000000000000044,True,False
2709,47,23.529999999999998,0.050000000000000044,True,False
2710,44,23.56,0.050000000000000044,True,False
2711,48,23.52,0.050000000000000044,True,False
2712,43,23.569999999999997,0.050000000000000044,True,False
2713,44,23.56,0.050000000000000044,True,False
2714,48,23.52,0.050000000000000044,True,False
2715,47,23.529999999999998,0.050000000000000044,True,False
2716,45,23.549999999999997,0.050000000000000044,True,False
2717,48,23.52,0.050000000000000044,True,False
2718,47,23.529999999999998,0.050000000000000044,True,False
2719,48,23.52,0.050000000000000044,True,False
2720,49,23.509999999999998,0.050000000000000044,True,False
2721,45,23.549999999999997,0.050000000000000044,True,False
2722,44,23.56,0.050000000000000044,True,False
2723,46,23.54,0.050000000000000044,True,False
2724,45,23.549999999999997,0.050000000000000044,True,False
2725,43,23.569999999999997,0.050000000000000044,True,False
2726,47,23.529999999999998,0.050000000000000044,True,False
2727,44,23.56,0.050000000000000044,True,False
2728,44,23.56,0.050000000000000044,True,False
2729,48,23.52,0.050000000000000044,True,False
2730,47,23.529999999999998,0.050000000000000044,True,False
2731,47,23.529999999999998,0.050000000000000044,True,False
2732,43,23.569999999999997,0.050000000000000044,True,False
2733,47,23.529999999999998,0.050000000000000044,True,False
2734,44,23.56,0.050000000000000044,True,False
2735,46,23.54,0.050000000000000044,True,False
2736,45,23.549999999999997,0.050000000000000044,True,False
2737,43,23.569999999999997,0.050000000000000044,True,False
2738,43,23.569999999999997,0.050000000000000044,True,False
2739,52,23.479999999999997,0.050000000000000044,True,False
2740,44,23.56,0.050000000000000044,True,False
2741,45,23.549999999999997,0.050000000000000044,True,False
2742,43,23.569999999999997,0.050000000000000044,True,False
2743,45,23.549999999999997,0.050000000000000044,True,False
2744,43,23.569999999999997,0.050000000000000044,True,False
2745,45,23.549999999999997,0.050000000000000044,True,False
2746,45,23.549999999999997,0.050000000000000044,True,False
2747,49,23.509999999999998,0.050000000000000044,True,False
2748,43,23.569999999999997,0.050000000000000044,True,False
2749,18,0.8299999999999998,0.050000000000000044,False,True
2750,43,23.569999999999997,0.050000000000000044,True,False
2751,43,23.569999999999997,0.050000000000000044,True,False
2752,46,23.54,0.050000000000000044,True,False
2753,45,23.549999999999997,0.050000000000000044,True,False
2754,44,23.56,0.050000000000000044,True,False
2755,44,23.56,0.050000000000000044,True,False
2756,48,23.52,0.050000000000000044,True,False
2757,45,23.549999999999997,0.050000000000000044,True,False
2758,46,23.54,0.050000000000000044,True,False
2759,47,23.529999999999998,0.050000000000000044,True,False
2760,44,23.56,0.050000000000000044,True,False
2761,45,23.549999999999997,0.050000000000000044,True,False
2762,43,23.569999999999997,0.050000000000000044,True,False
2763,47,23.529999999999998,0.050000000000000044,True,False
2764,45,23.549999999999997,0.050000000000000044,True,False
2765,43,23.569999999999997,0.050000000000000044,True,False
2766,44,23.56,0.050000000000000044,True,False
2767,43,23.569999999999997,0.050000000000000044,True,False
2768,43,23.569999999999997,0.050000000000000044,True,False
2769,43,23.569999999999997,0.050000000000000044,True,False
2770,45,23.549999999999997,0.050000000000000044,True,False
2771,43,23.569999999999997,0.050000000000000044,True,False
2772,44,23.56,0.050000000000000044,True,False
2773,43,23.569999999999997,0.050000000000000044,True,False
2774,43,23.569999999999997,0.050000000000000044,True,False
2775,46,23.54,0.050000000000000044,True,False
2776,43,23.569999999999997,0.050000000000000044,True,False
2777,46,23.54,0.050000000000000044,True,False
2778,43,23.569999999999997,0.050000000000000044,True,False
2779,43,23.569999999999997,0.050000000000000044,True,False
2780,43,23.569999999999997,0.050000000000000044,True,False
2781,44,23.56,0.050000000000000044,True,False
2782,43,23.569999999999997,0.050000000000000044,True,False
2783,45,23.549999999999997,0.050000000000000044,True,False
2784,43,23.569999999999997,0.050000000000000044,True,False
2785,43,23.569999999999997,0.050000000000000044,True,False
2786,43,23.569999999999997,0.050000000000000044,True,False
2787,43,23.569999999999997,0.050000000000000044,True,False
2788,46,23.54,0.050000000000000044,True,False
2789,44,23.56,0.050000000000000044,True,False
2790,45,23.549999999999997,0.050000000000000044,True,False
2791,50,23.499999999999996,0.050000000000000044,True,False
2792,44,23.56,0.050000000000000044,True,False
2793,48,23.52,0.050000000000000044,True,False
2794,49,23.509999999999998,0.050000000000000044,True,False
2795,50,23.499999999999996,0.050000000000000044,True,False
2796,43,23.569999999999997,0.050000000000000044,True,False
2797,48,23.52,0.050000000000000044,True,False
2798,47,23.529999999999998,0.050000000000000044,True,False
2799,43,23.569999999999997,0.050000000000000044,True,False
2800,43,23.569999999999997,0.050000000000000044,True,False
2801,44,23.56,0.050000000000000044,True,False
2802,46,23.54,0.050000000000000044,True,False
2803,45,23.549999999999997,0.050000000000000044,True,False
2804,43,23.569999999999997,0.050000000000000044,True,False
2805,43,23.569999999999997,0.050000000000000044,True,False
2806,45,23.549999999999997,0.050000000000000044,True,False
2807,49,23.509999999999998,0.050000000000000044,True,False
2808,45,23.549999999999997,0.050000000000000044,True,False
2809,46,23.54,0.050000000000000044,True,False
2810,46,23.54,0.050000000000000044,True,False
2811,49,23.509999999999998,0.050000000000000044,True,False
2812,47,23.529999999999998,0.050000000000000044,True,False
2813,18,0.8299999999999998,0.050000000000000044,False,True
2814,50,23.499999999999996,0.050000000000000044,True,False
2815,45,23.549999999999997,0.050000000000000044,True,False
2816,44,23.56,0.050000000000000044,True,False
2817,46,23.54,0.050000000000000044,True,False
2818,49,23.509999999999998,0.050000000000000044,True,False
2819,47,23.529999999999998,0.050000000000000044,True,False
2820,45,23.549999999999997,0.050000000000000044,True,False
2821,44,23.56,0.050000000000000044,True,False
2822,47,23.529999999999998,0.050000000000000044,True,False
2823,43,23.569999999999997,0.050000000000000044,True,False
2824,49,23.509999999999998,0.050000000000000044,True,False
2825,46,23.54,0.050000000000000044,True,False
2826,46,23.54,0.050000000000000044,True,False
2827,51,23.49,0.050000000000000044,True,False
2828,43,23.569999999999997,0.050000000000000044,True,False
2829,48,23.52,0.050000000000000044,True,False
2830,50,23.499999999999996,0.050000000000000044,True,False
2831,47,23.529999999999998,0.050000000000000044,True,False
2832,46,23.54,0.050000000000000044,True,False
2833,43,23.569999999999997,0.050000000000000044,True,False
2834,45,23.549999999999997,0.050000000000000044,True,False
2835,44,23.56,0.050000000000000044,True,False
2836,45,23.549999999999997,0.050000000000000044,True,False
2837,49,23.509999999999998,0.050000000000000044,True,False
2838,43,23.569999999999997,0.050000000000000044,True,False
2839,6,-0.050000000000000044,0.050000000000000044,False,True
2840,50,23.499999999999996,0.050000000000000044,True,False
2841,43,23.569999999999997,0.050000000000000044,True,False
2842,43,23.569999999999997,0.050000000000000044,True,False
2843,45,23.549999999999997,0.050000000000000044,True,False
2844,47,23.529999999999998,0.050000000000000044,True,False
2845,45,23.549999999999997,0.050000000000000044,True,False
2846,43,23.569999999999997,0.050000000000000044,True,False
2847,45,23.549999999999997,0.050000000000000044,True,False
2848,47,23.529999999999998,0.050000000000000044,True,False
2849,47,23.529999999999998,0.050000000000000044,True,False
2850,43,23.569999999999997,0.050000000000000044,True,False
2851,45,23.549999999999997,0.050000000000000044,True,False
2852,45,23.549999999999997,0.050000000000000044,True,False
2853,48,23.52,0.050000000000000044,True,False
2854,47,23.529999999999998,0.050000000000000044,True,False
2855,45,23.549999999999997,0.050000000000000044,True,False
2856,47,23.529999999999998,0.050000000000000044,True,False
2857,49,23.509999999999998,0.050000000000000044,True,False
2858,45,23.549999999999997,0.050000000000000044,True,False
2859,44,23.56,0.050000000000000044,True,False
2860,45,23.549999999999997,0.050000000000000044,True,False
2861,49,23.509999999999998,0.050000000000000044,True,False
2862,48,23.52,0.050000000000000044,True,False
2863,5,-0.040000000000000036,0.050000000000000044,False,True
2864,49,23.509999999999998,0.050000000000000044,True,False
2865,45,23.549999999999997,0.050000000000000044,True,False
2866,47,23.529999999999998,0.050000000000000044,True,False
2867,54,23.459999999999997,0.050000000000000044,True,False
2868,47,23.529999999999998,0.050000000000000044,True,False
2869,46,23.54,0.050000000000000044,True,False
2870,45,23.549999999999997,0.050000000000000044,True,False
2871,45,23.549999999999997,0.050000000000000044,True,False
2872,44,23.56,0.050000000000000044,True,False
2873,44,23.56,0.050000000000000044,True,False
2874,46,23.54,0.050000000000000044,True,False
2875,49,23.509999999999998,0.050000000000000044,True,False
2876,43,23.569999999999997,0.050000000000000044,True,False
2877,45,23.549999999999997,0.050000000000000044,True,False
2878,46,23.54,0.050000000000000044,True,False
2879,44,23.56,0.050000000000000044,True,False
2880,43,23.569999999999997,0.050000000000000044,True,False
2881,45,23.549999999999997,0.050000000000000044,True,False
2882,45,23.549999999999997,0.050000000000000044,True,False
2883,46,23.54,0.050000000000000044,True,False
2884,47,23.529999999999998,0.050000000000000044,True,False
2885,46,23.54,0.050000000000000044,True,False
2886,43,23.569999999999997,0.050000000000000044,True,False
2887,47,23.529999999999998,0.050000000000000044,True,False
2888,47,23.529999999999998,0.050000000000000044,True,False
2889,44,23.56,0.050000000000000044,True,False
2890,45,23.549999999999997,0.050000000000000044,True,False
2891,48,23.52,0.050000000000000044,True,False
2892,45,23.549999999999997,0.050000000000000044,True,False
2893,44,23.56,0.050000000000000044,True,False
2894,19,0.8199999999999998,0.050000000000000044,False,True
2895,49,23.509999999999998,0.050000000000000044,True,False
2896,45,23.549999999999997,0.050000000000000044,True,False
2897,5,-0.040000000000000036,0.050000000000000044,False,True
2898,19,0.8199999999999998,0.050000000000000044,False,True
2899,48,23.52,0.050000000000000044,True,False
2900,43,23.569999999999997,0.050000000000000044,True,False
2901,43,23.569999999999997,0.050000000000000044,True,False
2902,43,23.569999999999997,0.050000000000000044,True,False
2903,5,-0.040000000000000036,0.050000000000000044,False,True
2904,49,23.509999999999998,0.050000000000000044,True,False
2905,48,23.52,0.050000000000000044,True,False
2906,44,23.56,0.050000000000000044,True,False
2907,43,23.569999999999997,0.050000000000000044,True,False
2908,44,23.56,0.050000000000000044,True,False
2909,49,23.509999999999998,0.050000000000000044,True,False
2910,45,23.549999999999997,0.050000000000000044,True,False
2911,43,23.569999999999997,0.050000000000000044,True,False
2912,44,23.56,0.050000000000000044,True,False
2913,50,23.499999999999996,0.050000000000000044,True,False
2914,43,23.569999999999997,0.050000000000000044,True,False
2915,45,23.549999999999997,0.050000000000000044,True,False
2916,47,23.529999999999998,0.050000000000000044,True,False
2917,44,23.56,0.050000000000000044,True,False
2918,46,23.54,0.050000000000000044,True,False
2919,44,23.56,0.050000000000000044,True,False
2920,45,23.549999999999997,0.050000000000000044,True,False
2921,46,23.54,0.050000000000000044,True,False
2922,45,23.549999999999997,0.050000000000000044,True,False
2923,46,23.54,0.050000000000000044,True,False
2924,46,23.54,0.050000000000000044,True,False
2925,45,23.549999999999997,0.050000000000000044,True,False
2926,46,23.54,0.050000000000000044,True,False
2927,43,23.569999999999997,0.050000000000000044,True,False
2928,44,23.56,0.050000000000000044,True,False
2929,45,23.549999999999997,0.050000000000000044,True,False
2930,50,23.499999999999996,0.050000000000000044,True,False
2931,44,23.56,0.050000000000000044,True,False
2932,47,23.529999999999998,0.050000000000000044,True,False
2933,47,23.529999999999998,0.050000000000000044,True,False
2934,45,23.549999999999997,0.050000000000000044,True,False
2935,44,23.56,0.050000000000000044,True,False
2936,45,23.549999999999997,0.050000000000000044,True,False
2937,47,23.529999999999998,0.050000000000000044,True,False
2938,45,23.549999999999997,0.050000000000000044,True,False
2939,53,23.47,0.050000000000000044,True,False
2940,45,23.549999999999997,0.050000000000000044,True,False
2941,44,23.56,0.050000000000000044,True,False
2942,43,23.569999999999997,0.050000000000000044,True,False
2943,47,23.529999999999998,0.050000000000000044,True,False
2944,44,23.56,0.050000000000000044,True,False
2945,45,23.549999999999997,0.050000000000000044,True,False
2946,46,23.54,0.050000000000000044,True,False
2947,49,23.509999999999998,0.050000000000000044,True,False
2948,43,23.569999999999997,0.050000000000000044,True,False
2949,46,23.54,0.050000000000000044,True,False
2950,43,23.569999999999997,0.050000000000000044,True,False
2951,48,23.52,0.050000000000000044,True,False
2952,43,23.569999999999997,0.050000000000000044,True,False
2953,52,23.479999999999997,0.050000000000000044,True,False
2954,45,23.549999999999997,0.050000000000000044,True,False
2955,44,23.56,0.050000000000000044,True,False
2956,48,23.52,0.050000000000000044,True,False
2957,46,23.54,0.050000000000000044,True,False
2958,45,23.549999999999997,0.050000000000000044,True,False
2959,51,23.49,0.050000000000000044,True,False
2960,45,23.549999999999997,0.050000000000000044,True,False
2961,47,23.529999999999998,0.050000000000000044,True,False
2962,44,23.56,0.050000000000000044,True,False
2963,44,23.56,0.050000000000000044,True,False
2964,45,23.549999999999997,0.050000000000000044,True,False
2965,46,23.54,0.050000000000000044,True,False
2966,46,23.54,0.050000000000000044,True,False
2967,45,23.549999999999997,0.050000000000000044,True,False
2968,47,23.529999999999998,0.050000000000000044,True,False
2969,45,23.549999999999997,0.050000000000000044,True,False
2970,45,23.549999999999997,0.050000000000000044,True,False
2971,45,23.549999999999997,0.050000000000000044,True,False
2972,43,23.569999999999997,0.050000000000000044,True,False
2973,47,23.529999999999998,0.050000000000000044,True,False
2974,43,23.569999999999997,0.050000000000000044,True,False
2975,48,23.52,0.050000000000000044,True,False
2976,43,23.569999999999997,0.050000000000000044,True,False
2977,46,23.54,0.050000000000000044,True,False
2978,48,23.52,0.050000000000000044,True,False
2979,46,23.54,0.050000000000000044,True,False
2980,43,23.569999999999997,0.050000000000000044,True,False
2981,45,23.549999999999997,0.050000000000000044,True,False
2982,47,23.529999999999998,0.050000000000000044,True,False
2983,46,23.54,0.050000000000000044,True,False
2984,45,23.549999999999997,0.050000000000000044,True,False
2985,47,23.529999999999998,0.050000000000000044,True,False
2986,6,-0.050000000000000044,0.050000000000000044,False,True
2987,45,23.549999999999997,0.050000000000000044,True,False
2988,45,23.549999999999997,0.050000000000000044,True,False
2989,48,23.52,0.050000000000000044,True,False
2990,45,23.549999999999997,0.050000000000000044,True,False
2991,47,23.529999999999998,0.050000000000000044,True,False
2992,46,23.54,0.050000000000000044,True,False
2993,43,23.569999999999997,0.050000000000000044,True,False
2994,43,23.569999999999997,0.050000000000000044,True,False
2995,43,23.569999999999997,0.050000000000000044,True,False
2996,45,23.549999999999997,0.050000000000000044,True,False
2997,44,23.56,0.050000000000000044,True,False
2998,44,23.56,0.050000000000000044,True,False
2999,44,23.56,0.050000000000000044,True,False
3000,45,23.549999999999997,0.050000000000000044,True,False
