episode,steps,totalReward,epsilon,completed,died
1,49,-1.4800000000000002,1.0,False,True
2,39,-1.3800000000000001,0.9996481481481482,False,True
3,43,-1.4200000000000002,0.9992962962962963,False,True
4,28,-1.27,0.9989444444444444,False,True
5,15,-1.14,0.9985925925925926,False,True
6,371,-4.6999999999999655,0.9982407407407408,False,True
7,121,-2.200000000000001,0.9978888888888889,False,True
8,18,-1.17,0.997537037037037,False,True
9,400,-3.9999999999999587,0.9971851851851852,False,False
10,239,-3.3799999999999932,0.9968333333333333,False,True
11,18,-1.17,0.9964814814814815,False,True
12,60,-1.5900000000000003,0.9961296296296296,False,True
13,84,-1.8300000000000005,0.9957777777777778,False,True
14,232,18.680000000000003,0.9954259259259259,True,False
15,184,-2.8300000000000014,0.9950740740740741,False,True
16,37,-1.36,0.9947222222222222,False,True
17,138,-2.370000000000001,0.9943703703703703,False,True
18,139,-2.380000000000001,0.9940185185185185,False,True
19,27,-1.26,0.9936666666666667,False,True
20,57,-1.5600000000000003,0.9933148148148148,False,True
21,21,-1.2,0.9929629629629629,False,True
22,132,-2.310000000000001,0.9926111111111111,False,True
23,50,-1.4900000000000002,0.9922592592592593,False,True
24,133,-2.320000000000001,0.9919074074074075,False,True
25,151,-2.500000000000001,0.9915555555555555,False,True
26,27,-1.26,0.9912037037037037,False,True
27,383,-4.819999999999963,0.9908518518518519,False,True
28,33,-1.32,0.9905,False,True
29,400,-3.9999999999999587,0.9901481481481481,False,False
30,60,-1.5900000000000003,0.9897962962962963,False,True
31,31,-1.3,0.9894444444444445,False,True
32,45,-1.4400000000000002,0.9890925925925926,False,True
33,69,-1.6800000000000004,0.9887407407407407,False,True
34,39,-1.3800000000000001,0.9883888888888889,False,True
35,36,-1.35,0.988037037037037,False,True
36,17,-1.16,0.9876851851851852,False,True
37,25,-1.24,0.9873333333333333,False,True
38,46,-1.4500000000000002,0.9869814814814815,False,True
39,63,-1.6200000000000003,0.9866296296296296,False,True
40,92,-1.9100000000000006,0.9862777777777778,False,True
41,23,-1.22,0.9859259259259259,False,True
42,40,-1.3900000000000001,0.985574074074074,False,True
43,191,-2.9000000000000012,0.9852222222222222,False,True
44,400,-3.9999999999999587,0.9848703703703704,False,False
45,207,-3.06,0.9845185185185186,False,True
46,18,-1.17,0.9841666666666666,False,True
47,354,-4.529999999999969,0.9838148148148148,False,True
48,82,-1.8100000000000005,0.983462962962963,False,True
49,175,-2.740000000000001,0.9831111111111112,False,True
50,50,-1.4900000000000002,0.9827592592592592,False,True
51,400,-3.9999999999999587,0.9824074074074074,False,False
52,123,-2.2200000000000006,0.9820555555555556,False,True
53,56,-1.5500000000000003,0.9817037037037037,False,True
54,26,-1.25,0.9813518518518518,False,True
55,34,-1.33,0.981,False,True
56,17,-1.16,0.9806481481481482,False,True
57,18,-1.17,0.9802962962962963,False,True
58,22,-1.21,0.9799444444444444,False,True
59,81,-1.8000000000000005,0.9795925925925926,False,True
60,214,-3.1299999999999986,0.9792407407407407,False,True
61,21,-1.2,0.9788888888888889,False,True
62,400,-3.9999999999999587,0.978537037037037,False,False
63,30,-1.29,0.9781851851851852,False,True
64,30,-1.29,0.9778333333333333,False,True
65,32,-1.31,0.9774814814814815,False,True
66,43,-1.4200000000000002,0.9771296296296297,False,True
67,20,-1.19,0.9767777777777777,False,True
68,16,-1.15,0.9764259259259259,False,True
69,103,-2.0200000000000005,0.9760740740740741,False,True
70,77,-1.7600000000000005,0.9757222222222223,False,True
71,23,-1.22,0.9753703703703703,False,True
72,21,-1.2,0.9750185185185185,False,True
73,320,-4.189999999999976,0.9746666666666667,False,True
74,34,-1.33,0.9743148148148149,False,True
75,24,-1.23,0.9739629629629629,False,True
76,210,-3.0899999999999994,0.9736111111111111,False,True
77,143,-2.420000000000001,0.9732592592592593,False,True
78,62,-1.6100000000000003,0.9729074074074074,False,True
79,243,-3.4199999999999924,0.9725555555555555,False,True
80,42,-1.4100000000000001,0.9722037037037037,False,True
81,40,-1.3900000000000001,0.9718518518518519,False,True
82,44,-1.4300000000000002,0.9715,False,True
83,400,-3.9999999999999587,0.9711481481481481,False,False
84,89,20.11,0.9707962962962963,True,False
85,25,-1.24,0.9704444444444444,False,True
86,124,-2.230000000000001,0.9700925925925926,False,True
87,135,-2.3400000000000007,0.9697407407407408,False,True
88,92,-1.9100000000000006,0.9693888888888889,False,True
89,152,-2.510000000000001,0.969037037037037,False,True
90,67,-1.6600000000000004,0.9686851851851852,False,True
91,292,-3.909999999999982,0.9683333333333334,False,True
92,16,-1.15,0.9679814814814814,False,True
93,56,-1.5500000000000003,0.9676296296296296,False,True
94,267,18.330000000000013,0.9672777777777778,True,False
95,79,-1.7800000000000005,0.966925925925926,False,True
96,263,18.37000000000001,0.966574074074074,True,False
97,73,-1.7200000000000004,0.9662222222222222,False,True
98,229,-3.2799999999999954,0.9658703703703704,False,True
99,145,-2.4400000000000013,0.9655185185185186,False,True
100,72,-1.7100000000000004,0.9651666666666666,False,True
101,190,-2.8900000000000015,0.9648148148148148,False,True
102,105,-2.040000000000001,0.964462962962963,False,True
103,152,-2.510000000000001,0.9641111111111111,False,True
104,40,-1.3900000000000001,0.9637592592592592,False,True
105,107,19.929999999999996,0.9634074074074074,True,False
106,33,-1.32,0.9630555555555556,False,True
107,54,-1.5300000000000002,0.9627037037037037,False,True
108,205,-3.0400000000000005,0.9623518518518519,False,True
109,65,-1.6400000000000003,0.962,False,True
110,10,-1.09,0.9616481481481481,False,True
111,47,-1.4600000000000002,0.9612962962962963,False,True
112,58,-1.5700000000000003,0.9609444444444445,False,True
113,315,-4.1399999999999775,0.9605925925925926,False,True
114,343,-4.4199999999999715,0.9602407407407407,False,True
115,217,-3.159999999999998,0.9598888888888889,False,True
116,91,-1.9000000000000006,0.9595370370370371,False,True
117,56,-1.5500000000000003,0.9591851851851851,False,True
118,323,-4.219999999999976,0.9588333333333333,False,True
119,37,-1.36,0.9584814814814815,False,True
120,400,-3.9999999999999587,0.9581296296296297,False,False
121,43,-1.4200000000000002,0.9577777777777777,False,True
122,318,17.82000000000002,0.9574259259259259,True,False
123,53,-1.5200000000000002,0.9570740740740741,False,True
124,274,-3.7299999999999858,0.9567222222222223,False,True
125,134,-2.330000000000001,0.9563703703703703,False,True
126,25,-1.24,0.9560185185185185,False,True
127,264,-3.629999999999988,0.9556666666666667,False,True
128,323,-4.219999999999976,0.9553148148148148,False,True
129,119,-2.1800000000000006,0.954962962962963,False,True
130,23,-1.22,0.9546111111111111,False,True
131,22,-1.21,0.9542592592592593,False,True
132,124,-2.230000000000001,0.9539074074074074,False,True
133,21,-1.2,0.9535555555555556,False,True
134,48,-1.4700000000000002,0.9532037037037037,False,True
135,312,-4.109999999999978,0.9528518518518518,False,True
136,242,-3.4099999999999926,0.9525,False,True
137,400,-3.9999999999999587,0.9521481481481482,False,False
138,36,-1.35,0.9517962962962963,False,True
139,33,-1.32,0.9514444444444444,False,True
140,313,-4.119999999999978,0.9510925925925926,False,True
141,159,-2.580000000000001,0.9507407407407408,False,True
142,42,-1.4100000000000001,0.9503888888888888,False,True
143,400,-3.9999999999999587,0.950037037037037,False,False
144,219,-3.1799999999999975,0.9496851851851852,False,True
145,400,-3.9999999999999587,0.9493333333333334,False,False
146,49,-1.4800000000000002,0.9489814814814814,False,True
147,326,17.740000000000023,0.9486296296296296,True,False
148,149,-2.4800000000000013,0.9482777777777778,False,True
149,79,-1.7800000000000005,0.947925925925926,False,True
150,13,-1.1199999999999999,0.9475740740740741,False,True
151,19,-1.18,0.9472222222222222,False,True
152,281,-3.7999999999999843,0.9468703703703704,False,True
153,207,-3.06,0.9465185185185185,False,True
154,133,-2.320000000000001,0.9461666666666667,False,True
155,349,-4.47999999999997,0.9458148148148148,False,True
156,204,-3.0300000000000007,0.945462962962963,False,True
157,71,-1.7000000000000004,0.9451111111111111,False,True
158,220,-3.1899999999999973,0.9447592592592593,False,True
159,11,-1.1,0.9444074074074074,False,True
160,28,-1.27,0.9440555555555555,False,True
161,126,-2.250000000000001,0.9437037037037037,False,True
162,314,-4.129999999999978,0.9433518518518519,False,True
163,76,-1.7500000000000004,0.9430000000000001,False,True
164,14,-1.13,0.9426481481481481,False,True
165,110,-2.0900000000000007,0.9422962962962963,False,True
166,42,-1.4100000000000001,0.9419444444444445,False,True
167,26,-1.25,0.9415925925925925,False,True
168,132,-2.310000000000001,0.9412407407407407,False,True
169,168,-2.6700000000000013,0.9408888888888889,False,True
170,95,-1.9400000000000006,0.9405370370370371,False,True
171,198,-2.9700000000000015,0.9401851851851852,False,True
172,39,-1.3800000000000001,0.9398333333333333,False,True
173,332,17.680000000000025,0.9394814814814815,True,False
174,357,17.43000000000003,0.9391296296296296,True,False
175,274,18.260000000000012,0.9387777777777778,True,False
176,122,-2.210000000000001,0.9384259259259259,False,True
177,125,-2.240000000000001,0.9380740740740741,False,True
178,145,-2.4400000000000013,0.9377222222222222,False,True
179,162,-2.610000000000001,0.9373703703703704,False,True
180,400,-3.9999999999999587,0.9370185185185185,False,False
181,301,-3.99999999999998,0.9366666666666666,False,True
182,124,-2.230000000000001,0.9363148148148148,False,True
183,400,-3.9999999999999587,0.935962962962963,False,False
184,26,-1.25,0.9356111111111111,False,True
185,107,19.929999999999996,0.9352592592592592,True,False
186,400,-3.9999999999999587,0.9349074074074074,False,False
187,216,-3.149999999999998,0.9345555555555556,False,True
188,161,-2.6000000000000014,0.9342037037037036,False,True
189,115,-2.1400000000000006,0.9338518518518518,False,True
190,21,-1.2,0.9335,False,True
191,267,-3.6599999999999873,0.9331481481481482,False,True
192,28,-1.27,0.9327962962962963,False,True
193,400,-3.9999999999999587,0.9324444444444444,False,False
194,243,18.570000000000007,0.9320925925925926,True,False
195,87,-1.8600000000000005,0.9317407407407408,False,True
196,113,-2.120000000000001,0.9313888888888889,False,True
197,371,-4.6999999999999655,0.931037037037037,False,True
198,41,-1.4000000000000001,0.9306851851851852,False,True
199,400,-3.9999999999999587,0.9303333333333333,False,False
200,162,-2.610000000000001,0.9299814814814815,False,True
201,39,-1.3800000000000001,0.9296296296296296,False,True
202,303,-4.01999999999998,0.9292777777777778,False,True
203,46,-1.4500000000000002,0.9289259259259259,False,True
204,14,-1.13,0.9285740740740741,False,True
205,284,-3.8299999999999836,0.9282222222222223,False,True
206,15,-1.14,0.9278703703703703,False,True
207,25,-1.24,0.9275185185185185,False,True
208,362,-4.6099999999999675,0.9271666666666667,False,True
209,19,-1.18,0.9268148148148148,False,True
210,68,-1.6700000000000004,0.9264629629629629,False,True
211,262,-3.6099999999999883,0.9261111111111111,False,True
212,59,-1.5800000000000003,0.9257592592592593,False,True
213,163,-2.620000000000001,0.9254074074074075,False,True
214,63,-1.6200000000000003,0.9250555555555555,False,True
215,265,18.350000000000012,0.9247037037037037,True,False
216,256,-3.5499999999999896,0.9243518518518519,False,True
217,337,17.630000000000027,0.924,True,False
218,144,19.56,0.9236481481481481,True,False
219,400,-3.9999999999999587,0.9232962962962963,False,False
220,20,-1.19,0.9229444444444445,False,True
221,59,-1.5800000000000003,0.9225925925925926,False,True
222,89,-1.8800000000000006,0.9222407407407407,False,True
223,122,-2.210000000000001,0.9218888888888889,False,True
224,53,-1.5200000000000002,0.921537037037037,False,True
225,82,-1.8100000000000005,0.9211851851851852,False,True
226,178,-2.7700000000000014,0.9208333333333334,False,True
227,400,-3.9999999999999587,0.9204814814814815,False,False
228,270,-3.6899999999999866,0.9201296296296296,False,True
229,38,-1.37,0.9197777777777778,False,True
230,162,-2.610000000000001,0.9194259259259259,False,True
231,12,-1.1099999999999999,0.919074074074074,False,True
232,90,-1.8900000000000006,0.9187222222222222,False,True
233,73,20.27,0.9183703703703704,True,False
234,52,-1.5100000000000002,0.9180185185185186,False,True
235,187,-2.860000000000001,0.9176666666666666,False,True
236,39,-1.3800000000000001,0.9173148148148148,False,True
237,116,-2.150000000000001,0.916962962962963,False,True
238,171,-2.700000000000001,0.9166111111111112,False,True
239,56,-1.5500000000000003,0.9162592592592593,False,True
240,63,-1.6200000000000003,0.9159074074074074,False,True
241,172,-2.7100000000000013,0.9155555555555556,False,True
242,95,-1.9400000000000006,0.9152037037037037,False,True
243,157,19.429999999999996,0.9148518518518518,True,False
244,279,-3.7799999999999847,0.9145,False,True
245,45,-1.4400000000000002,0.9141481481481482,False,True
246,77,-1.7600000000000005,0.9137962962962963,False,True
247,292,-3.909999999999982,0.9134444444444445,False,True
248,68,-1.6700000000000004,0.9130925925925926,False,True
249,98,20.019999999999996,0.9127407407407407,True,False
250,143,19.569999999999997,0.9123888888888889,True,False
251,72,-1.7100000000000004,0.9120370370370371,False,True
252,24,-1.23,0.9116851851851852,False,True
253,38,-1.37,0.9113333333333333,False,True
254,313,17.870000000000022,0.9109814814814815,True,False
255,130,-2.290000000000001,0.9106296296296297,False,True
256,355,-4.539999999999969,0.9102777777777777,False,True
257,76,-1.7500000000000004,0.9099259259259259,False,True
258,24,-1.23,0.9095740740740741,False,True
259,153,-2.5200000000000014,0.9092222222222223,False,True
260,235,18.650000000000006,0.9088703703703703,True,False
261,71,20.29,0.9085185185185185,True,False
262,136,-2.350000000000001,0.9081666666666667,False,True
263,40,-1.3900000000000001,0.9078148148148149,False,True
264,207,-3.06,0.9074629629629629,False,True
265,96,-1.9500000000000006,0.9071111111111111,False,True
266,400,-3.9999999999999587,0.9067592592592593,False,False
267,7,-1.06,0.9064074074074074,False,True
268,130,-2.290000000000001,0.9060555555555556,False,True
269,252,18.480000000000008,0.9057037037037037,True,False
270,209,-3.0799999999999996,0.9053518518518519,False,True
271,37,-1.36,0.905,False,True
272,186,19.139999999999997,0.9046481481481481,True,False
273,338,17.620000000000026,0.9042962962962963,True,False
274,400,-3.9999999999999587,0.9039444444444444,False,False
275,143,-2.420000000000001,0.9035925925925926,False,True
276,400,-3.9999999999999587,0.9032407407407408,False,False
277,21,-1.2,0.9028888888888889,False,True
278,268,18.32000000000001,0.902537037037037,True,False
279,136,19.639999999999997,0.9021851851851852,True,False
280,379,-4.779999999999964,0.9018333333333334,False,True
281,400,-3.9999999999999587,0.9014814814814816,False,False
282,244,-3.429999999999992,0.9011296296296296,False,True
283,352,-4.50999999999997,0.9007777777777778,False,True
284,116,-2.150000000000001,0.900425925925926,False,True
285,191,-2.9000000000000012,0.900074074074074,False,True
286,371,-4.6999999999999655,0.8997222222222222,False,True
287,400,-3.9999999999999587,0.8993703703703704,False,False
288,103,-2.0200000000000005,0.8990185185185186,False,True
289,131,-2.3000000000000007,0.8986666666666667,False,True
290,115,-2.1400000000000006,0.8983148148148148,False,True
291,69,-1.6800000000000004,0.897962962962963,False,True
292,270,18.30000000000001,0.8976111111111111,True,False
293,212,18.88,0.8972592592592593,True,False
294,166,-2.6500000000000012,0.8969074074074074,False,True
295,125,-2.240000000000001,0.8965555555555556,False,True
296,226,18.740000000000002,0.8962037037037037,True,False
297,393,17.07000000000004,0.8958518518518519,True,False
298,31,-1.3,0.8955,False,True
299,67,-1.6600000000000004,0.8951481481481481,False,True
300,170,19.299999999999997,0.8947962962962963,True,False
301,194,19.059999999999995,0.8944444444444445,True,False
302,251,18.49000000000001,0.8940925925925925,True,False
303,120,-2.190000000000001,0.8937407407407407,False,True
304,103,-2.0200000000000005,0.8933888888888889,False,True
305,226,18.740000000000002,0.8930370370370371,True,False
306,55,-1.5400000000000003,0.8926851851851851,False,True
307,10,-1.09,0.8923333333333333,False,True
308,308,-4.069999999999979,0.8919814814814815,False,True
309,181,-2.8000000000000016,0.8916296296296297,False,True
310,82,-1.8100000000000005,0.8912777777777778,False,True
311,389,17.11000000000004,0.8909259259259259,True,False
312,191,19.089999999999996,0.8905740740740741,True,False
313,26,-1.25,0.8902222222222222,False,True
314,279,-3.7799999999999847,0.8898703703703703,False,True
315,178,-2.7700000000000014,0.8895185185185185,False,True
316,173,-2.7200000000000015,0.8891666666666667,False,True
317,217,18.830000000000002,0.8888148148148148,True,False
318,20,-1.19,0.888462962962963,False,True
319,23,-1.22,0.8881111111111111,False,True
320,171,19.289999999999996,0.8877592592592592,True,False
321,84,-1.8300000000000005,0.8874074074074074,False,True
322,400,-3.9999999999999587,0.8870555555555556,False,False
323,143,-2.420000000000001,0.8867037037037037,False,True
324,117,-2.160000000000001,0.8863518518518518,False,True
325,50,-1.4900000000000002,0.886,False,True
326,77,-1.7600000000000005,0.8856481481481482,False,True
327,158,19.419999999999998,0.8852962962962962,True,False
328,151,19.49,0.8849444444444444,True,False
329,258,18.42000000000001,0.8845925925925926,True,False
330,44,-1.4300000000000002,0.8842407407407408,False,True
331,400,-3.9999999999999587,0.883888888888889,False,False
332,153,19.47,0.883537037037037,True,False
333,298,18.020000000000017,0.8831851851851852,True,False
334,237,18.630000000000006,0.8828333333333334,True,False
335,264,18.36000000000001,0.8824814814814815,True,False
336,133,19.669999999999998,0.8821296296296296,True,False
337,120,-2.190000000000001,0.8817777777777778,False,True
338,16,-1.15,0.881425925925926,False,True
339,181,19.189999999999998,0.8810740740740741,True,False
340,56,-1.5500000000000003,0.8807222222222222,False,True
341,400,-3.9999999999999587,0.8803703703703704,False,False
342,162,-2.610000000000001,0.8800185185185185,False,True
343,31,-1.3,0.8796666666666667,False,True
344,10,-1.09,0.8793148148148149,False,True
345,16,-1.15,0.878962962962963,False,True
346,305,-4.03999999999998,0.8786111111111111,False,True
347,233,-3.3199999999999945,0.8782592592592593,False,True
348,14,-1.13,0.8779074074074074,False,True
349,356,-4.549999999999969,0.8775555555555555,False,True
350,180,-2.7900000000000014,0.8772037037037037,False,True
351,98,-1.9700000000000006,0.8768518518518519,False,True
352,370,-4.689999999999966,0.8765000000000001,False,True
353,12,-1.1099999999999999,0.8761481481481481,False,True
354,235,18.650000000000006,0.8757962962962963,True,False
355,166,-2.6500000000000012,0.8754444444444445,False,True
356,199,19.009999999999998,0.8750925925925926,True,False
357,112,19.88,0.8747407407407407,True,False
358,128,19.72,0.8743888888888889,True,False
359,107,19.929999999999996,0.8740370370370371,True,False
360,34,-1.33,0.8736851851851852,False,True
361,94,-1.9300000000000006,0.8733333333333333,False,True
362,47,-1.4600000000000002,0.8729814814814815,False,True
363,67,-1.6600000000000004,0.8726296296296296,False,True
364,239,-3.3799999999999932,0.8722777777777778,False,True
365,97,-1.9600000000000006,0.871925925925926,False,True
366,175,-2.740000000000001,0.8715740740740741,False,True
367,192,19.08,0.8712222222222222,True,False
368,60,-1.5900000000000003,0.8708703703703704,False,True
369,225,18.750000000000004,0.8705185185185185,True,False
370,220,-3.1899999999999973,0.8701666666666666,False,True
371,81,20.189999999999998,0.8698148148148148,True,False
372,53,-1.5200000000000002,0.869462962962963,False,True
373,230,-3.289999999999995,0.8691111111111112,False,True
374,169,19.31,0.8687592592592592,True,False
375,400,-3.9999999999999587,0.8684074074074074,False,False
376,249,-3.479999999999991,0.8680555555555556,False,True
377,33,-1.32,0.8677037037037038,False,True
378,15,-1.14,0.8673518518518518,False,True
379,180,-2.7900000000000014,0.867,False,True
380,68,-1.6700000000000004,0.8666481481481482,False,True
381,312,17.88000000000002,0.8662962962962963,True,False
382,74,-1.7300000000000004,0.8659444444444444,False,True
383,135,-2.3400000000000007,0.8655925925925926,False,True
384,42,-1.4100000000000001,0.8652407407407408,False,True
385,185,19.15,0.8648888888888889,True,False
386,21,-1.2,0.864537037037037,False,True
387,35,-1.34,0.8641851851851852,False,True
388,204,18.959999999999997,0.8638333333333333,True,False
389,37,-1.36,0.8634814814814815,False,True
390,90,20.099999999999998,0.8631296296296296,True,False
391,347,-4.459999999999971,0.8627777777777779,False,True
392,134,-2.330000000000001,0.8624259259259259,False,True
393,106,19.939999999999998,0.8620740740740741,True,False
394,61,-1.6000000000000003,0.8617222222222223,False,True
395,164,19.359999999999996,0.8613703703703703,True,False
396,228,18.720000000000002,0.8610185185185185,True,False
397,86,20.139999999999997,0.8606666666666667,True,False
398,118,19.819999999999997,0.8603148148148148,True,False
399,331,-4.299999999999974,0.859962962962963,False,True
400,29,-1.28,0.8596111111111111,False,True
401,29,-1.28,0.8592592592592593,False,True
402,47,-1.4600000000000002,0.8589074074074075,False,True
403,234,-3.3299999999999943,0.8585555555555555,False,True
404,187,-2.860000000000001,0.8582037037037037,False,True
405,198,19.019999999999996,0.8578518518518519,True,False
406,400,-3.9999999999999587,0.8575,False,False
407,127,19.729999999999997,0.8571481481481482,True,False
408,138,-2.370000000000001,0.8567962962962963,False,True
409,217,18.830000000000002,0.8564444444444445,True,False
410,119,-2.1800000000000006,0.8560925925925926,False,True
411,101,-2.000000000000001,0.8557407407407407,False,True
412,204,-3.0300000000000007,0.8553888888888889,False,True
413,180,-2.7900000000000014,0.855037037037037,False,True
414,200,18.999999999999996,0.8546851851851852,True,False
415,101,19.99,0.8543333333333334,True,False
416,236,18.640000000000004,0.8539814814814815,True,False
417,117,19.83,0.8536296296296296,True,False
418,109,19.909999999999997,0.8532777777777778,True,False
419,117,19.83,0.8529259259259259,True,False
420,95,20.049999999999997,0.8525740740740742,True,False
421,222,-3.209999999999997,0.8522222222222222,False,True
422,103,19.97,0.8518703703703704,True,False
423,192,19.08,0.8515185185185186,True,False
424,45,-1.4400000000000002,0.8511666666666666,False,True
425,109,19.909999999999997,0.8508148148148148,True,False
426,105,19.95,0.850462962962963,True,False
427,170,19.299999999999997,0.8501111111111112,True,False
428,97,20.029999999999998,0.8497592592592593,True,False
429,157,19.429999999999996,0.8494074074074074,True,False
430,166,19.339999999999996,0.8490555555555556,True,False
431,89,-1.8800000000000006,0.8487037037037037,False,True
432,229,18.710000000000004,0.8483518518518518,True,False
433,9,-1.08,0.848,False,True
434,225,18.750000000000004,0.8476481481481482,True,False
435,100,-1.9900000000000007,0.8472962962962963,False,True
436,140,19.599999999999998,0.8469444444444445,True,False
437,24,-1.23,0.8465925925925926,False,True
438,146,19.54,0.8462407407407407,True,False
439,92,20.08,0.8458888888888889,True,False
440,115,19.849999999999998,0.845537037037037,True,False
441,136,-2.350000000000001,0.8451851851851852,False,True
442,276,-3.7499999999999853,0.8448333333333333,False,True
443,223,18.770000000000003,0.8444814814814815,True,False
444,135,19.65,0.8441296296296297,True,False
445,122,-2.210000000000001,0.8437777777777777,False,True
446,99,20.009999999999998,0.8434259259259259,True,False
447,254,18.460000000000008,0.8430740740740741,True,False
448,220,18.8,0.8427222222222222,True,False
449,63,-1.6200000000000003,0.8423703703703704,False,True
450,183,19.169999999999998,0.8420185185185185,True,False
451,363,17.370000000000033,0.8416666666666667,True,False
452,161,-2.6000000000000014,0.8413148148148148,False,True
453,148,-2.470000000000001,0.840962962962963,False,True
454,160,19.4,0.8406111111111111,True,False
455,22,-1.21,0.8402592592592593,False,True
456,185,19.15,0.8399074074074074,True,False
457,85,20.15,0.8395555555555556,True,False
458,18,-1.17,0.8392037037037037,False,True
459,154,19.459999999999997,0.8388518518518518,True,False
460,163,-2.620000000000001,0.8385,False,True
461,115,-2.1400000000000006,0.8381481481481482,False,True
462,33,-1.32,0.8377962962962963,False,True
463,158,-2.570000000000001,0.8374444444444444,False,True
464,129,19.709999999999997,0.8370925925925926,True,False
465,162,19.379999999999995,0.8367407407407408,True,False
466,204,18.959999999999997,0.8363888888888888,True,False
467,128,-2.270000000000001,0.836037037037037,False,True
468,92,-1.9100000000000006,0.8356851851851852,False,True
469,69,20.31,0.8353333333333334,True,False
470,16,-1.15,0.8349814814814815,False,True
471,202,18.979999999999997,0.8346296296296296,True,False
472,105,19.95,0.8342777777777778,True,False
473,150,-2.490000000000001,0.833925925925926,False,True
474,209,-3.0799999999999996,0.833574074074074,False,True
475,20,-1.19,0.8332222222222222,False,True
476,152,19.479999999999997,0.8328703703703704,True,False
477,243,-3.4199999999999924,0.8325185185185185,False,True
478,115,19.849999999999998,0.8321666666666667,True,False
479,45,-1.4400000000000002,0.8318148148148148,False,True
480,150,-2.490000000000001,0.831462962962963,False,True
481,131,19.689999999999998,0.8311111111111111,True,False
482,114,-2.130000000000001,0.8307592592592593,False,True
483,117,19.83,0.8304074074074074,True,False
484,215,18.85,0.8300555555555555,True,False
485,99,20.009999999999998,0.8297037037037037,True,False
486,136,-2.350000000000001,0.8293518518518519,False,True
487,117,19.83,0.829,True,False
488,103,19.97,0.8286481481481481,True,False
489,108,19.919999999999998,0.8282962962962963,True,False
490,78,20.22,0.8279444444444445,True,False
491,235,-3.339999999999994,0.8275925925925927,False,True
492,150,19.499999999999996,0.8272407407407407,True,False
493,206,18.939999999999998,0.8268888888888889,True,False
494,59,20.409999999999997,0.8265370370370371,True,False
495,141,19.589999999999996,0.8261851851851851,True,False
496,141,-2.4000000000000012,0.8258333333333334,False,True
497,116,-2.150000000000001,0.8254814814814815,False,True
498,138,19.619999999999997,0.8251296296296297,True,False
499,195,19.049999999999997,0.8247777777777778,True,False
500,70,20.299999999999997,0.8244259259259259,True,False
501,90,20.099999999999998,0.8240740740740741,True,False
502,108,-2.0700000000000007,0.8237222222222222,False,True
503,151,-2.500000000000001,0.8233703703703703,False,True
504,111,19.889999999999997,0.8230185185185186,True,False
505,112,-2.1100000000000008,0.8226666666666667,False,True
506,72,-1.7100000000000004,0.8223148148148148,False,True
507,195,19.049999999999997,0.821962962962963,True,False
508,133,19.669999999999998,0.8216111111111111,True,False
509,153,-2.5200000000000014,0.8212592592592592,False,True
510,147,19.529999999999998,0.8209074074074074,True,False
511,31,-1.3,0.8205555555555556,False,True
512,90,-1.8900000000000006,0.8202037037037038,False,True
513,102,-2.0100000000000007,0.8198518518518518,False,True
514,158,19.419999999999998,0.8195,True,False
515,104,19.959999999999997,0.8191481481481482,True,False
516,250,18.500000000000007,0.8187962962962962,True,False
517,69,-1.6800000000000004,0.8184444444444444,False,True
518,148,19.519999999999996,0.8180925925925926,True,False
519,122,-2.210000000000001,0.8177407407407408,False,True
520,64,-1.6300000000000003,0.8173888888888889,False,True
521,123,-2.2200000000000006,0.817037037037037,False,True
522,208,18.919999999999998,0.8166851851851852,True,False
523,76,-1.7500000000000004,0.8163333333333334,False,True
524,85,20.15,0.8159814814814814,True,False
525,95,-1.9400000000000006,0.8156296296296297,False,True
526,35,-1.34,0.8152777777777778,False,True
527,145,-2.4400000000000013,0.8149259259259259,False,True
528,206,-3.0500000000000003,0.8145740740740741,False,True
529,98,20.019999999999996,0.8142222222222222,True,False
530,210,18.9,0.8138703703703704,True,False
531,99,20.009999999999998,0.8135185185185185,True,False
532,160,19.4,0.8131666666666667,True,False
533,113,19.869999999999997,0.8128148148148149,True,False
534,166,19.339999999999996,0.8124629629629629,True,False
535,130,19.699999999999996,0.8121111111111111,True,False
536,274,18.260000000000012,0.8117592592592593,True,False
537,185,-2.8400000000000016,0.8114074074074074,False,True
538,51,20.49,0.8110555555555555,True,False
539,168,-2.6700000000000013,0.8107037037037037,False,True
540,167,19.33,0.8103518518518519,True,False
541,60,20.4,0.81,True,False
542,126,19.74,0.8096481481481481,True,False
543,123,19.769999999999996,0.8092962962962963,True,False
544,62,-1.6100000000000003,0.8089444444444445,False,True
545,115,19.849999999999998,0.8085925925925926,True,False
546,149,-2.4800000000000013,0.8082407407407407,False,True
547,199,19.009999999999998,0.8078888888888889,True,False
548,157,19.429999999999996,0.807537037037037,True,False
549,198,19.019999999999996,0.8071851851851852,True,False
550,132,19.679999999999996,0.8068333333333333,True,False
551,121,19.79,0.8064814814814815,True,False
552,200,18.999999999999996,0.8061296296296296,True,False
553,58,20.419999999999998,0.8057777777777778,True,False
554,148,-2.470000000000001,0.805425925925926,False,True
555,53,-1.5200000000000002,0.805074074074074,False,True
556,157,19.429999999999996,0.8047222222222222,True,False
557,26,-1.25,0.8043703703703704,False,True
558,196,19.039999999999996,0.8040185185185186,True,False
559,256,18.44000000000001,0.8036666666666666,True,False
560,57,-1.5600000000000003,0.8033148148148148,False,True
561,169,-2.6800000000000015,0.802962962962963,False,True
562,111,19.889999999999997,0.8026111111111112,True,False
563,119,-2.1800000000000006,0.8022592592592592,False,True
564,60,20.4,0.8019074074074074,True,False
565,46,20.54,0.8015555555555556,True,False
566,110,19.9,0.8012037037037038,True,False
567,109,-2.080000000000001,0.8008518518518518,False,True
568,63,20.369999999999997,0.8005,True,False
569,105,-2.040000000000001,0.8001481481481482,False,True
570,245,-3.439999999999992,0.7997962962962963,False,True
571,139,19.609999999999996,0.7994444444444444,True,False
572,118,19.819999999999997,0.7990925925925926,True,False
573,37,-1.36,0.7987407407407408,False,True
574,131,19.689999999999998,0.7983888888888889,True,False
575,132,19.679999999999996,0.7980370370370371,True,False
576,86,-1.8500000000000005,0.7976851851851852,False,True
577,121,19.79,0.7973333333333333,True,False
578,59,-1.5800000000000003,0.7969814814814815,False,True
579,114,19.86,0.7966296296296296,True,False
580,161,19.389999999999997,0.7962777777777779,True,False
581,78,20.22,0.7959259259259259,True,False
582,105,-2.040000000000001,0.7955740740740741,False,True
583,39,-1.3800000000000001,0.7952222222222223,False,True
584,73,20.27,0.7948703703703703,True,False
585,53,20.47,0.7945185185185185,True,False
586,108,-2.0700000000000007,0.7941666666666667,False,True
587,152,19.479999999999997,0.7938148148148149,True,False
588,161,19.389999999999997,0.793462962962963,True,False
589,79,-1.7800000000000005,0.7931111111111111,False,True
590,58,20.419999999999998,0.7927592592592593,True,False
591,88,20.119999999999997,0.7924074074074074,True,False
592,121,-2.200000000000001,0.7920555555555555,False,True
593,196,19.039999999999996,0.7917037037037037,True,False
594,86,20.139999999999997,0.7913518518518519,True,False
595,168,-2.6700000000000013,0.791,False,True
596,54,-1.5300000000000002,0.7906481481481482,False,True
597,165,19.349999999999998,0.7902962962962963,True,False
598,104,-2.0300000000000007,0.7899444444444444,False,True
599,133,19.669999999999998,0.7895925925925926,True,False
600,120,19.799999999999997,0.7892407407407407,True,False
601,42,-1.4100000000000001,0.788888888888889,False,True
602,49,-1.4800000000000002,0.788537037037037,False,True
603,93,20.069999999999997,0.7881851851851852,True,False
604,54,-1.5300000000000002,0.7878333333333334,False,True
605,95,20.049999999999997,0.7874814814814814,True,False
606,222,18.78,0.7871296296296296,True,False
607,90,-1.8900000000000006,0.7867777777777778,False,True
608,107,-2.0600000000000005,0.7864259259259259,False,True
609,126,19.74,0.7860740740740741,True,False
610,79,20.209999999999997,0.7857222222222222,True,False
611,98,20.019999999999996,0.7853703703703704,True,False
612,101,-2.000000000000001,0.7850185185185186,False,True
613,170,19.299999999999997,0.7846666666666666,True,False
614,78,-1.7700000000000005,0.7843148148148148,False,True
615,139,19.609999999999996,0.783962962962963,True,False
616,152,-2.510000000000001,0.7836111111111111,False,True
617,147,19.529999999999998,0.7832592592592593,True,False
618,123,19.769999999999996,0.7829074074074074,True,False
619,93,20.069999999999997,0.7825555555555556,True,False
620,149,19.509999999999998,0.7822037037037037,True,False
621,104,19.959999999999997,0.7818518518518518,True,False
622,163,-2.620000000000001,0.7815,False,True
623,55,20.45,0.7811481481481481,True,False
624,7,-1.06,0.7807962962962963,False,True
625,12,-1.1099999999999999,0.7804444444444445,False,True
626,38,-1.37,0.7800925925925926,False,True
627,100,19.999999999999996,0.7797407407407407,True,False
628,138,19.619999999999997,0.7793888888888889,True,False
629,51,20.49,0.779037037037037,True,False
630,88,20.119999999999997,0.7786851851851853,True,False
631,148,19.519999999999996,0.7783333333333333,True,False
632,61,20.389999999999997,0.7779814814814815,True,False
633,126,19.74,0.7776296296296297,True,False
634,156,19.439999999999998,0.7772777777777777,True,False
635,134,19.659999999999997,0.7769259259259259,True,False
636,144,19.56,0.7765740740740741,True,False
637,91,20.089999999999996,0.7762222222222223,True,False
638,92,20.08,0.7758703703703704,True,False
639,77,20.229999999999997,0.7755185185185185,True,False
640,167,19.33,0.7751666666666667,True,False
641,161,19.389999999999997,0.7748148148148148,True,False
642,212,18.88,0.774462962962963,True,False
643,58,-1.5700000000000003,0.7741111111111111,False,True
644,155,19.449999999999996,0.7737592592592593,True,False
645,130,19.699999999999996,0.7734074074074074,True,False
646,22,-1.21,0.7730555555555556,False,True
647,107,19.929999999999996,0.7727037037037037,True,False
648,78,20.22,0.7723518518518518,True,False
649,167,19.33,0.772,True,False
650,94,20.06,0.7716481481481482,True,False
651,95,20.049999999999997,0.7712962962962964,True,False
652,94,20.06,0.7709444444444444,True,False
653,146,19.54,0.7705925925925926,True,False
654,101,-2.000000000000001,0.7702407407407408,False,True
655,82,20.18,0.7698888888888888,True,False
656,80,20.2,0.769537037037037,True,False
657,105,19.95,0.7691851851851852,True,False
658,125,-2.240000000000001,0.7688333333333334,False,True
659,154,19.459999999999997,0.7684814814814815,True,False
660,79,20.209999999999997,0.7681296296296296,True,False
661,31,-1.3,0.7677777777777778,False,True
662,66,20.339999999999996,0.767425925925926,True,False
663,107,19.929999999999996,0.7670740740740741,True,False
664,60,-1.5900000000000003,0.7667222222222222,False,True
665,211,18.89,0.7663703703703704,True,False
666,47,20.529999999999998,0.7660185185185185,True,False
667,133,19.669999999999998,0.7656666666666667,True,False
668,58,-1.5700000000000003,0.7653148148148148,False,True
669,100,-1.9900000000000007,0.764962962962963,False,True
670,49,20.509999999999998,0.7646111111111111,True,False
671,109,19.909999999999997,0.7642592592592593,True,False
672,72,20.279999999999998,0.7639074074074074,True,False
673,62,-1.6100000000000003,0.7635555555555555,False,True
674,71,-1.7000000000000004,0.7632037037037037,False,True
675,87,20.13,0.7628518518518519,True,False
676,138,19.619999999999997,0.7625,True,False
677,49,-1.4800000000000002,0.7621481481481482,False,True
678,32,-1.31,0.7617962962962963,False,True
679,99,20.009999999999998,0.7614444444444445,True,False
680,107,19.929999999999996,0.7610925925925927,True,False
681,135,19.65,0.7607407407407407,True,False
682,79,20.209999999999997,0.7603888888888889,True,False
683,84,20.159999999999997,0.7600370370370371,True,False
684,123,-2.2200000000000006,0.7596851851851852,False,True
685,86,20.139999999999997,0.7593333333333333,True,False
686,100,19.999999999999996,0.7589814814814815,True,False
687,66,20.339999999999996,0.7586296296296297,True,False
688,81,20.189999999999998,0.7582777777777778,True,False
689,104,19.959999999999997,0.7579259259259259,True,False
690,19,-1.18,0.7575740740740741,False,True
691,18,-1.17,0.7572222222222222,False,True
692,16,-1.15,0.7568703703703703,False,True
693,81,20.189999999999998,0.7565185185185186,True,False
694,109,19.909999999999997,0.7561666666666667,True,False
695,128,19.72,0.7558148148148148,True,False
696,64,20.36,0.755462962962963,True,False
697,146,19.54,0.7551111111111111,True,False
698,15,-1.14,0.7547592592592594,False,True
699,79,20.209999999999997,0.7544074074074074,True,False
700,202,18.979999999999997,0.7540555555555556,True,False
701,64,20.36,0.7537037037037038,True,False
702,141,19.589999999999996,0.7533518518518518,True,False
703,122,19.779999999999998,0.753,True,False
704,76,20.24,0.7526481481481482,True,False
705,91,20.089999999999996,0.7522962962962964,True,False
706,88,20.119999999999997,0.7519444444444444,True,False
707,105,19.95,0.7515925925925926,True,False
708,200,18.999999999999996,0.7512407407407408,True,False
709,57,-1.5600000000000003,0.7508888888888889,False,True
710,68,20.319999999999997,0.750537037037037,True,False
711,101,19.99,0.7501851851851852,True,False
712,84,20.159999999999997,0.7498333333333334,True,False
713,73,20.27,0.7494814814814814,True,False
714,84,20.159999999999997,0.7491296296296297,True,False
715,102,19.979999999999997,0.7487777777777778,True,False
716,139,-2.380000000000001,0.7484259259259259,False,True
717,82,20.18,0.7480740740740741,True,False
718,212,18.88,0.7477222222222222,True,False
719,100,19.999999999999996,0.7473703703703705,True,False
720,52,20.479999999999997,0.7470185185185185,True,False
721,63,20.369999999999997,0.7466666666666667,True,False
722,115,19.849999999999998,0.7463148148148149,True,False
723,149,19.509999999999998,0.7459629629629629,True,False
724,156,19.439999999999998,0.7456111111111111,True,False
725,105,-2.040000000000001,0.7452592592592593,False,True
726,158,-2.570000000000001,0.7449074074074074,False,True
727,99,20.009999999999998,0.7445555555555556,True,False
728,55,20.45,0.7442037037037037,True,False
729,98,20.019999999999996,0.7438518518518519,True,False
730,119,19.81,0.7435,True,False
731,121,19.79,0.7431481481481481,True,False
732,87,20.13,0.7427962962962964,True,False
733,91,20.089999999999996,0.7424444444444445,True,False
734,14,-1.13,0.7420925925925925,False,True
735,77,-1.7600000000000005,0.7417407407407408,False,True
736,120,-2.190000000000001,0.7413888888888889,False,True
737,17,-1.16,0.741037037037037,False,True
738,54,20.459999999999997,0.7406851851851852,True,False
739,46,-1.4500000000000002,0.7403333333333333,False,True
740,45,20.549999999999997,0.7399814814814815,True,False
741,114,19.86,0.7396296296296296,True,False
742,48,20.52,0.7392777777777778,True,False
743,75,20.249999999999996,0.738925925925926,True,False
744,56,-1.5500000000000003,0.738574074074074,False,True
745,97,20.029999999999998,0.7382222222222222,True,False
746,59,20.409999999999997,0.7378703703703704,True,False
747,123,19.769999999999996,0.7375185185185185,True,False
748,107,19.929999999999996,0.7371666666666667,True,False
749,122,19.779999999999998,0.7368148148148148,True,False
750,124,19.759999999999998,0.736462962962963,True,False
751,102,19.979999999999997,0.7361111111111112,True,False
752,123,-2.2200000000000006,0.7357592592592592,False,True
753,11,-1.1,0.7354074074074075,False,True
754,138,19.619999999999997,0.7350555555555556,True,False
755,16,-1.15,0.7347037037037036,False,True
756,142,19.58,0.7343518518518519,True,False
757,114,19.86,0.734,True,False
758,80,20.2,0.7336481481481482,True,False
759,97,20.029999999999998,0.7332962962962963,True,False
760,95,-1.9400000000000006,0.7329444444444444,False,True
761,65,20.349999999999998,0.7325925925925926,True,False
762,295,18.05000000000002,0.7322407407407407,True,False
763,50,20.499999999999996,0.7318888888888889,True,False
764,79,20.209999999999997,0.7315370370370371,True,False
765,98,20.019999999999996,0.7311851851851852,True,False
766,59,20.409999999999997,0.7308333333333333,True,False
767,80,-1.7900000000000005,0.7304814814814815,False,True
768,134,19.659999999999997,0.7301296296296296,True,False
769,27,-1.26,0.7297777777777779,False,True
770,177,19.229999999999997,0.7294259259259259,True,False
771,120,19.799999999999997,0.729074074074074,True,False
772,61,20.389999999999997,0.7287222222222223,True,False
773,101,19.99,0.7283703703703703,True,False
774,74,20.259999999999998,0.7280185185185186,True,False
775,30,-1.29,0.7276666666666667,False,True
776,65,-1.6400000000000003,0.7273148148148147,False,True
777,148,-2.470000000000001,0.726962962962963,False,True
778,21,-1.2,0.7266111111111111,False,True
779,134,19.659999999999997,0.7262592592592593,True,False
780,47,20.529999999999998,0.7259074074074074,True,False
781,73,-1.7200000000000004,0.7255555555555556,False,True
782,62,20.38,0.7252037037037037,True,False
783,83,20.169999999999998,0.7248518518518519,True,False
784,143,19.569999999999997,0.7245,True,False
785,72,20.279999999999998,0.7241481481481482,True,False
786,104,19.959999999999997,0.7237962962962963,True,False
787,55,20.45,0.7234444444444444,True,False
788,72,20.279999999999998,0.7230925925925926,True,False
789,65,-1.6400000000000003,0.7227407407407407,False,True
790,84,20.159999999999997,0.722388888888889,True,False
791,43,20.569999999999997,0.722037037037037,True,False
792,107,19.929999999999996,0.7216851851851852,True,False
793,112,19.88,0.7213333333333334,True,False
794,85,20.15,0.7209814814814814,True,False
795,58,20.419999999999998,0.7206296296296296,True,False
796,57,20.43,0.7202777777777778,True,False
797,70,20.299999999999997,0.719925925925926,True,False
798,78,20.22,0.7195740740740741,True,False
799,124,19.759999999999998,0.7192222222222222,True,False
800,80,20.2,0.7188703703703704,True,False
801,73,20.27,0.7185185185185186,True,False
802,77,20.229999999999997,0.7181666666666666,True,False
803,109,19.909999999999997,0.7178148148148148,True,False
804,47,20.529999999999998,0.717462962962963,True,False
805,78,20.22,0.7171111111111111,True,False
806,97,20.029999999999998,0.7167592592592593,True,False
807,113,-2.120000000000001,0.7164074074074074,False,True
808,97,20.029999999999998,0.7160555555555557,True,False
809,128,19.72,0.7157037037037037,True,False
810,46,20.54,0.7153518518518518,True,False
811,77,20.229999999999997,0.7150000000000001,True,False
812,95,20.049999999999997,0.7146481481481481,True,False
813,82,20.18,0.7142962962962963,True,False
814,72,20.279999999999998,0.7139444444444445,True,False
815,101,19.99,0.7135925925925926,True,False
816,69,-1.6800000000000004,0.7132407407407407,False,True
817,80,20.2,0.7128888888888889,True,False
818,78,-1.7700000000000005,0.7125370370370371,False,True
819,97,20.029999999999998,0.7121851851851853,True,False
820,95,20.049999999999997,0.7118333333333333,True,False
821,42,20.58,0.7114814814814815,True,False
822,43,20.569999999999997,0.7111296296296297,True,False
823,85,-1.8400000000000005,0.7107777777777777,False,True
824,81,20.189999999999998,0.710425925925926,True,False
825,52,20.479999999999997,0.7100740740740741,True,False
826,105,-2.040000000000001,0.7097222222222221,False,True
827,75,20.249999999999996,0.7093703703703704,True,False
828,118,19.819999999999997,0.7090185185185185,True,False
829,118,19.819999999999997,0.7086666666666668,True,False
830,74,20.259999999999998,0.7083148148148148,True,False
831,37,-1.36,0.7079629629629629,False,True
832,61,20.389999999999997,0.7076111111111112,True,False
833,54,20.459999999999997,0.7072592592592593,True,False
834,74,20.259999999999998,0.7069074074074074,True,False
835,131,19.689999999999998,0.7065555555555556,True,False
836,84,-1.8300000000000005,0.7062037037037037,False,True
837,161,19.389999999999997,0.7058518518518518,True,False
838,128,19.72,0.7055,True,False
839,74,20.259999999999998,0.7051481481481482,True,False
840,49,20.509999999999998,0.7047962962962964,True,False
841,54,-1.5300000000000002,0.7044444444444444,False,True
842,105,19.95,0.7040925925925926,True,False
843,82,-1.8100000000000005,0.7037407407407408,False,True
844,97,20.029999999999998,0.7033888888888888,True,False
845,77,20.229999999999997,0.7030370370370371,True,False
846,96,20.04,0.7026851851851852,True,False
847,53,20.47,0.7023333333333333,True,False
848,54,20.459999999999997,0.7019814814814815,True,False
849,106,19.939999999999998,0.7016296296296296,True,False
850,99,20.009999999999998,0.7012777777777778,True,False
851,64,-1.6300000000000003,0.700925925925926,False,True
852,120,19.799999999999997,0.700574074074074,True,False
853,44,20.56,0.7002222222222223,True,False
854,83,20.169999999999998,0.6998703703703704,True,False
855,51,20.49,0.6995185185185185,True,False
856,74,-1.7300000000000004,0.6991666666666667,False,True
857,25,-1.24,0.6988148148148148,False,True
858,93,20.069999999999997,0.698462962962963,True,False
859,37,-1.36,0.6981111111111111,False,True
860,84,20.159999999999997,0.6977592592592593,True,False
861,75,20.249999999999996,0.6974074074074075,True,False
862,75,20.249999999999996,0.6970555555555555,True,False
863,95,-1.9400000000000006,0.6967037037037037,False,True
864,96,20.04,0.6963518518518519,True,False
865,81,20.189999999999998,0.696,True,False
866,81,20.189999999999998,0.6956481481481482,True,False
867,78,20.22,0.6952962962962963,True,False
868,103,19.97,0.6949444444444444,True,False
869,61,20.389999999999997,0.6945925925925927,True,False
870,76,20.24,0.6942407407407407,True,False
871,25,-1.24,0.6938888888888889,False,True
872,50,20.499999999999996,0.6935370370370371,True,False
873,78,20.22,0.6931851851851852,True,False
874,84,20.159999999999997,0.6928333333333334,True,False
875,84,20.159999999999997,0.6924814814814815,True,False
876,77,20.229999999999997,0.6921296296296297,True,False
877,86,20.139999999999997,0.6917777777777778,True,False
878,95,20.049999999999997,0.6914259259259259,True,False
879,135,19.65,0.6910740740740741,True,False
880,60,-1.5900000000000003,0.6907222222222222,False,True
881,76,20.24,0.6903703703703703,True,False
882,62,20.38,0.6900185185185186,True,False
883,50,20.499999999999996,0.6896666666666667,True,False
884,65,20.349999999999998,0.6893148148148148,True,False
885,82,20.18,0.688962962962963,True,False
886,101,19.99,0.6886111111111111,True,False
887,110,19.9,0.6882592592592593,True,False
888,165,19.349999999999998,0.6879074074074074,True,False
889,40,20.599999999999998,0.6875555555555556,True,False
890,82,20.18,0.6872037037037038,True,False
891,94,20.06,0.6868518518518518,True,False
892,55,-1.5400000000000003,0.6865,False,True
893,91,20.089999999999996,0.6861481481481482,True,False
894,62,20.38,0.6857962962962963,True,False
895,80,20.2,0.6854444444444444,True,False
896,74,20.259999999999998,0.6850925925925926,True,False
897,115,19.849999999999998,0.6847407407407408,True,False
898,97,20.029999999999998,0.6843888888888889,True,False
899,55,-1.5400000000000003,0.684037037037037,False,True
900,39,20.61,0.6836851851851853,True,False
901,127,19.729999999999997,0.6833333333333333,True,False
902,102,19.979999999999997,0.6829814814814814,True,False
903,62,20.38,0.6826296296296297,True,False
904,101,19.99,0.6822777777777778,True,False
905,56,20.439999999999998,0.681925925925926,True,False
906,43,-1.4200000000000002,0.6815740740740741,False,True
907,53,20.47,0.6812222222222222,True,False
908,57,20.43,0.6808703703703705,True,False
909,126,19.74,0.6805185185185185,True,False
910,110,19.9,0.6801666666666667,True,False
911,89,20.11,0.6798148148148149,True,False
912,92,20.08,0.6794629629629629,True,False
913,49,-1.4800000000000002,0.6791111111111111,False,True
914,41,20.59,0.6787592592592593,True,False
915,72,20.279999999999998,0.6784074074074075,True,False
916,61,20.389999999999997,0.6780555555555556,True,False
917,62,-1.6100000000000003,0.6777037037037037,False,True
918,79,20.209999999999997,0.6773518518518519,True,False
919,86,20.139999999999997,0.677,True,False
920,64,20.36,0.6766481481481481,True,False
921,106,19.939999999999998,0.6762962962962964,True,False
922,59,-1.5800000000000003,0.6759444444444445,False,True
923,43,20.569999999999997,0.6755925925925925,True,False
924,85,20.15,0.6752407407407408,True,False
925,75,20.249999999999996,0.6748888888888889,True,False
926,40,20.599999999999998,0.674537037037037,True,False
927,82,20.18,0.6741851851851852,True,False
928,93,20.069999999999997,0.6738333333333333,True,False
929,78,20.22,0.6734814814814816,True,False
930,70,20.299999999999997,0.6731296296296296,True,False
931,54,20.459999999999997,0.6727777777777778,True,False
932,69,20.31,0.672425925925926,True,False
933,168,19.319999999999997,0.672074074074074,True,False
934,47,20.529999999999998,0.6717222222222222,True,False
935,111,-2.1000000000000005,0.6713703703703704,False,True
936,71,20.29,0.6710185185185186,True,False
937,67,20.33,0.6706666666666667,True,False
938,35,20.65,0.6703148148148148,True,False
939,71,20.29,0.669962962962963,True,False
940,115,19.849999999999998,0.6696111111111112,True,False
941,67,-1.6600000000000004,0.6692592592592592,False,True
942,94,-1.9300000000000006,0.6689074074074075,False,True
943,59,-1.5800000000000003,0.6685555555555556,False,True
944,75,-1.7400000000000004,0.6682037037037036,False,True
945,69,20.31,0.6678518518518519,True,False
946,67,20.33,0.6675,True,False
947,60,20.4,0.6671481481481482,True,False
948,17,-1.16,0.6667962962962963,False,True
949,66,20.339999999999996,0.6664444444444444,True,False
950,83,20.169999999999998,0.6660925925925926,True,False
951,42,-1.4100000000000001,0.6657407407407407,False,True
952,86,-1.8500000000000005,0.6653888888888889,False,True
953,69,-1.6800000000000004,0.6650370370370371,False,True
954,40,20.599999999999998,0.6646851851851852,True,False
955,72,20.279999999999998,0.6643333333333333,True,False
956,96,20.04,0.6639814814814815,True,False
957,63,20.369999999999997,0.6636296296296296,True,False
958,67,20.33,0.6632777777777779,True,False
959,81,20.189999999999998,0.6629259259259259,True,False
960,55,20.45,0.6625740740740741,True,False
961,73,20.27,0.6622222222222223,True,False
962,69,20.31,0.6618703703703703,True,False
963,83,20.169999999999998,0.6615185185185186,True,False
964,46,20.54,0.6611666666666667,True,False
965,25,-1.24,0.6608148148148147,False,True
966,76,20.24,0.660462962962963,True,False
967,56,20.439999999999998,0.6601111111111111,True,False
968,70,20.299999999999997,0.6597592592592593,True,False
969,63,20.369999999999997,0.6594074074074074,True,False
970,33,20.669999999999998,0.6590555555555556,True,False
971,59,20.409999999999997,0.6587037037037037,True,False
972,87,20.13,0.6583518518518519,True,False
973,82,20.18,0.658,True,False
974,50,20.499999999999996,0.6576481481481482,True,False
975,106,19.939999999999998,0.6572962962962963,True,False
976,74,20.259999999999998,0.6569444444444444,True,False
977,48,20.52,0.6565925925925926,True,False
978,72,20.279999999999998,0.6562407407407407,True,False
979,61,20.389999999999997,0.655888888888889,True,False
980,76,20.24,0.655537037037037,True,False
981,94,20.06,0.6551851851851852,True,False
982,49,20.509999999999998,0.6548333333333334,True,False
983,49,20.509999999999998,0.6544814814814814,True,False
984,106,19.939999999999998,0.6541296296296297,True,False
985,48,20.52,0.6537777777777778,True,False
986,39,-1.3800000000000001,0.653425925925926,False,True
987,66,20.339999999999996,0.6530740740740741,True,False
988,62,20.38,0.6527222222222222,True,False
989,64,20.36,0.6523703703703704,True,False
990,119,19.81,0.6520185185185186,True,False
991,55,20.45,0.6516666666666667,True,False
992,65,20.349999999999998,0.6513148148148148,True,False
993,81,20.189999999999998,0.650962962962963,True,False
994,28,20.72,0.6506111111111111,True,False
995,60,20.4,0.6502592592592593,True,False
996,97,20.029999999999998,0.6499074074074074,True,False
997,47,20.529999999999998,0.6495555555555557,True,False
998,67,20.33,0.6492037037037037,True,False
999,96,-1.9500000000000006,0.6488518518518518,False,True
1000,41,20.59,0.6485000000000001,True,False
1001,58,20.419999999999998,0.6481481481481481,True,False
1002,48,-1.4700000000000002,0.6477962962962963,False,True
1003,73,20.27,0.6474444444444445,True,False
1004,73,20.27,0.6470925925925926,True,False
1005,91,20.089999999999996,0.6467407407407407,True,False
1006,76,-1.7500000000000004,0.6463888888888889,False,True
1007,73,20.27,0.6460370370370371,True,False
1008,56,20.439999999999998,0.6456851851851853,True,False
1009,61,20.389999999999997,0.6453333333333333,True,False
1010,61,20.389999999999997,0.6449814814814815,True,False
1011,64,20.36,0.6446296296296297,True,False
1012,97,20.029999999999998,0.6442777777777777,True,False
1013,51,20.49,0.643925925925926,True,False
1014,48,20.52,0.6435740740740741,True,False
1015,37,-1.36,0.6432222222222223,False,True
1016,85,20.15,0.6428703703703704,True,False
1017,79,20.209999999999997,0.6425185185185185,True,False
1018,76,20.24,0.6421666666666668,True,False
1019,91,20.089999999999996,0.6418148148148148,True,False
1020,64,20.36,0.6414629629629629,True,False
1021,66,20.339999999999996,0.6411111111111112,True,False
1022,46,20.54,0.6407592592592593,True,False
1023,17,-1.16,0.6404074074074074,False,True
1024,99,20.009999999999998,0.6400555555555556,True,False
1025,66,20.339999999999996,0.6397037037037037,True,False
1026,57,20.43,0.6393518518518518,True,False
1027,55,20.45,0.639,True,False
1028,84,20.159999999999997,0.6386481481481482,True,False
1029,46,20.54,0.6382962962962964,True,False
1030,13,-1.1199999999999999,0.6379444444444444,False,True
1031,106,19.939999999999998,0.6375925925925926,True,False
1032,23,-1.22,0.6372407407407408,False,True
1033,100,19.999999999999996,0.6368888888888888,True,False
1034,52,20.479999999999997,0.6365370370370371,True,False
1035,41,20.59,0.6361851851851852,True,False
1036,66,20.339999999999996,0.6358333333333333,True,False
1037,68,-1.6700000000000004,0.6354814814814815,False,True
1038,56,20.439999999999998,0.6351296296296296,True,False
1039,68,20.319999999999997,0.6347777777777779,True,False
1040,49,20.509999999999998,0.634425925925926,True,False
1041,86,20.139999999999997,0.634074074074074,True,False
1042,67,20.33,0.6337222222222223,True,False
1043,41,20.59,0.6333703703703704,True,False
1044,70,20.299999999999997,0.6330185185185185,True,False
1045,48,20.52,0.6326666666666667,True,False
1046,53,20.47,0.6323148148148148,True,False
1047,51,20.49,0.631962962962963,True,False
1048,60,20.4,0.6316111111111111,True,False
1049,52,20.479999999999997,0.6312592592592593,True,False
1050,94,20.06,0.6309074074074075,True,False
1051,43,20.569999999999997,0.6305555555555555,True,False
1052,92,20.08,0.6302037037037037,True,False
1053,40,20.599999999999998,0.6298518518518519,True,False
1054,61,20.389999999999997,0.6295,True,False
1055,93,20.069999999999997,0.6291481481481482,True,False
1056,47,20.529999999999998,0.6287962962962963,True,False
1057,82,20.18,0.6284444444444444,True,False
1058,45,20.549999999999997,0.6280925925925926,True,False
1059,69,20.31,0.6277407407407407,True,False
1060,56,20.439999999999998,0.6273888888888889,True,False
1061,67,20.33,0.6270370370370371,True,False
1062,108,19.919999999999998,0.6266851851851852,True,False
1063,99,20.009999999999998,0.6263333333333334,True,False
1064,94,20.06,0.6259814814814815,True,False
1065,118,19.819999999999997,0.6256296296296296,True,False
1066,61,20.389999999999997,0.6252777777777778,True,False
1067,58,20.419999999999998,0.6249259259259259,True,False
1068,85,20.15,0.6245740740740741,True,False
1069,52,20.479999999999997,0.6242222222222222,True,False
1070,59,20.409999999999997,0.6238703703703704,True,False
1071,39,-1.3800000000000001,0.6235185185185186,False,True
1072,66,20.339999999999996,0.6231666666666666,True,False
1073,65,20.349999999999998,0.6228148148148148,True,False
1074,83,20.169999999999998,0.622462962962963,True,False
1075,61,20.389999999999997,0.6221111111111111,True,False
1076,61,-1.6000000000000003,0.6217592592592593,False,True
1077,59,-1.5800000000000003,0.6214074074074074,False,True
1078,59,20.409999999999997,0.6210555555555556,True,False
1079,78,20.22,0.6207037037037038,True,False
1080,51,-1.5000000000000002,0.6203518518518518,False,True
1081,105,19.95,0.62,True,False
1082,82,20.18,0.6196481481481482,True,False
1083,73,20.27,0.6192962962962963,True,False
1084,52,-1.5100000000000002,0.6189444444444445,False,True
1085,106,19.939999999999998,0.6185925925925926,True,False
1086,47,20.529999999999998,0.6182407407407408,True,False
1087,105,19.95,0.6178888888888889,True,False
1088,44,20.56,0.617537037037037,True,False
1089,56,-1.5500000000000003,0.6171851851851853,False,True
1090,93,20.069999999999997,0.6168333333333333,True,False
1091,83,20.169999999999998,0.6164814814814814,True,False
1092,100,-1.9900000000000007,0.6161296296296297,False,True
1093,64,20.36,0.6157777777777778,True,False
1094,36,20.639999999999997,0.615425925925926,True,False
1095,76,20.24,0.6150740740740741,True,False
1096,65,20.349999999999998,0.6147222222222222,True,False
1097,53,20.47,0.6143703703703705,True,False
1098,51,20.49,0.6140185185185185,True,False
1099,56,20.439999999999998,0.6136666666666667,True,False
1100,52,20.479999999999997,0.6133148148148149,True,False
1101,83,20.169999999999998,0.6129629629629629,True,False
1102,54,20.459999999999997,0.6126111111111111,True,False
1103,79,20.209999999999997,0.6122592592592593,True,False
1104,93,20.069999999999997,0.6119074074074075,True,False
1105,41,20.59,0.6115555555555556,True,False
1106,69,20.31,0.6112037037037037,True,False
1107,76,20.24,0.6108518518518519,True,False
1108,41,20.59,0.6105,True,False
1109,97,20.029999999999998,0.6101481481481481,True,False
1110,83,20.169999999999998,0.6097962962962964,True,False
1111,50,20.499999999999996,0.6094444444444445,True,False
1112,56,20.439999999999998,0.6090925925925925,True,False
1113,78,20.22,0.6087407407407408,True,False
1114,60,20.4,0.6083888888888889,True,False
1115,80,20.2,0.6080370370370372,True,False
1116,64,20.36,0.6076851851851852,True,False
1117,46,20.54,0.6073333333333333,True,False
1118,78,20.22,0.6069814814814816,True,False
1119,86,20.139999999999997,0.6066296296296296,True,False
1120,54,20.459999999999997,0.6062777777777778,True,False
1121,23,-1.22,0.605925925925926,False,True
1122,68,20.319999999999997,0.605574074074074,True,False
1123,51,20.49,0.6052222222222222,True,False
1124,54,20.459999999999997,0.6048703703703704,True,False
1125,43,20.569999999999997,0.6045185185185186,True,False
1126,69,20.31,0.6041666666666667,True,False
1127,69,20.31,0.6038148148148148,True,False
1128,55,-1.5400000000000003,0.603462962962963,False,True
1129,56,20.439999999999998,0.6031111111111112,True,False
1130,59,20.409999999999997,0.6027592592592592,True,False
1131,68,20.319999999999997,0.6024074074074075,True,False
1132,53,20.47,0.6020555555555556,True,False
1133,61,20.389999999999997,0.6017037037037036,True,False
1134,65,20.349999999999998,0.6013518518518519,True,False
1135,42,20.58,0.601,True,False
1136,49,20.509999999999998,0.6006481481481482,True,False
1137,69,20.31,0.6002962962962963,True,False
1138,36,20.639999999999997,0.5999444444444444,True,False
1139,126,19.74,0.5995925925925927,True,False
1140,60,20.4,0.5992407407407407,True,False
1141,66,20.339999999999996,0.5988888888888889,True,False
1142,36,20.639999999999997,0.5985370370370371,True,False
1143,48,20.52,0.5981851851851852,True,False
1144,72,20.279999999999998,0.5978333333333333,True,False
1145,65,20.349999999999998,0.5974814814814815,True,False
1146,64,-1.6300000000000003,0.5971296296296297,False,True
1147,95,20.049999999999997,0.5967777777777779,True,False
1148,61,20.389999999999997,0.5964259259259259,True,False
1149,48,20.52,0.5960740740740741,True,False
1150,70,20.299999999999997,0.5957222222222223,True,False
1151,61,20.389999999999997,0.5953703703703703,True,False
1152,32,20.68,0.5950185185185186,True,False
1153,105,19.95,0.5946666666666667,True,False
1154,56,20.439999999999998,0.5943148148148147,True,False
1155,69,20.31,0.593962962962963,True,False
1156,71,20.29,0.5936111111111111,True,False
1157,46,-1.4500000000000002,0.5932592592592593,False,True
1158,48,20.52,0.5929074074074074,True,False
1159,56,20.439999999999998,0.5925555555555556,True,False
1160,40,20.599999999999998,0.5922037037037037,True,False
1161,65,20.349999999999998,0.5918518518518519,True,False
1162,47,20.529999999999998,0.5915,True,False
1163,47,20.529999999999998,0.5911481481481482,True,False
1164,44,20.56,0.5907962962962963,True,False
1165,65,20.349999999999998,0.5904444444444444,True,False
1166,53,20.47,0.5900925925925926,True,False
1167,36,20.639999999999997,0.5897407407407407,True,False
1168,84,20.159999999999997,0.589388888888889,True,False
1169,52,20.479999999999997,0.589037037037037,True,False
1170,41,20.59,0.5886851851851852,True,False
1171,51,20.49,0.5883333333333334,True,False
1172,35,20.65,0.5879814814814814,True,False
1173,61,-1.6000000000000003,0.5876296296296297,False,True
1174,91,-1.9000000000000006,0.5872777777777778,False,True
1175,44,20.56,0.586925925925926,True,False
1176,52,20.479999999999997,0.5865740740740741,True,False
1177,55,20.45,0.5862222222222222,True,False
1178,66,20.339999999999996,0.5858703703703704,True,False
1179,52,20.479999999999997,0.5855185185185185,True,False
1180,39,20.61,0.5851666666666667,True,False
1181,81,20.189999999999998,0.5848148148148148,True,False
1182,69,20.31,0.584462962962963,True,False
1183,73,20.27,0.5841111111111111,True,False
1184,53,20.47,0.5837592592592593,True,False
1185,52,20.479999999999997,0.5834074074074074,True,False
1186,27,20.729999999999997,0.5830555555555557,True,False
1187,82,20.18,0.5827037037037037,True,False
1188,45,20.549999999999997,0.5823518518518518,True,False
1189,73,20.27,0.5820000000000001,True,False
1190,82,20.18,0.5816481481481481,True,False
1191,64,20.36,0.5812962962962963,True,False
1192,70,20.299999999999997,0.5809444444444445,True,False
1193,46,20.54,0.5805925925925925,True,False
1194,52,20.479999999999997,0.5802407407407408,True,False
1195,44,20.56,0.5798888888888889,True,False
1196,48,20.52,0.5795370370370371,True,False
1197,46,20.54,0.5791851851851852,True,False
1198,55,20.45,0.5788333333333333,True,False
1199,57,20.43,0.5784814814814815,True,False
1200,37,20.63,0.5781296296296297,True,False
1201,102,19.979999999999997,0.5777777777777778,True,False
1202,90,20.099999999999998,0.577425925925926,True,False
1203,83,20.169999999999998,0.5770740740740741,True,False
1204,65,20.349999999999998,0.5767222222222222,True,False
1205,62,20.38,0.5763703703703704,True,False
1206,66,20.339999999999996,0.5760185185185185,True,False
1207,46,20.54,0.5756666666666668,True,False
1208,50,-1.4900000000000002,0.5753148148148148,False,True
1209,81,20.189999999999998,0.5749629629629629,True,False
1210,40,20.599999999999998,0.5746111111111112,True,False
1211,83,20.169999999999998,0.5742592592592592,True,False
1212,47,20.529999999999998,0.5739074074074074,True,False
1213,46,20.54,0.5735555555555556,True,False
1214,59,20.409999999999997,0.5732037037037037,True,False
1215,48,20.52,0.5728518518518518,True,False
1216,36,20.639999999999997,0.5725,True,False
1217,60,20.4,0.5721481481481482,True,False
1218,43,20.569999999999997,0.5717962962962964,True,False
1219,56,20.439999999999998,0.5714444444444444,True,False
1220,52,20.479999999999997,0.5710925925925926,True,False
1221,40,-1.3900000000000001,0.5707407407407408,False,True
1222,64,20.36,0.5703888888888888,True,False
1223,37,20.63,0.5700370370370371,True,False
1224,43,20.569999999999997,0.5696851851851852,True,False
1225,25,20.75,0.5693333333333334,True,False
1226,87,20.13,0.5689814814814815,True,False
1227,71,20.29,0.5686296296296296,True,False
1228,87,20.13,0.5682777777777779,True,False
1229,19,-1.18,0.567925925925926,False,True
1230,36,20.639999999999997,0.567574074074074,True,False
1231,71,20.29,0.5672222222222223,True,False
1232,64,20.36,0.5668703703703704,True,False
1233,104,19.959999999999997,0.5665185185185185,True,False
1234,72,20.279999999999998,0.5661666666666667,True,False
1235,61,20.389999999999997,0.5658148148148148,True,False
1236,57,20.43,0.565462962962963,True,False
1237,52,20.479999999999997,0.5651111111111111,True,False
1238,56,-1.5500000000000003,0.5647592592592593,False,True
1239,56,20.439999999999998,0.5644074074074075,True,False
1240,78,20.22,0.5640555555555555,True,False
1241,102,19.979999999999997,0.5637037037037037,True,False
1242,26,20.74,0.5633518518518519,True,False
1243,71,20.29,0.563,True,False
1244,70,20.299999999999997,0.5626481481481482,True,False
1245,98,20.019999999999996,0.5622962962962963,True,False
1246,105,19.95,0.5619444444444444,True,False
1247,65,20.349999999999998,0.5615925925925926,True,False
1248,67,20.33,0.5612407407407407,True,False
1249,52,20.479999999999997,0.560888888888889,True,False
1250,58,20.419999999999998,0.5605370370370371,True,False
1251,73,20.27,0.5601851851851852,True,False
1252,89,-1.8800000000000006,0.5598333333333334,False,True
1253,51,20.49,0.5594814814814815,True,False
1254,50,20.499999999999996,0.5591296296296296,True,False
1255,42,20.58,0.5587777777777778,True,False
1256,44,20.56,0.558425925925926,True,False
1257,51,20.49,0.5580740740740741,True,False
1258,54,20.459999999999997,0.5577222222222222,True,False
1259,27,20.729999999999997,0.5573703703703704,True,False
1260,56,20.439999999999998,0.5570185185185186,True,False
1261,58,20.419999999999998,0.5566666666666666,True,False
1262,38,20.619999999999997,0.5563148148148148,True,False
1263,53,20.47,0.555962962962963,True,False
1264,72,20.279999999999998,0.5556111111111111,True,False
1265,35,20.65,0.5552592592592593,True,False
1266,37,20.63,0.5549074074074074,True,False
1267,37,20.63,0.5545555555555556,True,False
1268,62,20.38,0.5542037037037038,True,False
1269,52,20.479999999999997,0.5538518518518518,True,False
1270,54,20.459999999999997,0.5535000000000001,True,False
1271,71,20.29,0.5531481481481482,True,False
1272,77,-1.7600000000000005,0.5527962962962963,False,True
1273,41,20.59,0.5524444444444445,True,False
1274,50,20.499999999999996,0.5520925925925926,True,False
1275,47,20.529999999999998,0.5517407407407408,True,False
1276,58,20.419999999999998,0.5513888888888889,True,False
1277,31,20.689999999999998,0.551037037037037,True,False
1278,35,20.65,0.5506851851851853,True,False
1279,38,20.619999999999997,0.5503333333333333,True,False
1280,47,20.529999999999998,0.5499814814814815,True,False
1281,40,20.599999999999998,0.5496296296296297,True,False
1282,47,20.529999999999998,0.5492777777777778,True,False
1283,51,20.49,0.548925925925926,True,False
1284,42,20.58,0.5485740740740741,True,False
1285,83,20.169999999999998,0.5482222222222222,True,False
1286,56,20.439999999999998,0.5478703703703705,True,False
1287,47,-1.4600000000000002,0.5475185185185185,False,True
1288,90,20.099999999999998,0.5471666666666667,True,False
1289,33,20.669999999999998,0.5468148148148149,True,False
1290,30,20.7,0.5464629629629629,True,False
1291,53,20.47,0.5461111111111111,True,False
1292,59,20.409999999999997,0.5457592592592593,True,False
1293,41,20.59,0.5454074074074075,True,False
1294,62,20.38,0.5450555555555556,True,False
1295,59,20.409999999999997,0.5447037037037037,True,False
1296,48,20.52,0.5443518518518519,True,False
1297,57,-1.5600000000000003,0.544,False,True
1298,48,20.52,0.5436481481481481,True,False
1299,45,20.549999999999997,0.5432962962962964,True,False
1300,70,20.299999999999997,0.5429444444444445,True,False
1301,73,20.27,0.5425925925925926,True,False
1302,34,20.659999999999997,0.5422407407407408,True,False
1303,40,-1.3900000000000001,0.5418888888888889,False,True
1304,35,20.65,0.5415370370370372,True,False
1305,41,20.59,0.5411851851851852,True,False
1306,98,20.019999999999996,0.5408333333333333,True,False
1307,80,20.2,0.5404814814814816,True,False
1308,49,20.509999999999998,0.5401296296296296,True,False
1309,46,20.54,0.5397777777777778,True,False
1310,55,20.45,0.539425925925926,True,False
1311,46,20.54,0.539074074074074,True,False
1312,43,20.569999999999997,0.5387222222222222,True,False
1313,47,20.529999999999998,0.5383703703703704,True,False
1314,67,20.33,0.5380185185185186,True,False
1315,32,20.68,0.5376666666666667,True,False
1316,41,20.59,0.5373148148148148,True,False
1317,42,20.58,0.536962962962963,True,False
1318,46,20.54,0.5366111111111111,True,False
1319,58,20.419999999999998,0.5362592592592592,True,False
1320,69,20.31,0.5359074074074075,True,False
1321,38,20.619999999999997,0.5355555555555556,True,False
1322,39,20.61,0.5352037037037036,True,False
1323,90,20.099999999999998,0.5348518518518519,True,False
1324,47,20.529999999999998,0.5345,True,False
1325,42,20.58,0.5341481481481483,True,False
1326,32,20.68,0.5337962962962963,True,False
1327,40,20.599999999999998,0.5334444444444444,True,False
1328,55,20.45,0.5330925925925927,True,False
1329,63,20.369999999999997,0.5327407407407407,True,False
1330,85,20.15,0.5323888888888889,True,False
1331,41,20.59,0.5320370370370371,True,False
1332,53,-1.5200000000000002,0.5316851851851851,False,True
1333,48,20.52,0.5313333333333333,True,False
1334,37,20.63,0.5309814814814815,True,False
1335,42,20.58,0.5306296296296297,True,False
1336,64,-1.6300000000000003,0.5302777777777778,False,True
1337,44,20.56,0.5299259259259259,True,False
1338,45,20.549999999999997,0.5295740740740741,True,False
1339,53,20.47,0.5292222222222223,True,False
1340,41,20.59,0.5288703703703703,True,False
1341,56,20.439999999999998,0.5285185185185186,True,False
1342,41,20.59,0.5281666666666667,True,False
1343,48,20.52,0.5278148148148147,True,False
1344,41,20.59,0.527462962962963,True,False
1345,48,20.52,0.5271111111111111,True,False
1346,50,20.499999999999996,0.5267592592592593,True,False
1347,44,20.56,0.5264074074074074,True,False
1348,33,-1.32,0.5260555555555556,False,True
1349,42,20.58,0.5257037037037038,True,False
1350,53,20.47,0.5253518518518518,True,False
1351,46,20.54,0.525,True,False
1352,35,20.65,0.5246481481481482,True,False
1353,52,20.479999999999997,0.5242962962962964,True,False
1354,68,-1.6700000000000004,0.5239444444444445,False,True
1355,37,20.63,0.5235925925925926,True,False
1356,65,20.349999999999998,0.5232407407407407,True,False
1357,44,20.56,0.522888888888889,True,False
1358,42,20.58,0.522537037037037,True,False
1359,31,20.689999999999998,0.5221851851851853,True,False
1360,60,20.4,0.5218333333333334,True,False
1361,75,20.249999999999996,0.5214814814814815,True,False
1362,67,20.33,0.5211296296296296,True,False
1363,47,20.529999999999998,0.5207777777777778,True,False
1364,60,20.4,0.520425925925926,True,False
1365,56,-1.5500000000000003,0.5200740740740741,False,True
1366,71,20.29,0.5197222222222222,True,False
1367,45,20.549999999999997,0.5193703703703705,True,False
1368,51,20.49,0.5190185185185185,True,False
1369,38,20.619999999999997,0.5186666666666666,True,False
1370,45,20.549999999999997,0.5183148148148149,True,False
1371,35,-1.34,0.517962962962963,False,True
1372,37,20.63,0.5176111111111111,True,False
1373,48,20.52,0.5172592592592593,True,False
1374,47,20.529999999999998,0.5169074074074075,True,False
1375,44,20.56,0.5165555555555557,True,False
1376,48,20.52,0.5162037037037037,True,False
1377,63,20.369999999999997,0.5158518518518518,True,False
1378,47,20.529999999999998,0.5155000000000001,True,False
1379,73,20.27,0.5151481481481481,True,False
1380,64,20.36,0.5147962962962964,True,False
1381,37,20.63,0.5144444444444445,True,False
1382,44,20.56,0.5140925925925925,True,False
1383,42,20.58,0.5137407407407407,True,False
1384,81,20.189999999999998,0.5133888888888889,True,False
1385,26,20.74,0.5130370370370371,True,False
1386,37,20.63,0.5126851851851852,True,False
1387,40,20.599999999999998,0.5123333333333333,True,False
1388,62,20.38,0.5119814814814816,True,False
1389,56,20.439999999999998,0.5116296296296297,True,False
1390,51,20.49,0.5112777777777777,True,False
1391,52,20.479999999999997,0.510925925925926,True,False
1392,39,20.61,0.5105740740740741,True,False
1393,54,20.459999999999997,0.5102222222222222,True,False
1394,36,20.639999999999997,0.5098703703703704,True,False
1395,41,20.59,0.5095185185185186,True,False
1396,53,20.47,0.5091666666666667,True,False
1397,36,20.639999999999997,0.5088148148148148,True,False
1398,27,20.729999999999997,0.5084629629629629,True,False
1399,72,20.279999999999998,0.5081111111111112,True,False
1400,61,20.389999999999997,0.5077592592592592,True,False
1401,41,20.59,0.5074074074074075,True,False
1402,45,20.549999999999997,0.5070555555555556,True,False
1403,84,20.159999999999997,0.5067037037037037,True,False
1404,52,20.479999999999997,0.5063518518518518,True,False
1405,38,20.619999999999997,0.506,True,False
1406,54,20.459999999999997,0.5056481481481482,True,False
1407,43,20.569999999999997,0.5052962962962964,True,False
1408,43,20.569999999999997,0.5049444444444444,True,False
1409,28,-1.27,0.5045925925925927,False,True
1410,41,20.59,0.5042407407407408,True,False
1411,62,20.38,0.5038888888888888,True,False
1412,50,20.499999999999996,0.5035370370370371,True,False
1413,40,20.599999999999998,0.5031851851851852,True,False
1414,92,20.08,0.5028333333333334,True,False
1415,44,20.56,0.5024814814814815,True,False
1416,64,20.36,0.5021296296296297,True,False
1417,26,20.74,0.5017777777777778,True,False
1418,68,20.319999999999997,0.5014259259259259,True,False
1419,73,20.27,0.501074074074074,True,False
1420,45,20.549999999999997,0.5007222222222223,True,False
1421,54,20.459999999999997,0.5003703703703704,True,False
1422,35,-1.34,0.5000185185185186,False,True
1423,38,20.619999999999997,0.4996666666666667,True,False
1424,44,20.56,0.49931481481481477,True,False
1425,31,20.689999999999998,0.49896296296296294,True,False
1426,44,20.56,0.4986111111111111,True,False
1427,51,20.49,0.4982592592592593,True,False
1428,57,20.43,0.49790740740740747,True,False
1429,41,20.59,0.49755555555555564,True,False
1430,54,20.459999999999997,0.4972037037037038,True,False
1431,45,20.549999999999997,0.4968518518518519,True,False
1432,70,20.299999999999997,0.49650000000000005,True,False
1433,41,20.59,0.4961481481481481,True,False
1434,47,20.529999999999998,0.4957962962962963,True,False
1435,60,20.4,0.49544444444444447,True,False
1436,52,20.479999999999997,0.49509259259259264,True,False
1437,47,20.529999999999998,0.4947407407407408,True,False
1438,31,20.689999999999998,0.4943888888888889,True,False
1439,29,20.709999999999997,0.49403703703703705,True,False
1440,57,-1.5600000000000003,0.4936851851851852,False,True
1441,40,20.599999999999998,0.4933333333333334,True,False
1442,48,20.52,0.4929814814814816,True,False
1443,59,20.409999999999997,0.49262962962962964,True,False
1444,112,19.88,0.4922777777777777,True,False
1445,42,20.58,0.4919259259259259,True,False
1446,35,20.65,0.49157407407407405,True,False
1447,56,20.439999999999998,0.4912222222222222,True,False
1448,48,20.52,0.4908703703703704,True,False
1449,58,20.419999999999998,0.4905185185185186,True,False
1450,43,20.569999999999997,0.49016666666666675,True,False
1451,26,20.74,0.4898148148148148,True,False
1452,38,20.619999999999997,0.489462962962963,True,False
1453,48,20.52,0.48911111111111116,True,False
1454,56,20.439999999999998,0.4887592592592592,True,False
1455,55,20.45,0.4884074074074074,True,False
1456,49,20.509999999999998,0.4880555555555556,True,False
1457,43,20.569999999999997,0.48770370370370375,True,False
1458,54,20.459999999999997,0.4873518518518518,True,False
1459,38,20.619999999999997,0.487,True,False
1460,38,20.619999999999997,0.48664814814814816,True,False
1461,38,20.619999999999997,0.48629629629629634,True,False
1462,63,20.369999999999997,0.4859444444444445,True,False
1463,50,20.499999999999996,0.4855925925925927,True,False
1464,30,20.7,0.48524074074074086,True,False
1465,37,20.63,0.4848888888888888,True,False
1466,96,20.04,0.484537037037037,True,False
1467,25,20.75,0.48418518518518516,True,False
1468,49,20.509999999999998,0.48383333333333334,True,False
1469,49,20.509999999999998,0.4834814814814815,True,False
1470,39,20.61,0.4831296296296297,True,False
1471,44,20.56,0.48277777777777786,True,False
1472,51,20.49,0.4824259259259259,True,False
1473,55,20.45,0.4820740740740741,True,False
1474,47,20.529999999999998,0.4817222222222223,True,False
1475,70,20.299999999999997,0.48137037037037045,True,False
1476,47,20.529999999999998,0.4810185185185185,True,False
1477,45,20.549999999999997,0.4806666666666667,True,False
1478,42,20.58,0.48031481481481486,True,False
1479,37,20.63,0.4799629629629629,True,False
1480,58,20.419999999999998,0.4796111111111111,True,False
1481,42,20.58,0.4792592592592593,True,False
1482,48,20.52,0.47890740740740745,True,False
1483,35,20.65,0.4785555555555556,True,False
1484,40,20.599999999999998,0.4782037037037038,True,False
1485,39,20.61,0.47785185185185197,True,False
1486,62,20.38,0.47750000000000004,True,False
1487,32,20.68,0.4771481481481481,True,False
1488,45,20.549999999999997,0.4767962962962963,True,False
1489,45,20.549999999999997,0.47644444444444445,True,False
1490,28,20.72,0.4760925925925926,True,False
1491,34,20.659999999999997,0.4757407407407408,True,False
1492,34,20.659999999999997,0.47538888888888897,True,False
1493,47,20.529999999999998,0.47503703703703704,True,False
1494,39,20.61,0.4746851851851852,True,False
1495,10,-1.09,0.4743333333333334,False,True
1496,66,20.339999999999996,0.47398148148148156,True,False
1497,47,20.529999999999998,0.4736296296296296,True,False
1498,29,20.709999999999997,0.4732777777777778,True,False
1499,72,20.279999999999998,0.47292592592592597,True,False
1500,35,20.65,0.47257407407407404,True,False
1501,42,20.58,0.4722222222222222,True,False
1502,49,20.509999999999998,0.4718703703703704,True,False
1503,30,20.7,0.47151851851851856,True,False
1504,49,20.509999999999998,0.47116666666666673,True,False
1505,34,20.659999999999997,0.4708148148148149,True,False
1506,33,20.669999999999998,0.47046296296296297,True,False
1507,46,20.54,0.47011111111111115,True,False
1508,61,20.389999999999997,0.4697592592592592,True,False
1509,43,20.569999999999997,0.4694074074074074,True,False
1510,51,20.49,0.46905555555555556,True,False
1511,46,20.54,0.46870370370370373,True,False
1512,62,20.38,0.4683518518518519,True,False
1513,65,20.349999999999998,0.46799999999999997,True,False
1514,37,20.63,0.46764814814814815,True,False
1515,38,20.619999999999997,0.4672962962962963,True,False
1516,41,20.59,0.4669444444444445,True,False
1517,43,20.569999999999997,0.46659259259259267,True,False
1518,43,20.569999999999997,0.46624074074074084,True,False
1519,56,20.439999999999998,0.4658888888888889,True,False
1520,30,20.7,0.46553703703703697,True,False
1521,43,20.569999999999997,0.46518518518518515,True,False
1522,53,20.47,0.4648333333333333,True,False
1523,64,20.36,0.4644814814814815,True,False
1524,69,20.31,0.46412962962962967,True,False
1525,53,20.47,0.46377777777777784,True,False
1526,33,20.669999999999998,0.463425925925926,True,False
1527,34,20.659999999999997,0.4630740740740741,True,False
1528,51,20.49,0.46272222222222226,True,False
1529,39,20.61,0.46237037037037043,True,False
1530,45,20.549999999999997,0.4620185185185185,True,False
1531,44,20.56,0.46166666666666667,True,False
1532,31,20.689999999999998,0.46131481481481484,True,False
1533,46,20.54,0.460962962962963,True,False
1534,29,20.709999999999997,0.4606111111111111,True,False
1535,25,20.75,0.46025925925925926,True,False
1536,62,20.38,0.45990740740740743,True,False
1537,46,20.54,0.4595555555555556,True,False
1538,68,20.319999999999997,0.4592037037037038,True,False
1539,37,20.63,0.45885185185185196,True,False
1540,44,20.56,0.4585,True,False
1541,44,20.56,0.4581481481481481,True,False
1542,35,20.65,0.45779629629629626,True,False
1543,35,20.65,0.45744444444444443,True,False
1544,53,20.47,0.4570925925925926,True,False
1545,45,20.549999999999997,0.4567407407407408,True,False
1546,45,20.549999999999997,0.45638888888888896,True,False
1547,36,20.639999999999997,0.45603703703703713,True,False
1548,55,20.45,0.4556851851851852,True,False
1549,36,20.639999999999997,0.45533333333333337,True,False
1550,36,20.639999999999997,0.45498148148148154,True,False
1551,40,20.599999999999998,0.4546296296296296,True,False
1552,31,20.689999999999998,0.4542777777777778,True,False
1553,50,20.499999999999996,0.45392592592592595,True,False
1554,28,20.72,0.45357407407407413,True,False
1555,42,20.58,0.4532222222222222,True,False
1556,42,20.58,0.45287037037037037,True,False
1557,47,20.529999999999998,0.45251851851851854,True,False
1558,42,20.58,0.4521666666666667,True,False
1559,38,20.619999999999997,0.4518148148148149,True,False
1560,30,20.7,0.45146296296296307,True,False
1561,36,20.639999999999997,0.45111111111111124,True,False
1562,55,20.45,0.4507592592592592,True,False
1563,45,20.549999999999997,0.45040740740740737,True,False
1564,73,20.27,0.45005555555555554,True,False
1565,47,20.529999999999998,0.4497037037037037,True,False
1566,59,20.409999999999997,0.4493518518518519,True,False
1567,35,20.65,0.44900000000000007,True,False
1568,36,20.639999999999997,0.44864814814814813,True,False
1569,38,20.619999999999997,0.4482962962962963,True,False
1570,27,20.729999999999997,0.4479444444444445,True,False
1571,34,20.659999999999997,0.44759259259259265,True,False
1572,29,-1.28,0.4472407407407408,False,True
1573,42,20.58,0.4468888888888889,True,False
1574,36,20.639999999999997,0.44653703703703707,True,False
1575,30,20.7,0.44618518518518513,True,False
1576,52,20.479999999999997,0.4458333333333333,True,False
1577,45,20.549999999999997,0.4454814814814815,True,False
1578,43,20.569999999999997,0.44512962962962965,True,False
1579,31,20.689999999999998,0.4447777777777778,True,False
1580,32,20.68,0.444425925925926,True,False
1581,45,20.549999999999997,0.4440740740740742,True,False
1582,35,20.65,0.44372222222222224,True,False
1583,33,20.669999999999998,0.4433703703703704,True,False
1584,50,20.499999999999996,0.4430185185185185,True,False
1585,50,20.499999999999996,0.44266666666666665,True,False
1586,49,20.509999999999998,0.4423148148148148,True,False
1587,41,20.59,0.441962962962963,True,False
1588,31,20.689999999999998,0.4416111111111112,True,False
1589,45,20.549999999999997,0.44125925925925924,True,False
1590,40,20.599999999999998,0.4409074074074074,True,False
1591,38,20.619999999999997,0.4405555555555556,True,False
1592,24,-1.23,0.44020370370370376,False,True
1593,43,20.569999999999997,0.43985185185185194,True,False
1594,51,20.49,0.4395,True,False
1595,23,20.77,0.4391481481481482,True,False
1596,41,20.59,0.43879629629629624,True,False
1597,33,20.669999999999998,0.4384444444444444,True,False
1598,53,20.47,0.4380925925925926,True,False
1599,33,20.669999999999998,0.43774074074074076,True,False
1600,48,20.52,0.43738888888888894,True,False
1601,44,20.56,0.4370370370370371,True,False
1602,34,20.659999999999997,0.4366851851851853,True,False
1603,33,20.669999999999998,0.43633333333333335,True,False
1604,45,20.549999999999997,0.4359814814814815,True,False
1605,37,20.63,0.4356296296296296,True,False
1606,34,20.659999999999997,0.43527777777777776,True,False
1607,37,20.63,0.43492592592592594,True,False
1608,45,20.549999999999997,0.4345740740740741,True,False
1609,29,20.709999999999997,0.4342222222222223,True,False
1610,47,20.529999999999998,0.43387037037037035,True,False
1611,45,20.549999999999997,0.4335185185185185,True,False
1612,45,20.549999999999997,0.4331666666666667,True,False
1613,40,20.599999999999998,0.4328148148148149,True,False
1614,33,20.669999999999998,0.43246296296296305,True,False
1615,48,20.52,0.4321111111111112,True,False
1616,38,20.619999999999997,0.4317592592592593,True,False
1617,26,20.74,0.43140740740740735,True,False
1618,50,20.499999999999996,0.4310555555555555,True,False
1619,58,20.419999999999998,0.4307037037037037,True,False
1620,31,20.689999999999998,0.4303518518518519,True,False
1621,41,20.59,0.43000000000000005,True,False
1622,31,20.689999999999998,0.4296481481481482,True,False
1623,38,20.619999999999997,0.4292962962962964,True,False
1624,57,20.43,0.42894444444444446,True,False
1625,35,20.65,0.42859259259259264,True,False
1626,32,20.68,0.4282407407407408,True,False
1627,33,20.669999999999998,0.4278888888888889,True,False
1628,48,20.52,0.42753703703703705,True,False
1629,43,20.569999999999997,0.4271851851851852,True,False
1630,35,20.65,0.4268333333333333,True,False
1631,29,20.709999999999997,0.42648148148148146,True,False
1632,40,20.599999999999998,0.42612962962962964,True,False
1633,44,20.56,0.4257777777777778,True,False
1634,49,20.509999999999998,0.425425925925926,True,False
1635,50,20.499999999999996,0.42507407407407416,True,False
1636,37,20.63,0.42472222222222233,True,False
1637,42,20.58,0.4243703703703704,True,False
1638,41,20.59,0.42401851851851846,True,False
1639,31,20.689999999999998,0.42366666666666664,True,False
1640,41,20.59,0.4233148148148148,True,False
1641,34,-1.33,0.422962962962963,False,True
1642,45,20.549999999999997,0.42261111111111116,True,False
1643,29,20.709999999999997,0.42225925925925933,True,False
1644,51,20.49,0.4219074074074074,True,False
1645,41,20.59,0.42155555555555557,True,False
1646,55,20.45,0.42120370370370375,True,False
1647,29,20.709999999999997,0.4208518518518519,True,False
1648,33,20.669999999999998,0.4205,True,False
1649,42,20.58,0.42014814814814816,True,False
1650,48,20.52,0.41979629629629633,True,False
1651,35,20.65,0.4194444444444444,True,False
1652,39,20.61,0.41909259259259257,True,False
1653,62,20.38,0.41874074074074075,True,False
1654,33,20.669999999999998,0.4183888888888889,True,False
1655,33,20.669999999999998,0.4180370370370371,True,False
1656,40,20.599999999999998,0.41768518518518527,True,False
1657,55,20.45,0.41733333333333344,True,False
1658,50,20.499999999999996,0.4169814814814815,True,False
1659,35,20.65,0.41662962962962957,True,False
1660,50,20.499999999999996,0.41627777777777775,True,False
1661,38,20.619999999999997,0.4159259259259259,True,False
1662,40,20.599999999999998,0.4155740740740741,True,False
1663,31,20.689999999999998,0.41522222222222227,True,False
1664,52,20.479999999999997,0.41487037037037044,True,False
1665,38,20.619999999999997,0.4145185185185185,True,False
1666,24,20.759999999999998,0.4141666666666667,True,False
1667,34,20.659999999999997,0.41381481481481486,True,False
1668,30,20.7,0.41346296296296303,True,False
1669,31,20.689999999999998,0.4131111111111112,True,False
1670,38,20.619999999999997,0.41275925925925927,True,False
1671,43,20.569999999999997,0.41240740740740744,True,False
1672,50,20.499999999999996,0.4120555555555555,True,False
1673,36,20.639999999999997,0.4117037037037037,True,False
1674,28,20.72,0.41135185185185186,True,False
1675,28,20.72,0.41100000000000003,True,False
1676,27,20.729999999999997,0.4106481481481482,True,False
1677,33,20.669999999999998,0.4102962962962964,True,False
1678,38,20.619999999999997,0.40994444444444456,True,False
1679,46,20.54,0.4095925925925926,True,False
1680,45,20.549999999999997,0.4092407407407408,True,False
1681,39,20.61,0.40888888888888886,True,False
1682,31,20.689999999999998,0.40853703703703703,True,False
1683,46,20.54,0.4081851851851852,True,False
1684,33,20.669999999999998,0.4078333333333334,True,False
1685,41,20.59,0.40748148148148156,True,False
1686,50,20.499999999999996,0.4071296296296296,True,False
1687,39,20.61,0.4067777777777778,True,False
1688,37,20.63,0.40642592592592597,True,False
1689,39,20.61,0.40607407407407414,True,False
1690,32,20.68,0.4057222222222223,True,False
1691,46,20.54,0.4053703703703705,True,False
1692,42,20.58,0.40501851851851844,True,False
1693,41,20.59,0.4046666666666666,True,False
1694,36,20.639999999999997,0.4043148148148148,True,False
1695,30,20.7,0.40396296296296297,True,False
1696,59,20.409999999999997,0.40361111111111114,True,False
1697,27,20.729999999999997,0.4032592592592593,True,False
1698,46,20.54,0.4029074074074075,True,False
1699,45,20.549999999999997,0.40255555555555556,True,False
1700,50,20.499999999999996,0.40220370370370373,True,False
1701,54,20.459999999999997,0.4018518518518519,True,False
1702,44,20.56,0.4015000000000001,True,False
1703,54,20.459999999999997,0.40114814814814814,True,False
1704,39,20.61,0.4007962962962963,True,False
1705,33,20.669999999999998,0.4004444444444445,True,False
1706,27,20.729999999999997,0.40009259259259256,True,False
1707,21,20.79,0.39974074074074073,True,False
1708,48,20.52,0.3993888888888889,True,False
1709,38,20.619999999999997,0.3990370370370371,True,False
1710,33,20.669999999999998,0.39868518518518525,True,False
1711,83,20.169999999999998,0.39833333333333343,True,False
1712,46,20.54,0.3979814814814816,True,False
1713,54,20.459999999999997,0.39762962962962967,True,False
1714,33,20.669999999999998,0.39727777777777773,True,False
1715,28,20.72,0.3969259259259259,True,False
1716,58,20.419999999999998,0.3965740740740741,True,False
1717,34,-1.33,0.39622222222222225,False,True
1718,48,20.52,0.39587037037037043,True,False
1719,48,20.52,0.3955185185185186,True,False
1720,50,20.499999999999996,0.39516666666666667,True,False
1721,39,20.61,0.39481481481481484,True,False
1722,34,20.659999999999997,0.394462962962963,True,False
1723,37,20.63,0.3941111111111112,True,False
1724,33,20.669999999999998,0.39375925925925925,True,False
1725,34,20.659999999999997,0.39340740740740743,True,False
1726,25,20.75,0.3930555555555556,True,False
1727,36,20.639999999999997,0.39270370370370367,True,False
1728,38,20.619999999999997,0.39235185185185184,True,False
1729,43,20.569999999999997,0.392,True,False
1730,40,20.599999999999998,0.3916481481481482,True,False
1731,25,20.75,0.39129629629629636,True,False
1732,22,20.779999999999998,0.39094444444444454,True,False
1733,48,20.52,0.3905925925925927,True,False
1734,28,20.72,0.3902407407407408,True,False
1735,33,20.669999999999998,0.38988888888888884,True,False
1736,40,20.599999999999998,0.389537037037037,True,False
1737,35,20.65,0.3891851851851852,True,False
1738,41,20.59,0.38883333333333336,True,False
1739,38,20.619999999999997,0.38848148148148154,True,False
1740,36,20.639999999999997,0.3881296296296297,True,False
1741,31,20.689999999999998,0.3877777777777778,True,False
1742,34,20.659999999999997,0.38742592592592595,True,False
1743,44,20.56,0.3870740740740741,True,False
1744,38,20.619999999999997,0.3867222222222223,True,False
1745,27,20.729999999999997,0.3863703703703705,True,False
1746,57,-1.5600000000000003,0.38601851851851854,False,True
1747,47,20.529999999999998,0.3856666666666667,True,False
1748,30,20.7,0.3853148148148148,True,False
1749,50,20.499999999999996,0.38496296296296295,True,False
1750,32,20.68,0.3846111111111111,True,False
1751,31,20.689999999999998,0.3842592592592593,True,False
1752,47,20.529999999999998,0.3839074074074075,True,False
1753,27,20.729999999999997,0.38355555555555565,True,False
1754,46,20.54,0.3832037037037037,True,False
1755,43,20.569999999999997,0.3828518518518519,True,False
1756,48,20.52,0.38250000000000006,True,False
1757,29,20.709999999999997,0.3821481481481481,True,False
1758,28,20.72,0.3817962962962963,True,False
1759,33,20.669999999999998,0.3814444444444445,True,False
1760,46,20.54,0.38109259259259265,True,False
1761,43,20.569999999999997,0.3807407407407407,True,False
1762,32,20.68,0.3803888888888889,True,False
1763,38,20.619999999999997,0.38003703703703706,True,False
1764,33,20.669999999999998,0.37968518518518524,True,False
1765,41,20.59,0.3793333333333334,True,False
1766,41,20.59,0.3789814814814816,True,False
1767,40,20.599999999999998,0.37862962962962965,True,False
1768,48,20.52,0.3782777777777777,True,False
1769,27,20.729999999999997,0.3779259259259259,True,False
1770,35,-1.34,0.37757407407407406,False,True
1771,43,20.569999999999997,0.37722222222222224,True,False
1772,27,20.729999999999997,0.3768703703703704,True,False
1773,45,20.549999999999997,0.3765185185185186,True,False
1774,40,20.599999999999998,0.37616666666666676,True,False
1775,49,20.509999999999998,0.3758148148148148,True,False
1776,29,20.709999999999997,0.375462962962963,True,False
1777,34,20.659999999999997,0.3751111111111112,True,False
1778,29,20.709999999999997,0.37475925925925924,True,False
1779,40,20.599999999999998,0.3744074074074074,True,False
1780,32,20.68,0.3740555555555556,True,False
1781,36,20.639999999999997,0.37370370370370376,True,False
1782,41,20.59,0.3733518518518518,True,False
1783,26,20.74,0.373,True,False
1784,42,20.58,0.3726481481481482,True,False
1785,30,20.7,0.37229629629629635,True,False
1786,31,20.689999999999998,0.3719444444444445,True,False
1787,46,20.54,0.3715925925925927,True,False
1788,45,20.549999999999997,0.37124074074074087,True,False
1789,46,20.54,0.3708888888888888,True,False
1790,39,20.61,0.370537037037037,True,False
1791,45,20.549999999999997,0.3701851851851852,True,False
1792,39,20.61,0.36983333333333335,True,False
1793,22,20.779999999999998,0.3694814814814815,True,False
1794,32,20.68,0.3691296296296297,True,False
1795,36,20.639999999999997,0.36877777777777787,True,False
1796,31,20.689999999999998,0.36842592592592593,True,False
1797,42,20.58,0.3680740740740741,True,False
1798,52,20.479999999999997,0.3677222222222223,True,False
1799,41,20.59,0.36737037037037046,True,False
1800,37,20.63,0.3670185185185185,True,False
1801,45,20.549999999999997,0.3666666666666667,True,False
1802,29,20.709999999999997,0.36631481481481487,True,False
1803,24,20.759999999999998,0.36596296296296293,True,False
1804,44,20.56,0.3656111111111111,True,False
1805,37,20.63,0.3652592592592593,True,False
1806,33,20.669999999999998,0.36490740740740746,True,False
1807,39,20.61,0.36455555555555563,True,False
1808,40,20.599999999999998,0.3642037037037038,True,False
1809,39,20.61,0.363851851851852,True,False
1810,40,20.599999999999998,0.36350000000000005,True,False
1811,31,20.689999999999998,0.3631481481481481,True,False
1812,44,20.56,0.3627962962962963,True,False
1813,29,20.709999999999997,0.36244444444444446,True,False
1814,48,20.52,0.36209259259259263,True,False
1815,33,20.669999999999998,0.3617407407407408,True,False
1816,40,20.599999999999998,0.36138888888888887,True,False
1817,35,20.65,0.36103703703703705,True,False
1818,35,20.65,0.3606851851851852,True,False
1819,38,20.619999999999997,0.3603333333333334,True,False
1820,37,20.63,0.35998148148148157,True,False
1821,26,20.74,0.35962962962962963,True,False
1822,49,20.509999999999998,0.3592777777777778,True,False
1823,41,20.59,0.35892592592592587,True,False
1824,52,20.479999999999997,0.35857407407407405,True,False
1825,35,20.65,0.3582222222222222,True,False
1826,37,20.63,0.3578703703703704,True,False
1827,33,20.669999999999998,0.35751851851851857,True,False
1828,36,20.639999999999997,0.35716666666666674,True,False
1829,37,20.63,0.3568148148148149,True,False
1830,25,20.75,0.356462962962963,True,False
1831,38,20.619999999999997,0.35611111111111116,True,False
1832,36,20.639999999999997,0.3557592592592592,True,False
1833,27,20.729999999999997,0.3554074074074074,True,False
1834,47,20.529999999999998,0.35505555555555557,True,False
1835,49,20.509999999999998,0.35470370370370374,True,False
1836,33,20.669999999999998,0.3543518518518519,True,False
1837,36,20.639999999999997,0.354,True,False
1838,38,20.619999999999997,0.35364814814814816,True,False
1839,30,20.7,0.35329629629629633,True,False
1840,34,20.659999999999997,0.3529444444444445,True,False
1841,40,20.599999999999998,0.3525925925925927,True,False
1842,42,20.58,0.35224074074074085,True,False
1843,35,-1.34,0.3518888888888889,False,True
1844,23,20.77,0.351537037037037,True,False
1845,34,20.659999999999997,0.35118518518518516,True,False
1846,27,20.729999999999997,0.35083333333333333,True,False
1847,38,20.619999999999997,0.3504814814814815,True,False
1848,38,20.619999999999997,0.3501296296296297,True,False
1849,31,20.689999999999998,0.34977777777777785,True,False
1850,30,20.7,0.34942592592592603,True,False
1851,45,20.549999999999997,0.3490740740740741,True,False
1852,42,20.58,0.34872222222222227,True,False
1853,31,20.689999999999998,0.34837037037037044,True,False
1854,22,20.779999999999998,0.3480185185185185,True,False
1855,31,20.689999999999998,0.3476666666666667,True,False
1856,29,20.709999999999997,0.34731481481481485,True,False
1857,38,20.619999999999997,0.34696296296296303,True,False
1858,40,20.599999999999998,0.3466111111111111,True,False
1859,35,20.65,0.34625925925925927,True,False
1860,55,20.45,0.34590740740740744,True,False
1861,35,20.65,0.3455555555555556,True,False
1862,32,20.68,0.3452037037037038,True,False
1863,35,20.65,0.34485185185185196,True,False
1864,39,20.61,0.34450000000000003,True,False
1865,34,20.659999999999997,0.3441481481481481,True,False
1866,41,20.59,0.34379629629629627,True,False
1867,42,20.58,0.34344444444444444,True,False
1868,69,20.31,0.3430925925925926,True,False
1869,34,20.659999999999997,0.3427407407407408,True,False
1870,43,20.569999999999997,0.34238888888888896,True,False
1871,34,20.659999999999997,0.34203703703703714,True,False
1872,32,20.68,0.3416851851851852,True,False
1873,33,20.669999999999998,0.3413333333333334,True,False
1874,37,20.63,0.34098148148148155,True,False
1875,39,20.61,0.3406296296296296,True,False
1876,33,20.669999999999998,0.3402777777777778,True,False
1877,30,20.7,0.33992592592592596,True,False
1878,23,20.77,0.33957407407407403,True,False
1879,42,20.58,0.3392222222222222,True,False
1880,28,20.72,0.3388703703703704,True,False
1881,36,20.639999999999997,0.33851851851851855,True,False
1882,44,20.56,0.3381666666666667,True,False
1883,38,20.619999999999997,0.3378148148148149,True,False
1884,31,20.689999999999998,0.3374629629629631,True,False
1885,34,20.659999999999997,0.33711111111111114,True,False
1886,57,20.43,0.3367592592592592,True,False
1887,34,20.659999999999997,0.3364074074074074,True,False
1888,30,20.7,0.33605555555555555,True,False
1889,42,20.58,0.3357037037037037,True,False
1890,27,-1.26,0.3353518518518519,False,True
1891,27,20.729999999999997,0.3350000000000001,True,False
1892,46,20.54,0.33464814814814814,True,False
1893,33,20.669999999999998,0.3342962962962963,True,False
1894,36,20.639999999999997,0.3339444444444445,True,False
1895,24,20.759999999999998,0.33359259259259266,True,False
1896,41,20.59,0.33324074074074084,True,False
1897,57,20.43,0.3328888888888889,True,False
1898,28,20.72,0.3325370370370371,True,False
1899,39,20.61,0.33218518518518514,True,False
1900,33,20.669999999999998,0.3318333333333333,True,False
1901,29,20.709999999999997,0.3314814814814815,True,False
1902,34,20.659999999999997,0.33112962962962966,True,False
1903,31,20.689999999999998,0.33077777777777784,True,False
1904,36,20.639999999999997,0.330425925925926,True,False
1905,30,20.7,0.3300740740740742,True,False
1906,29,20.709999999999997,0.32972222222222225,True,False
1907,27,20.729999999999997,0.3293703703703704,True,False
1908,34,20.659999999999997,0.3290185185185185,True,False
1909,29,20.709999999999997,0.32866666666666666,True,False
1910,39,20.61,0.32831481481481484,True,False
1911,32,20.68,0.327962962962963,True,False
1912,37,20.63,0.3276111111111112,True,False
1913,29,20.709999999999997,0.32725925925925925,True,False
1914,23,20.77,0.3269074074074074,True,False
1915,27,20.729999999999997,0.3265555555555556,True,False
1916,42,20.58,0.3262037037037038,True,False
1917,27,20.729999999999997,0.32585185185185195,True,False
1918,33,20.669999999999998,0.3255,True,False
1919,28,20.72,0.3251481481481482,True,False
1920,43,20.569999999999997,0.32479629629629625,True,False
1921,48,20.52,0.3244444444444444,True,False
1922,54,20.459999999999997,0.3240925925925926,True,False
1923,40,20.599999999999998,0.3237407407407408,True,False
1924,33,20.669999999999998,0.32338888888888895,True,False
1925,27,20.729999999999997,0.3230370370370371,True,False
1926,32,20.68,0.3226851851851853,True,False
1927,34,20.659999999999997,0.32233333333333336,True,False
1928,31,20.689999999999998,0.32198148148148154,True,False
1929,33,20.669999999999998,0.3216296296296296,True,False
1930,30,20.7,0.3212777777777778,True,False
1931,33,20.669999999999998,0.32092592592592595,True,False
1932,41,20.59,0.3205740740740741,True,False
1933,34,20.659999999999997,0.3202222222222223,True,False
1934,32,20.68,0.31987037037037036,True,False
1935,28,20.72,0.31951851851851854,True,False
1936,34,20.659999999999997,0.3191666666666667,True,False
1937,30,20.7,0.3188148148148149,True,False
1938,39,20.61,0.31846296296296306,True,False
1939,32,20.68,0.31811111111111123,True,False
1940,26,20.74,0.3177592592592592,True,False
1941,30,20.7,0.31740740740740736,True,False
1942,28,20.72,0.31705555555555553,True,False
1943,31,20.689999999999998,0.3167037037037037,True,False
1944,37,20.63,0.3163518518518519,True,False
1945,30,20.7,0.31600000000000006,True,False
1946,28,20.72,0.31564814814814823,True,False
1947,42,20.58,0.3152962962962963,True,False
1948,39,20.61,0.31494444444444447,True,False
1949,31,20.689999999999998,0.31459259259259265,True,False
1950,30,20.7,0.3142407407407408,True,False
1951,28,20.72,0.3138888888888889,True,False
1952,29,20.709999999999997,0.31353703703703706,True,False
1953,33,20.669999999999998,0.31318518518518523,True,False
1954,44,20.56,0.3128333333333333,True,False
1955,39,20.61,0.31248148148148147,True,False
1956,40,20.599999999999998,0.31212962962962965,True,False
1957,32,20.68,0.3117777777777778,True,False
1958,30,20.7,0.311425925925926,True,False
1959,31,20.689999999999998,0.31107407407407417,True,False
1960,28,20.72,0.31072222222222234,True,False
1961,27,20.729999999999997,0.3103703703703704,True,False
1962,32,20.68,0.31001851851851847,True,False
1963,29,20.709999999999997,0.30966666666666665,True,False
1964,32,20.68,0.3093148148148148,True,False
1965,33,20.669999999999998,0.308962962962963,True,False
1966,46,20.54,0.30861111111111117,True,False
1967,32,20.68,0.30825925925925934,True,False
1968,35,20.65,0.3079074074074074,True,False
1969,29,20.709999999999997,0.3075555555555556,True,False
1970,51,20.49,0.30720370370370376,True,False
1971,22,20.779999999999998,0.30685185185185193,True,False
1972,42,20.58,0.3065,True,False
1973,41,20.59,0.30614814814814817,True,False
1974,25,20.75,0.30579629629629634,True,False
1975,33,20.669999999999998,0.3054444444444444,True,False
1976,35,20.65,0.3050925925925926,True,False
1977,34,20.659999999999997,0.30474074074074076,True,False
1978,30,20.7,0.30438888888888893,True,False
1979,27,20.729999999999997,0.3040370370370371,True,False
1980,32,20.68,0.3036851851851853,True,False
1981,22,20.779999999999998,0.30333333333333345,True,False
1982,31,20.689999999999998,0.3029814814814815,True,False
1983,35,20.65,0.3026296296296296,True,False
1984,45,20.549999999999997,0.30227777777777776,True,False
1985,25,20.75,0.30192592592592593,True,False
1986,38,20.619999999999997,0.3015740740740741,True,False
1987,32,20.68,0.3012222222222223,True,False
1988,27,20.729999999999997,0.30087037037037045,True,False
1989,29,20.709999999999997,0.3005185185185185,True,False
1990,32,20.68,0.3001666666666667,True,False
1991,30,20.7,0.29981481481481487,True,False
1992,29,20.709999999999997,0.29946296296296304,True,False
1993,28,20.72,0.2991111111111112,True,False
1994,30,20.7,0.2987592592592593,True,False
1995,28,20.72,0.29840740740740745,True,False
1996,30,20.7,0.2980555555555555,True,False
1997,43,20.569999999999997,0.2977037037037037,True,False
1998,35,20.65,0.29735185185185187,True,False
1999,26,20.74,0.29700000000000004,True,False
2000,29,20.709999999999997,0.2966481481481482,True,False
2001,48,20.52,0.2962962962962964,True,False
2002,36,20.639999999999997,0.29594444444444445,True,False
2003,29,20.709999999999997,0.29559259259259263,True,False
2004,27,20.729999999999997,0.2952407407407408,True,False
2005,27,20.729999999999997,0.29488888888888887,True,False
2006,39,20.61,0.29453703703703704,True,False
2007,26,20.74,0.2941851851851852,True,False
2008,27,20.729999999999997,0.2938333333333334,True,False
2009,33,20.669999999999998,0.29348148148148145,True,False
2010,36,20.639999999999997,0.29312962962962963,True,False
2011,40,20.599999999999998,0.2927777777777778,True,False
2012,35,20.65,0.292425925925926,True,False
2013,41,20.59,0.29207407407407415,True,False
2014,21,20.79,0.2917222222222223,True,False
2015,28,20.72,0.2913703703703704,True,False
2016,32,20.68,0.29101851851851845,True,False
2017,33,20.669999999999998,0.29066666666666663,True,False
2018,27,20.729999999999997,0.2903148148148148,True,False
2019,34,20.659999999999997,0.289962962962963,True,False
2020,34,20.659999999999997,0.28961111111111115,True,False
2021,39,20.61,0.2892592592592593,True,False
2022,35,20.65,0.2889074074074075,True,False
2023,28,20.72,0.28855555555555557,True,False
2024,39,20.61,0.28820370370370374,True,False
2025,35,20.65,0.2878518518518519,True,False
2026,26,20.74,0.2875000000000001,True,False
2027,30,20.7,0.28714814814814815,True,False
2028,22,20.779999999999998,0.2867962962962963,True,False
2029,30,20.7,0.2864444444444445,True,False
2030,28,20.72,0.28609259259259257,True,False
2031,29,20.709999999999997,0.28574074074074074,True,False
2032,23,20.77,0.2853888888888889,True,False
2033,31,20.689999999999998,0.2850370370370371,True,False
2034,40,20.599999999999998,0.28468518518518526,True,False
2035,33,20.669999999999998,0.28433333333333344,True,False
2036,38,20.619999999999997,0.2839814814814816,True,False
2037,40,20.599999999999998,0.2836296296296297,True,False
2038,31,20.689999999999998,0.28327777777777774,True,False
2039,35,20.65,0.2829259259259259,True,False
2040,29,20.709999999999997,0.2825740740740741,True,False
2041,31,20.689999999999998,0.28222222222222226,True,False
2042,27,20.729999999999997,0.28187037037037044,True,False
2043,30,20.7,0.2815185185185186,True,False
2044,24,20.759999999999998,0.2811666666666667,True,False
2045,39,20.61,0.28081481481481485,True,False
2046,42,20.58,0.280462962962963,True,False
2047,28,20.72,0.2801111111111112,True,False
2048,28,20.72,0.27975925925925926,True,False
2049,32,20.68,0.27940740740740744,True,False
2050,31,20.689999999999998,0.2790555555555556,True,False
2051,27,20.729999999999997,0.2787037037037037,True,False
2052,27,20.729999999999997,0.27835185185185185,True,False
2053,26,20.74,0.278,True,False
2054,36,20.639999999999997,0.2776481481481482,True,False
2055,33,20.669999999999998,0.2772962962962964,True,False
2056,27,20.729999999999997,0.27694444444444455,True,False
2057,31,20.689999999999998,0.2765925925925926,True,False
2058,25,20.75,0.2762407407407408,True,False
2059,38,20.619999999999997,0.27588888888888885,True,False
2060,29,20.709999999999997,0.275537037037037,True,False
2061,30,20.7,0.2751851851851852,True,False
2062,35,20.65,0.2748333333333334,True,False
2063,31,20.689999999999998,0.27448148148148155,True,False
2064,33,20.669999999999998,0.2741296296296296,True,False
2065,26,20.74,0.2737777777777778,True,False
2066,25,20.75,0.27342592592592596,True,False
2067,46,20.54,0.27307407407407414,True,False
2068,28,20.72,0.2727222222222223,True,False
2069,27,20.729999999999997,0.2723703703703705,True,False
2070,25,20.75,0.27201851851851855,True,False
2071,31,20.689999999999998,0.2716666666666666,True,False
2072,29,20.709999999999997,0.2713148148148148,True,False
2073,36,20.639999999999997,0.27096296296296296,True,False
2074,27,20.729999999999997,0.27061111111111114,True,False
2075,27,20.729999999999997,0.2702592592592593,True,False
2076,25,20.75,0.2699074074074075,True,False
2077,36,20.639999999999997,0.26955555555555566,True,False
2078,25,20.75,0.2692037037037037,True,False
2079,29,20.709999999999997,0.2688518518518519,True,False
2080,26,20.74,0.26850000000000007,True,False
2081,29,20.709999999999997,0.26814814814814814,True,False
2082,29,20.709999999999997,0.2677962962962963,True,False
2083,31,20.689999999999998,0.2674444444444445,True,False
2084,30,20.7,0.26709259259259266,True,False
2085,31,20.689999999999998,0.2667407407407407,True,False
2086,33,20.669999999999998,0.2663888888888889,True,False
2087,31,20.689999999999998,0.26603703703703707,True,False
2088,23,20.77,0.26568518518518525,True,False
2089,28,20.72,0.2653333333333334,True,False
2090,41,20.59,0.2649814814814816,True,False
2091,24,20.759999999999998,0.26462962962962966,True,False
2092,27,20.729999999999997,0.2642777777777777,True,False
2093,34,20.659999999999997,0.2639259259259259,True,False
2094,41,20.59,0.26357407407407407,True,False
2095,26,20.74,0.26322222222222225,True,False
2096,25,20.75,0.2628703703703704,True,False
2097,28,20.72,0.2625185185185186,True,False
2098,34,20.659999999999997,0.26216666666666677,True,False
2099,37,20.63,0.26181481481481483,True,False
2100,23,20.77,0.261462962962963,True,False
2101,25,20.75,0.2611111111111112,True,False
2102,21,20.79,0.26075925925925925,True,False
2103,25,20.75,0.2604074074074074,True,False
2104,24,20.759999999999998,0.2600555555555556,True,False
2105,29,20.709999999999997,0.25970370370370377,True,False
2106,27,20.729999999999997,0.25935185185185183,True,False
2107,25,20.75,0.259,True,False
2108,34,20.659999999999997,0.2586481481481482,True,False
2109,26,20.74,0.25829629629629636,True,False
2110,31,20.689999999999998,0.25794444444444453,True,False
2111,35,20.65,0.2575925925925927,True,False
2112,32,20.68,0.2572407407407409,True,False
2113,26,20.74,0.25688888888888883,True,False
2114,33,20.669999999999998,0.256537037037037,True,False
2115,30,20.7,0.2561851851851852,True,False
2116,25,20.75,0.25583333333333336,True,False
2117,32,20.68,0.25548148148148153,True,False
2118,30,20.7,0.2551296296296297,True,False
2119,33,20.669999999999998,0.25477777777777777,True,False
2120,24,20.759999999999998,0.25442592592592594,True,False
2121,27,20.729999999999997,0.2540740740740741,True,False
2122,32,20.68,0.2537222222222223,True,False
2123,29,20.709999999999997,0.25337037037037047,True,False
2124,28,20.72,0.25301851851851853,True,False
2125,28,20.72,0.2526666666666667,True,False
2126,21,20.79,0.25231481481481477,True,False
2127,32,20.68,0.25196296296296294,True,False
2128,33,20.669999999999998,0.2516111111111111,True,False
2129,25,20.75,0.2512592592592593,True,False
2130,36,20.639999999999997,0.25090740740740747,True,False
2131,26,20.74,0.25055555555555564,True,False
2132,34,20.659999999999997,0.2502037037037038,True,False
2133,25,20.75,0.24985185185185188,True,False
2134,27,20.729999999999997,0.24950000000000006,True,False
2135,28,20.72,0.24914814814814812,True,False
2136,25,20.75,0.2487962962962963,True,False
2137,39,20.61,0.24844444444444447,True,False
2138,27,20.729999999999997,0.24809259259259264,True,False
2139,29,20.709999999999997,0.24774074074074082,True,False
2140,25,20.75,0.24738888888888888,True,False
2141,31,20.689999999999998,0.24703703703703705,True,False
2142,31,20.689999999999998,0.24668518518518523,True,False
2143,35,20.65,0.2463333333333334,True,False
2144,31,20.689999999999998,0.24598148148148158,True,False
2145,32,20.68,0.24562962962962964,True,False
2146,35,20.65,0.24527777777777782,True,False
2147,24,20.759999999999998,0.24492592592592588,True,False
2148,30,20.7,0.24457407407407405,True,False
2149,26,20.74,0.24422222222222223,True,False
2150,26,20.74,0.2438703703703704,True,False
2151,34,20.659999999999997,0.24351851851851858,True,False
2152,26,20.74,0.24316666666666675,True,False
2153,24,20.759999999999998,0.24281481481481493,True,False
2154,35,20.65,0.242462962962963,True,False
2155,25,20.75,0.24211111111111117,True,False
2156,26,20.74,0.24175925925925923,True,False
2157,25,20.75,0.2414074074074074,True,False
2158,31,20.689999999999998,0.24105555555555558,True,False
2159,31,20.689999999999998,0.24070370370370375,True,False
2160,35,20.65,0.24035185185185193,True,False
2161,22,20.779999999999998,0.24,True,False
2162,25,20.75,0.23964814814814817,True,False
2163,25,20.75,0.23929629629629634,True,False
2164,38,20.619999999999997,0.23894444444444451,True,False
2165,40,20.599999999999998,0.2385925925925927,True,False
2166,30,20.7,0.23824074074074086,True,False
2167,23,20.77,0.23788888888888893,True,False
2168,24,20.759999999999998,0.237537037037037,True,False
2169,25,20.75,0.23718518518518517,True,False
2170,23,20.77,0.23683333333333334,True,False
2171,36,20.639999999999997,0.23648148148148151,True,False
2172,24,20.759999999999998,0.2361296296296297,True,False
2173,23,20.77,0.23577777777777786,True,False
2174,33,20.669999999999998,0.23542592592592604,True,False
2175,27,20.729999999999997,0.2350740740740741,True,False
2176,26,20.74,0.23472222222222228,True,False
2177,32,20.68,0.23437037037037045,True,False
2178,26,20.74,0.23401851851851851,True,False
2179,32,20.68,0.2336666666666667,True,False
2180,27,20.729999999999997,0.23331481481481486,True,False
2181,26,20.74,0.23296296296296293,True,False
2182,38,20.619999999999997,0.2326111111111111,True,False
2183,23,20.77,0.23225925925925928,True,False
2184,28,20.72,0.23190740740740745,True,False
2185,26,20.74,0.23155555555555563,True,False
2186,30,20.7,0.2312037037037038,True,False
2187,36,20.639999999999997,0.23085185185185197,True,False
2188,36,20.639999999999997,0.23050000000000004,True,False
2189,25,20.75,0.2301481481481481,True,False
2190,36,20.639999999999997,0.22979629629629628,True,False
2191,28,20.72,0.22944444444444445,True,False
2192,30,20.7,0.22909259259259263,True,False
2193,31,20.689999999999998,0.2287407407407408,True,False
2194,22,20.779999999999998,0.22838888888888897,True,False
2195,37,20.63,0.22803703703703704,True,False
2196,26,20.74,0.2276851851851852,True,False
2197,24,20.759999999999998,0.2273333333333334,True,False
2198,25,20.75,0.22698148148148156,True,False
2199,27,20.729999999999997,0.22662962962962963,True,False
2200,25,20.75,0.2262777777777778,True,False
2201,34,20.659999999999997,0.22592592592592597,True,False
2202,33,20.669999999999998,0.22557407407407404,True,False
2203,27,20.729999999999997,0.2252222222222222,True,False
2204,31,20.689999999999998,0.2248703703703704,True,False
2205,25,20.75,0.22451851851851856,True,False
2206,30,20.7,0.22416666666666674,True,False
2207,27,20.729999999999997,0.2238148148148149,True,False
2208,25,20.75,0.22346296296296309,True,False
2209,27,20.729999999999997,0.22311111111111115,True,False
2210,32,20.68,0.2227592592592592,True,False
2211,24,20.759999999999998,0.2224074074074074,True,False
2212,23,20.77,0.22205555555555556,True,False
2213,27,20.729999999999997,0.22170370370370374,True,False
2214,34,20.659999999999997,0.2213518518518519,True,False
2215,32,20.68,0.22100000000000009,True,False
2216,30,20.7,0.22064814814814815,True,False
2217,35,20.65,0.22029629629629632,True,False
2218,26,20.74,0.2199444444444445,True,False
2219,27,20.729999999999997,0.21959259259259267,True,False
2220,31,20.689999999999998,0.21924074074074085,True,False
2221,25,20.75,0.2188888888888889,True,False
2222,29,20.709999999999997,0.21853703703703709,True,False
2223,30,20.7,0.21818518518518515,True,False
2224,31,20.689999999999998,0.21783333333333332,True,False
2225,22,20.779999999999998,0.2174814814814815,True,False
2226,27,20.729999999999997,0.21712962962962967,True,False
2227,27,20.729999999999997,0.21677777777777785,True,False
2228,31,20.689999999999998,0.21642592592592602,True,False
2229,21,20.79,0.2160740740740742,True,False
2230,25,20.75,0.21572222222222226,True,False
2231,31,20.689999999999998,0.21537037037037043,True,False
2232,45,20.549999999999997,0.2150185185185185,True,False
2233,23,20.77,0.21466666666666667,True,False
2234,36,20.639999999999997,0.21431481481481485,True,False
2235,33,20.669999999999998,0.21396296296296302,True,False
2236,27,20.729999999999997,0.2136111111111112,True,False
2237,31,20.689999999999998,0.21325925925925926,True,False
2238,23,20.77,0.21290740740740743,True,False
2239,28,20.72,0.2125555555555556,True,False
2240,25,20.75,0.21220370370370378,True,False
2241,26,20.74,0.21185185185185196,True,False
2242,39,20.61,0.21150000000000002,True,False
2243,24,20.759999999999998,0.21114814814814808,True,False
2244,28,20.72,0.21079629629629626,True,False
2245,25,20.75,0.21044444444444443,True,False
2246,27,20.729999999999997,0.2100925925925926,True,False
2247,30,20.7,0.20974074074074078,True,False
2248,26,20.74,0.20938888888888896,True,False
2249,23,20.77,0.20903703703703713,True,False
2250,25,20.75,0.2086851851851852,True,False
2251,24,20.759999999999998,0.20833333333333337,True,False
2252,27,20.729999999999997,0.20798148148148154,True,False
2253,32,20.68,0.2076296296296296,True,False
2254,24,20.759999999999998,0.20727777777777778,True,False
2255,37,20.63,0.20692592592592596,True,False
2256,28,20.72,0.20657407407407413,True,False
2257,27,20.729999999999997,0.2062222222222222,True,False
2258,28,20.72,0.20587037037037037,True,False
2259,30,20.7,0.20551851851851854,True,False
2260,29,20.709999999999997,0.20516666666666672,True,False
2261,24,20.759999999999998,0.2048148148148149,True,False
2262,27,20.729999999999997,0.20446296296296307,True,False
2263,27,20.729999999999997,0.20411111111111124,True,False
2264,28,20.72,0.2037592592592592,True,False
2265,24,20.759999999999998,0.20340740740740737,True,False
2266,23,20.77,0.20305555555555554,True,False
2267,25,20.75,0.20270370370370372,True,False
2268,28,20.72,0.2023518518518519,True,False
2269,28,20.72,0.20200000000000007,True,False
2270,26,20.74,0.20164814814814824,True,False
2271,28,20.72,0.2012962962962963,True,False
2272,29,20.709999999999997,0.20094444444444448,True,False
2273,25,20.75,0.20059259259259266,True,False
2274,25,20.75,0.20024074074074083,True,False
2275,30,20.7,0.1998888888888889,True,False
2276,25,20.75,0.19953703703703707,True,False
2277,25,20.75,0.19918518518518524,True,False
2278,26,20.74,0.1988333333333333,True,False
2279,27,20.729999999999997,0.19848148148148148,True,False
2280,27,20.729999999999997,0.19812962962962966,True,False
2281,32,20.68,0.19777777777777783,True,False
2282,23,20.77,0.197425925925926,True,False
2283,26,20.74,0.19707407407407418,True,False
2284,26,20.74,0.19672222222222235,True,False
2285,31,20.689999999999998,0.19637037037037042,True,False
2286,27,20.729999999999997,0.19601851851851848,True,False
2287,26,20.74,0.19566666666666666,True,False
2288,21,20.79,0.19531481481481483,True,False
2289,24,20.759999999999998,0.194962962962963,True,False
2290,30,20.7,0.19461111111111118,True,False
2291,36,20.639999999999997,0.19425925925925935,True,False
2292,26,20.74,0.19390740740740742,True,False
2293,27,20.729999999999997,0.1935555555555556,True,False
2294,28,20.72,0.19320370370370377,True,False
2295,24,20.759999999999998,0.19285185185185194,True,False
2296,25,20.75,0.1925,True,False
2297,22,20.779999999999998,0.19214814814814818,True,False
2298,27,20.729999999999997,0.19179629629629635,True,False
2299,25,20.75,0.19144444444444442,True,False
2300,22,20.779999999999998,0.1910925925925926,True,False
2301,34,20.659999999999997,0.19074074074074077,True,False
2302,26,20.74,0.19038888888888894,True,False
2303,23,20.77,0.19003703703703712,True,False
2304,25,20.75,0.1896851851851853,True,False
2305,30,20.7,0.18933333333333335,True,False
2306,23,20.77,0.18898148148148153,True,False
2307,27,20.729999999999997,0.1886296296296296,True,False
2308,21,20.79,0.18827777777777777,True,False
2309,26,20.74,0.18792592592592594,True,False
2310,38,20.619999999999997,0.18757407407407412,True,False
2311,34,20.659999999999997,0.1872222222222223,True,False
2312,22,20.779999999999998,0.18687037037037035,True,False
2313,27,20.729999999999997,0.18651851851851853,True,False
2314,29,20.709999999999997,0.1861666666666667,True,False
2315,29,20.709999999999997,0.18581481481481488,True,False
2316,24,20.759999999999998,0.18546296296296305,True,False
2317,31,20.689999999999998,0.18511111111111123,True,False
2318,23,20.77,0.1847592592592593,True,False
2319,24,20.759999999999998,0.18440740740740735,True,False
2320,24,20.759999999999998,0.18405555555555553,True,False
2321,28,20.72,0.1837037037037037,True,False
2322,25,20.75,0.18335185185185188,True,False
2323,23,20.77,0.18300000000000005,True,False
2324,30,20.7,0.18264814814814823,True,False
2325,27,20.729999999999997,0.1822962962962964,True,False
2326,27,20.729999999999997,0.18194444444444446,True,False
2327,26,20.74,0.18159259259259264,True,False
2328,34,20.659999999999997,0.1812407407407408,True,False
2329,26,20.74,0.18088888888888888,True,False
2330,33,20.669999999999998,0.18053703703703705,True,False
2331,26,20.74,0.18018518518518523,True,False
2332,27,20.729999999999997,0.1798333333333334,True,False
2333,25,20.75,0.17948148148148146,True,False
2334,27,20.729999999999997,0.17912962962962964,True,False
2335,29,20.709999999999997,0.1787777777777778,True,False
2336,26,20.74,0.178425925925926,True,False
2337,26,20.74,0.17807407407407416,True,False
2338,33,20.669999999999998,0.17772222222222234,True,False
2339,28,20.72,0.1773703703703704,True,False
2340,26,20.74,0.17701851851851846,True,False
2341,29,20.709999999999997,0.17666666666666664,True,False
2342,21,20.79,0.1763148148148148,True,False
2343,27,20.729999999999997,0.175962962962963,True,False
2344,25,20.75,0.17561111111111116,True,False
2345,27,20.729999999999997,0.17525925925925934,True,False
2346,27,20.729999999999997,0.1749074074074075,True,False
2347,23,20.77,0.17455555555555557,True,False
2348,31,20.689999999999998,0.17420370370370375,True,False
2349,25,20.75,0.17385185185185192,True,False
2350,22,20.779999999999998,0.1735,True,False
2351,22,20.779999999999998,0.17314814814814816,True,False
2352,26,20.74,0.17279629629629634,True,False
2353,33,20.669999999999998,0.1724444444444445,True,False
2354,34,20.659999999999997,0.17209259259259257,True,False
2355,24,20.759999999999998,0.17174074074074075,True,False
2356,25,20.75,0.17138888888888892,True,False
2357,21,20.79,0.1710370370370371,True,False
2358,24,20.759999999999998,0.17068518518518527,True,False
2359,27,20.729999999999997,0.17033333333333345,True,False
2360,24,20.759999999999998,0.16998148148148162,True,False
2361,25,20.75,0.16962962962962957,True,False
2362,36,20.639999999999997,0.16927777777777775,True,False
2363,28,20.72,0.16892592592592592,True,False
2364,21,20.79,0.1685740740740741,True,False
2365,24,20.759999999999998,0.16822222222222227,True,False
2366,26,20.74,0.16787037037037045,True,False
2367,23,20.77,0.1675185185185185,True,False
2368,30,20.7,0.16716666666666669,True,False
2369,28,20.72,0.16681481481481486,True,False
2370,23,20.77,0.16646296296296303,True,False
2371,28,20.72,0.1661111111111112,True,False
2372,24,20.759999999999998,0.16575925925925927,True,False
2373,24,20.759999999999998,0.16540740740740745,True,False
2374,24,20.759999999999998,0.1650555555555555,True,False
2375,27,20.729999999999997,0.16470370370370369,True,False
2376,33,20.669999999999998,0.16435185185185186,True,False
2377,29,20.709999999999997,0.16400000000000003,True,False
2378,24,20.759999999999998,0.1636481481481482,True,False
2379,28,20.72,0.16329629629629638,True,False
2380,23,20.77,0.16294444444444456,True,False
2381,30,20.7,0.16259259259259262,True,False
2382,27,20.729999999999997,0.1622407407407408,True,False
2383,26,20.74,0.16188888888888886,True,False
2384,29,20.709999999999997,0.16153703703703703,True,False
2385,28,20.72,0.1611851851851852,True,False
2386,25,20.75,0.16083333333333338,True,False
2387,26,20.74,0.16048148148148156,True,False
2388,23,20.77,0.16012962962962962,True,False
2389,29,20.709999999999997,0.1597777777777778,True,False
2390,22,20.779999999999998,0.15942592592592597,True,False
2391,23,20.77,0.15907407407407415,True,False
2392,27,20.729999999999997,0.15872222222222232,True,False
2393,26,20.74,0.1583703703703705,True,False
2394,22,20.779999999999998,0.15801851851851856,True,False
2395,25,20.75,0.15766666666666662,True,False
2396,31,20.689999999999998,0.1573148148148148,True,False
2397,23,20.77,0.15696296296296297,True,False
2398,30,20.7,0.15661111111111115,True,False
2399,26,20.74,0.15625925925925932,True,False
2400,31,20.689999999999998,0.1559074074074075,True,False
2401,27,20.729999999999997,0.15555555555555567,True,False
2402,21,20.79,0.15520370370370373,True,False
2403,28,20.72,0.1548518518518519,True,False
2404,21,20.79,0.15450000000000008,True,False
2405,24,20.759999999999998,0.15414814814814815,True,False
2406,27,20.729999999999997,0.15379629629629632,True,False
2407,30,20.7,0.1534444444444445,True,False
2408,23,20.77,0.15309259259259267,True,False
2409,21,20.79,0.15274074074074073,True,False
2410,24,20.759999999999998,0.1523888888888889,True,False
2411,21,20.79,0.15203703703703708,True,False
2412,26,20.74,0.15168518518518526,True,False
2413,29,20.709999999999997,0.15133333333333343,True,False
2414,28,20.72,0.1509814814814816,True,False
2415,28,20.72,0.15062962962962967,True,False
2416,30,20.7,0.15027777777777773,True,False
2417,26,20.74,0.1499259259259259,True,False
2418,29,20.709999999999997,0.14957407407407408,True,False
2419,24,20.759999999999998,0.14922222222222226,True,False
2420,24,20.759999999999998,0.14887037037037043,True,False
2421,23,20.77,0.1485185185185186,True,False
2422,22,20.779999999999998,0.14816666666666678,True,False
2423,24,20.759999999999998,0.14781481481481484,True,False
2424,28,20.72,0.14746296296296302,True,False
2425,21,20.79,0.1471111111111112,True,False
2426,26,20.74,0.14675925925925926,True,False
2427,24,20.759999999999998,0.14640740740740743,True,False
2428,27,20.729999999999997,0.1460555555555556,True,False
2429,25,20.75,0.14570370370370367,True,False
2430,25,20.75,0.14535185185185184,True,False
2431,26,20.74,0.14500000000000002,True,False
2432,29,20.709999999999997,0.1446481481481482,True,False
2433,27,20.729999999999997,0.14429629629629637,True,False
2434,33,20.669999999999998,0.14394444444444454,True,False
2435,26,20.74,0.14359259259259272,True,False
2436,23,20.77,0.14324074074074078,True,False
2437,25,20.75,0.14288888888888884,True,False
2438,23,20.77,0.14253703703703702,True,False
2439,27,20.729999999999997,0.1421851851851852,True,False
2440,22,20.779999999999998,0.14183333333333337,True,False
2441,28,20.72,0.14148148148148154,True,False
2442,26,20.74,0.14112962962962972,True,False
2443,23,20.77,0.14077777777777778,True,False
2444,28,20.72,0.14042592592592595,True,False
2445,22,20.779999999999998,0.14007407407407413,True,False
2446,23,20.77,0.1397222222222223,True,False
2447,27,20.729999999999997,0.13937037037037048,True,False
2448,23,20.77,0.13901851851851854,True,False
2449,25,20.75,0.13866666666666672,True,False
2450,29,20.709999999999997,0.13831481481481478,True,False
2451,26,20.74,0.13796296296296295,True,False
2452,22,20.779999999999998,0.13761111111111113,True,False
2453,23,20.77,0.1372592592592593,True,False
2454,30,20.7,0.13690740740740748,True,False
2455,24,20.759999999999998,0.13655555555555565,True,False
2456,24,20.759999999999998,0.13620370370370383,True,False
2457,22,20.779999999999998,0.1358518518518519,True,False
2458,24,20.759999999999998,0.13550000000000006,True,False
2459,25,20.75,0.13514814814814813,True,False
2460,26,20.74,0.1347962962962963,True,False
2461,23,20.77,0.13444444444444448,True,False
2462,24,20.759999999999998,0.13409259259259265,True,False
2463,24,20.759999999999998,0.13374074074074083,True,False
2464,23,20.77,0.1333888888888889,True,False
2465,26,20.74,0.13303703703703706,True,False
2466,25,20.75,0.13268518518518524,True,False
2467,24,20.759999999999998,0.1323333333333334,True,False
2468,23,20.77,0.1319814814814816,True,False
2469,26,20.74,0.13162962962962965,True,False
2470,32,20.68,0.13127777777777783,True,False
2471,22,20.779999999999998,0.1309259259259259,True,False
2472,24,20.759999999999998,0.13057407407407406,True,False
2473,32,20.68,0.13022222222222224,True,False
2474,27,20.729999999999997,0.1298703703703704,True,False
2475,27,20.729999999999997,0.1295185185185186,True,False
2476,28,20.72,0.12916666666666676,True,False
2477,23,20.77,0.12881481481481494,True,False
2478,26,20.74,0.128462962962963,True,False
2479,24,20.759999999999998,0.12811111111111118,True,False
2480,22,20.779999999999998,0.12775925925925924,True,False
2481,21,20.79,0.1274074074074074,True,False
2482,23,20.77,0.1270555555555556,True,False
2483,24,20.759999999999998,0.12670370370370376,True,False
2484,29,20.709999999999997,0.12635185185185194,True,False
2485,21,20.79,0.126,True,False
2486,27,20.729999999999997,0.12564814814814818,True,False
2487,26,20.74,0.12529629629629635,True,False
2488,25,20.75,0.12494444444444452,True,False
2489,21,20.79,0.1245925925925927,True,False
2490,23,20.77,0.12424074074074087,True,False
2491,23,20.77,0.12388888888888883,True,False
2492,26,20.74,0.123537037037037,True,False
2493,27,20.729999999999997,0.12318518518518518,True,False
2494,21,20.79,0.12283333333333335,True,False
2495,24,20.759999999999998,0.12248148148148152,True,False
2496,28,20.72,0.1221296296296297,True,False
2497,27,20.729999999999997,0.12177777777777787,True,False
2498,24,20.759999999999998,0.12142592592592594,True,False
2499,28,20.72,0.12107407407407411,True,False
2500,23,20.77,0.12072222222222229,True,False
2501,27,20.729999999999997,0.12037037037037046,True,False
2502,30,20.7,0.12001851851851852,True,False
2503,23,20.77,0.1196666666666667,True,False
2504,24,20.759999999999998,0.11931481481481487,True,False
2505,27,20.729999999999997,0.11896296296296294,True,False
2506,23,20.77,0.11861111111111111,True,False
2507,25,20.75,0.11825925925925929,True,False
2508,23,20.77,0.11790740740740746,True,False
2509,23,20.77,0.11755555555555564,True,False
2510,29,20.709999999999997,0.11720370370370381,True,False
2511,23,20.77,0.11685185185185198,True,False
2512,27,20.729999999999997,0.11650000000000005,True,False
2513,28,20.72,0.11614814814814811,True,False
2514,28,20.72,0.11579629629629629,True,False
2515,23,20.77,0.11544444444444446,True,False
2516,25,20.75,0.11509259259259264,True,False
2517,23,20.77,0.11474074074074081,True,False
2518,25,20.75,0.11438888888888898,True,False
2519,23,20.77,0.11403703703703705,True,False
2520,21,20.79,0.11368518518518522,True,False
2521,25,20.75,0.1133333333333334,True,False
2522,24,20.759999999999998,0.11298148148148157,True,False
2523,22,20.779999999999998,0.11262962962962964,True,False
2524,26,20.74,0.11227777777777781,True,False
2525,29,20.709999999999997,0.11192592592592598,True,False
2526,21,20.79,0.11157407407407405,True,False
2527,24,20.759999999999998,0.11122222222222222,True,False
2528,22,20.779999999999998,0.1108703703703704,True,False
2529,23,20.77,0.11051851851851857,True,False
2530,25,20.75,0.11016666666666675,True,False
2531,22,20.779999999999998,0.10981481481481492,True,False
2532,23,20.77,0.1094629629629631,True,False
2533,25,20.75,0.10911111111111116,True,False
2534,25,20.75,0.10875925925925922,True,False
2535,24,20.759999999999998,0.1084074074074074,True,False
2536,23,20.77,0.10805555555555557,True,False
2537,21,20.79,0.10770370370370375,True,False
2538,25,20.75,0.10735185185185192,True,False
2539,21,20.79,0.1070000000000001,True,False
2540,23,20.77,0.10664814814814816,True,False
2541,27,20.729999999999997,0.10629629629629633,True,False
2542,29,20.709999999999997,0.10594444444444451,True,False
2543,24,20.759999999999998,0.10559259259259268,True,False
2544,21,20.79,0.10524074074074086,True,False
2545,23,20.77,0.10488888888888892,True,False
2546,33,20.669999999999998,0.1045370370370371,True,False
2547,23,20.77,0.10418518518518516,True,False
2548,22,20.779999999999998,0.10383333333333333,True,False
2549,21,20.79,0.10348148148148151,True,False
2550,23,20.77,0.10312962962962968,True,False
2551,25,20.75,0.10277777777777786,True,False
2552,24,20.759999999999998,0.10242592592592603,True,False
2553,23,20.77,0.1020740740740741,True,False
2554,25,20.75,0.10172222222222227,True,False
2555,24,20.759999999999998,0.10137037037037044,True,False
2556,21,20.79,0.10101851851851851,True,False
2557,24,20.759999999999998,0.10066666666666668,True,False
2558,24,20.759999999999998,0.10031481481481486,True,False
2559,26,20.74,0.09996296296296303,True,False
2560,24,20.759999999999998,0.0996111111111111,True,False
2561,25,20.75,0.09925925925925927,True,False
2562,23,20.77,0.09890740740740744,True,False
2563,27,20.729999999999997,0.09855555555555562,True,False
2564,22,20.779999999999998,0.09820370370370379,True,False
2565,24,20.759999999999998,0.09785185185185197,True,False
2566,25,20.75,0.09750000000000003,True,False
2567,23,20.77,0.0971481481481481,True,False
2568,22,20.779999999999998,0.09679629629629627,True,False
2569,25,20.75,0.09644444444444444,True,False
2570,23,20.77,0.09609259259259262,True,False
2571,24,20.759999999999998,0.09574074074074079,True,False
2572,23,20.77,0.09538888888888897,True,False
2573,25,20.75,0.09503703703703714,True,False
2574,23,20.77,0.0946851851851852,True,False
2575,22,20.779999999999998,0.09433333333333338,True,False
2576,22,20.779999999999998,0.09398148148148155,True,False
2577,21,20.79,0.09362962962962962,True,False
2578,22,20.779999999999998,0.09327777777777779,True,False
2579,27,20.729999999999997,0.09292592592592597,True,False
2580,27,20.729999999999997,0.09257407407407414,True,False
2581,23,20.77,0.0922222222222222,True,False
2582,26,20.74,0.09187037037037038,True,False
2583,21,20.79,0.09151851851851855,True,False
2584,28,20.72,0.09116666666666673,True,False
2585,21,20.79,0.0908148148148149,True,False
2586,27,20.729999999999997,0.09046296296296308,True,False
2587,21,20.79,0.09011111111111125,True,False
2588,25,20.75,0.0897592592592592,True,False
2589,21,20.79,0.08940740740740738,True,False
2590,21,20.79,0.08905555555555555,True,False
2591,24,20.759999999999998,0.08870370370370373,True,False
2592,21,20.79,0.0883518518518519,True,False
2593,23,20.77,0.08800000000000008,True,False
2594,21,20.79,0.08764814814814825,True,False
2595,22,20.779999999999998,0.08729629629629632,True,False
2596,26,20.74,0.08694444444444449,True,False
2597,22,20.779999999999998,0.08659259259259267,True,False
2598,21,20.79,0.08624074074074084,True,False
2599,26,20.74,0.0858888888888889,True,False
2600,21,20.79,0.08553703703703708,True,False
2601,25,20.75,0.08518518518518525,True,False
2602,28,20.72,0.08483333333333332,True,False
2603,23,20.77,0.08448148148148149,True,False
2604,22,20.779999999999998,0.08412962962962967,True,False
2605,24,20.759999999999998,0.08377777777777784,True,False
2606,25,20.75,0.08342592592592601,True,False
2607,23,20.77,0.08307407407407419,True,False
2608,24,20.759999999999998,0.08272222222222236,True,False
2609,23,20.77,0.08237037037037043,True,False
2610,21,20.79,0.08201851851851849,True,False
2611,25,20.75,0.08166666666666667,True,False
2612,21,20.79,0.08131481481481484,True,False
2613,23,20.77,0.08096296296296301,True,False
2614,25,20.75,0.08061111111111119,True,False
2615,24,20.759999999999998,0.08025925925925925,True,False
2616,22,20.779999999999998,0.07990740740740743,True,False
2617,23,20.77,0.0795555555555556,True,False
2618,23,20.77,0.07920370370370378,True,False
2619,23,20.77,0.07885185185185195,True,False
2620,25,20.75,0.07850000000000001,True,False
2621,21,20.79,0.07814814814814819,True,False
2622,25,20.75,0.07779629629629625,True,False
2623,21,20.79,0.07744444444444443,True,False
2624,23,20.77,0.0770925925925926,True,False
2625,24,20.759999999999998,0.07674074074074078,True,False
2626,25,20.75,0.07638888888888895,True,False
2627,21,20.79,0.07603703703703713,True,False
2628,25,20.75,0.0756851851851853,True,False
2629,23,20.77,0.07533333333333336,True,False
2630,22,20.779999999999998,0.07498148148148154,True,False
2631,24,20.759999999999998,0.0746296296296296,True,False
2632,21,20.79,0.07427777777777778,True,False
2633,25,20.75,0.07392592592592595,True,False
2634,25,20.75,0.07357407407407413,True,False
2635,23,20.77,0.0732222222222223,True,False
2636,26,20.74,0.07287037037037036,True,False
2637,21,20.79,0.07251851851851854,True,False
2638,22,20.779999999999998,0.07216666666666671,True,False
2639,23,20.77,0.07181481481481489,True,False
2640,21,20.79,0.07146296296296306,True,False
2641,21,20.79,0.07111111111111124,True,False
2642,25,20.75,0.0707592592592593,True,False
2643,21,20.79,0.07040740740740736,True,False
2644,21,20.79,0.07005555555555554,True,False
2645,23,20.77,0.06970370370370371,True,False
2646,23,20.77,0.06935185185185189,True,False
2647,26,20.74,0.06900000000000006,True,False
2648,22,20.779999999999998,0.06864814814814824,True,False
2649,21,20.79,0.06829629629629641,True,False
2650,25,20.75,0.06794444444444447,True,False
2651,27,20.729999999999997,0.06759259259259265,True,False
2652,23,20.77,0.06724074074074082,True,False
2653,21,20.79,0.06688888888888889,True,False
2654,21,20.79,0.06653703703703706,True,False
2655,25,20.75,0.06618518518518524,True,False
2656,25,20.75,0.06583333333333341,True,False
2657,23,20.77,0.06548148148148147,True,False
2658,24,20.759999999999998,0.06512962962962965,True,False
2659,22,20.779999999999998,0.06477777777777782,True,False
2660,21,20.79,0.064425925925926,True,False
2661,23,20.77,0.06407407407407417,True,False
2662,23,20.77,0.06372222222222235,True,False
2663,21,20.79,0.06337037037037041,True,False
2664,22,20.779999999999998,0.06301851851851847,True,False
2665,21,20.79,0.06266666666666665,True,False
2666,25,20.75,0.06231481481481482,True,False
2667,22,20.779999999999998,0.061962962962963,True,False
2668,21,20.79,0.06161111111111117,True,False
2669,21,20.79,0.06125925925925935,True,False
2670,24,20.759999999999998,0.06090740740740752,True,False
2671,24,20.759999999999998,0.060555555555555585,True,False
2672,25,20.75,0.06020370370370376,True,False
2673,21,20.79,0.059851851851851934,True,False
2674,22,20.779999999999998,0.0595,True,False
2675,22,20.779999999999998,0.05914814814814817,True,False
2676,21,20.79,0.058796296296296346,True,False
2677,22,20.779999999999998,0.05844444444444441,True,False
2678,21,20.79,0.058092592592592585,True,False
2679,22,20.779999999999998,0.05774074074074076,True,False
2680,23,20.77,0.057388888888888934,True,False
2681,21,20.79,0.05703703703703711,True,False
2682,23,20.77,0.05668518518518528,True,False
2683,23,20.77,0.05633333333333346,True,False
2684,21,20.79,0.05598148148148152,True,False
2685,21,20.79,0.055629629629629584,True,False
2686,22,20.779999999999998,0.05527777777777776,True,False
2687,21,20.79,0.054925925925925934,True,False
2688,23,20.77,0.05457407407407411,True,False
2689,21,20.79,0.05422222222222228,True,False
2690,26,20.74,0.05387037037037046,True,False
2691,21,20.79,0.05351851851851852,True,False
2692,21,20.79,0.053166666666666695,True,False
2693,21,20.79,0.05281481481481487,True,False
2694,23,20.77,0.052462962962963045,True,False
2695,22,20.779999999999998,0.05211111111111122,True,False
2696,24,20.759999999999998,0.05175925925925928,True,False
2697,23,20.77,0.05140740740740746,True,False
2698,21,20.79,0.05105555555555552,True,False
2699,21,20.79,0.050703703703703695,True,False
2700,22,20.779999999999998,0.05035185185185187,True,False
2701,21,20.79,0.050000000000000044,True,False
2702,23,20.77,0.050000000000000044,True,False
2703,21,20.79,0.050000000000000044,True,False
2704,26,20.74,0.050000000000000044,True,False
2705,23,20.77,0.050000000000000044,True,False
2706,21,20.79,0.050000000000000044,True,False
2707,21,20.79,0.050000000000000044,True,False
2708,21,20.79,0.050000000000000044,True,False
2709,21,20.79,0.050000000000000044,True,False
2710,21,20.79,0.050000000000000044,True,False
2711,24,20.759999999999998,0.050000000000000044,True,False
2712,23,20.77,0.050000000000000044,True,False
2713,25,20.75,0.050000000000000044,True,False
2714,25,20.75,0.050000000000000044,True,False
2715,21,20.79,0.050000000000000044,True,False
2716,24,20.759999999999998,0.050000000000000044,True,False
2717,21,20.79,0.050000000000000044,True,False
2718,23,20.77,0.050000000000000044,True,False
2719,21,20.79,0.050000000000000044,True,False
2720,23,20.77,0.050000000000000044,True,False
2721,21,20.79,0.050000000000000044,True,False
2722,21,20.79,0.050000000000000044,True,False
2723,24,20.759999999999998,0.050000000000000044,True,False
2724,21,20.79,0.050000000000000044,True,False
2725,23,20.77,0.050000000000000044,True,False
2726,21,20.79,0.050000000000000044,True,False
2727,21,20.79,0.050000000000000044,True,False
2728,21,20.79,0.050000000000000044,True,False
2729,23,20.77,0.050000000000000044,True,False
2730,21,20.79,0.050000000000000044,True,False
2731,21,20.79,0.050000000000000044,True,False
2732,26,20.74,0.050000000000000044,True,False
2733,23,20.77,0.050000000000000044,True,False
2734,21,20.79,0.050000000000000044,True,False
2735,23,20.77,0.050000000000000044,True,False
2736,24,20.759999999999998,0.050000000000000044,True,False
2737,27,20.729999999999997,0.050000000000000044,True,False
2738,22,20.779999999999998,0.050000000000000044,True,False
2739,22,20.779999999999998,0.050000000000000044,True,False
2740,24,20.759999999999998,0.050000000000000044,True,False
2741,21,20.79,0.050000000000000044,True,False
2742,23,20.77,0.050000000000000044,True,False
2743,25,20.75,0.050000000000000044,True,False
2744,21,20.79,0.050000000000000044,True,False
2745,23,20.77,0.050000000000000044,True,False
2746,23,20.77,0.050000000000000044,True,False
2747,21,20.79,0.050000000000000044,True,False
2748,21,20.79,0.050000000000000044,True,False
2749,21,20.79,0.050000000000000044,True,False
2750,21,20.79,0.050000000000000044,True,False
2751,21,20.79,0.050000000000000044,True,False
2752,22,20.779999999999998,0.050000000000000044,True,False
2753,21,20.79,0.050000000000000044,True,False
2754,21,20.79,0.050000000000000044,True,False
2755,23,20.77,0.050000000000000044,True,False
2756,21,20.79,0.050000000000000044,True,False
2757,21,20.79,0.050000000000000044,True,False
2758,23,20.77,0.050000000000000044,True,False
2759,21,20.79,0.050000000000000044,True,False
2760,23,20.77,0.050000000000000044,True,False
2761,23,20.77,0.050000000000000044,True,False
2762,21,20.79,0.050000000000000044,True,False
2763,23,20.77,0.050000000000000044,True,False
2764,21,20.79,0.050000000000000044,True,False
2765,21,20.79,0.050000000000000044,True,False
2766,21,20.79,0.050000000000000044,True,False
2767,22,20.779999999999998,0.050000000000000044,True,False
2768,21,20.79,0.050000000000000044,True,False
2769,26,20.74,0.050000000000000044,True,False
2770,21,20.79,0.050000000000000044,True,False
2771,23,20.77,0.050000000000000044,True,False
2772,23,20.77,0.050000000000000044,True,False
2773,21,20.79,0.050000000000000044,True,False
2774,21,20.79,0.050000000000000044,True,False
2775,21,20.79,0.050000000000000044,True,False
2776,26,20.74,0.050000000000000044,True,False
2777,23,20.77,0.050000000000000044,True,False
2778,24,20.759999999999998,0.050000000000000044,True,False
2779,24,20.759999999999998,0.050000000000000044,True,False
2780,21,20.79,0.050000000000000044,True,False
2781,25,20.75,0.050000000000000044,True,False
2782,23,20.77,0.050000000000000044,True,False
2783,21,20.79,0.050000000000000044,True,False
2784,21,20.79,0.050000000000000044,True,False
2785,21,20.79,0.050000000000000044,True,False
2786,23,20.77,0.050000000000000044,True,False
2787,23,20.77,0.050000000000000044,True,False
2788,24,20.759999999999998,0.050000000000000044,True,False
2789,21,20.79,0.050000000000000044,True,False
2790,25,20.75,0.050000000000000044,True,False
2791,21,20.79,0.050000000000000044,True,False
2792,21,20.79,0.050000000000000044,True,False
2793,21,20.79,0.050000000000000044,True,False
2794,22,20.779999999999998,0.050000000000000044,True,False
2795,21,20.79,0.050000000000000044,True,False
2796,21,20.79,0.050000000000000044,True,False
2797,26,20.74,0.050000000000000044,True,False
2798,21,20.79,0.050000000000000044,True,False
2799,21,20.79,0.050000000000000044,True,False
2800,21,20.79,0.050000000000000044,True,False
2801,21,20.79,0.050000000000000044,True,False
2802,25,20.75,0.050000000000000044,True,False
2803,21,20.79,0.050000000000000044,True,False
2804,25,20.75,0.050000000000000044,True,False
2805,21,20.79,0.050000000000000044,True,False
2806,22,20.779999999999998,0.050000000000000044,True,False
2807,21,20.79,0.050000000000000044,True,False
2808,21,20.79,0.050000000000000044,True,False
2809,21,20.79,0.050000000000000044,True,False
2810,23,20.77,0.050000000000000044,True,False
2811,22,20.779999999999998,0.050000000000000044,True,False
2812,21,20.79,0.050000000000000044,True,False
2813,21,20.79,0.050000000000000044,True,False
2814,22,20.779999999999998,0.050000000000000044,True,False
2815,21,20.79,0.050000000000000044,True,False
2816,25,20.75,0.050000000000000044,True,False
2817,21,20.79,0.050000000000000044,True,False
2818,21,20.79,0.050000000000000044,True,False
2819,21,20.79,0.050000000000000044,True,False
2820,21,20.79,0.050000000000000044,True,False
2821,21,20.79,0.050000000000000044,True,False
2822,23,20.77,0.050000000000000044,True,False
2823,21,20.79,0.050000000000000044,True,False
2824,21,20.79,0.050000000000000044,True,False
2825,21,20.79,0.050000000000000044,True,False
2826,21,20.79,0.050000000000000044,True,False
2827,21,20.79,0.050000000000000044,True,False
2828,25,20.75,0.050000000000000044,True,False
2829,21,20.79,0.050000000000000044,True,False
2830,21,20.79,0.050000000000000044,True,False
2831,21,20.79,0.050000000000000044,True,False
2832,21,20.79,0.050000000000000044,True,False
2833,21,20.79,0.050000000000000044,True,False
2834,23,20.77,0.050000000000000044,True,False
2835,23,20.77,0.050000000000000044,True,False
2836,21,20.79,0.050000000000000044,True,False
2837,24,20.759999999999998,0.050000000000000044,True,False
2838,21,20.79,0.050000000000000044,True,False
2839,21,20.79,0.050000000000000044,True,False
2840,23,20.77,0.050000000000000044,True,False
2841,21,20.79,0.050000000000000044,True,False
2842,21,20.79,0.050000000000000044,True,False
2843,22,20.779999999999998,0.050000000000000044,True,False
2844,21,20.79,0.050000000000000044,True,False
2845,23,20.77,0.050000000000000044,True,False
2846,23,20.77,0.050000000000000044,True,False
2847,25,20.75,0.050000000000000044,True,False
2848,21,20.79,0.050000000000000044,True,False
2849,23,20.77,0.050000000000000044,True,False
2850,29,20.709999999999997,0.050000000000000044,True,False
2851,23,20.77,0.050000000000000044,True,False
2852,21,20.79,0.050000000000000044,True,False
2853,23,20.77,0.050000000000000044,True,False
2854,21,20.79,0.050000000000000044,True,False
2855,21,20.79,0.050000000000000044,True,False
2856,21,20.79,0.050000000000000044,True,False
2857,22,20.779999999999998,0.050000000000000044,True,False
2858,26,20.74,0.050000000000000044,True,False
2859,22,20.779999999999998,0.050000000000000044,True,False
2860,21,20.79,0.050000000000000044,True,False
2861,23,20.77,0.050000000000000044,True,False
2862,21,20.79,0.050000000000000044,True,False
2863,23,20.77,0.050000000000000044,True,False
2864,21,20.79,0.050000000000000044,True,False
2865,21,20.79,0.050000000000000044,True,False
2866,21,20.79,0.050000000000000044,True,False
2867,23,20.77,0.050000000000000044,True,False
2868,23,20.77,0.050000000000000044,True,False
2869,24,20.759999999999998,0.050000000000000044,True,False
2870,23,20.77,0.050000000000000044,True,False
2871,23,20.77,0.050000000000000044,True,False
2872,25,20.75,0.050000000000000044,True,False
2873,21,20.79,0.050000000000000044,True,False
2874,23,20.77,0.050000000000000044,True,False
2875,21,20.79,0.050000000000000044,True,False
2876,23,20.77,0.050000000000000044,True,False
2877,22,20.779999999999998,0.050000000000000044,True,False
2878,25,20.75,0.050000000000000044,True,False
2879,22,20.779999999999998,0.050000000000000044,True,False
2880,21,20.79,0.050000000000000044,True,False
2881,21,20.79,0.050000000000000044,True,False
2882,21,20.79,0.050000000000000044,True,False
2883,25,20.75,0.050000000000000044,True,False
2884,21,20.79,0.050000000000000044,True,False
2885,22,20.779999999999998,0.050000000000000044,True,False
2886,21,20.79,0.050000000000000044,True,False
2887,23,20.77,0.050000000000000044,True,False
2888,21,20.79,0.050000000000000044,True,False
2889,21,20.79,0.050000000000000044,True,False
2890,21,20.79,0.050000000000000044,True,False
2891,21,20.79,0.050000000000000044,True,False
2892,23,20.77,0.050000000000000044,True,False
2893,21,20.79,0.050000000000000044,True,False
2894,21,20.79,0.050000000000000044,True,False
2895,21,20.79,0.050000000000000044,True,False
2896,23,20.77,0.050000000000000044,True,False
2897,21,20.79,0.050000000000000044,True,False
2898,21,20.79,0.050000000000000044,True,False
2899,21,20.79,0.050000000000000044,True,False
2900,21,20.79,0.050000000000000044,True,False
2901,23,20.77,0.050000000000000044,True,False
2902,21,20.79,0.050000000000000044,True,False
2903,21,20.79,0.050000000000000044,True,False
2904,28,20.72,0.050000000000000044,True,False
2905,26,20.74,0.050000000000000044,True,False
2906,22,20.779999999999998,0.050000000000000044,True,False
2907,21,20.79,0.050000000000000044,True,False
2908,25,20.75,0.050000000000000044,True,False
2909,22,20.779999999999998,0.050000000000000044,True,False
2910,21,20.79,0.050000000000000044,True,False
2911,22,20.779999999999998,0.050000000000000044,True,False
2912,21,20.79,0.050000000000000044,True,False
2913,23,20.77,0.050000000000000044,True,False
2914,25,20.75,0.050000000000000044,True,False
2915,23,20.77,0.050000000000000044,True,False
2916,22,20.779999999999998,0.050000000000000044,True,False
2917,21,20.79,0.050000000000000044,True,False
2918,21,20.79,0.050000000000000044,True,False
2919,23,20.77,0.050000000000000044,True,False
2920,22,20.779999999999998,0.050000000000000044,True,False
2921,21,20.79,0.050000000000000044,True,False
2922,23,20.77,0.050000000000000044,True,False
2923,21,20.79,0.050000000000000044,True,False
2924,23,20.77,0.050000000000000044,True,False
2925,23,20.77,0.050000000000000044,True,False
2926,21,20.79,0.050000000000000044,True,False
2927,23,20.77,0.050000000000000044,True,False
2928,27,20.729999999999997,0.050000000000000044,True,False
2929,21,20.79,0.050000000000000044,True,False
2930,21,20.79,0.050000000000000044,True,False
2931,23,20.77,0.050000000000000044,True,False
2932,25,20.75,0.050000000000000044,True,False
2933,23,20.77,0.050000000000000044,True,False
2934,21,20.79,0.050000000000000044,True,False
2935,23,20.77,0.050000000000000044,True,False
2936,21,20.79,0.050000000000000044,True,False
2937,21,20.79,0.050000000000000044,True,False
2938,22,20.779999999999998,0.050000000000000044,True,False
2939,21,20.79,0.050000000000000044,True,False
2940,22,20.779999999999998,0.050000000000000044,True,False
2941,22,20.779999999999998,0.050000000000000044,True,False
2942,21,20.79,0.050000000000000044,True,False
2943,21,20.79,0.050000000000000044,True,False
2944,21,20.79,0.050000000000000044,True,False
2945,21,20.79,0.050000000000000044,True,False
2946,21,20.79,0.050000000000000044,True,False
2947,24,20.759999999999998,0.050000000000000044,True,False
2948,27,20.729999999999997,0.050000000000000044,True,False
2949,21,20.79,0.050000000000000044,True,False
2950,23,20.77,0.050000000000000044,True,False
2951,23,20.77,0.050000000000000044,True,False
2952,23,20.77,0.050000000000000044,True,False
2953,21,20.79,0.050000000000000044,True,False
2954,23,20.77,0.050000000000000044,True,False
2955,22,20.779999999999998,0.050000000000000044,True,False
2956,21,20.79,0.050000000000000044,True,False
2957,22,20.779999999999998,0.050000000000000044,True,False
2958,24,20.759999999999998,0.050000000000000044,True,False
2959,22,20.779999999999998,0.050000000000000044,True,False
2960,21,20.79,0.050000000000000044,True,False
2961,23,20.77,0.050000000000000044,True,False
2962,24,20.759999999999998,0.050000000000000044,True,False
2963,23,20.77,0.050000000000000044,True,False
2964,23,20.77,0.050000000000000044,True,False
2965,21,20.79,0.050000000000000044,True,False
2966,25,20.75,0.050000000000000044,True,False
2967,21,20.79,0.050000000000000044,True,False
2968,23,20.77,0.050000000000000044,True,False
2969,23,20.77,0.050000000000000044,True,False
2970,23,20.77,0.050000000000000044,True,False
2971,23,20.77,0.050000000000000044,True,False
2972,22,20.779999999999998,0.050000000000000044,True,False
2973,23,20.77,0.050000000000000044,True,False
2974,21,20.79,0.050000000000000044,True,False
2975,22,20.779999999999998,0.050000000000000044,True,False
2976,23,20.77,0.050000000000000044,True,False
2977,21,20.79,0.050000000000000044,True,False
2978,23,20.77,0.050000000000000044,True,False
2979,22,20.779999999999998,0.050000000000000044,True,False
2980,27,20.729999999999997,0.050000000000000044,True,False
2981,23,20.77,0.050000000000000044,True,False
2982,21,20.79,0.050000000000000044,True,False
2983,26,20.74,0.050000000000000044,True,False
2984,22,20.779999999999998,0.050000000000000044,True,False
2985,23,20.77,0.050000000000000044,True,False
2986,25,20.75,0.050000000000000044,True,False
2987,21,20.79,0.050000000000000044,True,False
2988,23,20.77,0.050000000000000044,True,False
2989,21,20.79,0.050000000000000044,True,False
2990,23,20.77,0.050000000000000044,True,False
2991,21,20.79,0.050000000000000044,True,False
2992,21,20.79,0.050000000000000044,True,False
2993,25,20.75,0.050000000000000044,True,False
2994,21,20.79,0.050000000000000044,True,False
2995,26,20.74,0.050000000000000044,True,False
2996,21,20.79,0.050000000000000044,True,False
2997,21,20.79,0.050000000000000044,True,False
2998,22,20.779999999999998,0.050000000000000044,True,False
2999,21,20.79,0.050000000000000044,True,False
3000,21,20.79,0.050000000000000044,True,False
