episode,steps,totalReward,epsilon,completed,died
1,400,-1.9999999999999993,1.0,False,False
2,400,-2.9999999999999627,0.9996481481481482,False,False
3,400,-2.999999999999959,0.9992962962962963,False,False
4,400,-2.999999999999981,0.9989444444444444,False,False
5,400,-2.000000000000003,0.9985925925925926,False,False
6,400,-2.9999999999999805,0.9982407407407408,False,False
7,400,-2.999999999999981,0.9978888888888889,False,False
8,400,-2.000000000000003,0.997537037037037,False,False
9,400,-2.9999999999999707,0.9971851851851852,False,False
10,400,-2.0000000000000027,0.9968333333333333,False,False
11,400,-2.0000000000000027,0.9964814814814815,False,False
12,400,-2.0000000000000027,0.9961296296296296,False,False
13,400,-3.9999999999999587,0.9957777777777778,False,False
14,400,-2.9999999999999805,0.9954259259259259,False,False
15,400,-3.9999999999999587,0.9950740740740741,False,False
16,400,-1.9999999999999947,0.9947222222222222,False,False
17,400,-2.999999999999981,0.9943703703703703,False,False
18,400,-2.999999999999959,0.9940185185185185,False,False
19,400,-2.9999999999999805,0.9936666666666667,False,False
20,400,-2.0000000000000013,0.9933148148148148,False,False
21,400,-1.9999999999999987,0.9929629629629629,False,False
22,400,-2.0000000000000027,0.9926111111111111,False,False
23,400,1.687538997430238e-14,0.9922592592592593,True,False
24,400,-2.000000000000003,0.9919074074074075,False,False
25,400,-1.9999999999999891,0.9915555555555555,False,False
26,400,-3.9999999999999587,0.9912037037037037,False,False
27,400,-2.999999999999959,0.9908518518518519,False,False
28,400,-2.999999999999981,0.9905,False,False
29,400,-2.9999999999999694,0.9901481481481481,False,False
30,400,-1.999999999999996,0.9897962962962963,False,False
31,400,-2.999999999999981,0.9894444444444445,False,False
32,400,-2.999999999999981,0.9890925925925926,False,False
33,400,-2.999999999999981,0.9887407407407407,False,False
34,400,-3.9999999999999587,0.9883888888888889,False,False
35,400,-2.9999999999999805,0.988037037037037,False,False
36,400,-3.9999999999999587,0.9876851851851852,False,False
37,400,-1.999999999999999,0.9873333333333333,False,False
38,400,-2.9999999999999805,0.9869814814814815,False,False
39,400,-3.9999999999999587,0.9866296296296296,False,False
40,400,-1.9999999999999951,0.9862777777777778,False,False
41,400,-3.9999999999999587,0.9859259259259259,False,False
42,400,-2.999999999999981,0.985574074074074,False,False
43,400,-2.9999999999999805,0.9852222222222222,False,False
44,400,-3.9999999999999587,0.9848703703703704,False,False
45,400,-2.999999999999981,0.9845185185185186,False,False
46,400,-2.999999999999981,0.9841666666666666,False,False
47,400,-2.999999999999959,0.9838148148148148,False,False
48,400,-2.0000000000000027,0.983462962962963,False,False
49,400,-1.9999999999999853,0.9831111111111112,False,False
50,400,-3.9999999999999587,0.9827592592592592,False,False
51,400,-2.999999999999981,0.9824074074074074,False,False
52,400,-2.000000000000003,0.9820555555555556,False,False
53,400,-2.9999999999999805,0.9817037037037037,False,False
54,400,-2.000000000000003,0.9813518518518518,False,False
55,400,-2.999999999999967,0.981,False,False
56,400,-2.9999999999999805,0.9806481481481482,False,False
57,400,-2.000000000000003,0.9802962962962963,False,False
58,400,-2.0000000000000027,0.9799444444444444,False,False
59,400,-1.9999999999999996,0.9795925925925926,False,False
60,400,-3.9999999999999587,0.9792407407407407,False,False
61,400,-2.999999999999959,0.9788888888888889,False,False
62,400,-3.9999999999999587,0.978537037037037,False,False
63,400,-2.999999999999981,0.9781851851851852,False,False
64,400,-2.0000000000000027,0.9778333333333333,False,False
65,400,-2.9999999999999596,0.9774814814814815,False,False
66,400,-1.999999999999983,0.9771296296296297,False,False
67,400,-3.9999999999999587,0.9767777777777777,False,False
68,400,-3.9999999999999587,0.9764259259259259,False,False
69,400,-0.9999999999999829,0.9760740740740741,False,False
70,400,-2.999999999999981,0.9757222222222223,False,False
71,400,-2.999999999999981,0.9753703703703703,False,False
72,400,-0.999999999999986,0.9750185185185185,False,False
73,400,-2.9999999999999623,0.9746666666666667,False,False
74,400,-2.0000000000000027,0.9743148148148149,False,False
75,400,-2.000000000000003,0.9739629629629629,False,False
76,400,-3.9999999999999587,0.9736111111111111,False,False
77,400,-3.9999999999999587,0.9732592592592593,False,False
78,400,-2.9999999999999805,0.9729074074074074,False,False
79,400,-2.0000000000000027,0.9725555555555555,False,False
80,400,-2.9999999999999796,0.9722037037037037,False,False
81,400,-3.9999999999999587,0.9718518518518519,False,False
82,400,-2.999999999999981,0.9715,False,False
83,400,-3.9999999999999587,0.9711481481481481,False,False
84,400,-2.000000000000003,0.9707962962962963,False,False
85,400,-2.0000000000000027,0.9704444444444444,False,False
86,400,-2.9999999999999805,0.9700925925925926,False,False
87,400,-2.000000000000003,0.9697407407407408,False,False
88,400,-2.999999999999981,0.9693888888888889,False,False
89,400,-3.9999999999999587,0.969037037037037,False,False
90,400,-2.0000000000000027,0.9686851851851852,False,False
91,400,-2.0000000000000027,0.9683333333333334,False,False
92,400,-2.000000000000003,0.9679814814814814,False,False
93,400,-3.9999999999999587,0.9676296296296296,False,False
94,400,-2.999999999999981,0.9672777777777778,False,False
95,400,-3.9999999999999587,0.966925925925926,False,False
96,400,-2.0000000000000027,0.966574074074074,False,False
97,400,-2.0000000000000027,0.9662222222222222,False,False
98,400,-2.9999999999999805,0.9658703703703704,False,False
99,400,-2.000000000000003,0.9655185185185186,False,False
100,400,-2.999999999999959,0.9651666666666666,False,False
101,400,-2.999999999999959,0.9648148148148148,False,False
102,400,-3.9999999999999587,0.964462962962963,False,False
103,400,-2.999999999999981,0.9641111111111111,False,False
104,400,-2.0000000000000027,0.9637592592592592,False,False
105,400,-2.999999999999959,0.9634074074074074,False,False
106,400,-2.999999999999981,0.9630555555555556,False,False
107,400,-2.9999999999999805,0.9627037037037037,False,False
108,400,-0.9999999999999913,0.9623518518518519,False,False
109,400,-2.9999999999999805,0.962,False,False
110,400,-2.999999999999981,0.9616481481481481,False,False
111,400,-2.9999999999999805,0.9612962962962963,False,False
112,400,-2.0000000000000027,0.9609444444444445,False,False
113,400,-2.999999999999981,0.9605925925925926,False,False
114,400,-2.0000000000000027,0.9602407407407407,False,False
115,400,-2.999999999999981,0.9598888888888889,False,False
116,400,-2.0000000000000027,0.9595370370370371,False,False
117,400,-2.9999999999999805,0.9591851851851851,False,False
118,400,-2.9999999999999805,0.9588333333333333,False,False
119,400,-2.0000000000000027,0.9584814814814815,False,False
120,400,-2.0000000000000027,0.9581296296296297,False,False
121,400,-2.0000000000000027,0.9577777777777777,False,False
122,400,-2.999999999999972,0.9574259259259259,False,False
123,400,-2.9999999999999805,0.9570740740740741,False,False
124,400,-2.999999999999959,0.9567222222222223,False,False
125,400,-2.999999999999981,0.9563703703703703,False,False
126,400,-2.999999999999959,0.9560185185185185,False,False
127,400,-2.9999999999999605,0.9556666666666667,False,False
128,400,-2.999999999999959,0.9553148148148148,False,False
129,400,-3.9999999999999587,0.954962962962963,False,False
130,400,-3.9999999999999587,0.9546111111111111,False,False
131,400,-2.000000000000003,0.9542592592592593,False,False
132,400,-2.9999999999999805,0.9539074074074074,False,False
133,400,-2.000000000000003,0.9535555555555556,False,False
134,400,-2.999999999999981,0.9532037037037037,False,False
135,400,-2.999999999999981,0.9528518518518518,False,False
136,400,-2.9999999999999805,0.9525,False,False
137,400,-2.0000000000000027,0.9521481481481482,False,False
138,400,-2.999999999999959,0.9517962962962963,False,False
139,400,-2.9999999999999805,0.9514444444444444,False,False
140,400,-2.9999999999999805,0.9510925925925926,False,False
141,400,-2.999999999999981,0.9507407407407408,False,False
142,400,-3.9999999999999587,0.9503888888888888,False,False
143,400,-3.9999999999999587,0.950037037037037,False,False
144,400,-2.0000000000000027,0.9496851851851852,False,False
145,400,-2.9999999999999805,0.9493333333333334,False,False
146,400,-1.9999999999999867,0.9489814814814814,False,False
147,400,-2.000000000000003,0.9486296296296296,False,False
148,400,-2.0000000000000027,0.9482777777777778,False,False
149,400,-2.999999999999981,0.947925925925926,False,False
150,400,-2.999999999999981,0.9475740740740741,False,False
151,400,-3.9999999999999587,0.9472222222222222,False,False
152,400,-0.999999999999968,0.9468703703703704,False,False
153,400,-1.0000000000000027,0.9465185185185185,False,False
154,400,-2.0000000000000027,0.9461666666666667,False,False
155,400,-2.0000000000000027,0.9458148148148148,False,False
156,400,-2.9999999999999805,0.945462962962963,False,False
157,400,-2.0000000000000027,0.9451111111111111,False,False
158,400,-2.9999999999999805,0.9447592592592593,False,False
159,400,-2.9999999999999805,0.9444074074074074,False,False
160,400,-2.0000000000000027,0.9440555555555555,False,False
161,400,-2.9999999999999805,0.9437037037037037,False,False
162,400,-2.0000000000000027,0.9433518518518519,False,False
163,400,-2.0000000000000027,0.9430000000000001,False,False
164,400,-3.9999999999999587,0.9426481481481481,False,False
165,400,-2.999999999999966,0.9422962962962963,False,False
166,400,-2.000000000000003,0.9419444444444445,False,False
167,400,-2.0000000000000027,0.9415925925925925,False,False
168,400,-2.999999999999981,0.9412407407407407,False,False
169,400,-1.9999999999999774,0.9408888888888889,False,False
170,400,-1.9999999999999998,0.9405370370370371,False,False
171,400,-2.99999999999998,0.9401851851851852,False,False
172,400,-1.9999999999999902,0.9398333333333333,False,False
173,400,-2.0000000000000027,0.9394814814814815,False,False
174,400,-2.0000000000000027,0.9391296296296296,False,False
175,400,-2.0000000000000027,0.9387777777777778,False,False
176,400,-2.0000000000000027,0.9384259259259259,False,False
177,400,-2.0000000000000027,0.9380740740740741,False,False
178,400,-1.9999999999999973,0.9377222222222222,False,False
179,400,-1.9999999999999925,0.9373703703703704,False,False
180,400,-2.0000000000000027,0.9370185185185185,False,False
181,400,-2.999999999999976,0.9366666666666666,False,False
182,400,-2.0000000000000027,0.9363148148148148,False,False
183,400,-2.999999999999981,0.935962962962963,False,False
184,400,-2.0000000000000027,0.9356111111111111,False,False
185,400,-2.0000000000000027,0.9352592592592592,False,False
186,400,-2.0000000000000027,0.9349074074074074,False,False
187,400,-2.000000000000003,0.9345555555555556,False,False
188,400,-2.0000000000000027,0.9342037037037036,False,False
189,400,-2.9999999999999805,0.9338518518518518,False,False
190,400,-2.0000000000000027,0.9335,False,False
191,400,-2.999999999999981,0.9331481481481482,False,False
192,400,-2.999999999999981,0.9327962962962963,False,False
193,400,-2.0000000000000027,0.9324444444444444,False,False
194,400,-0.9999999999999988,0.9320925925925926,False,False
195,400,-2.9999999999999805,0.9317407407407408,False,False
196,400,-2.9999999999999805,0.9313888888888889,False,False
197,400,-2.999999999999981,0.931037037037037,False,False
198,400,-1.999999999999998,0.9306851851851852,False,False
199,400,-2.0000000000000027,0.9303333333333333,False,False
200,400,-2.9999999999999805,0.9299814814814815,False,False
201,400,-3.9999999999999587,0.9296296296296296,False,False
202,400,-3.9999999999999587,0.9292777777777778,False,False
203,400,-2.999999999999981,0.9289259259259259,False,False
204,400,-2.0000000000000013,0.9285740740740741,False,False
205,400,-3.9999999999999587,0.9282222222222223,False,False
206,400,-2.999999999999981,0.9278703703703703,False,False
207,400,-2.9999999999999805,0.9275185185185185,False,False
208,400,-2.000000000000003,0.9271666666666667,False,False
209,400,-2.000000000000003,0.9268148148148148,False,False
210,400,-2.0000000000000027,0.9264629629629629,False,False
211,400,-2.9999999999999805,0.9261111111111111,False,False
212,400,-2.9999999999999805,0.9257592592592593,False,False
213,400,-2.999999999999981,0.9254074074074075,False,False
214,400,-2.0,0.9250555555555555,False,False
215,400,-2.0000000000000027,0.9247037037037037,False,False
216,400,-1.0000000000000024,0.9243518518518519,False,False
217,400,-1.9999999999999933,0.924,False,False
218,400,-1.9999999999999618,0.9236481481481481,False,False
219,400,-2.0000000000000027,0.9232962962962963,False,False
220,400,-3.9999999999999587,0.9229444444444445,False,False
221,400,-2.0000000000000013,0.9225925925925926,False,False
222,400,-2.999999999999981,0.9222407407407407,False,False
223,400,-2.9999999999999805,0.9218888888888889,False,False
224,400,-2.9999999999999805,0.921537037037037,False,False
225,400,-2.000000000000003,0.9211851851851852,False,False
226,400,-2.000000000000003,0.9208333333333334,False,False
227,400,-2.0000000000000027,0.9204814814814815,False,False
228,400,-2.9999999999999805,0.9201296296296296,False,False
229,400,-1.9999999999999938,0.9197777777777778,False,False
230,400,-2.0000000000000027,0.9194259259259259,False,False
231,400,-2.0000000000000027,0.919074074074074,False,False
232,400,-2.0000000000000027,0.9187222222222222,False,False
233,400,-2.0000000000000027,0.9183703703703704,False,False
234,400,-2.999999999999981,0.9180185185185186,False,False
235,400,-2.999999999999981,0.9176666666666666,False,False
236,400,-2.999999999999981,0.9173148148148148,False,False
237,400,-2.0000000000000027,0.916962962962963,False,False
238,400,-2.000000000000001,0.9166111111111112,False,False
239,400,-2.9999999999999805,0.9162592592592593,False,False
240,400,-1.9999999999999911,0.9159074074074074,False,False
241,400,-1.9999999999999944,0.9155555555555556,False,False
242,400,-1.0000000000000027,0.9152037037037037,False,False
243,400,-2.0000000000000027,0.9148518518518518,False,False
244,400,-2.0000000000000027,0.9145,False,False
245,400,-2.999999999999959,0.9141481481481482,False,False
246,400,-2.999999999999981,0.9137962962962963,False,False
247,400,-2.0000000000000013,0.9134444444444445,False,False
248,400,-2.000000000000003,0.9130925925925926,False,False
249,400,-1.0000000000000027,0.9127407407407407,False,False
250,400,-2.999999999999961,0.9123888888888889,False,False
251,400,-2.000000000000003,0.9120370370370371,False,False
252,400,-2.0000000000000027,0.9116851851851852,False,False
253,400,-2.0000000000000027,0.9113333333333333,False,False
254,400,-1.0000000000000029,0.9109814814814815,False,False
255,400,-2.0000000000000027,0.9106296296296297,False,False
256,400,-2.000000000000001,0.9102777777777777,False,False
257,400,-2.0000000000000027,0.9099259259259259,False,False
258,400,-2.0000000000000027,0.9095740740740741,False,False
259,400,-2.0000000000000027,0.9092222222222223,False,False
260,400,-2.999999999999981,0.9088703703703703,False,False
261,400,-2.0,0.9085185185185185,False,False
262,400,-2.9999999999999805,0.9081666666666667,False,False
263,400,-2.9999999999999805,0.9078148148148149,False,False
264,400,-2.999999999999981,0.9074629629629629,False,False
265,400,-2.999999999999959,0.9071111111111111,False,False
266,400,-2.0000000000000027,0.9067592592592593,False,False
267,400,-2.999999999999981,0.9064074074074074,False,False
268,400,-1.999999999999997,0.9060555555555556,False,False
269,400,-0.9999999999999822,0.9057037037037037,False,False
270,400,-2.0000000000000027,0.9053518518518519,False,False
271,400,-2.0000000000000027,0.905,False,False
272,400,-3.9999999999999587,0.9046481481481481,False,False
273,400,-2.0000000000000027,0.9042962962962963,False,False
274,400,-2.0000000000000027,0.9039444444444444,False,False
275,400,-1.9999999999999887,0.9035925925925926,False,False
276,400,-2.0000000000000027,0.9032407407407408,False,False
277,400,-2.999999999999981,0.9028888888888889,False,False
278,400,-1.9999999999999962,0.902537037037037,False,False
279,400,-1.9999999999999944,0.9021851851851852,False,False
280,400,-2.0000000000000027,0.9018333333333334,False,False
281,400,-2.999999999999981,0.9014814814814816,False,False
282,400,-2.0000000000000027,0.9011296296296296,False,False
283,400,-2.999999999999981,0.9007777777777778,False,False
284,400,-1.99999999999999,0.900425925925926,False,False
285,400,-2.0000000000000027,0.900074074074074,False,False
286,400,-2.000000000000003,0.8997222222222222,False,False
287,399,0.009999999999997122,0.8993703703703704,True,False
288,400,-2.9999999999999805,0.8990185185185186,False,False
289,400,-2.999999999999981,0.8986666666666667,False,False
290,400,-2.0000000000000027,0.8983148148148148,False,False
291,400,-2.0000000000000027,0.897962962962963,False,False
292,400,-1.9999999999999705,0.8976111111111111,False,False
293,400,-2.0000000000000027,0.8972592592592593,False,False
294,400,-2.0000000000000027,0.8969074074074074,False,False
295,400,-2.9999999999999805,0.8965555555555556,False,False
296,400,-2.0000000000000027,0.8962037037037037,False,False
297,400,-1.9999999999999607,0.8958518518518519,False,False
298,400,-2.000000000000003,0.8955,False,False
299,400,-2.0000000000000027,0.8951481481481481,False,False
300,210,1.8999999999999986,0.8947962962962963,True,False
301,400,-2.0000000000000027,0.8944444444444445,False,False
302,400,-2.000000000000003,0.8940925925925925,False,False
303,400,-2.000000000000003,0.8937407407407407,False,False
304,400,-2.0000000000000027,0.8933888888888889,False,False
305,400,-2.999999999999981,0.8930370370370371,False,False
306,400,-2.000000000000003,0.8926851851851851,False,False
307,400,-2.0000000000000027,0.8923333333333333,False,False
308,400,-2.0000000000000027,0.8919814814814815,False,False
309,400,-2.000000000000003,0.8916296296296297,False,False
310,400,-2.000000000000003,0.8912777777777778,False,False
311,400,-2.0000000000000027,0.8909259259259259,False,False
312,400,-2.999999999999981,0.8905740740740741,False,False
313,400,-2.0000000000000027,0.8902222222222222,False,False
314,400,-2.999999999999974,0.8898703703703703,False,False
315,400,-2.0000000000000027,0.8895185185185185,False,False
316,398,0.01999999999999713,0.8891666666666667,True,False
317,400,-2.0000000000000027,0.8888148148148148,False,False
318,400,-2.0000000000000027,0.888462962962963,False,False
319,400,-2.0000000000000027,0.8881111111111111,False,False
320,400,-2.0000000000000027,0.8877592592592592,False,False
321,400,-1.0000000000000029,0.8874074074074074,False,False
322,400,-2.0000000000000027,0.8870555555555556,False,False
323,400,-2.0000000000000027,0.8867037037037037,False,False
324,400,-2.0000000000000027,0.8863518518518518,False,False
325,400,-2.0000000000000027,0.886,False,False
326,400,-2.0000000000000027,0.8856481481481482,False,False
327,400,-2.0000000000000027,0.8852962962962962,False,False
328,400,-2.0000000000000027,0.8849444444444444,False,False
329,400,-2.0000000000000027,0.8845925925925926,False,False
330,400,-2.0000000000000027,0.8842407407407408,False,False
331,400,-2.9999999999999805,0.883888888888889,False,False
332,400,-2.9999999999999805,0.883537037037037,False,False
333,400,-2.0000000000000027,0.8831851851851852,False,False
334,334,0.6599999999999977,0.8828333333333334,True,False
335,400,-1.0000000000000024,0.8824814814814815,False,False
336,400,-2.0000000000000027,0.8821296296296296,False,False
337,400,-2.0000000000000027,0.8817777777777778,False,False
338,400,-2.9999999999999805,0.881425925925926,False,False
339,400,-2.9999999999999805,0.8810740740740741,False,False
340,400,-2.0000000000000027,0.8807222222222222,False,False
341,400,-2.0000000000000027,0.8803703703703704,False,False
342,400,-2.9999999999999805,0.8800185185185185,False,False
343,400,-2.0000000000000027,0.8796666666666667,False,False
344,400,-2.0000000000000027,0.8793148148148149,False,False
345,400,-2.0000000000000027,0.878962962962963,False,False
346,400,-2.0000000000000027,0.8786111111111111,False,False
347,400,-2.9999999999999805,0.8782592592592593,False,False
348,400,-2.0000000000000027,0.8779074074074074,False,False
349,400,-2.000000000000003,0.8775555555555555,False,False
350,346,0.5400000000000023,0.8772037037037037,True,False
351,400,-2.0000000000000027,0.8768518518518519,False,False
352,400,-2.0000000000000027,0.8765000000000001,False,False
353,400,-2.9999999999999805,0.8761481481481481,False,False
354,400,-2.0000000000000027,0.8757962962962963,False,False
355,400,-2.0000000000000027,0.8754444444444445,False,False
356,400,-2.9999999999999805,0.8750925925925926,False,False
357,400,-0.9999999999999833,0.8747407407407407,False,False
358,400,-2.0000000000000027,0.8743888888888889,False,False
359,392,0.07999999999999718,0.8740370370370371,True,False
360,339,0.6099999999999977,0.8736851851851852,True,False
361,400,-2.000000000000003,0.8733333333333333,False,False
362,400,-2.0000000000000027,0.8729814814814815,False,False
363,354,0.4599999999999975,0.8726296296296296,True,False
364,400,-2.000000000000003,0.8722777777777778,False,False
365,227,1.7299999999999984,0.871925925925926,True,False
366,400,-2.0000000000000027,0.8715740740740741,False,False
367,400,-2.999999999999981,0.8712222222222222,False,False
368,400,-2.0000000000000027,0.8708703703703704,False,False
369,400,-2.0000000000000027,0.8705185185185185,False,False
370,400,-2.0000000000000027,0.8701666666666666,False,False
371,400,-2.0000000000000027,0.8698148148148148,False,False
372,400,-2.0000000000000027,0.869462962962963,False,False
373,268,1.3199999999999985,0.8691111111111112,True,False
374,400,-2.0000000000000027,0.8687592592592592,False,False
375,400,-2.0000000000000027,0.8684074074074074,False,False
376,400,-2.0000000000000027,0.8680555555555556,False,False
377,400,-2.0000000000000027,0.8677037037037038,False,False
378,400,-2.000000000000003,0.8673518518518518,False,False
379,400,-2.0000000000000027,0.867,False,False
380,349,0.5099999999999976,0.8666481481481482,True,False
381,400,-2.0000000000000027,0.8662962962962963,False,False
382,400,-2.0000000000000027,0.8659444444444444,False,False
383,400,-2.000000000000003,0.8655925925925926,False,False
384,400,-2.0000000000000027,0.8652407407407408,False,False
385,400,-2.000000000000003,0.8648888888888889,False,False
386,400,-2.000000000000003,0.864537037037037,False,False
387,400,-2.0000000000000027,0.8641851851851852,False,False
388,398,0.019999999999997353,0.8638333333333333,True,False
389,400,-2.9999999999999805,0.8634814814814815,False,False
390,246,1.5399999999999983,0.8631296296296296,True,False
391,400,-2.0000000000000027,0.8627777777777779,False,False
392,400,-2.0000000000000027,0.8624259259259259,False,False
393,400,-0.9999999999999962,0.8620740740740741,False,False
394,400,-1.9999999999999922,0.8617222222222223,False,False
395,383,0.1699999999999975,0.8613703703703703,True,False
396,400,-2.0000000000000027,0.8610185185185185,False,False
397,400,-2.0000000000000027,0.8606666666666667,False,False
398,392,0.07999999999999718,0.8603148148148148,True,False
399,400,-2.000000000000003,0.859962962962963,False,False
400,400,-2.0000000000000027,0.8596111111111111,False,False
401,400,-2.0000000000000027,0.8592592592592593,False,False
402,400,-2.0000000000000027,0.8589074074074075,False,False
403,395,0.04999999999999738,0.8585555555555555,True,False
404,368,0.3199999999999976,0.8582037037037037,True,False
405,400,-2.0000000000000027,0.8578518518518519,False,False
406,400,-2.0000000000000027,0.8575,False,False
407,400,-2.0000000000000027,0.8571481481481482,False,False
408,400,-2.999999999999981,0.8567962962962963,False,False
409,367,0.3299999999999974,0.8564444444444445,True,False
410,400,-2.0000000000000027,0.8560925925925926,False,False
411,400,-2.0000000000000027,0.8557407407407407,False,False
412,350,0.4999999999999976,0.8553888888888889,True,False
413,400,-2.0000000000000027,0.855037037037037,False,False
414,400,-2.0000000000000027,0.8546851851851852,False,False
415,400,-2.0000000000000027,0.8543333333333334,False,False
416,400,-2.9999999999999805,0.8539814814814815,False,False
417,400,-2.0000000000000027,0.8536296296296296,False,False
418,400,-2.0000000000000027,0.8532777777777778,False,False
419,400,-2.0000000000000027,0.8529259259259259,False,False
420,400,-2.0000000000000027,0.8525740740740742,False,False
421,295,1.049999999999998,0.8522222222222222,True,False
422,400,-1.999999999999999,0.8518703703703704,False,False
423,400,-2.0000000000000027,0.8515185185185186,False,False
424,400,-2.0000000000000027,0.8511666666666666,False,False
425,400,-2.0000000000000027,0.8508148148148148,False,False
426,400,-2.9999999999999805,0.850462962962963,False,False
427,328,0.719999999999998,0.8501111111111112,True,False
428,400,-2.0000000000000027,0.8497592592592593,False,False
429,400,-2.0000000000000027,0.8494074074074074,False,False
430,400,-2.0000000000000027,0.8490555555555556,False,False
431,190,2.0999999999999988,0.8487037037037037,True,False
432,400,-2.0000000000000027,0.8483518518518518,False,False
433,400,-2.0000000000000027,0.848,False,False
434,276,1.2399999999999984,0.8476481481481482,True,False
435,400,-2.0000000000000027,0.8472962962962963,False,False
436,400,-2.0000000000000027,0.8469444444444445,False,False
437,310,0.8999999999999979,0.8465925925925926,True,False
438,400,-2.999999999999981,0.8462407407407407,False,False
439,400,-2.0000000000000027,0.8458888888888889,False,False
440,359,0.4099999999999977,0.845537037037037,True,False
441,400,-1.0000000000000024,0.8451851851851852,False,False
442,400,-2.0000000000000027,0.8448333333333333,False,False
443,339,0.6099999999999977,0.8444814814814815,True,False
444,400,-2.000000000000003,0.8441296296296297,False,False
445,400,-1.0000000000000029,0.8437777777777777,False,False
446,400,-2.0000000000000027,0.8434259259259259,False,False
447,400,-2.0000000000000027,0.8430740740740741,False,False
448,369,0.3099999999999976,0.8427222222222222,True,False
449,400,-2.0000000000000027,0.8423703703703704,False,False
450,400,-2.0000000000000027,0.8420185185185185,False,False
451,381,0.1899999999999975,0.8416666666666667,True,False
452,400,-2.0000000000000027,0.8413148148148148,False,False
453,240,1.5999999999999985,0.840962962962963,True,False
454,364,0.35999999999999766,0.8406111111111111,True,False
455,400,-2.0000000000000027,0.8402592592592593,False,False
456,400,-2.0000000000000027,0.8399074074074074,False,False
457,400,-2.0000000000000027,0.8395555555555556,False,False
458,270,1.299999999999998,0.8392037037037037,True,False
459,345,0.5499999999999976,0.8388518518518518,True,False
460,400,-2.0000000000000027,0.8385,False,False
461,400,-2.0000000000000027,0.8381481481481482,False,False
462,327,0.7299999999999978,0.8377962962962963,True,False
463,400,-2.0000000000000027,0.8374444444444444,False,False
464,154,2.459999999999999,0.8370925925925926,True,False
465,255,1.4499999999999984,0.8367407407407408,True,False
466,377,0.22999999999999732,0.8363888888888888,True,False
467,253,1.4699999999999984,0.836037037037037,True,False
468,400,-2.0000000000000027,0.8356851851851852,False,False
469,255,1.4499999999999984,0.8353333333333334,True,False
470,202,1.9799999999999986,0.8349814814814815,True,False
471,400,-2.0000000000000027,0.8346296296296296,False,False
472,390,0.09999999999999742,0.8342777777777778,True,False
473,400,-2.9999999999999805,0.833925925925926,False,False
474,400,-2.0000000000000027,0.833574074074074,False,False
475,400,-2.000000000000003,0.8332222222222222,False,False
476,276,1.2399999999999984,0.8328703703703704,True,False
477,242,1.5799999999999983,0.8325185185185185,True,False
478,400,-2.0000000000000027,0.8321666666666667,False,False
479,400,-2.0000000000000027,0.8318148148148148,False,False
480,400,-2.0000000000000027,0.831462962962963,False,False
481,400,-2.0000000000000027,0.8311111111111111,False,False
482,307,0.9299999999999982,0.8307592592592593,True,False
483,267,1.3299999999999983,0.8304074074074074,True,False
484,400,-2.0000000000000027,0.8300555555555555,False,False
485,400,-2.0000000000000027,0.8297037037037037,False,False
486,312,0.8799999999999979,0.8293518518518519,True,False
487,349,0.5099999999999978,0.829,True,False
488,400,-2.0000000000000027,0.8286481481481481,False,False
489,400,-1.9999999999999978,0.8282962962962963,False,False
490,400,-2.0000000000000027,0.8279444444444445,False,False
491,400,-2.0000000000000027,0.8275925925925927,False,False
492,279,1.2099999999999982,0.8272407407407407,True,False
493,358,0.41999999999999726,0.8268888888888889,True,False
494,400,-2.0000000000000027,0.8265370370370371,False,False
495,341,0.5899999999999979,0.8261851851851851,True,False
496,400,-2.0000000000000027,0.8258333333333334,False,False
497,252,1.4799999999999986,0.8254814814814815,True,False
498,332,0.6799999999999979,0.8251296296296297,True,False
499,400,-2.000000000000003,0.8247777777777778,False,False
500,400,-2.0000000000000027,0.8244259259259259,False,False
501,251,1.4899999999999984,0.8240740740740741,True,False
502,400,-2.0000000000000027,0.8237222222222222,False,False
503,400,-2.0000000000000027,0.8233703703703703,False,False
504,347,0.5299999999999978,0.8230185185185186,True,False
505,400,-2.0000000000000027,0.8226666666666667,False,False
506,400,-2.0000000000000027,0.8223148148148148,False,False
507,345,0.5499999999999976,0.821962962962963,True,False
508,330,0.6999999999999977,0.8216111111111111,True,False
509,211,1.8899999999999988,0.8212592592592592,True,False
510,280,1.199999999999998,0.8209074074074074,True,False
511,370,0.2999999999999974,0.8205555555555556,True,False
512,400,-2.0000000000000027,0.8202037037037038,False,False
513,296,1.0399999999999983,0.8198518518518518,True,False
514,370,0.2999999999999974,0.8195,True,False
515,275,1.2499999999999982,0.8191481481481482,True,False
516,400,-2.000000000000003,0.8187962962962962,False,False
517,400,-2.0000000000000027,0.8184444444444444,False,False
518,400,-2.0000000000000018,0.8180925925925926,False,False
519,400,-2.0000000000000027,0.8177407407407408,False,False
520,400,-2.000000000000003,0.8173888888888889,False,False
521,400,-2.0000000000000027,0.817037037037037,False,False
522,265,1.3499999999999983,0.8166851851851852,True,False
523,203,1.9699999999999986,0.8163333333333334,True,False
524,310,0.8999999999999979,0.8159814814814814,True,False
525,213,1.8699999999999988,0.8156296296296297,True,False
526,400,-2.0000000000000027,0.8152777777777778,False,False
527,400,-2.000000000000003,0.8149259259259259,False,False
528,400,-1.0000000000000027,0.8145740740740741,False,False
529,400,-2.0000000000000027,0.8142222222222222,False,False
530,400,-2.0000000000000027,0.8138703703703704,False,False
531,400,-2.0000000000000027,0.8135185185185185,False,False
532,400,-2.0000000000000027,0.8131666666666667,False,False
533,400,-2.0000000000000027,0.8128148148148149,False,False
534,360,0.39999999999999747,0.8124629629629629,True,False
535,273,1.2699999999999982,0.8121111111111111,True,False
536,367,0.3299999999999974,0.8117592592592593,True,False
537,400,-2.0000000000000027,0.8114074074074074,False,False
538,343,0.5699999999999978,0.8110555555555555,True,False
539,395,0.04999999999999716,0.8107037037037037,True,False
540,400,-2.0000000000000027,0.8103518518518519,False,False
541,355,0.4499999999999975,0.81,True,False
542,400,-0.9999999999999882,0.8096481481481481,False,False
543,267,1.3299999999999983,0.8092962962962963,True,False
544,400,-2.0000000000000027,0.8089444444444445,False,False
545,249,1.5099999999999982,0.8085925925925926,True,False
546,267,1.3299999999999983,0.8082407407407407,True,False
547,360,0.39999999999999747,0.8078888888888889,True,False
548,400,-2.0000000000000027,0.807537037037037,False,False
549,325,0.7499999999999978,0.8071851851851852,True,False
550,400,-2.000000000000003,0.8068333333333333,False,False
551,250,1.4999999999999982,0.8064814814814815,True,False
552,400,-2.0000000000000027,0.8061296296296296,False,False
553,400,-3.9999999999999587,0.8057777777777778,False,False
554,210,1.8999999999999986,0.805425925925926,True,False
555,400,-2.0000000000000027,0.805074074074074,False,False
556,382,0.17999999999999727,0.8047222222222222,True,False
557,295,1.049999999999998,0.8043703703703704,True,False
558,279,1.2099999999999982,0.8040185185185186,True,False
559,152,2.4799999999999986,0.8036666666666666,True,False
560,400,-2.0000000000000027,0.8033148148148148,False,False
561,354,0.45999999999999774,0.802962962962963,True,False
562,345,0.5499999999999974,0.8026111111111112,True,False
563,320,0.799999999999998,0.8022592592592592,True,False
564,400,-2.0000000000000027,0.8019074074074074,False,False
565,327,0.7299999999999978,0.8015555555555556,True,False
566,309,0.9099999999999979,0.8012037037037038,True,False
567,325,0.7499999999999978,0.8008518518518518,True,False
568,400,-2.0000000000000027,0.8005,False,False
569,318,0.8199999999999978,0.8001481481481482,True,False
570,285,1.1499999999999977,0.7997962962962963,True,False
571,160,2.3999999999999986,0.7994444444444444,True,False
572,400,-2.0000000000000027,0.7990925925925926,False,False
573,400,-1.999999999999981,0.7987407407407408,False,False
574,378,0.2199999999999973,0.7983888888888889,True,False
575,332,0.6799999999999979,0.7980370370370371,True,False
576,164,2.3599999999999985,0.7976851851851852,True,False
577,400,-2.0000000000000027,0.7973333333333333,False,False
578,243,1.5699999999999983,0.7969814814814815,True,False
579,400,-2.0000000000000027,0.7966296296296296,False,False
580,400,-2.9999999999999805,0.7962777777777779,False,False
581,294,1.0599999999999978,0.7959259259259259,True,False
582,173,2.2699999999999987,0.7955740740740741,True,False
583,352,0.47999999999999754,0.7952222222222223,True,False
584,331,0.689999999999998,0.7948703703703703,True,False
585,400,-2.0000000000000027,0.7945185185185185,False,False
586,381,0.18999999999999728,0.7941666666666667,True,False
587,387,0.12999999999999723,0.7938148148148149,True,False
588,258,1.4199999999999982,0.793462962962963,True,False
589,254,1.4599999999999982,0.7931111111111111,True,False
590,367,0.32999999999999763,0.7927592592592593,True,False
591,347,0.5299999999999976,0.7924074074074074,True,False
592,310,0.8999999999999981,0.7920555555555555,True,False
593,380,0.1999999999999973,0.7917037037037037,True,False
594,314,0.8599999999999981,0.7913518518518519,True,False
595,349,0.5099999999999976,0.791,True,False
596,354,0.4599999999999975,0.7906481481481482,True,False
597,278,1.2199999999999984,0.7902962962962963,True,False
598,257,1.429999999999998,0.7899444444444444,True,False
599,318,0.8199999999999978,0.7895925925925926,True,False
600,243,1.5699999999999983,0.7892407407407407,True,False
601,356,0.4399999999999975,0.788888888888889,True,False
602,298,1.0199999999999982,0.788537037037037,True,False
603,400,-2.0000000000000027,0.7881851851851852,False,False
604,228,1.7199999999999982,0.7878333333333334,True,False
605,400,-2.0000000000000027,0.7874814814814814,False,False
606,290,1.0999999999999983,0.7871296296296296,True,False
607,247,1.5299999999999985,0.7867777777777778,True,False
608,375,0.24999999999999734,0.7864259259259259,True,False
609,400,-2.0000000000000027,0.7860740740740741,False,False
610,292,1.0799999999999983,0.7857222222222222,True,False
611,400,-2.0000000000000027,0.7853703703703704,False,False
612,224,1.7599999999999982,0.7850185185185186,True,False
613,400,-2.0000000000000027,0.7846666666666666,False,False
614,400,-2.0000000000000027,0.7843148148148148,False,False
615,225,1.7499999999999984,0.783962962962963,True,False
616,319,0.8099999999999978,0.7836111111111111,True,False
617,355,0.4499999999999975,0.7832592592592593,True,False
618,228,1.7199999999999986,0.7829074074074074,True,False
619,309,0.9099999999999981,0.7825555555555556,True,False
620,392,0.0799999999999974,0.7822037037037037,True,False
621,272,1.279999999999998,0.7818518518518518,True,False
622,331,0.6899999999999977,0.7815,True,False
623,341,0.5899999999999976,0.7811481481481481,True,False
624,187,2.1299999999999986,0.7807962962962963,True,False
625,400,-2.0000000000000027,0.7804444444444445,False,False
626,192,2.0799999999999987,0.7800925925925926,True,False
627,183,2.169999999999998,0.7797407407407407,True,False
628,397,0.02999999999999714,0.7793888888888889,True,False
629,249,1.5099999999999985,0.779037037037037,True,False
630,181,2.1899999999999986,0.7786851851851853,True,False
631,298,1.0199999999999978,0.7783333333333333,True,False
632,288,1.1199999999999979,0.7779814814814815,True,False
633,192,2.0799999999999987,0.7776296296296297,True,False
634,339,0.6099999999999977,0.7772777777777777,True,False
635,373,0.2699999999999976,0.7769259259259259,True,False
636,237,1.6299999999999981,0.7765740740740741,True,False
637,261,1.3899999999999983,0.7762222222222223,True,False
638,258,1.4199999999999984,0.7758703703703704,True,False
639,207,1.9299999999999984,0.7755185185185185,True,False
640,185,2.1499999999999986,0.7751666666666667,True,False
641,400,-2.0000000000000027,0.7748148148148148,False,False
642,400,-2.0000000000000027,0.774462962962963,False,False
643,260,1.3999999999999981,0.7741111111111111,True,False
644,241,1.5899999999999985,0.7737592592592593,True,False
645,400,-2.0000000000000027,0.7734074074074074,False,False
646,293,1.069999999999998,0.7730555555555556,True,False
647,194,2.0599999999999987,0.7727037037037037,True,False
648,231,1.6899999999999984,0.7723518518518518,True,False
649,375,0.24999999999999756,0.772,True,False
650,289,1.109999999999998,0.7716481481481482,True,False
651,400,-2.0000000000000027,0.7712962962962964,False,False
652,221,1.7899999999999985,0.7709444444444444,True,False
653,306,0.940000000000003,0.7705925925925926,True,False
654,294,1.0599999999999983,0.7702407407407408,True,False
655,218,1.8199999999999985,0.7698888888888888,True,False
656,188,2.1199999999999983,0.769537037037037,True,False
657,400,-2.0000000000000027,0.7691851851851852,False,False
658,317,0.8299999999999979,0.7688333333333334,True,False
659,161,2.389999999999999,0.7684814814814815,True,False
660,344,0.5599999999999976,0.7681296296296296,True,False
661,360,0.39999999999999747,0.7677777777777778,True,False
662,357,0.4299999999999975,0.767425925925926,True,False
663,400,-2.0000000000000027,0.7670740740740741,False,False
664,279,1.2099999999999982,0.7667222222222222,True,False
665,224,1.7599999999999985,0.7663703703703704,True,False
666,324,0.7599999999999978,0.7660185185185185,True,False
667,292,1.0799999999999979,0.7656666666666667,True,False
668,318,0.8199999999999976,0.7653148148148148,True,False
669,225,1.7499999999999984,0.764962962962963,True,False
670,308,0.9199999999999982,0.7646111111111111,True,False
671,269,1.3099999999999983,0.7642592592592593,True,False
672,286,1.1399999999999983,0.7639074074074074,True,False
673,259,1.4099999999999986,0.7635555555555555,True,False
674,211,1.8899999999999983,0.7632037037037037,True,False
675,260,1.3999999999999981,0.7628518518518519,True,False
676,208,1.9199999999999988,0.7625,True,False
677,392,0.0799999999999974,0.7621481481481482,True,False
678,234,1.6599999999999986,0.7617962962962963,True,False
679,173,2.2699999999999987,0.7614444444444445,True,False
680,400,-2.999999999999981,0.7610925925925927,False,False
681,298,1.0199999999999978,0.7607407407407407,True,False
682,232,1.6799999999999984,0.7603888888888889,True,False
683,400,-2.0000000000000027,0.7600370370370371,False,False
684,248,1.519999999999998,0.7596851851851852,True,False
685,307,0.9299999999999982,0.7593333333333333,True,False
686,223,1.7699999999999985,0.7589814814814815,True,False
687,357,0.4299999999999975,0.7586296296296297,True,False
688,221,1.7899999999999985,0.7582777777777778,True,False
689,400,-2.000000000000003,0.7579259259259259,False,False
690,234,1.6599999999999984,0.7575740740740741,True,False
691,226,1.7399999999999987,0.7572222222222222,True,False
692,313,0.8699999999999979,0.7568703703703703,True,False
693,279,1.2099999999999977,0.7565185185185186,True,False
694,342,0.5799999999999976,0.7561666666666667,True,False
695,156,2.4399999999999986,0.7558148148148148,True,False
696,297,1.029999999999998,0.755462962962963,True,False
697,230,1.6999999999999984,0.7551111111111111,True,False
698,170,2.299999999999999,0.7547592592592594,True,False
699,331,0.6899999999999977,0.7544074074074074,True,False
700,199,2.0099999999999985,0.7540555555555556,True,False
701,354,0.4599999999999975,0.7537037037037038,True,False
702,128,2.719999999999999,0.7533518518518518,True,False
703,229,1.7099999999999984,0.753,True,False
704,148,2.5199999999999987,0.7526481481481482,True,False
705,313,0.8699999999999979,0.7522962962962964,True,False
706,243,1.5699999999999983,0.7519444444444444,True,False
707,169,2.3099999999999987,0.7515925925925926,True,False
708,306,0.939999999999998,0.7512407407407408,True,False
709,253,1.4699999999999984,0.7508888888888889,True,False
710,224,1.7599999999999985,0.750537037037037,True,False
711,190,2.0999999999999988,0.7501851851851852,True,False
712,320,0.799999999999998,0.7498333333333334,True,False
713,400,-1.0000000000000027,0.7494814814814814,False,False
714,215,1.8499999999999985,0.7491296296296297,True,False
715,187,2.1299999999999986,0.7487777777777778,True,False
716,134,2.6599999999999993,0.7484259259259259,True,False
717,262,1.3799999999999981,0.7480740740740741,True,False
718,125,2.749999999999999,0.7477222222222222,True,False
719,198,2.0199999999999987,0.7473703703703705,True,False
720,242,1.5799999999999985,0.7470185185185185,True,False
721,383,0.16999999999999726,0.7466666666666667,True,False
722,217,1.8299999999999987,0.7463148148148149,True,False
723,226,1.7399999999999984,0.7459629629629629,True,False
724,260,1.3999999999999981,0.7456111111111111,True,False
725,177,2.2299999999999986,0.7452592592592593,True,False
726,349,0.5099999999999978,0.7449074074074074,True,False
727,184,2.1599999999999984,0.7445555555555556,True,False
728,196,2.0399999999999983,0.7442037037037037,True,False
729,306,0.939999999999998,0.7438518518518519,True,False
730,171,2.2899999999999987,0.7435,True,False
731,208,1.9199999999999986,0.7431481481481481,True,False
732,182,2.1799999999999984,0.7427962962962964,True,False
733,332,0.6799999999999975,0.7424444444444445,True,False
734,200,1.9999999999999987,0.7420925925925925,True,False
735,251,1.4899999999999984,0.7417407407407408,True,False
736,400,-2.0000000000000027,0.7413888888888889,False,False
737,237,1.6299999999999986,0.741037037037037,True,False
738,225,1.7499999999999984,0.7406851851851852,True,False
739,159,2.409999999999999,0.7403333333333333,True,False
740,236,1.6399999999999986,0.7399814814814815,True,False
741,314,0.8599999999999979,0.7396296296296296,True,False
742,158,2.419999999999999,0.7392777777777778,True,False
743,188,2.1199999999999983,0.738925925925926,True,False
744,400,-2.0000000000000027,0.738574074074074,False,False
745,400,-2.6645352591003757e-15,0.7382222222222222,True,False
746,180,2.1999999999999984,0.7378703703703704,True,False
747,248,1.5199999999999982,0.7375185185185185,True,False
748,194,2.0599999999999987,0.7371666666666667,True,False
749,136,2.639999999999999,0.7368148148148148,True,False
750,284,1.1599999999999984,0.736462962962963,True,False
751,269,1.3099999999999983,0.7361111111111112,True,False
752,194,2.0599999999999987,0.7357592592592592,True,False
753,216,1.8399999999999985,0.7354074074074075,True,False
754,259,1.4099999999999984,0.7350555555555556,True,False
755,316,0.8399999999999979,0.7347037037037036,True,False
756,187,2.129999999999999,0.7343518518518519,True,False
757,400,-2.000000000000003,0.734,False,False
758,248,1.5199999999999982,0.7336481481481482,True,False
759,234,1.6599999999999984,0.7332962962962963,True,False
760,208,1.9199999999999984,0.7329444444444444,True,False
761,359,0.4099999999999975,0.7325925925925926,True,False
762,239,1.609999999999998,0.7322407407407407,True,False
763,207,1.9299999999999986,0.7318888888888889,True,False
764,201,1.9899999999999987,0.7315370370370371,True,False
765,391,0.0899999999999972,0.7311851851851852,True,False
766,330,0.6999999999999977,0.7308333333333333,True,False
767,307,0.9299999999999982,0.7304814814814815,True,False
768,400,-2.0000000000000027,0.7301296296296296,False,False
769,390,0.0999999999999972,0.7297777777777779,True,False
770,260,1.3999999999999986,0.7294259259259259,True,False
771,379,0.20999999999999708,0.729074074074074,True,False
772,222,1.7799999999999985,0.7287222222222223,True,False
773,207,1.9299999999999986,0.7283703703703703,True,False
774,157,2.429999999999999,0.7280185185185186,True,False
775,299,1.009999999999998,0.7276666666666667,True,False
776,218,1.8199999999999985,0.7273148148148147,True,False
777,202,1.9799999999999986,0.726962962962963,True,False
778,289,1.109999999999998,0.7266111111111111,True,False
779,264,1.359999999999998,0.7262592592592593,True,False
780,209,1.9099999999999986,0.7259074074074074,True,False
781,249,1.5099999999999982,0.7255555555555556,True,False
782,186,2.139999999999999,0.7252037037037037,True,False
783,300,0.9999999999999979,0.7248518518518519,True,False
784,183,2.169999999999998,0.7245,True,False
785,194,2.0599999999999987,0.7241481481481482,True,False
786,227,1.7299999999999986,0.7237962962962963,True,False
787,325,0.7499999999999978,0.7234444444444444,True,False
788,269,1.3099999999999983,0.7230925925925926,True,False
789,256,1.4399999999999982,0.7227407407407407,True,False
790,234,1.6599999999999984,0.722388888888889,True,False
791,330,0.6999999999999977,0.722037037037037,True,False
792,211,1.8899999999999986,0.7216851851851852,True,False
793,178,2.219999999999999,0.7213333333333334,True,False
794,243,1.5699999999999983,0.7209814814814814,True,False
795,200,1.9999999999999987,0.7206296296296296,True,False
796,284,1.1599999999999981,0.7202777777777778,True,False
797,287,1.1299999999999981,0.719925925925926,True,False
798,269,1.3099999999999983,0.7195740740740741,True,False
799,202,1.9799999999999986,0.7192222222222222,True,False
800,164,2.3599999999999985,0.7188703703703704,True,False
801,184,2.1599999999999984,0.7185185185185186,True,False
802,148,2.5199999999999987,0.7181666666666666,True,False
803,242,1.579999999999998,0.7178148148148148,True,False
804,267,1.3299999999999983,0.717462962962963,True,False
805,292,1.0799999999999979,0.7171111111111111,True,False
806,148,2.5199999999999987,0.7167592592592593,True,False
807,304,0.959999999999998,0.7164074074074074,True,False
808,274,1.2599999999999982,0.7160555555555557,True,False
809,368,0.3199999999999976,0.7157037037037037,True,False
810,226,1.7399999999999984,0.7153518518518518,True,False
811,230,1.6999999999999984,0.7150000000000001,True,False
812,139,2.609999999999999,0.7146481481481481,True,False
813,204,1.9599999999999986,0.7142962962962963,True,False
814,179,2.209999999999998,0.7139444444444445,True,False
815,209,1.9099999999999986,0.7135925925925926,True,False
816,363,0.3699999999999972,0.7132407407407407,True,False
817,336,0.6399999999999977,0.7128888888888889,True,False
818,352,0.47999999999999776,0.7125370370370371,True,False
819,324,0.7599999999999978,0.7121851851851853,True,False
820,139,2.6099999999999985,0.7118333333333333,True,False
821,234,1.6599999999999981,0.7114814814814815,True,False
822,204,1.9599999999999986,0.7111296296296297,True,False
823,285,1.1499999999999981,0.7107777777777777,True,False
824,137,2.629999999999999,0.710425925925926,True,False
825,211,1.8899999999999983,0.7100740740740741,True,False
826,297,1.029999999999998,0.7097222222222221,True,False
827,167,2.3299999999999987,0.7093703703703704,True,False
828,218,1.8199999999999985,0.7090185185185185,True,False
829,330,0.6999999999999977,0.7086666666666668,True,False
830,163,2.3699999999999988,0.7083148148148148,True,False
831,185,2.1499999999999986,0.7079629629629629,True,False
832,112,2.879999999999999,0.7076111111111112,True,False
833,189,2.1099999999999985,0.7072592592592593,True,False
834,185,2.1499999999999986,0.7069074074074074,True,False
835,210,1.8999999999999988,0.7065555555555556,True,False
836,170,2.299999999999999,0.7062037037037037,True,False
837,191,2.0899999999999985,0.7058518518518518,True,False
838,165,2.3499999999999988,0.7055,True,False
839,214,1.8599999999999988,0.7051481481481482,True,False
840,168,2.3199999999999985,0.7047962962962964,True,False
841,190,2.0999999999999983,0.7044444444444444,True,False
842,293,1.069999999999998,0.7040925925925926,True,False
843,400,-2.000000000000003,0.7037407407407408,False,False
844,184,2.1599999999999984,0.7033888888888888,True,False
845,400,-1.0000000000000027,0.7030370370370371,False,False
846,310,0.8999999999999979,0.7026851851851852,True,False
847,180,2.1999999999999984,0.7023333333333333,True,False
848,200,1.9999999999999987,0.7019814814814815,True,False
849,148,2.5199999999999987,0.7016296296296296,True,False
850,134,2.6599999999999993,0.7012777777777778,True,False
851,163,2.3699999999999988,0.700925925925926,True,False
852,196,2.0399999999999987,0.700574074074074,True,False
853,231,1.6899999999999986,0.7002222222222223,True,False
854,169,2.3099999999999987,0.6998703703703704,True,False
855,159,2.4099999999999984,0.6995185185185185,True,False
856,194,2.0599999999999987,0.6991666666666667,True,False
857,219,1.8099999999999985,0.6988148148148148,True,False
858,253,1.4699999999999984,0.698462962962963,True,False
859,249,1.5099999999999985,0.6981111111111111,True,False
860,184,2.1599999999999984,0.6977592592592593,True,False
861,152,2.4799999999999986,0.6974074074074075,True,False
862,168,2.3199999999999985,0.6970555555555555,True,False
863,200,1.9999999999999987,0.6967037037037037,True,False
864,167,2.3299999999999987,0.6963518518518519,True,False
865,193,2.0699999999999985,0.696,True,False
866,161,2.389999999999999,0.6956481481481482,True,False
867,206,1.9399999999999986,0.6952962962962963,True,False
868,192,2.0799999999999987,0.6949444444444444,True,False
869,282,1.179999999999998,0.6945925925925927,True,False
870,173,2.2699999999999987,0.6942407407407407,True,False
871,221,1.7899999999999987,0.6938888888888889,True,False
872,187,2.1299999999999986,0.6935370370370371,True,False
873,106,2.9399999999999995,0.6931851851851852,True,False
874,216,1.8399999999999985,0.6928333333333334,True,False
875,189,2.1099999999999985,0.6924814814814815,True,False
876,135,2.649999999999999,0.6921296296296297,True,False
877,118,2.8199999999999994,0.6917777777777778,True,False
878,190,2.0999999999999988,0.6914259259259259,True,False
879,177,2.2299999999999986,0.6910740740740741,True,False
880,212,1.8799999999999986,0.6907222222222222,True,False
881,236,1.6399999999999983,0.6903703703703703,True,False
882,179,2.2099999999999986,0.6900185185185186,True,False
883,124,2.759999999999999,0.6896666666666667,True,False
884,162,2.379999999999999,0.6893148148148148,True,False
885,162,2.379999999999999,0.688962962962963,True,False
886,231,1.6899999999999984,0.6886111111111111,True,False
887,261,1.3899999999999983,0.6882592592592593,True,False
888,215,1.8499999999999985,0.6879074074074074,True,False
889,286,1.139999999999998,0.6875555555555556,True,False
890,202,1.9799999999999986,0.6872037037037038,True,False
891,247,1.5299999999999983,0.6868518518518518,True,False
892,229,1.7099999999999982,0.6865,True,False
893,173,2.2699999999999987,0.6861481481481482,True,False
894,182,2.179999999999999,0.6857962962962963,True,False
895,190,2.0999999999999988,0.6854444444444444,True,False
896,229,1.7099999999999984,0.6850925925925926,True,False
897,157,2.429999999999999,0.6847407407407408,True,False
898,212,1.8799999999999986,0.6843888888888889,True,False
899,213,1.8699999999999983,0.684037037037037,True,False
900,271,1.2899999999999983,0.6836851851851853,True,False
901,215,1.8499999999999985,0.6833333333333333,True,False
902,137,2.629999999999999,0.6829814814814814,True,False
903,143,2.569999999999999,0.6826296296296297,True,False
904,236,1.6399999999999983,0.6822777777777778,True,False
905,192,2.0799999999999987,0.681925925925926,True,False
906,126,2.7399999999999993,0.6815740740740741,True,False
907,152,2.4799999999999986,0.6812222222222222,True,False
908,169,2.3099999999999987,0.6808703703703705,True,False
909,213,1.8699999999999986,0.6805185185185185,True,False
910,170,2.299999999999999,0.6801666666666667,True,False
911,168,2.3199999999999985,0.6798148148148149,True,False
912,320,0.7999999999999978,0.6794629629629629,True,False
913,331,0.6899999999999977,0.6791111111111111,True,False
914,144,2.5599999999999987,0.6787592592592593,True,False
915,272,1.2799999999999983,0.6784074074074075,True,False
916,279,1.2099999999999982,0.6780555555555556,True,False
917,142,2.5799999999999987,0.6777037037037037,True,False
918,182,2.179999999999999,0.6773518518518519,True,False
919,181,2.1899999999999986,0.677,True,False
920,400,-2.000000000000003,0.6766481481481481,False,False
921,229,1.7099999999999982,0.6762962962962964,True,False
922,130,2.6999999999999993,0.6759444444444445,True,False
923,177,2.2299999999999986,0.6755925925925925,True,False
924,184,2.1599999999999984,0.6752407407407408,True,False
925,112,2.879999999999999,0.6748888888888889,True,False
926,117,2.829999999999999,0.674537037037037,True,False
927,135,2.649999999999999,0.6741851851851852,True,False
928,322,0.7799999999999978,0.6738333333333333,True,False
929,131,2.6899999999999986,0.6734814814814816,True,False
930,164,2.3599999999999985,0.6731296296296296,True,False
931,115,2.849999999999999,0.6727777777777778,True,False
932,241,1.5899999999999983,0.672425925925926,True,False
933,133,2.669999999999999,0.672074074074074,True,False
934,194,2.0599999999999987,0.6717222222222222,True,False
935,156,2.4399999999999986,0.6713703703703704,True,False
936,323,0.7699999999999978,0.6710185185185186,True,False
937,267,1.329999999999998,0.6706666666666667,True,False
938,121,2.789999999999999,0.6703148148148148,True,False
939,150,2.499999999999999,0.669962962962963,True,False
940,117,2.829999999999999,0.6696111111111112,True,False
941,159,2.409999999999999,0.6692592592592592,True,False
942,154,2.459999999999999,0.6689074074074075,True,False
943,132,2.679999999999999,0.6685555555555556,True,False
944,102,2.9799999999999995,0.6682037037037036,True,False
945,314,0.8599999999999979,0.6678518518518519,True,False
946,153,2.469999999999999,0.6675,True,False
947,306,0.939999999999998,0.6671481481481482,True,False
948,260,1.3999999999999981,0.6667962962962963,True,False
949,209,1.9099999999999986,0.6664444444444444,True,False
950,114,2.859999999999999,0.6660925925925926,True,False
951,213,1.8699999999999986,0.6657407407407407,True,False
952,197,2.0299999999999985,0.6653888888888889,True,False
953,154,2.4599999999999986,0.6650370370370371,True,False
954,153,2.469999999999999,0.6646851851851852,True,False
955,214,1.8599999999999983,0.6643333333333333,True,False
956,400,-1.0000000000000024,0.6639814814814815,False,False
957,126,2.7399999999999993,0.6636296296296296,True,False
958,258,1.4199999999999982,0.6632777777777779,True,False
959,193,2.0699999999999985,0.6629259259259259,True,False
960,250,1.4999999999999982,0.6625740740740741,True,False
961,206,1.9399999999999984,0.6622222222222223,True,False
962,142,2.579999999999999,0.6618703703703703,True,False
963,214,1.8599999999999983,0.6615185185185186,True,False
964,165,2.3499999999999988,0.6611666666666667,True,False
965,205,1.9499999999999986,0.6608148148148147,True,False
966,208,1.9199999999999986,0.660462962962963,True,False
967,137,2.629999999999999,0.6601111111111111,True,False
968,176,2.2399999999999984,0.6597592592592593,True,False
969,136,2.639999999999999,0.6594074074074074,True,False
970,175,2.2499999999999982,0.6590555555555556,True,False
971,134,2.6599999999999993,0.6587037037037037,True,False
972,180,2.1999999999999984,0.6583518518518519,True,False
973,174,2.259999999999999,0.658,True,False
974,162,2.379999999999999,0.6576481481481482,True,False
975,185,2.1499999999999986,0.6572962962962963,True,False
976,103,2.9699999999999993,0.6569444444444444,True,False
977,171,2.2899999999999987,0.6565925925925926,True,False
978,105,2.9499999999999993,0.6562407407407407,True,False
979,196,2.0399999999999983,0.655888888888889,True,False
980,240,1.5999999999999983,0.655537037037037,True,False
981,228,1.7199999999999984,0.6551851851851852,True,False
982,224,1.7599999999999985,0.6548333333333334,True,False
983,137,2.629999999999999,0.6544814814814814,True,False
984,211,1.8899999999999986,0.6541296296296297,True,False
985,174,2.259999999999999,0.6537777777777778,True,False
986,178,2.219999999999999,0.653425925925926,True,False
987,149,2.509999999999999,0.6530740740740741,True,False
988,162,2.379999999999999,0.6527222222222222,True,False
989,157,2.429999999999999,0.6523703703703704,True,False
990,155,2.449999999999999,0.6520185185185186,True,False
991,216,1.8399999999999983,0.6516666666666667,True,False
992,126,2.7399999999999993,0.6513148148148148,True,False
993,134,2.6599999999999993,0.650962962962963,True,False
994,332,0.6799999999999975,0.6506111111111111,True,False
995,137,2.629999999999999,0.6502592592592593,True,False
996,208,1.9199999999999986,0.6499074074074074,True,False
997,127,2.729999999999999,0.6495555555555557,True,False
998,161,2.389999999999999,0.6492037037037037,True,False
999,146,2.539999999999999,0.6488518518518518,True,False
1000,162,2.379999999999999,0.6485000000000001,True,False
1001,158,2.419999999999999,0.6481481481481481,True,False
1002,152,2.4799999999999986,0.6477962962962963,True,False
1003,178,2.219999999999999,0.6474444444444445,True,False
1004,162,2.379999999999999,0.6470925925925926,True,False
1005,200,1.9999999999999987,0.6467407407407407,True,False
1006,141,2.589999999999999,0.6463888888888889,True,False
1007,125,2.749999999999999,0.6460370370370371,True,False
1008,142,2.5799999999999987,0.6456851851851853,True,False
1009,157,2.429999999999999,0.6453333333333333,True,False
1010,178,2.219999999999999,0.6449814814814815,True,False
1011,293,1.069999999999998,0.6446296296296297,True,False
1012,168,2.3199999999999985,0.6442777777777777,True,False
1013,133,2.669999999999999,0.643925925925926,True,False
1014,122,2.7799999999999994,0.6435740740740741,True,False
1015,163,2.3699999999999983,0.6432222222222223,True,False
1016,147,2.529999999999999,0.6428703703703704,True,False
1017,163,2.3699999999999983,0.6425185185185185,True,False
1018,130,2.6999999999999993,0.6421666666666668,True,False
1019,182,2.179999999999999,0.6418148148148148,True,False
1020,145,2.549999999999999,0.6414629629629629,True,False
1021,183,2.1699999999999986,0.6411111111111112,True,False
1022,114,2.8599999999999994,0.6407592592592593,True,False
1023,204,1.9599999999999984,0.6404074074074074,True,False
1024,192,2.0799999999999987,0.6400555555555556,True,False
1025,129,2.709999999999999,0.6397037037037037,True,False
1026,217,1.8299999999999985,0.6393518518518518,True,False
1027,91,3.089999999999999,0.639,True,False
1028,225,1.7499999999999984,0.6386481481481482,True,False
1029,146,2.539999999999999,0.6382962962962964,True,False
1030,112,2.879999999999999,0.6379444444444444,True,False
1031,206,1.9399999999999986,0.6375925925925926,True,False
1032,160,2.3999999999999986,0.6372407407407408,True,False
1033,140,2.5999999999999988,0.6368888888888888,True,False
1034,179,2.2099999999999986,0.6365370370370371,True,False
1035,184,2.1599999999999984,0.6361851851851852,True,False
1036,151,2.489999999999999,0.6358333333333333,True,False
1037,125,2.749999999999999,0.6354814814814815,True,False
1038,143,2.569999999999999,0.6351296296296296,True,False
1039,243,1.5699999999999983,0.6347777777777779,True,False
1040,143,2.5699999999999985,0.634425925925926,True,False
1041,111,2.8899999999999992,0.634074074074074,True,False
1042,211,1.8899999999999983,0.6337222222222223,True,False
1043,161,2.389999999999999,0.6333703703703704,True,False
1044,191,2.0899999999999985,0.6330185185185185,True,False
1045,107,2.929999999999999,0.6326666666666667,True,False
1046,130,2.6999999999999993,0.6323148148148148,True,False
1047,154,2.4599999999999986,0.631962962962963,True,False
1048,121,2.789999999999999,0.6316111111111111,True,False
1049,150,2.499999999999999,0.6312592592592593,True,False
1050,157,2.429999999999999,0.6309074074074075,True,False
1051,147,2.529999999999999,0.6305555555555555,True,False
1052,400,-1.0000000000000027,0.6302037037037037,False,False
1053,104,2.959999999999999,0.6298518518518519,True,False
1054,147,2.529999999999999,0.6295,True,False
1055,204,1.9599999999999986,0.6291481481481482,True,False
1056,115,2.849999999999999,0.6287962962962963,True,False
1057,152,2.4799999999999986,0.6284444444444444,True,False
1058,125,2.749999999999999,0.6280925925925926,True,False
1059,120,2.799999999999999,0.6277407407407407,True,False
1060,120,2.799999999999999,0.6273888888888889,True,False
1061,204,1.9599999999999986,0.6270370370370371,True,False
1062,140,2.5999999999999988,0.6266851851851852,True,False
1063,162,2.379999999999999,0.6263333333333334,True,False
1064,129,2.709999999999999,0.6259814814814815,True,False
1065,159,2.409999999999999,0.6256296296296296,True,False
1066,135,2.6499999999999986,0.6252777777777778,True,False
1067,94,3.059999999999999,0.6249259259259259,True,False
1068,141,2.589999999999999,0.6245740740740741,True,False
1069,107,2.9299999999999993,0.6242222222222222,True,False
1070,141,2.589999999999999,0.6238703703703704,True,False
1071,107,2.9299999999999993,0.6235185185185186,True,False
1072,161,2.389999999999999,0.6231666666666666,True,False
1073,104,2.959999999999999,0.6228148148148148,True,False
1074,123,2.769999999999999,0.622462962962963,True,False
1075,113,2.869999999999999,0.6221111111111111,True,False
1076,118,2.8199999999999994,0.6217592592592593,True,False
1077,143,2.5699999999999985,0.6214074074074074,True,False
1078,197,2.0299999999999985,0.6210555555555556,True,False
1079,171,2.2899999999999987,0.6207037037037038,True,False
1080,129,2.709999999999999,0.6203518518518518,True,False
1081,127,2.729999999999999,0.62,True,False
1082,108,2.919999999999999,0.6196481481481482,True,False
1083,135,2.649999999999999,0.6192962962962963,True,False
1084,129,2.709999999999999,0.6189444444444445,True,False
1085,114,2.859999999999999,0.6185925925925926,True,False
1086,163,2.3699999999999988,0.6182407407407408,True,False
1087,162,2.379999999999999,0.6178888888888889,True,False
1088,146,2.5399999999999987,0.617537037037037,True,False
1089,162,2.379999999999999,0.6171851851851853,True,False
1090,108,2.919999999999999,0.6168333333333333,True,False
1091,179,2.209999999999998,0.6164814814814814,True,False
1092,112,2.879999999999999,0.6161296296296297,True,False
1093,133,2.669999999999999,0.6157777777777778,True,False
1094,158,2.419999999999999,0.615425925925926,True,False
1095,192,2.0799999999999987,0.6150740740740741,True,False
1096,108,2.919999999999999,0.6147222222222222,True,False
1097,114,2.859999999999999,0.6143703703703705,True,False
1098,128,2.719999999999999,0.6140185185185185,True,False
1099,169,2.3099999999999987,0.6136666666666667,True,False
1100,122,2.7799999999999994,0.6133148148148149,True,False
1101,138,2.6199999999999988,0.6129629629629629,True,False
1102,115,2.849999999999999,0.6126111111111111,True,False
1103,165,2.3499999999999988,0.6122592592592593,True,False
1104,109,2.9099999999999993,0.6119074074074075,True,False
1105,163,2.3699999999999988,0.6115555555555556,True,False
1106,136,2.639999999999999,0.6112037037037037,True,False
1107,108,2.919999999999999,0.6108518518518519,True,False
1108,221,1.7899999999999985,0.6105,True,False
1109,295,1.049999999999998,0.6101481481481481,True,False
1110,122,2.7799999999999994,0.6097962962962964,True,False
1111,117,2.829999999999999,0.6094444444444445,True,False
1112,188,2.1199999999999983,0.6090925925925925,True,False
1113,176,2.2399999999999984,0.6087407407407408,True,False
1114,117,2.829999999999999,0.6083888888888889,True,False
1115,130,2.6999999999999993,0.6080370370370372,True,False
1116,165,2.3499999999999988,0.6076851851851852,True,False
1117,113,2.869999999999999,0.6073333333333333,True,False
1118,126,2.7399999999999993,0.6069814814814816,True,False
1119,220,1.7999999999999985,0.6066296296296296,True,False
1120,134,2.659999999999999,0.6062777777777778,True,False
1121,216,1.8399999999999983,0.605925925925926,True,False
1122,166,2.339999999999999,0.605574074074074,True,False
1123,172,2.2799999999999985,0.6052222222222222,True,False
1124,183,2.1699999999999986,0.6048703703703704,True,False
1125,204,1.9599999999999986,0.6045185185185186,True,False
1126,111,2.889999999999999,0.6041666666666667,True,False
1127,161,2.389999999999999,0.6038148148148148,True,False
1128,247,1.529999999999998,0.603462962962963,True,False
1129,215,1.8499999999999988,0.6031111111111112,True,False
1130,101,2.9899999999999993,0.6027592592592592,True,False
1131,154,2.4599999999999986,0.6024074074074075,True,False
1132,123,2.769999999999999,0.6020555555555556,True,False
1133,168,2.3199999999999985,0.6017037037037036,True,False
1134,152,2.4799999999999986,0.6013518518518519,True,False
1135,133,2.669999999999999,0.601,True,False
1136,125,2.749999999999999,0.6006481481481482,True,False
1137,97,3.0299999999999994,0.6002962962962963,True,False
1138,136,2.639999999999999,0.5999444444444444,True,False
1139,133,2.669999999999999,0.5995925925925927,True,False
1140,123,2.769999999999999,0.5992407407407407,True,False
1141,178,2.219999999999999,0.5988888888888889,True,False
1142,129,2.709999999999999,0.5985370370370371,True,False
1143,126,2.7399999999999993,0.5981851851851852,True,False
1144,110,2.899999999999999,0.5978333333333333,True,False
1145,104,2.959999999999999,0.5974814814814815,True,False
1146,188,2.1199999999999983,0.5971296296296297,True,False
1147,100,2.999999999999999,0.5967777777777779,True,False
1148,168,2.3199999999999985,0.5964259259259259,True,False
1149,164,2.3599999999999985,0.5960740740740741,True,False
1150,129,2.709999999999999,0.5957222222222223,True,False
1151,125,2.749999999999999,0.5953703703703703,True,False
1152,91,3.0899999999999994,0.5950185185185186,True,False
1153,83,3.1699999999999995,0.5946666666666667,True,False
1154,89,3.1099999999999994,0.5943148148148147,True,False
1155,133,2.669999999999999,0.593962962962963,True,False
1156,109,2.9099999999999993,0.5936111111111111,True,False
1157,136,2.639999999999999,0.5932592592592593,True,False
1158,144,2.5599999999999987,0.5929074074074074,True,False
1159,154,2.459999999999999,0.5925555555555556,True,False
1160,100,2.999999999999999,0.5922037037037037,True,False
1161,110,2.8999999999999995,0.5918518518518519,True,False
1162,117,2.829999999999999,0.5915,True,False
1163,153,2.469999999999999,0.5911481481481482,True,False
1164,144,2.5599999999999987,0.5907962962962963,True,False
1165,122,2.7799999999999994,0.5904444444444444,True,False
1166,107,2.929999999999999,0.5900925925925926,True,False
1167,202,1.9799999999999984,0.5897407407407407,True,False
1168,116,2.839999999999999,0.589388888888889,True,False
1169,86,3.1399999999999997,0.589037037037037,True,False
1170,93,3.0699999999999994,0.5886851851851852,True,False
1171,106,2.939999999999999,0.5883333333333334,True,False
1172,153,2.469999999999999,0.5879814814814814,True,False
1173,94,3.0599999999999996,0.5876296296296297,True,False
1174,120,2.799999999999999,0.5872777777777778,True,False
1175,138,2.619999999999999,0.586925925925926,True,False
1176,82,3.1799999999999997,0.5865740740740741,True,False
1177,204,1.9599999999999986,0.5862222222222222,True,False
1178,149,2.509999999999999,0.5858703703703704,True,False
1179,102,2.979999999999999,0.5855185185185185,True,False
1180,114,2.859999999999999,0.5851666666666667,True,False
1181,107,2.929999999999999,0.5848148148148148,True,False
1182,103,2.9699999999999993,0.584462962962963,True,False
1183,125,2.749999999999999,0.5841111111111111,True,False
1184,179,2.2099999999999986,0.5837592592592593,True,False
1185,105,2.9499999999999993,0.5834074074074074,True,False
1186,104,2.959999999999999,0.5830555555555557,True,False
1187,158,2.419999999999999,0.5827037037037037,True,False
1188,106,2.939999999999999,0.5823518518518518,True,False
1189,126,2.7399999999999993,0.5820000000000001,True,False
1190,189,2.1099999999999985,0.5816481481481481,True,False
1191,105,2.9499999999999993,0.5812962962962963,True,False
1192,184,2.1599999999999984,0.5809444444444445,True,False
1193,260,1.3999999999999981,0.5805925925925925,True,False
1194,100,2.999999999999999,0.5802407407407408,True,False
1195,151,2.4899999999999984,0.5798888888888889,True,False
1196,148,2.5199999999999987,0.5795370370370371,True,False
1197,150,2.499999999999999,0.5791851851851852,True,False
1198,119,2.809999999999999,0.5788333333333333,True,False
1199,114,2.8599999999999994,0.5784814814814815,True,False
1200,143,2.569999999999999,0.5781296296296297,True,False
1201,191,2.0899999999999985,0.5777777777777778,True,False
1202,171,2.2899999999999987,0.577425925925926,True,False
1203,134,2.659999999999999,0.5770740740740741,True,False
1204,165,2.3499999999999988,0.5767222222222222,True,False
1205,151,2.489999999999999,0.5763703703703704,True,False
1206,150,2.4999999999999987,0.5760185185185185,True,False
1207,139,2.609999999999999,0.5756666666666668,True,False
1208,153,2.469999999999999,0.5753148148148148,True,False
1209,132,2.679999999999999,0.5749629629629629,True,False
1210,126,2.7399999999999993,0.5746111111111112,True,False
1211,71,3.2899999999999996,0.5742592592592592,True,False
1212,164,2.3599999999999985,0.5739074074074074,True,False
1213,128,2.719999999999999,0.5735555555555556,True,False
1214,137,2.629999999999999,0.5732037037037037,True,False
1215,124,2.759999999999999,0.5728518518518518,True,False
1216,117,2.829999999999999,0.5725,True,False
1217,114,2.8599999999999994,0.5721481481481482,True,False
1218,144,2.5599999999999987,0.5717962962962964,True,False
1219,122,2.7799999999999994,0.5714444444444444,True,False
1220,108,2.919999999999999,0.5710925925925926,True,False
1221,126,2.739999999999999,0.5707407407407408,True,False
1222,85,3.1499999999999995,0.5703888888888888,True,False
1223,135,2.649999999999999,0.5700370370370371,True,False
1224,127,2.7299999999999986,0.5696851851851852,True,False
1225,110,2.899999999999999,0.5693333333333334,True,False
1226,137,2.629999999999999,0.5689814814814815,True,False
1227,94,3.0599999999999996,0.5686296296296296,True,False
1228,146,2.539999999999999,0.5682777777777779,True,False
1229,126,2.7399999999999993,0.567925925925926,True,False
1230,213,1.8699999999999986,0.567574074074074,True,False
1231,128,2.719999999999999,0.5672222222222223,True,False
1232,103,2.9699999999999993,0.5668703703703704,True,False
1233,100,2.999999999999999,0.5665185185185185,True,False
1234,148,2.5199999999999987,0.5661666666666667,True,False
1235,101,2.9899999999999993,0.5658148148148148,True,False
1236,164,2.3599999999999985,0.565462962962963,True,False
1237,191,2.0899999999999985,0.5651111111111111,True,False
1238,115,2.8499999999999988,0.5647592592592593,True,False
1239,91,3.0899999999999994,0.5644074074074075,True,False
1240,115,2.8499999999999988,0.5640555555555555,True,False
1241,149,2.509999999999999,0.5637037037037037,True,False
1242,124,2.759999999999999,0.5633518518518519,True,False
1243,124,2.759999999999999,0.563,True,False
1244,108,2.919999999999999,0.5626481481481482,True,False
1245,107,2.9299999999999993,0.5622962962962963,True,False
1246,118,2.8199999999999994,0.5619444444444444,True,False
1247,108,2.919999999999999,0.5615925925925926,True,False
1248,104,2.959999999999999,0.5612407407407407,True,False
1249,117,2.829999999999999,0.560888888888889,True,False
1250,113,2.869999999999999,0.5605370370370371,True,False
1251,141,2.589999999999999,0.5601851851851852,True,False
1252,133,2.669999999999999,0.5598333333333334,True,False
1253,131,2.689999999999999,0.5594814814814815,True,False
1254,97,3.0299999999999994,0.5591296296296296,True,False
1255,112,2.879999999999999,0.5587777777777778,True,False
1256,132,2.679999999999999,0.558425925925926,True,False
1257,112,2.879999999999999,0.5580740740740741,True,False
1258,94,3.0599999999999996,0.5577222222222222,True,False
1259,128,2.719999999999999,0.5573703703703704,True,False
1260,144,2.5599999999999987,0.5570185185185186,True,False
1261,129,2.709999999999999,0.5566666666666666,True,False
1262,163,2.3699999999999988,0.5563148148148148,True,False
1263,84,3.1599999999999993,0.555962962962963,True,False
1264,125,2.749999999999999,0.5556111111111111,True,False
1265,99,3.009999999999999,0.5552592592592593,True,False
1266,94,3.059999999999999,0.5549074074074074,True,False
1267,95,3.0499999999999994,0.5545555555555556,True,False
1268,137,2.629999999999999,0.5542037037037038,True,False
1269,85,3.1499999999999995,0.5538518518518518,True,False
1270,122,2.7799999999999994,0.5535000000000001,True,False
1271,110,2.8999999999999995,0.5531481481481482,True,False
1272,112,2.879999999999999,0.5527962962962963,True,False
1273,115,2.849999999999999,0.5524444444444445,True,False
1274,104,2.959999999999999,0.5520925925925926,True,False
1275,121,2.789999999999999,0.5517407407407408,True,False
1276,94,3.0599999999999996,0.5513888888888889,True,False
1277,131,2.689999999999999,0.551037037037037,True,False
1278,130,2.6999999999999993,0.5506851851851853,True,False
1279,101,2.9899999999999993,0.5503333333333333,True,False
1280,120,2.799999999999999,0.5499814814814815,True,False
1281,106,2.939999999999999,0.5496296296296297,True,False
1282,106,2.9399999999999995,0.5492777777777778,True,False
1283,133,2.669999999999999,0.548925925925926,True,False
1284,103,2.969999999999999,0.5485740740740741,True,False
1285,87,3.129999999999999,0.5482222222222222,True,False
1286,137,2.629999999999999,0.5478703703703705,True,False
1287,106,2.939999999999999,0.5475185185185185,True,False
1288,96,3.039999999999999,0.5471666666666667,True,False
1289,83,3.169999999999999,0.5468148148148149,True,False
1290,116,2.839999999999999,0.5464629629629629,True,False
1291,133,2.669999999999999,0.5461111111111111,True,False
1292,114,2.859999999999999,0.5457592592592593,True,False
1293,136,2.639999999999999,0.5454074074074075,True,False
1294,140,2.5999999999999988,0.5450555555555556,True,False
1295,151,2.4899999999999984,0.5447037037037037,True,False
1296,120,2.799999999999999,0.5443518518518519,True,False
1297,117,2.829999999999999,0.544,True,False
1298,123,2.769999999999999,0.5436481481481481,True,False
1299,92,3.079999999999999,0.5432962962962964,True,False
1300,98,3.0199999999999996,0.5429444444444445,True,False
1301,131,2.6899999999999986,0.5425925925925926,True,False
1302,130,2.6999999999999993,0.5422407407407408,True,False
1303,90,3.099999999999999,0.5418888888888889,True,False
1304,120,2.799999999999999,0.5415370370370372,True,False
1305,87,3.129999999999999,0.5411851851851852,True,False
1306,100,2.999999999999999,0.5408333333333333,True,False
1307,132,2.679999999999999,0.5404814814814816,True,False
1308,103,2.9699999999999993,0.5401296296296296,True,False
1309,102,2.9799999999999995,0.5397777777777778,True,False
1310,86,3.1399999999999992,0.539425925925926,True,False
1311,113,2.869999999999999,0.539074074074074,True,False
1312,112,2.879999999999999,0.5387222222222222,True,False
1313,120,2.799999999999999,0.5383703703703704,True,False
1314,101,2.9899999999999993,0.5380185185185186,True,False
1315,93,3.0699999999999994,0.5376666666666667,True,False
1316,112,2.879999999999999,0.5373148148148148,True,False
1317,121,2.789999999999999,0.536962962962963,True,False
1318,130,2.6999999999999993,0.5366111111111111,True,False
1319,98,3.0199999999999996,0.5362592592592592,True,False
1320,99,3.0099999999999993,0.5359074074074075,True,False
1321,107,2.9299999999999993,0.5355555555555556,True,False
1322,116,2.839999999999999,0.5352037037037036,True,False
1323,168,2.3199999999999985,0.5348518518518519,True,False
1324,101,2.9899999999999993,0.5345,True,False
1325,125,2.749999999999999,0.5341481481481483,True,False
1326,74,3.26,0.5337962962962963,True,False
1327,120,2.799999999999999,0.5334444444444444,True,False
1328,106,2.9399999999999995,0.5330925925925927,True,False
1329,155,2.449999999999999,0.5327407407407407,True,False
1330,118,2.819999999999999,0.5323888888888889,True,False
1331,144,2.5599999999999987,0.5320370370370371,True,False
1332,119,2.809999999999999,0.5316851851851851,True,False
1333,127,2.729999999999999,0.5313333333333333,True,False
1334,114,2.8599999999999994,0.5309814814814815,True,False
1335,136,2.639999999999999,0.5306296296296297,True,False
1336,137,2.629999999999999,0.5302777777777778,True,False
1337,106,2.939999999999999,0.5299259259259259,True,False
1338,116,2.839999999999999,0.5295740740740741,True,False
1339,112,2.879999999999999,0.5292222222222223,True,False
1340,79,3.209999999999999,0.5288703703703703,True,False
1341,90,3.099999999999999,0.5285185185185186,True,False
1342,110,2.899999999999999,0.5281666666666667,True,False
1343,91,3.0899999999999994,0.5278148148148147,True,False
1344,125,2.749999999999999,0.527462962962963,True,False
1345,102,2.9799999999999995,0.5271111111111111,True,False
1346,94,3.059999999999999,0.5267592592592593,True,False
1347,86,3.1399999999999997,0.5264074074074074,True,False
1348,93,3.0699999999999994,0.5260555555555556,True,False
1349,122,2.7799999999999994,0.5257037037037038,True,False
1350,99,3.009999999999999,0.5253518518518518,True,False
1351,110,2.899999999999999,0.525,True,False
1352,69,3.3099999999999996,0.5246481481481482,True,False
1353,155,2.449999999999999,0.5242962962962964,True,False
1354,111,2.8899999999999992,0.5239444444444445,True,False
1355,115,2.8499999999999988,0.5235925925925926,True,False
1356,121,2.789999999999999,0.5232407407407407,True,False
1357,87,3.129999999999999,0.522888888888889,True,False
1358,104,2.959999999999999,0.522537037037037,True,False
1359,115,2.8499999999999988,0.5221851851851853,True,False
1360,114,2.8599999999999994,0.5218333333333334,True,False
1361,117,2.829999999999999,0.5214814814814815,True,False
1362,103,2.9699999999999993,0.5211296296296296,True,False
1363,99,3.009999999999999,0.5207777777777778,True,False
1364,98,3.0199999999999996,0.520425925925926,True,False
1365,114,2.8599999999999994,0.5200740740740741,True,False
1366,129,2.709999999999999,0.5197222222222222,True,False
1367,145,2.549999999999999,0.5193703703703705,True,False
1368,113,2.869999999999999,0.5190185185185185,True,False
1369,88,3.119999999999999,0.5186666666666666,True,False
1370,94,3.0599999999999996,0.5183148148148149,True,False
1371,139,2.609999999999999,0.517962962962963,True,False
1372,104,2.959999999999999,0.5176111111111111,True,False
1373,85,3.1499999999999995,0.5172592592592593,True,False
1374,120,2.799999999999999,0.5169074074074075,True,False
1375,135,2.649999999999999,0.5165555555555557,True,False
1376,135,2.649999999999999,0.5162037037037037,True,False
1377,116,2.839999999999999,0.5158518518518518,True,False
1378,94,3.059999999999999,0.5155000000000001,True,False
1379,94,3.059999999999999,0.5151481481481481,True,False
1380,94,3.059999999999999,0.5147962962962964,True,False
1381,106,2.9399999999999995,0.5144444444444445,True,False
1382,400,-1.0000000000000018,0.5140925925925925,False,False
1383,94,3.059999999999999,0.5137407407407407,True,False
1384,82,3.1799999999999997,0.5133888888888889,True,False
1385,108,2.919999999999999,0.5130370370370371,True,False
1386,134,2.6599999999999993,0.5126851851851852,True,False
1387,86,3.1399999999999997,0.5123333333333333,True,False
1388,122,2.7799999999999994,0.5119814814814816,True,False
1389,122,2.7799999999999994,0.5116296296296297,True,False
1390,84,3.1599999999999993,0.5112777777777777,True,False
1391,102,2.9799999999999995,0.510925925925926,True,False
1392,119,2.809999999999999,0.5105740740740741,True,False
1393,114,2.859999999999999,0.5102222222222222,True,False
1394,136,2.639999999999999,0.5098703703703704,True,False
1395,70,3.2999999999999994,0.5095185185185186,True,False
1396,92,3.079999999999999,0.5091666666666667,True,False
1397,89,3.1099999999999994,0.5088148148148148,True,False
1398,90,3.0999999999999996,0.5084629629629629,True,False
1399,114,2.8599999999999994,0.5081111111111112,True,False
1400,120,2.799999999999999,0.5077592592592592,True,False
1401,94,3.059999999999999,0.5074074074074075,True,False
1402,131,2.6899999999999986,0.5070555555555556,True,False
1403,100,2.999999999999999,0.5067037037037037,True,False
1404,79,3.2099999999999995,0.5063518518518518,True,False
1405,97,3.0299999999999994,0.506,True,False
1406,150,2.4999999999999987,0.5056481481481482,True,False
1407,90,3.099999999999999,0.5052962962962964,True,False
1408,110,2.899999999999999,0.5049444444444444,True,False
1409,81,3.1899999999999995,0.5045925925925927,True,False
1410,131,2.6899999999999986,0.5042407407407408,True,False
1411,104,2.959999999999999,0.5038888888888888,True,False
1412,71,3.289999999999999,0.5035370370370371,True,False
1413,111,2.889999999999999,0.5031851851851852,True,False
1414,154,2.4599999999999986,0.5028333333333334,True,False
1415,88,3.119999999999999,0.5024814814814815,True,False
1416,147,2.529999999999999,0.5021296296296297,True,False
1417,93,3.0699999999999994,0.5017777777777778,True,False
1418,115,2.849999999999999,0.5014259259259259,True,False
1419,93,3.0699999999999994,0.501074074074074,True,False
1420,117,2.829999999999999,0.5007222222222223,True,False
1421,101,2.9899999999999993,0.5003703703703704,True,False
1422,137,2.629999999999999,0.5000185185185186,True,False
1423,133,2.669999999999999,0.4996666666666667,True,False
1424,82,3.1799999999999993,0.49931481481481477,True,False
1425,106,2.9399999999999995,0.49896296296296294,True,False
1426,107,2.9299999999999993,0.4986111111111111,True,False
1427,91,3.089999999999999,0.4982592592592593,True,False
1428,98,3.019999999999999,0.49790740740740747,True,False
1429,113,2.869999999999999,0.49755555555555564,True,False
1430,127,2.7299999999999986,0.4972037037037038,True,False
1431,109,2.9099999999999993,0.4968518518518519,True,False
1432,126,2.7399999999999993,0.49650000000000005,True,False
1433,95,3.0499999999999994,0.4961481481481481,True,False
1434,94,3.0599999999999996,0.4957962962962963,True,False
1435,101,2.9899999999999993,0.49544444444444447,True,False
1436,104,2.959999999999999,0.49509259259259264,True,False
1437,95,3.049999999999999,0.4947407407407408,True,False
1438,110,2.899999999999999,0.4943888888888889,True,False
1439,102,2.9799999999999995,0.49403703703703705,True,False
1440,113,2.869999999999999,0.4936851851851852,True,False
1441,102,2.9799999999999995,0.4933333333333334,True,False
1442,111,2.889999999999999,0.4929814814814816,True,False
1443,92,3.079999999999999,0.49262962962962964,True,False
1444,88,3.119999999999999,0.4922777777777777,True,False
1445,74,3.2599999999999993,0.4919259259259259,True,False
1446,97,3.0299999999999994,0.49157407407407405,True,False
1447,126,2.7399999999999993,0.4912222222222222,True,False
1448,81,3.1899999999999995,0.4908703703703704,True,False
1449,91,3.089999999999999,0.4905185185185186,True,False
1450,83,3.169999999999999,0.49016666666666675,True,False
1451,95,3.049999999999999,0.4898148148148148,True,False
1452,112,2.879999999999999,0.489462962962963,True,False
1453,119,2.809999999999999,0.48911111111111116,True,False
1454,90,3.0999999999999996,0.4887592592592592,True,False
1455,95,3.049999999999999,0.4884074074074074,True,False
1456,95,3.049999999999999,0.4880555555555556,True,False
1457,89,3.1099999999999994,0.48770370370370375,True,False
1458,126,2.739999999999999,0.4873518518518518,True,False
1459,88,3.119999999999999,0.487,True,False
1460,98,3.019999999999999,0.48664814814814816,True,False
1461,123,2.7699999999999987,0.48629629629629634,True,False
1462,81,3.1899999999999995,0.4859444444444445,True,False
1463,126,2.739999999999999,0.4855925925925927,True,False
1464,93,3.0699999999999994,0.48524074074074086,True,False
1465,122,2.7799999999999994,0.4848888888888888,True,False
1466,95,3.049999999999999,0.484537037037037,True,False
1467,93,3.0699999999999994,0.48418518518518516,True,False
1468,88,3.119999999999999,0.48383333333333334,True,False
1469,100,2.999999999999999,0.4834814814814815,True,False
1470,98,3.0199999999999996,0.4831296296296297,True,False
1471,102,2.9799999999999995,0.48277777777777786,True,False
1472,75,3.249999999999999,0.4824259259259259,True,False
1473,90,3.099999999999999,0.4820740740740741,True,False
1474,105,2.9499999999999993,0.4817222222222223,True,False
1475,113,2.869999999999999,0.48137037037037045,True,False
1476,80,3.1999999999999993,0.4810185185185185,True,False
1477,87,3.129999999999999,0.4806666666666667,True,False
1478,87,3.129999999999999,0.48031481481481486,True,False
1479,120,2.799999999999999,0.4799629629629629,True,False
1480,66,3.3399999999999994,0.4796111111111111,True,False
1481,87,3.1299999999999994,0.4792592592592593,True,False
1482,111,2.889999999999999,0.47890740740740745,True,False
1483,102,2.9799999999999995,0.4785555555555556,True,False
1484,96,3.039999999999999,0.4782037037037038,True,False
1485,99,3.0099999999999993,0.47785185185185197,True,False
1486,93,3.0699999999999994,0.47750000000000004,True,False
1487,78,3.2199999999999998,0.4771481481481481,True,False
1488,115,2.8499999999999988,0.4767962962962963,True,False
1489,134,2.659999999999999,0.47644444444444445,True,False
1490,134,2.659999999999999,0.4760925925925926,True,False
1491,112,2.879999999999999,0.4757407407407408,True,False
1492,105,2.9499999999999993,0.47538888888888897,True,False
1493,114,2.859999999999999,0.47503703703703704,True,False
1494,72,3.2799999999999994,0.4746851851851852,True,False
1495,93,3.0699999999999994,0.4743333333333334,True,False
1496,120,2.799999999999999,0.47398148148148156,True,False
1497,97,3.0299999999999994,0.4736296296296296,True,False
1498,107,2.929999999999999,0.4732777777777778,True,False
1499,103,2.969999999999999,0.47292592592592597,True,False
1500,98,3.019999999999999,0.47257407407407404,True,False
1501,86,3.1399999999999992,0.4722222222222222,True,False
1502,100,2.999999999999999,0.4718703703703704,True,False
1503,79,3.209999999999999,0.47151851851851856,True,False
1504,81,3.1899999999999995,0.47116666666666673,True,False
1505,103,2.9699999999999993,0.4708148148148149,True,False
1506,102,2.9799999999999995,0.47046296296296297,True,False
1507,80,3.1999999999999993,0.47011111111111115,True,False
1508,81,3.1899999999999995,0.4697592592592592,True,False
1509,99,3.009999999999999,0.4694074074074074,True,False
1510,112,2.879999999999999,0.46905555555555556,True,False
1511,72,3.2799999999999994,0.46870370370370373,True,False
1512,102,2.9799999999999995,0.4683518518518519,True,False
1513,102,2.9799999999999995,0.46799999999999997,True,False
1514,99,3.0099999999999993,0.46764814814814815,True,False
1515,99,3.0099999999999993,0.4672962962962963,True,False
1516,102,2.9799999999999995,0.4669444444444445,True,False
1517,92,3.079999999999999,0.46659259259259267,True,False
1518,116,2.839999999999999,0.46624074074074084,True,False
1519,136,2.639999999999999,0.4658888888888889,True,False
1520,92,3.079999999999999,0.46553703703703697,True,False
1521,113,2.869999999999999,0.46518518518518515,True,False
1522,87,3.129999999999999,0.4648333333333333,True,False
1523,112,2.879999999999999,0.4644814814814815,True,False
1524,96,3.039999999999999,0.46412962962962967,True,False
1525,90,3.099999999999999,0.46377777777777784,True,False
1526,95,3.049999999999999,0.463425925925926,True,False
1527,107,2.929999999999999,0.4630740740740741,True,False
1528,94,3.059999999999999,0.46272222222222226,True,False
1529,81,3.1899999999999995,0.46237037037037043,True,False
1530,105,2.9499999999999993,0.4620185185185185,True,False
1531,99,3.0099999999999993,0.46166666666666667,True,False
1532,90,3.0999999999999996,0.46131481481481484,True,False
1533,113,2.869999999999999,0.460962962962963,True,False
1534,101,2.9899999999999993,0.4606111111111111,True,False
1535,69,3.3099999999999996,0.46025925925925926,True,False
1536,87,3.129999999999999,0.45990740740740743,True,False
1537,83,3.1699999999999995,0.4595555555555556,True,False
1538,134,2.6599999999999993,0.4592037037037038,True,False
1539,104,2.959999999999999,0.45885185185185196,True,False
1540,74,3.2599999999999993,0.4585,True,False
1541,107,2.9299999999999993,0.4581481481481481,True,False
1542,93,3.0699999999999994,0.45779629629629626,True,False
1543,91,3.0899999999999994,0.45744444444444443,True,False
1544,92,3.079999999999999,0.4570925925925926,True,False
1545,89,3.1099999999999994,0.4567407407407408,True,False
1546,69,3.3099999999999996,0.45638888888888896,True,False
1547,89,3.1099999999999994,0.45603703703703713,True,False
1548,120,2.799999999999999,0.4556851851851852,True,False
1549,108,2.919999999999999,0.45533333333333337,True,False
1550,108,2.919999999999999,0.45498148148148154,True,False
1551,91,3.0899999999999994,0.4546296296296296,True,False
1552,95,3.049999999999999,0.4542777777777778,True,False
1553,101,2.9899999999999993,0.45392592592592595,True,False
1554,86,3.1399999999999992,0.45357407407407413,True,False
1555,133,2.669999999999999,0.4532222222222222,True,False
1556,95,3.049999999999999,0.45287037037037037,True,False
1557,84,3.1599999999999993,0.45251851851851854,True,False
1558,94,3.0599999999999996,0.4521666666666667,True,False
1559,91,3.089999999999999,0.4518148148148149,True,False
1560,80,3.1999999999999993,0.45146296296296307,True,False
1561,83,3.169999999999999,0.45111111111111124,True,False
1562,113,2.869999999999999,0.4507592592592592,True,False
1563,88,3.119999999999999,0.45040740740740737,True,False
1564,82,3.1799999999999997,0.45005555555555554,True,False
1565,101,2.9899999999999993,0.4497037037037037,True,False
1566,108,2.919999999999999,0.4493518518518519,True,False
1567,109,2.9099999999999993,0.44900000000000007,True,False
1568,66,3.3399999999999994,0.44864814814814813,True,False
1569,114,2.8599999999999994,0.4482962962962963,True,False
1570,78,3.2199999999999998,0.4479444444444445,True,False
1571,108,2.919999999999999,0.44759259259259265,True,False
1572,121,2.789999999999999,0.4472407407407408,True,False
1573,87,3.1299999999999994,0.4468888888888889,True,False
1574,70,3.3,0.44653703703703707,True,False
1575,86,3.1399999999999997,0.44618518518518513,True,False
1576,94,3.059999999999999,0.4458333333333333,True,False
1577,96,3.039999999999999,0.4454814814814815,True,False
1578,121,2.789999999999999,0.44512962962962965,True,False
1579,81,3.1899999999999995,0.4447777777777778,True,False
1580,96,3.039999999999999,0.444425925925926,True,False
1581,80,3.1999999999999993,0.4440740740740742,True,False
1582,112,2.879999999999999,0.44372222222222224,True,False
1583,85,3.1499999999999995,0.4433703703703704,True,False
1584,93,3.0699999999999994,0.4430185185185185,True,False
1585,78,3.2199999999999993,0.44266666666666665,True,False
1586,117,2.829999999999999,0.4423148148148148,True,False
1587,99,3.009999999999999,0.441962962962963,True,False
1588,94,3.059999999999999,0.4416111111111112,True,False
1589,97,3.0299999999999994,0.44125925925925924,True,False
1590,80,3.1999999999999993,0.4409074074074074,True,False
1591,88,3.119999999999999,0.4405555555555556,True,False
1592,103,2.969999999999999,0.44020370370370376,True,False
1593,118,2.819999999999999,0.43985185185185194,True,False
1594,91,3.089999999999999,0.4395,True,False
1595,94,3.0599999999999996,0.4391481481481482,True,False
1596,76,3.2399999999999993,0.43879629629629624,True,False
1597,102,2.9799999999999995,0.4384444444444444,True,False
1598,95,3.0499999999999994,0.4380925925925926,True,False
1599,96,3.039999999999999,0.43774074074074076,True,False
1600,99,3.0099999999999993,0.43738888888888894,True,False
1601,103,2.9699999999999993,0.4370370370370371,True,False
1602,92,3.079999999999999,0.4366851851851853,True,False
1603,90,3.099999999999999,0.43633333333333335,True,False
1604,95,3.0499999999999994,0.4359814814814815,True,False
1605,82,3.1799999999999993,0.4356296296296296,True,False
1606,87,3.129999999999999,0.43527777777777776,True,False
1607,93,3.0699999999999994,0.43492592592592594,True,False
1608,102,2.9799999999999995,0.4345740740740741,True,False
1609,90,3.0999999999999996,0.4342222222222223,True,False
1610,97,3.0299999999999994,0.43387037037037035,True,False
1611,94,3.059999999999999,0.4335185185185185,True,False
1612,84,3.1599999999999993,0.4331666666666667,True,False
1613,84,3.1599999999999993,0.4328148148148149,True,False
1614,105,2.9499999999999993,0.43246296296296305,True,False
1615,102,2.979999999999999,0.4321111111111112,True,False
1616,91,3.089999999999999,0.4317592592592593,True,False
1617,91,3.0899999999999994,0.43140740740740735,True,False
1618,78,3.2199999999999993,0.4310555555555555,True,False
1619,110,2.8999999999999995,0.4307037037037037,True,False
1620,113,2.869999999999999,0.4303518518518519,True,False
1621,91,3.089999999999999,0.43000000000000005,True,False
1622,74,3.2599999999999993,0.4296481481481482,True,False
1623,118,2.8199999999999994,0.4292962962962964,True,False
1624,108,2.919999999999999,0.42894444444444446,True,False
1625,80,3.1999999999999993,0.42859259259259264,True,False
1626,95,3.049999999999999,0.4282407407407408,True,False
1627,83,3.169999999999999,0.4278888888888889,True,False
1628,109,2.9099999999999993,0.42753703703703705,True,False
1629,87,3.129999999999999,0.4271851851851852,True,False
1630,90,3.0999999999999996,0.4268333333333333,True,False
1631,89,3.1099999999999994,0.42648148148148146,True,False
1632,96,3.039999999999999,0.42612962962962964,True,False
1633,84,3.1599999999999993,0.4257777777777778,True,False
1634,84,3.1599999999999993,0.425425925925926,True,False
1635,92,3.079999999999999,0.42507407407407416,True,False
1636,83,3.1699999999999995,0.42472222222222233,True,False
1637,92,3.079999999999999,0.4243703703703704,True,False
1638,103,2.969999999999999,0.42401851851851846,True,False
1639,93,3.0699999999999994,0.42366666666666664,True,False
1640,82,3.1799999999999997,0.4233148148148148,True,False
1641,71,3.2899999999999996,0.422962962962963,True,False
1642,83,3.169999999999999,0.42261111111111116,True,False
1643,86,3.1399999999999997,0.42225925925925933,True,False
1644,110,2.899999999999999,0.4219074074074074,True,False
1645,103,2.9699999999999993,0.42155555555555557,True,False
1646,97,3.0299999999999994,0.42120370370370375,True,False
1647,87,3.129999999999999,0.4208518518518519,True,False
1648,84,3.1599999999999993,0.4205,True,False
1649,108,2.919999999999999,0.42014814814814816,True,False
1650,106,2.9399999999999995,0.41979629629629633,True,False
1651,94,3.059999999999999,0.4194444444444444,True,False
1652,89,3.1099999999999994,0.41909259259259257,True,False
1653,105,2.9499999999999993,0.41874074074074075,True,False
1654,104,2.959999999999999,0.4183888888888889,True,False
1655,83,3.169999999999999,0.4180370370370371,True,False
1656,87,3.1299999999999994,0.41768518518518527,True,False
1657,106,2.9399999999999995,0.41733333333333344,True,False
1658,79,3.209999999999999,0.4169814814814815,True,False
1659,113,2.869999999999999,0.41662962962962957,True,False
1660,85,3.1499999999999995,0.41627777777777775,True,False
1661,93,3.0699999999999994,0.4159259259259259,True,False
1662,101,2.9899999999999993,0.4155740740740741,True,False
1663,77,3.2299999999999995,0.41522222222222227,True,False
1664,66,3.3399999999999994,0.41487037037037044,True,False
1665,88,3.119999999999999,0.4145185185185185,True,False
1666,97,3.0299999999999994,0.4141666666666667,True,False
1667,94,3.059999999999999,0.41381481481481486,True,False
1668,69,3.3099999999999996,0.41346296296296303,True,False
1669,89,3.1099999999999994,0.4131111111111112,True,False
1670,96,3.039999999999999,0.41275925925925927,True,False
1671,88,3.119999999999999,0.41240740740740744,True,False
1672,125,2.749999999999999,0.4120555555555555,True,False
1673,89,3.1099999999999994,0.4117037037037037,True,False
1674,83,3.169999999999999,0.41135185185185186,True,False
1675,109,2.9099999999999993,0.41100000000000003,True,False
1676,91,3.089999999999999,0.4106481481481482,True,False
1677,88,3.119999999999999,0.4102962962962964,True,False
1678,89,3.1099999999999994,0.40994444444444456,True,False
1679,78,3.2199999999999993,0.4095925925925926,True,False
1680,92,3.079999999999999,0.4092407407407408,True,False
1681,102,2.9799999999999995,0.40888888888888886,True,False
1682,87,3.129999999999999,0.40853703703703703,True,False
1683,75,3.249999999999999,0.4081851851851852,True,False
1684,100,2.999999999999999,0.4078333333333334,True,False
1685,72,3.2799999999999994,0.40748148148148156,True,False
1686,90,3.0999999999999996,0.4071296296296296,True,False
1687,87,3.129999999999999,0.4067777777777778,True,False
1688,79,3.209999999999999,0.40642592592592597,True,False
1689,117,2.829999999999999,0.40607407407407414,True,False
1690,94,3.059999999999999,0.4057222222222223,True,False
1691,78,3.2199999999999993,0.4053703703703705,True,False
1692,77,3.2299999999999995,0.40501851851851844,True,False
1693,85,3.1499999999999995,0.4046666666666666,True,False
1694,73,3.2699999999999996,0.4043148148148148,True,False
1695,93,3.0699999999999994,0.40396296296296297,True,False
1696,88,3.119999999999999,0.40361111111111114,True,False
1697,118,2.819999999999999,0.4032592592592593,True,False
1698,103,2.969999999999999,0.4029074074074075,True,False
1699,93,3.0699999999999994,0.40255555555555556,True,False
1700,102,2.9799999999999995,0.40220370370370373,True,False
1701,79,3.209999999999999,0.4018518518518519,True,False
1702,95,3.049999999999999,0.4015000000000001,True,False
1703,80,3.1999999999999993,0.40114814814814814,True,False
1704,95,3.049999999999999,0.4007962962962963,True,False
1705,80,3.1999999999999993,0.4004444444444445,True,False
1706,76,3.2399999999999993,0.40009259259259256,True,False
1707,78,3.2199999999999998,0.39974074074074073,True,False
1708,73,3.2699999999999996,0.3993888888888889,True,False
1709,96,3.039999999999999,0.3990370370370371,True,False
1710,103,2.9699999999999993,0.39868518518518525,True,False
1711,77,3.2299999999999995,0.39833333333333343,True,False
1712,81,3.1899999999999995,0.3979814814814816,True,False
1713,96,3.039999999999999,0.39762962962962967,True,False
1714,84,3.1599999999999993,0.39727777777777773,True,False
1715,89,3.1099999999999994,0.3969259259259259,True,False
1716,84,3.1599999999999993,0.3965740740740741,True,False
1717,75,3.249999999999999,0.39622222222222225,True,False
1718,95,3.0499999999999994,0.39587037037037043,True,False
1719,72,3.2799999999999994,0.3955185185185186,True,False
1720,75,3.249999999999999,0.39516666666666667,True,False
1721,92,3.079999999999999,0.39481481481481484,True,False
1722,67,3.329999999999999,0.394462962962963,True,False
1723,94,3.0599999999999996,0.3941111111111112,True,False
1724,101,2.9899999999999993,0.39375925925925925,True,False
1725,71,3.289999999999999,0.39340740740740743,True,False
1726,72,3.2799999999999994,0.3930555555555556,True,False
1727,86,3.1399999999999992,0.39270370370370367,True,False
1728,84,3.1599999999999993,0.39235185185185184,True,False
1729,84,3.1599999999999993,0.392,True,False
1730,80,3.1999999999999993,0.3916481481481482,True,False
1731,70,3.3,0.39129629629629636,True,False
1732,85,3.1499999999999995,0.39094444444444454,True,False
1733,93,3.0699999999999994,0.3905925925925927,True,False
1734,91,3.089999999999999,0.3902407407407408,True,False
1735,71,3.2899999999999996,0.38988888888888884,True,False
1736,90,3.099999999999999,0.389537037037037,True,False
1737,97,3.0299999999999994,0.3891851851851852,True,False
1738,107,2.9299999999999993,0.38883333333333336,True,False
1739,98,3.0199999999999996,0.38848148148148154,True,False
1740,83,3.1699999999999995,0.3881296296296297,True,False
1741,77,3.2299999999999995,0.3877777777777778,True,False
1742,106,2.939999999999999,0.38742592592592595,True,False
1743,71,3.2899999999999996,0.3870740740740741,True,False
1744,76,3.2399999999999993,0.3867222222222223,True,False
1745,85,3.1499999999999995,0.3863703703703705,True,False
1746,69,3.3099999999999996,0.38601851851851854,True,False
1747,87,3.1299999999999994,0.3856666666666667,True,False
1748,76,3.2399999999999993,0.3853148148148148,True,False
1749,107,2.929999999999999,0.38496296296296295,True,False
1750,73,3.2699999999999996,0.3846111111111111,True,False
1751,88,3.119999999999999,0.3842592592592593,True,False
1752,81,3.1899999999999995,0.3839074074074075,True,False
1753,89,3.1099999999999994,0.38355555555555565,True,False
1754,91,3.089999999999999,0.3832037037037037,True,False
1755,85,3.1499999999999995,0.3828518518518519,True,False
1756,81,3.1899999999999995,0.38250000000000006,True,False
1757,86,3.1399999999999997,0.3821481481481481,True,False
1758,76,3.2399999999999993,0.3817962962962963,True,False
1759,93,3.0699999999999994,0.3814444444444445,True,False
1760,69,3.3099999999999996,0.38109259259259265,True,False
1761,86,3.1399999999999997,0.3807407407407407,True,False
1762,61,3.3899999999999997,0.3803888888888889,True,False
1763,91,3.089999999999999,0.38003703703703706,True,False
1764,93,3.0699999999999994,0.37968518518518524,True,False
1765,78,3.2199999999999998,0.3793333333333334,True,False
1766,64,3.3599999999999994,0.3789814814814816,True,False
1767,73,3.2699999999999996,0.37862962962962965,True,False
1768,89,3.1099999999999994,0.3782777777777777,True,False
1769,67,3.3299999999999996,0.3779259259259259,True,False
1770,108,2.919999999999999,0.37757407407407406,True,False
1771,65,3.3499999999999996,0.37722222222222224,True,False
1772,60,3.3999999999999995,0.3768703703703704,True,False
1773,77,3.2299999999999995,0.3765185185185186,True,False
1774,87,3.129999999999999,0.37616666666666676,True,False
1775,87,3.1299999999999994,0.3758148148148148,True,False
1776,67,3.329999999999999,0.375462962962963,True,False
1777,93,3.0699999999999994,0.3751111111111112,True,False
1778,95,3.049999999999999,0.37475925925925924,True,False
1779,87,3.129999999999999,0.3744074074074074,True,False
1780,73,3.2699999999999996,0.3740555555555556,True,False
1781,111,2.8899999999999992,0.37370370370370376,True,False
1782,86,3.1399999999999997,0.3733518518518518,True,False
1783,76,3.2399999999999993,0.373,True,False
1784,71,3.2899999999999996,0.3726481481481482,True,False
1785,75,3.2499999999999996,0.37229629629629635,True,False
1786,79,3.209999999999999,0.3719444444444445,True,False
1787,83,3.1699999999999995,0.3715925925925927,True,False
1788,80,3.1999999999999993,0.37124074074074087,True,False
1789,83,3.169999999999999,0.3708888888888888,True,False
1790,71,3.289999999999999,0.370537037037037,True,False
1791,63,3.369999999999999,0.3701851851851852,True,False
1792,90,3.0999999999999996,0.36983333333333335,True,False
1793,79,3.209999999999999,0.3694814814814815,True,False
1794,64,3.3599999999999994,0.3691296296296297,True,False
1795,69,3.3099999999999996,0.36877777777777787,True,False
1796,86,3.1399999999999992,0.36842592592592593,True,False
1797,73,3.2699999999999996,0.3680740740740741,True,False
1798,67,3.329999999999999,0.3677222222222223,True,False
1799,85,3.1499999999999995,0.36737037037037046,True,False
1800,68,3.3199999999999994,0.3670185185185185,True,False
1801,87,3.1299999999999994,0.3666666666666667,True,False
1802,71,3.289999999999999,0.36631481481481487,True,False
1803,75,3.249999999999999,0.36596296296296293,True,False
1804,74,3.26,0.3656111111111111,True,False
1805,96,3.039999999999999,0.3652592592592593,True,False
1806,67,3.3299999999999996,0.36490740740740746,True,False
1807,82,3.1799999999999997,0.36455555555555563,True,False
1808,81,3.1899999999999995,0.3642037037037038,True,False
1809,70,3.3,0.363851851851852,True,False
1810,67,3.3299999999999996,0.36350000000000005,True,False
1811,82,3.1799999999999993,0.3631481481481481,True,False
1812,76,3.2399999999999993,0.3627962962962963,True,False
1813,101,2.9899999999999993,0.36244444444444446,True,False
1814,73,3.2699999999999996,0.36209259259259263,True,False
1815,73,3.2699999999999996,0.3617407407407408,True,False
1816,73,3.2699999999999996,0.36138888888888887,True,False
1817,87,3.129999999999999,0.36103703703703705,True,False
1818,61,3.3899999999999997,0.3606851851851852,True,False
1819,73,3.2699999999999996,0.3603333333333334,True,False
1820,79,3.2099999999999995,0.35998148148148157,True,False
1821,89,3.1099999999999994,0.35962962962962963,True,False
1822,67,3.3299999999999996,0.3592777777777778,True,False
1823,78,3.2199999999999993,0.35892592592592587,True,False
1824,72,3.2799999999999994,0.35857407407407405,True,False
1825,103,2.9699999999999993,0.3582222222222222,True,False
1826,74,3.26,0.3578703703703704,True,False
1827,78,3.2199999999999998,0.35751851851851857,True,False
1828,73,3.2699999999999996,0.35716666666666674,True,False
1829,73,3.2699999999999996,0.3568148148148149,True,False
1830,80,3.1999999999999993,0.356462962962963,True,False
1831,86,3.1399999999999992,0.35611111111111116,True,False
1832,86,3.1399999999999997,0.3557592592592592,True,False
1833,93,3.0699999999999994,0.3554074074074074,True,False
1834,103,2.9699999999999993,0.35505555555555557,True,False
1835,84,3.1599999999999993,0.35470370370370374,True,False
1836,86,3.1399999999999992,0.3543518518518519,True,False
1837,90,3.0999999999999996,0.354,True,False
1838,65,3.3499999999999996,0.35364814814814816,True,False
1839,84,3.1599999999999993,0.35329629629629633,True,False
1840,75,3.249999999999999,0.3529444444444445,True,False
1841,65,3.3499999999999996,0.3525925925925927,True,False
1842,75,3.2499999999999996,0.35224074074074085,True,False
1843,85,3.1499999999999995,0.3518888888888889,True,False
1844,64,3.3599999999999994,0.351537037037037,True,False
1845,79,3.2099999999999995,0.35118518518518516,True,False
1846,87,3.1299999999999994,0.35083333333333333,True,False
1847,67,3.3299999999999996,0.3504814814814815,True,False
1848,87,3.1299999999999994,0.3501296296296297,True,False
1849,81,3.1899999999999995,0.34977777777777785,True,False
1850,75,3.249999999999999,0.34942592592592603,True,False
1851,97,3.0299999999999994,0.3490740740740741,True,False
1852,66,3.3399999999999994,0.34872222222222227,True,False
1853,63,3.3699999999999997,0.34837037037037044,True,False
1854,73,3.2699999999999996,0.3480185185185185,True,False
1855,78,3.2199999999999998,0.3476666666666667,True,False
1856,76,3.2399999999999993,0.34731481481481485,True,False
1857,72,3.2799999999999994,0.34696296296296303,True,False
1858,80,3.1999999999999993,0.3466111111111111,True,False
1859,92,3.079999999999999,0.34625925925925927,True,False
1860,91,3.0899999999999994,0.34590740740740744,True,False
1861,99,3.0099999999999993,0.3455555555555556,True,False
1862,87,3.1299999999999994,0.3452037037037038,True,False
1863,98,3.0199999999999996,0.34485185185185196,True,False
1864,80,3.1999999999999993,0.34450000000000003,True,False
1865,62,3.38,0.3441481481481481,True,False
1866,65,3.3499999999999996,0.34379629629629627,True,False
1867,68,3.3199999999999994,0.34344444444444444,True,False
1868,63,3.369999999999999,0.3430925925925926,True,False
1869,62,3.3799999999999994,0.3427407407407408,True,False
1870,67,3.329999999999999,0.34238888888888896,True,False
1871,74,3.2599999999999993,0.34203703703703714,True,False
1872,61,3.3899999999999997,0.3416851851851852,True,False
1873,74,3.2599999999999993,0.3413333333333334,True,False
1874,83,3.1699999999999995,0.34098148148148155,True,False
1875,90,3.099999999999999,0.3406296296296296,True,False
1876,70,3.2999999999999994,0.3402777777777778,True,False
1877,61,3.3899999999999997,0.33992592592592596,True,False
1878,73,3.2699999999999996,0.33957407407407403,True,False
1879,99,3.009999999999999,0.3392222222222222,True,False
1880,81,3.1899999999999995,0.3388703703703704,True,False
1881,82,3.1799999999999997,0.33851851851851855,True,False
1882,73,3.2699999999999996,0.3381666666666667,True,False
1883,69,3.3099999999999996,0.3378148148148149,True,False
1884,80,3.1999999999999993,0.3374629629629631,True,False
1885,55,3.4499999999999993,0.33711111111111114,True,False
1886,80,3.1999999999999993,0.3367592592592592,True,False
1887,86,3.1399999999999997,0.3364074074074074,True,False
1888,92,3.079999999999999,0.33605555555555555,True,False
1889,72,3.2799999999999994,0.3357037037037037,True,False
1890,72,3.2799999999999994,0.3353518518518519,True,False
1891,75,3.249999999999999,0.3350000000000001,True,False
1892,73,3.2699999999999996,0.33464814814814814,True,False
1893,78,3.2199999999999998,0.3342962962962963,True,False
1894,92,3.079999999999999,0.3339444444444445,True,False
1895,62,3.38,0.33359259259259266,True,False
1896,62,3.3799999999999994,0.33324074074074084,True,False
1897,84,3.1599999999999993,0.3328888888888889,True,False
1898,81,3.1899999999999995,0.3325370370370371,True,False
1899,81,3.1899999999999995,0.33218518518518514,True,False
1900,72,3.2799999999999994,0.3318333333333333,True,False
1901,72,3.2799999999999994,0.3314814814814815,True,False
1902,66,3.3399999999999994,0.33112962962962966,True,False
1903,77,3.2299999999999995,0.33077777777777784,True,False
1904,76,3.2399999999999993,0.330425925925926,True,False
1905,65,3.3499999999999996,0.3300740740740742,True,False
1906,75,3.2499999999999996,0.32972222222222225,True,False
1907,89,3.1099999999999994,0.3293703703703704,True,False
1908,80,3.1999999999999993,0.3290185185185185,True,False
1909,75,3.249999999999999,0.32866666666666666,True,False
1910,57,3.4299999999999997,0.32831481481481484,True,False
1911,76,3.2399999999999993,0.327962962962963,True,False
1912,78,3.2199999999999998,0.3276111111111112,True,False
1913,95,3.049999999999999,0.32725925925925925,True,False
1914,79,3.2099999999999995,0.3269074074074074,True,False
1915,73,3.2699999999999996,0.3265555555555556,True,False
1916,72,3.2799999999999994,0.3262037037037038,True,False
1917,75,3.2499999999999996,0.32585185185185195,True,False
1918,68,3.3199999999999994,0.3255,True,False
1919,94,3.059999999999999,0.3251481481481482,True,False
1920,99,3.009999999999999,0.32479629629629625,True,False
1921,81,3.1899999999999995,0.3244444444444444,True,False
1922,79,3.209999999999999,0.3240925925925926,True,False
1923,94,3.059999999999999,0.3237407407407408,True,False
1924,69,3.3099999999999996,0.32338888888888895,True,False
1925,76,3.2399999999999993,0.3230370370370371,True,False
1926,77,3.2299999999999995,0.3226851851851853,True,False
1927,87,3.129999999999999,0.32233333333333336,True,False
1928,75,3.2499999999999996,0.32198148148148154,True,False
1929,71,3.2899999999999996,0.3216296296296296,True,False
1930,80,3.1999999999999993,0.3212777777777778,True,False
1931,91,3.0899999999999994,0.32092592592592595,True,False
1932,55,3.4499999999999993,0.3205740740740741,True,False
1933,96,3.039999999999999,0.3202222222222223,True,False
1934,68,3.3199999999999994,0.31987037037037036,True,False
1935,67,3.329999999999999,0.31951851851851854,True,False
1936,65,3.3499999999999996,0.3191666666666667,True,False
1937,93,3.0699999999999994,0.3188148148148149,True,False
1938,76,3.2399999999999993,0.31846296296296306,True,False
1939,76,3.2399999999999993,0.31811111111111123,True,False
1940,67,3.329999999999999,0.3177592592592592,True,False
1941,65,3.3499999999999996,0.31740740740740736,True,False
1942,76,3.2399999999999993,0.31705555555555553,True,False
1943,77,3.2299999999999995,0.3167037037037037,True,False
1944,66,3.34,0.3163518518518519,True,False
1945,71,3.289999999999999,0.31600000000000006,True,False
1946,85,3.1499999999999995,0.31564814814814823,True,False
1947,89,3.1099999999999994,0.3152962962962963,True,False
1948,85,3.1499999999999995,0.31494444444444447,True,False
1949,68,3.3199999999999994,0.31459259259259265,True,False
1950,74,3.2599999999999993,0.3142407407407408,True,False
1951,66,3.3399999999999994,0.3138888888888889,True,False
1952,65,3.3499999999999996,0.31353703703703706,True,False
1953,69,3.3099999999999996,0.31318518518518523,True,False
1954,77,3.2299999999999995,0.3128333333333333,True,False
1955,66,3.34,0.31248148148148147,True,False
1956,59,3.4099999999999997,0.31212962962962965,True,False
1957,81,3.1899999999999995,0.3117777777777778,True,False
1958,63,3.369999999999999,0.311425925925926,True,False
1959,69,3.3099999999999996,0.31107407407407417,True,False
1960,67,3.3299999999999996,0.31072222222222234,True,False
1961,87,3.1299999999999994,0.3103703703703704,True,False
1962,74,3.2599999999999993,0.31001851851851847,True,False
1963,72,3.2799999999999994,0.30966666666666665,True,False
1964,83,3.1699999999999995,0.3093148148148148,True,False
1965,69,3.3099999999999996,0.308962962962963,True,False
1966,70,3.3,0.30861111111111117,True,False
1967,75,3.249999999999999,0.30825925925925934,True,False
1968,68,3.3199999999999994,0.3079074074074074,True,False
1969,82,3.1799999999999993,0.3075555555555556,True,False
1970,68,3.3199999999999994,0.30720370370370376,True,False
1971,90,3.099999999999999,0.30685185185185193,True,False
1972,69,3.3099999999999996,0.3065,True,False
1973,82,3.1799999999999997,0.30614814814814817,True,False
1974,98,3.019999999999999,0.30579629629629634,True,False
1975,92,3.079999999999999,0.3054444444444444,True,False
1976,66,3.34,0.3050925925925926,True,False
1977,67,3.3299999999999996,0.30474074074074076,True,False
1978,64,3.3599999999999994,0.30438888888888893,True,False
1979,76,3.2399999999999993,0.3040370370370371,True,False
1980,62,3.38,0.3036851851851853,True,False
1981,63,3.369999999999999,0.30333333333333345,True,False
1982,78,3.2199999999999993,0.3029814814814815,True,False
1983,68,3.3199999999999994,0.3026296296296296,True,False
1984,71,3.2899999999999996,0.30227777777777776,True,False
1985,62,3.3799999999999994,0.30192592592592593,True,False
1986,73,3.2699999999999996,0.3015740740740741,True,False
1987,65,3.3499999999999996,0.3012222222222223,True,False
1988,79,3.209999999999999,0.30087037037037045,True,False
1989,76,3.2399999999999993,0.3005185185185185,True,False
1990,81,3.1899999999999995,0.3001666666666667,True,False
1991,71,3.2899999999999996,0.29981481481481487,True,False
1992,79,3.209999999999999,0.29946296296296304,True,False
1993,86,3.1399999999999997,0.2991111111111112,True,False
1994,57,3.4299999999999997,0.2987592592592593,True,False
1995,74,3.26,0.29840740740740745,True,False
1996,85,3.1499999999999995,0.2980555555555555,True,False
1997,75,3.2499999999999996,0.2977037037037037,True,False
1998,67,3.3299999999999996,0.29735185185185187,True,False
1999,65,3.3499999999999996,0.29700000000000004,True,False
2000,68,3.3199999999999994,0.2966481481481482,True,False
2001,82,3.1799999999999993,0.2962962962962964,True,False
2002,76,3.2399999999999993,0.29594444444444445,True,False
2003,69,3.3099999999999996,0.29559259259259263,True,False
2004,69,3.3099999999999996,0.2952407407407408,True,False
2005,81,3.1899999999999995,0.29488888888888887,True,False
2006,69,3.3099999999999996,0.29453703703703704,True,False
2007,85,3.1499999999999995,0.2941851851851852,True,False
2008,71,3.289999999999999,0.2938333333333334,True,False
2009,66,3.34,0.29348148148148145,True,False
2010,65,3.3499999999999996,0.29312962962962963,True,False
2011,78,3.2199999999999993,0.2927777777777778,True,False
2012,77,3.2299999999999995,0.292425925925926,True,False
2013,78,3.2199999999999993,0.29207407407407415,True,False
2014,77,3.2299999999999995,0.2917222222222223,True,False
2015,68,3.3199999999999994,0.2913703703703704,True,False
2016,79,3.2099999999999995,0.29101851851851845,True,False
2017,57,3.4299999999999997,0.29066666666666663,True,False
2018,87,3.129999999999999,0.2903148148148148,True,False
2019,56,3.4399999999999995,0.289962962962963,True,False
2020,72,3.2799999999999994,0.28961111111111115,True,False
2021,77,3.2299999999999995,0.2892592592592593,True,False
2022,60,3.3999999999999995,0.2889074074074075,True,False
2023,75,3.2499999999999996,0.28855555555555557,True,False
2024,67,3.329999999999999,0.28820370370370374,True,False
2025,78,3.2199999999999993,0.2878518518518519,True,False
2026,60,3.3999999999999995,0.2875000000000001,True,False
2027,75,3.249999999999999,0.28714814814814815,True,False
2028,64,3.3599999999999994,0.2867962962962963,True,False
2029,67,3.329999999999999,0.2864444444444445,True,False
2030,64,3.3599999999999994,0.28609259259259257,True,False
2031,77,3.2299999999999995,0.28574074074074074,True,False
2032,66,3.34,0.2853888888888889,True,False
2033,85,3.1499999999999995,0.2850370370370371,True,False
2034,83,3.1699999999999995,0.28468518518518526,True,False
2035,73,3.2699999999999996,0.28433333333333344,True,False
2036,65,3.3499999999999996,0.2839814814814816,True,False
2037,76,3.2399999999999993,0.2836296296296297,True,False
2038,74,3.2599999999999993,0.28327777777777774,True,False
2039,72,3.2799999999999994,0.2829259259259259,True,False
2040,83,3.1699999999999995,0.2825740740740741,True,False
2041,73,3.2699999999999996,0.28222222222222226,True,False
2042,68,3.3199999999999994,0.28187037037037044,True,False
2043,61,3.3899999999999997,0.2815185185185186,True,False
2044,77,3.2299999999999995,0.2811666666666667,True,False
2045,67,3.329999999999999,0.28081481481481485,True,False
2046,67,3.3299999999999996,0.280462962962963,True,False
2047,66,3.3399999999999994,0.2801111111111112,True,False
2048,59,3.4099999999999997,0.27975925925925926,True,False
2049,85,3.1499999999999995,0.27940740740740744,True,False
2050,71,3.2899999999999996,0.2790555555555556,True,False
2051,68,3.3199999999999994,0.2787037037037037,True,False
2052,63,3.3699999999999997,0.27835185185185185,True,False
2053,69,3.3099999999999996,0.278,True,False
2054,66,3.34,0.2776481481481482,True,False
2055,64,3.3599999999999994,0.2772962962962964,True,False
2056,64,3.3599999999999994,0.27694444444444455,True,False
2057,64,3.3599999999999994,0.2765925925925926,True,False
2058,81,3.1899999999999995,0.2762407407407408,True,False
2059,62,3.38,0.27588888888888885,True,False
2060,66,3.34,0.275537037037037,True,False
2061,65,3.3499999999999996,0.2751851851851852,True,False
2062,61,3.3899999999999997,0.2748333333333334,True,False
2063,69,3.3099999999999996,0.27448148148148155,True,False
2064,60,3.3999999999999995,0.2741296296296296,True,False
2065,62,3.38,0.2737777777777778,True,False
2066,69,3.3099999999999996,0.27342592592592596,True,False
2067,62,3.3799999999999994,0.27307407407407414,True,False
2068,63,3.3699999999999997,0.2727222222222223,True,False
2069,71,3.2899999999999996,0.2723703703703705,True,False
2070,77,3.2299999999999995,0.27201851851851855,True,False
2071,63,3.369999999999999,0.2716666666666666,True,False
2072,72,3.2799999999999994,0.2713148148148148,True,False
2073,59,3.4099999999999993,0.27096296296296296,True,False
2074,65,3.3499999999999996,0.27061111111111114,True,False
2075,69,3.3099999999999996,0.2702592592592593,True,False
2076,55,3.4499999999999993,0.2699074074074075,True,False
2077,63,3.3699999999999997,0.26955555555555566,True,False
2078,68,3.3199999999999994,0.2692037037037037,True,False
2079,72,3.2799999999999994,0.2688518518518519,True,False
2080,64,3.3599999999999994,0.26850000000000007,True,False
2081,78,3.2199999999999998,0.26814814814814814,True,False
2082,79,3.2099999999999995,0.2677962962962963,True,False
2083,72,3.2799999999999994,0.2674444444444445,True,False
2084,64,3.3599999999999994,0.26709259259259266,True,False
2085,73,3.2699999999999996,0.2667407407407407,True,False
2086,68,3.3199999999999994,0.2663888888888889,True,False
2087,53,3.4699999999999998,0.26603703703703707,True,False
2088,57,3.4299999999999997,0.26568518518518525,True,False
2089,66,3.3399999999999994,0.2653333333333334,True,False
2090,70,3.2999999999999994,0.2649814814814816,True,False
2091,78,3.2199999999999998,0.26462962962962966,True,False
2092,73,3.2699999999999996,0.2642777777777777,True,False
2093,68,3.3199999999999994,0.2639259259259259,True,False
2094,70,3.3,0.26357407407407407,True,False
2095,68,3.3199999999999994,0.26322222222222225,True,False
2096,61,3.3899999999999997,0.2628703703703704,True,False
2097,76,3.2399999999999993,0.2625185185185186,True,False
2098,74,3.2599999999999993,0.26216666666666677,True,False
2099,71,3.289999999999999,0.26181481481481483,True,False
2100,61,3.3899999999999997,0.261462962962963,True,False
2101,56,3.4399999999999995,0.2611111111111112,True,False
2102,78,3.2199999999999998,0.26075925925925925,True,False
2103,74,3.2599999999999993,0.2604074074074074,True,False
2104,62,3.3799999999999994,0.2600555555555556,True,False
2105,64,3.3599999999999994,0.25970370370370377,True,False
2106,61,3.3899999999999997,0.25935185185185183,True,False
2107,64,3.3599999999999994,0.259,True,False
2108,72,3.2799999999999994,0.2586481481481482,True,False
2109,66,3.3399999999999994,0.25829629629629636,True,False
2110,64,3.3599999999999994,0.25794444444444453,True,False
2111,64,3.3599999999999994,0.2575925925925927,True,False
2112,61,3.3899999999999997,0.2572407407407409,True,False
2113,62,3.38,0.25688888888888883,True,False
2114,64,3.3599999999999994,0.256537037037037,True,False
2115,73,3.2699999999999996,0.2561851851851852,True,False
2116,64,3.3599999999999994,0.25583333333333336,True,False
2117,70,3.2999999999999994,0.25548148148148153,True,False
2118,67,3.3299999999999996,0.2551296296296297,True,False
2119,81,3.1899999999999995,0.25477777777777777,True,False
2120,93,3.0699999999999994,0.25442592592592594,True,False
2121,68,3.3199999999999994,0.2540740740740741,True,False
2122,70,3.2999999999999994,0.2537222222222223,True,False
2123,61,3.3899999999999997,0.25337037037037047,True,False
2124,58,3.4199999999999995,0.25301851851851853,True,False
2125,65,3.3499999999999996,0.2526666666666667,True,False
2126,68,3.3199999999999994,0.25231481481481477,True,False
2127,77,3.2299999999999995,0.25196296296296294,True,False
2128,66,3.34,0.2516111111111111,True,False
2129,71,3.289999999999999,0.2512592592592593,True,False
2130,62,3.3799999999999994,0.25090740740740747,True,False
2131,75,3.2499999999999996,0.25055555555555564,True,False
2132,70,3.3,0.2502037037037038,True,False
2133,75,3.2499999999999996,0.24985185185185188,True,False
2134,71,3.2899999999999996,0.24950000000000006,True,False
2135,58,3.4199999999999995,0.24914814814814812,True,False
2136,57,3.4299999999999997,0.2487962962962963,True,False
2137,68,3.3199999999999994,0.24844444444444447,True,False
2138,67,3.3299999999999996,0.24809259259259264,True,False
2139,67,3.329999999999999,0.24774074074074082,True,False
2140,68,3.3199999999999994,0.24738888888888888,True,False
2141,74,3.2599999999999993,0.24703703703703705,True,False
2142,62,3.3799999999999994,0.24668518518518523,True,False
2143,62,3.3799999999999994,0.2463333333333334,True,False
2144,69,3.3099999999999996,0.24598148148148158,True,False
2145,73,3.2699999999999996,0.24562962962962964,True,False
2146,58,3.4199999999999995,0.24527777777777782,True,False
2147,65,3.3499999999999996,0.24492592592592588,True,False
2148,72,3.2799999999999994,0.24457407407407405,True,False
2149,66,3.34,0.24422222222222223,True,False
2150,70,3.3,0.2438703703703704,True,False
2151,59,3.4099999999999997,0.24351851851851858,True,False
2152,67,3.329999999999999,0.24316666666666675,True,False
2153,73,3.2699999999999996,0.24281481481481493,True,False
2154,70,3.3,0.242462962962963,True,False
2155,66,3.34,0.24211111111111117,True,False
2156,71,3.2899999999999996,0.24175925925925923,True,False
2157,63,3.369999999999999,0.2414074074074074,True,False
2158,65,3.3499999999999996,0.24105555555555558,True,False
2159,69,3.3099999999999996,0.24070370370370375,True,False
2160,64,3.3599999999999994,0.24035185185185193,True,False
2161,61,3.3899999999999997,0.24,True,False
2162,61,3.3899999999999997,0.23964814814814817,True,False
2163,72,3.2799999999999994,0.23929629629629634,True,False
2164,52,3.4799999999999995,0.23894444444444451,True,False
2165,59,3.4099999999999997,0.2385925925925927,True,False
2166,60,3.3999999999999995,0.23824074074074086,True,False
2167,62,3.38,0.23788888888888893,True,False
2168,66,3.34,0.237537037037037,True,False
2169,73,3.2699999999999996,0.23718518518518517,True,False
2170,64,3.3599999999999994,0.23683333333333334,True,False
2171,74,3.2599999999999993,0.23648148148148151,True,False
2172,71,3.2899999999999996,0.2361296296296297,True,False
2173,57,3.4299999999999997,0.23577777777777786,True,False
2174,72,3.2799999999999994,0.23542592592592604,True,False
2175,60,3.3999999999999995,0.2350740740740741,True,False
2176,60,3.3999999999999995,0.23472222222222228,True,False
2177,66,3.34,0.23437037037037045,True,False
2178,63,3.369999999999999,0.23401851851851851,True,False
2179,67,3.329999999999999,0.2336666666666667,True,False
2180,58,3.42,0.23331481481481486,True,False
2181,65,3.3499999999999996,0.23296296296296293,True,False
2182,55,3.4499999999999993,0.2326111111111111,True,False
2183,57,3.4299999999999997,0.23225925925925928,True,False
2184,61,3.3899999999999997,0.23190740740740745,True,False
2185,56,3.4399999999999995,0.23155555555555563,True,False
2186,66,3.34,0.2312037037037038,True,False
2187,62,3.38,0.23085185185185197,True,False
2188,72,3.2799999999999994,0.23050000000000004,True,False
2189,69,3.3099999999999996,0.2301481481481481,True,False
2190,61,3.3899999999999997,0.22979629629629628,True,False
2191,64,3.3599999999999994,0.22944444444444445,True,False
2192,60,3.3999999999999995,0.22909259259259263,True,False
2193,62,3.38,0.2287407407407408,True,False
2194,63,3.3699999999999997,0.22838888888888897,True,False
2195,55,3.4499999999999993,0.22803703703703704,True,False
2196,54,3.4599999999999995,0.2276851851851852,True,False
2197,62,3.38,0.2273333333333334,True,False
2198,62,3.3799999999999994,0.22698148148148156,True,False
2199,68,3.3199999999999994,0.22662962962962963,True,False
2200,58,3.4199999999999995,0.2262777777777778,True,False
2201,65,3.3499999999999996,0.22592592592592597,True,False
2202,59,3.4099999999999993,0.22557407407407404,True,False
2203,67,3.329999999999999,0.2252222222222222,True,False
2204,65,3.3499999999999996,0.2248703703703704,True,False
2205,59,3.4099999999999997,0.22451851851851856,True,False
2206,60,3.3999999999999995,0.22416666666666674,True,False
2207,65,3.3499999999999996,0.2238148148148149,True,False
2208,67,3.329999999999999,0.22346296296296309,True,False
2209,59,3.4099999999999997,0.22311111111111115,True,False
2210,69,3.3099999999999996,0.2227592592592592,True,False
2211,53,3.4699999999999998,0.2224074074074074,True,False
2212,66,3.34,0.22205555555555556,True,False
2213,80,3.1999999999999993,0.22170370370370374,True,False
2214,60,3.3999999999999995,0.2213518518518519,True,False
2215,69,3.3099999999999996,0.22100000000000009,True,False
2216,70,3.2999999999999994,0.22064814814814815,True,False
2217,57,3.4299999999999997,0.22029629629629632,True,False
2218,75,3.2499999999999996,0.2199444444444445,True,False
2219,74,3.2599999999999993,0.21959259259259267,True,False
2220,64,3.3599999999999994,0.21924074074074085,True,False
2221,63,3.369999999999999,0.2188888888888889,True,False
2222,71,3.289999999999999,0.21853703703703709,True,False
2223,59,3.4099999999999997,0.21818518518518515,True,False
2224,80,3.1999999999999993,0.21783333333333332,True,False
2225,72,3.2799999999999994,0.2174814814814815,True,False
2226,53,3.4699999999999998,0.21712962962962967,True,False
2227,60,3.3999999999999995,0.21677777777777785,True,False
2228,65,3.3499999999999996,0.21642592592592602,True,False
2229,71,3.289999999999999,0.2160740740740742,True,False
2230,55,3.4499999999999997,0.21572222222222226,True,False
2231,59,3.4099999999999993,0.21537037037037043,True,False
2232,61,3.3899999999999997,0.2150185185185185,True,False
2233,67,3.3299999999999996,0.21466666666666667,True,False
2234,55,3.4499999999999997,0.21431481481481485,True,False
2235,60,3.3999999999999995,0.21396296296296302,True,False
2236,63,3.3699999999999997,0.2136111111111112,True,False
2237,64,3.3599999999999994,0.21325925925925926,True,False
2238,72,3.2799999999999994,0.21290740740740743,True,False
2239,61,3.3899999999999997,0.2125555555555556,True,False
2240,76,3.2399999999999993,0.21220370370370378,True,False
2241,57,3.4299999999999997,0.21185185185185196,True,False
2242,54,3.46,0.21150000000000002,True,False
2243,62,3.38,0.21114814814814808,True,False
2244,56,3.4399999999999995,0.21079629629629626,True,False
2245,54,3.46,0.21044444444444443,True,False
2246,73,3.2699999999999996,0.2100925925925926,True,False
2247,70,3.2999999999999994,0.20974074074074078,True,False
2248,63,3.3699999999999997,0.20938888888888896,True,False
2249,63,3.369999999999999,0.20903703703703713,True,False
2250,76,3.2399999999999993,0.2086851851851852,True,False
2251,66,3.34,0.20833333333333337,True,False
2252,64,3.3599999999999994,0.20798148148148154,True,False
2253,72,3.2799999999999994,0.2076296296296296,True,False
2254,63,3.3699999999999997,0.20727777777777778,True,False
2255,61,3.3899999999999997,0.20692592592592596,True,False
2256,70,3.2999999999999994,0.20657407407407413,True,False
2257,51,3.4899999999999998,0.2062222222222222,True,False
2258,67,3.329999999999999,0.20587037037037037,True,False
2259,61,3.3899999999999997,0.20551851851851854,True,False
2260,71,3.289999999999999,0.20516666666666672,True,False
2261,69,3.3099999999999996,0.2048148148148149,True,False
2262,60,3.3999999999999995,0.20446296296296307,True,False
2263,60,3.3999999999999995,0.20411111111111124,True,False
2264,68,3.3199999999999994,0.2037592592592592,True,False
2265,60,3.3999999999999995,0.20340740740740737,True,False
2266,59,3.4099999999999993,0.20305555555555554,True,False
2267,63,3.369999999999999,0.20270370370370372,True,False
2268,63,3.369999999999999,0.2023518518518519,True,False
2269,61,3.3899999999999997,0.20200000000000007,True,False
2270,52,3.4799999999999995,0.20164814814814824,True,False
2271,66,3.3399999999999994,0.2012962962962963,True,False
2272,62,3.38,0.20094444444444448,True,False
2273,60,3.3999999999999995,0.20059259259259266,True,False
2274,54,3.46,0.20024074074074083,True,False
2275,59,3.4099999999999993,0.1998888888888889,True,False
2276,69,3.3099999999999996,0.19953703703703707,True,False
2277,60,3.3999999999999995,0.19918518518518524,True,False
2278,59,3.4099999999999997,0.1988333333333333,True,False
2279,71,3.2899999999999996,0.19848148148148148,True,False
2280,64,3.3599999999999994,0.19812962962962966,True,False
2281,67,3.3299999999999996,0.19777777777777783,True,False
2282,58,3.42,0.197425925925926,True,False
2283,71,3.2899999999999996,0.19707407407407418,True,False
2284,57,3.4299999999999997,0.19672222222222235,True,False
2285,62,3.38,0.19637037037037042,True,False
2286,65,3.3499999999999996,0.19601851851851848,True,False
2287,69,3.3099999999999996,0.19566666666666666,True,False
2288,61,3.3899999999999997,0.19531481481481483,True,False
2289,53,3.4699999999999998,0.194962962962963,True,False
2290,57,3.4299999999999997,0.19461111111111118,True,False
2291,55,3.4499999999999997,0.19425925925925935,True,False
2292,70,3.2999999999999994,0.19390740740740742,True,False
2293,58,3.42,0.1935555555555556,True,False
2294,60,3.3999999999999995,0.19320370370370377,True,False
2295,66,3.3399999999999994,0.19285185185185194,True,False
2296,59,3.4099999999999993,0.1925,True,False
2297,67,3.329999999999999,0.19214814814814818,True,False
2298,79,3.2099999999999995,0.19179629629629635,True,False
2299,59,3.4099999999999997,0.19144444444444442,True,False
2300,61,3.3899999999999997,0.1910925925925926,True,False
2301,62,3.3799999999999994,0.19074074074074077,True,False
2302,62,3.3799999999999994,0.19038888888888894,True,False
2303,59,3.4099999999999997,0.19003703703703712,True,False
2304,58,3.4199999999999995,0.1896851851851853,True,False
2305,61,3.3899999999999997,0.18933333333333335,True,False
2306,60,3.3999999999999995,0.18898148148148153,True,False
2307,60,3.3999999999999995,0.1886296296296296,True,False
2308,64,3.3599999999999994,0.18827777777777777,True,False
2309,67,3.329999999999999,0.18792592592592594,True,False
2310,58,3.42,0.18757407407407412,True,False
2311,64,3.3599999999999994,0.1872222222222223,True,False
2312,56,3.4399999999999995,0.18687037037037035,True,False
2313,64,3.3599999999999994,0.18651851851851853,True,False
2314,73,3.2699999999999996,0.1861666666666667,True,False
2315,52,3.4799999999999995,0.18581481481481488,True,False
2316,67,3.329999999999999,0.18546296296296305,True,False
2317,56,3.4399999999999995,0.18511111111111123,True,False
2318,60,3.3999999999999995,0.1847592592592593,True,False
2319,57,3.4299999999999997,0.18440740740740735,True,False
2320,65,3.3499999999999996,0.18405555555555553,True,False
2321,67,3.329999999999999,0.1837037037037037,True,False
2322,68,3.3199999999999994,0.18335185185185188,True,False
2323,64,3.3599999999999994,0.18300000000000005,True,False
2324,61,3.3899999999999997,0.18264814814814823,True,False
2325,58,3.42,0.1822962962962964,True,False
2326,65,3.3499999999999996,0.18194444444444446,True,False
2327,58,3.4199999999999995,0.18159259259259264,True,False
2328,53,3.4699999999999998,0.1812407407407408,True,False
2329,56,3.4399999999999995,0.18088888888888888,True,False
2330,58,3.42,0.18053703703703705,True,False
2331,56,3.4399999999999995,0.18018518518518523,True,False
2332,63,3.3699999999999997,0.1798333333333334,True,False
2333,60,3.3999999999999995,0.17948148148148146,True,False
2334,57,3.4299999999999997,0.17912962962962964,True,False
2335,55,3.4499999999999993,0.1787777777777778,True,False
2336,56,3.4399999999999995,0.178425925925926,True,False
2337,57,3.4299999999999997,0.17807407407407416,True,False
2338,61,3.3899999999999997,0.17772222222222234,True,False
2339,55,3.4499999999999997,0.1773703703703704,True,False
2340,59,3.4099999999999997,0.17701851851851846,True,False
2341,55,3.4499999999999993,0.17666666666666664,True,False
2342,51,3.4899999999999998,0.1763148148148148,True,False
2343,58,3.4199999999999995,0.175962962962963,True,False
2344,57,3.4299999999999997,0.17561111111111116,True,False
2345,62,3.3799999999999994,0.17525925925925934,True,False
2346,65,3.3499999999999996,0.1749074074074075,True,False
2347,66,3.34,0.17455555555555557,True,False
2348,59,3.4099999999999997,0.17420370370370375,True,False
2349,57,3.4299999999999997,0.17385185185185192,True,False
2350,53,3.4699999999999998,0.1735,True,False
2351,58,3.4199999999999995,0.17314814814814816,True,False
2352,57,3.4299999999999997,0.17279629629629634,True,False
2353,57,3.4299999999999997,0.1724444444444445,True,False
2354,56,3.4399999999999995,0.17209259259259257,True,False
2355,66,3.34,0.17174074074074075,True,False
2356,59,3.4099999999999997,0.17138888888888892,True,False
2357,58,3.4199999999999995,0.1710370370370371,True,False
2358,59,3.4099999999999997,0.17068518518518527,True,False
2359,55,3.4499999999999997,0.17033333333333345,True,False
2360,53,3.4699999999999998,0.16998148148148162,True,False
2361,62,3.3799999999999994,0.16962962962962957,True,False
2362,64,3.3599999999999994,0.16927777777777775,True,False
2363,66,3.34,0.16892592592592592,True,False
2364,56,3.4399999999999995,0.1685740740740741,True,False
2365,63,3.369999999999999,0.16822222222222227,True,False
2366,58,3.42,0.16787037037037045,True,False
2367,58,3.42,0.1675185185185185,True,False
2368,60,3.3999999999999995,0.16716666666666669,True,False
2369,56,3.4399999999999995,0.16681481481481486,True,False
2370,62,3.3799999999999994,0.16646296296296303,True,False
2371,56,3.4399999999999995,0.1661111111111112,True,False
2372,70,3.2999999999999994,0.16575925925925927,True,False
2373,57,3.4299999999999997,0.16540740740740745,True,False
2374,54,3.46,0.1650555555555555,True,False
2375,65,3.3499999999999996,0.16470370370370369,True,False
2376,58,3.4199999999999995,0.16435185185185186,True,False
2377,58,3.42,0.16400000000000003,True,False
2378,63,3.369999999999999,0.1636481481481482,True,False
2379,60,3.3999999999999995,0.16329629629629638,True,False
2380,61,3.3899999999999997,0.16294444444444456,True,False
2381,56,3.4399999999999995,0.16259259259259262,True,False
2382,65,3.3499999999999996,0.1622407407407408,True,False
2383,63,3.369999999999999,0.16188888888888886,True,False
2384,54,3.4599999999999995,0.16153703703703703,True,False
2385,60,3.3999999999999995,0.1611851851851852,True,False
2386,53,3.4699999999999998,0.16083333333333338,True,False
2387,61,3.3899999999999997,0.16048148148148156,True,False
2388,56,3.4399999999999995,0.16012962962962962,True,False
2389,57,3.4299999999999997,0.1597777777777778,True,False
2390,60,3.3999999999999995,0.15942592592592597,True,False
2391,54,3.46,0.15907407407407415,True,False
2392,59,3.4099999999999997,0.15872222222222232,True,False
2393,56,3.4399999999999995,0.1583703703703705,True,False
2394,52,3.4799999999999995,0.15801851851851856,True,False
2395,59,3.4099999999999997,0.15766666666666662,True,False
2396,59,3.4099999999999997,0.1573148148148148,True,False
2397,54,3.46,0.15696296296296297,True,False
2398,56,3.4399999999999995,0.15661111111111115,True,False
2399,56,3.4399999999999995,0.15625925925925932,True,False
2400,60,3.3999999999999995,0.1559074074074075,True,False
2401,61,3.3899999999999997,0.15555555555555567,True,False
2402,63,3.3699999999999997,0.15520370370370373,True,False
2403,61,3.3899999999999997,0.1548518518518519,True,False
2404,61,3.3899999999999997,0.15450000000000008,True,False
2405,59,3.4099999999999997,0.15414814814814815,True,False
2406,54,3.46,0.15379629629629632,True,False
2407,53,3.4699999999999998,0.1534444444444445,True,False
2408,58,3.42,0.15309259259259267,True,False
2409,62,3.38,0.15274074074074073,True,False
2410,77,3.2299999999999995,0.1523888888888889,True,False
2411,54,3.46,0.15203703703703708,True,False
2412,58,3.42,0.15168518518518526,True,False
2413,58,3.4199999999999995,0.15133333333333343,True,False
2414,55,3.4499999999999993,0.1509814814814816,True,False
2415,59,3.4099999999999993,0.15062962962962967,True,False
2416,61,3.3899999999999997,0.15027777777777773,True,False
2417,61,3.3899999999999997,0.1499259259259259,True,False
2418,59,3.4099999999999997,0.14957407407407408,True,False
2419,62,3.38,0.14922222222222226,True,False
2420,55,3.4499999999999993,0.14887037037037043,True,False
2421,66,3.3399999999999994,0.1485185185185186,True,False
2422,53,3.4699999999999998,0.14816666666666678,True,False
2423,54,3.46,0.14781481481481484,True,False
2424,63,3.3699999999999997,0.14746296296296302,True,False
2425,53,3.4699999999999998,0.1471111111111112,True,False
2426,58,3.42,0.14675925925925926,True,False
2427,56,3.4399999999999995,0.14640740740740743,True,False
2428,57,3.4299999999999997,0.1460555555555556,True,False
2429,59,3.4099999999999993,0.14570370370370367,True,False
2430,63,3.3699999999999997,0.14535185185185184,True,False
2431,62,3.3799999999999994,0.14500000000000002,True,False
2432,57,3.4299999999999997,0.1446481481481482,True,False
2433,58,3.42,0.14429629629629637,True,False
2434,61,3.3899999999999997,0.14394444444444454,True,False
2435,57,3.4299999999999997,0.14359259259259272,True,False
2436,61,3.3899999999999997,0.14324074074074078,True,False
2437,58,3.42,0.14288888888888884,True,False
2438,56,3.4399999999999995,0.14253703703703702,True,False
2439,59,3.4099999999999997,0.1421851851851852,True,False
2440,55,3.4499999999999997,0.14183333333333337,True,False
2441,58,3.42,0.14148148148148154,True,False
2442,57,3.4299999999999997,0.14112962962962972,True,False
2443,57,3.4299999999999997,0.14077777777777778,True,False
2444,51,3.4899999999999993,0.14042592592592595,True,False
2445,54,3.46,0.14007407407407413,True,False
2446,56,3.4399999999999995,0.1397222222222223,True,False
2447,61,3.3899999999999997,0.13937037037037048,True,False
2448,59,3.4099999999999997,0.13901851851851854,True,False
2449,57,3.4299999999999997,0.13866666666666672,True,False
2450,54,3.4599999999999995,0.13831481481481478,True,False
2451,65,3.3499999999999996,0.13796296296296295,True,False
2452,52,3.4799999999999995,0.13761111111111113,True,False
2453,59,3.4099999999999993,0.1372592592592593,True,False
2454,54,3.4599999999999995,0.13690740740740748,True,False
2455,56,3.4399999999999995,0.13655555555555565,True,False
2456,55,3.4499999999999997,0.13620370370370383,True,False
2457,62,3.3799999999999994,0.1358518518518519,True,False
2458,56,3.4399999999999995,0.13550000000000006,True,False
2459,57,3.4299999999999997,0.13514814814814813,True,False
2460,62,3.3799999999999994,0.1347962962962963,True,False
2461,55,3.4499999999999997,0.13444444444444448,True,False
2462,53,3.4699999999999998,0.13409259259259265,True,False
2463,60,3.3999999999999995,0.13374074074074083,True,False
2464,61,3.3899999999999997,0.1333888888888889,True,False
2465,51,3.4899999999999998,0.13303703703703706,True,False
2466,49,3.51,0.13268518518518524,True,False
2467,54,3.4599999999999995,0.1323333333333334,True,False
2468,58,3.42,0.1319814814814816,True,False
2469,55,3.4499999999999997,0.13162962962962965,True,False
2470,57,3.4299999999999997,0.13127777777777783,True,False
2471,63,3.3699999999999997,0.1309259259259259,True,False
2472,54,3.4599999999999995,0.13057407407407406,True,False
2473,53,3.4699999999999998,0.13022222222222224,True,False
2474,53,3.4699999999999998,0.1298703703703704,True,False
2475,67,3.329999999999999,0.1295185185185186,True,False
2476,62,3.38,0.12916666666666676,True,False
2477,53,3.4699999999999998,0.12881481481481494,True,False
2478,59,3.4099999999999993,0.128462962962963,True,False
2479,55,3.4499999999999993,0.12811111111111118,True,False
2480,55,3.4499999999999997,0.12775925925925924,True,False
2481,51,3.4899999999999998,0.1274074074074074,True,False
2482,63,3.3699999999999997,0.1270555555555556,True,False
2483,55,3.4499999999999993,0.12670370370370376,True,False
2484,55,3.4499999999999993,0.12635185185185194,True,False
2485,57,3.4299999999999997,0.126,True,False
2486,61,3.3899999999999997,0.12564814814814818,True,False
2487,57,3.4299999999999997,0.12529629629629635,True,False
2488,60,3.3999999999999995,0.12494444444444452,True,False
2489,56,3.4399999999999995,0.1245925925925927,True,False
2490,64,3.3599999999999994,0.12424074074074087,True,False
2491,57,3.4299999999999997,0.12388888888888883,True,False
2492,62,3.3799999999999994,0.123537037037037,True,False
2493,54,3.4599999999999995,0.12318518518518518,True,False
2494,53,3.4699999999999998,0.12283333333333335,True,False
2495,51,3.4899999999999998,0.12248148148148152,True,False
2496,53,3.4699999999999998,0.1221296296296297,True,False
2497,57,3.4299999999999997,0.12177777777777787,True,False
2498,58,3.4199999999999995,0.12142592592592594,True,False
2499,54,3.46,0.12107407407407411,True,False
2500,56,3.4399999999999995,0.12072222222222229,True,False
2501,52,3.4799999999999995,0.12037037037037046,True,False
2502,58,3.4199999999999995,0.12001851851851852,True,False
2503,53,3.4699999999999998,0.1196666666666667,True,False
2504,64,3.3599999999999994,0.11931481481481487,True,False
2505,59,3.4099999999999993,0.11896296296296294,True,False
2506,53,3.4699999999999998,0.11861111111111111,True,False
2507,62,3.38,0.11825925925925929,True,False
2508,49,3.51,0.11790740740740746,True,False
2509,52,3.4799999999999995,0.11755555555555564,True,False
2510,51,3.4899999999999998,0.11720370370370381,True,False
2511,58,3.42,0.11685185185185198,True,False
2512,51,3.4899999999999998,0.11650000000000005,True,False
2513,62,3.3799999999999994,0.11614814814814811,True,False
2514,59,3.4099999999999997,0.11579629629629629,True,False
2515,57,3.4299999999999997,0.11544444444444446,True,False
2516,61,3.3899999999999997,0.11509259259259264,True,False
2517,57,3.4299999999999997,0.11474074074074081,True,False
2518,61,3.3899999999999997,0.11438888888888898,True,False
2519,60,3.3999999999999995,0.11403703703703705,True,False
2520,57,3.4299999999999997,0.11368518518518522,True,False
2521,54,3.46,0.1133333333333334,True,False
2522,55,3.4499999999999997,0.11298148148148157,True,False
2523,59,3.4099999999999997,0.11262962962962964,True,False
2524,49,3.51,0.11227777777777781,True,False
2525,54,3.46,0.11192592592592598,True,False
2526,53,3.4699999999999998,0.11157407407407405,True,False
2527,57,3.4299999999999997,0.11122222222222222,True,False
2528,57,3.4299999999999997,0.1108703703703704,True,False
2529,51,3.4899999999999998,0.11051851851851857,True,False
2530,61,3.3899999999999997,0.11016666666666675,True,False
2531,53,3.4699999999999998,0.10981481481481492,True,False
2532,56,3.4399999999999995,0.1094629629629631,True,False
2533,56,3.4399999999999995,0.10911111111111116,True,False
2534,49,3.51,0.10875925925925922,True,False
2535,62,3.3799999999999994,0.1084074074074074,True,False
2536,56,3.4399999999999995,0.10805555555555557,True,False
2537,59,3.4099999999999993,0.10770370370370375,True,False
2538,51,3.4899999999999998,0.10735185185185192,True,False
2539,55,3.4499999999999993,0.1070000000000001,True,False
2540,53,3.4699999999999998,0.10664814814814816,True,False
2541,56,3.4399999999999995,0.10629629629629633,True,False
2542,52,3.4799999999999995,0.10594444444444451,True,False
2543,52,3.4799999999999995,0.10559259259259268,True,False
2544,54,3.46,0.10524074074074086,True,False
2545,55,3.4499999999999993,0.10488888888888892,True,False
2546,60,3.3999999999999995,0.1045370370370371,True,False
2547,51,3.4899999999999998,0.10418518518518516,True,False
2548,57,3.4299999999999997,0.10383333333333333,True,False
2549,58,3.42,0.10348148148148151,True,False
2550,55,3.4499999999999997,0.10312962962962968,True,False
2551,56,3.4399999999999995,0.10277777777777786,True,False
2552,52,3.4799999999999995,0.10242592592592603,True,False
2553,52,3.4799999999999995,0.1020740740740741,True,False
2554,56,3.4399999999999995,0.10172222222222227,True,False
2555,51,3.4899999999999998,0.10137037037037044,True,False
2556,59,3.4099999999999997,0.10101851851851851,True,False
2557,52,3.4799999999999995,0.10066666666666668,True,False
2558,52,3.4799999999999995,0.10031481481481486,True,False
2559,52,3.4799999999999995,0.09996296296296303,True,False
2560,60,3.3999999999999995,0.0996111111111111,True,False
2561,62,3.3799999999999994,0.09925925925925927,True,False
2562,52,3.4799999999999995,0.09890740740740744,True,False
2563,58,3.4199999999999995,0.09855555555555562,True,False
2564,63,3.369999999999999,0.09820370370370379,True,False
2565,54,3.4599999999999995,0.09785185185185197,True,False
2566,51,3.4899999999999998,0.09750000000000003,True,False
2567,49,3.51,0.0971481481481481,True,False
2568,53,3.4699999999999998,0.09679629629629627,True,False
2569,55,3.4499999999999993,0.09644444444444444,True,False
2570,52,3.4799999999999995,0.09609259259259262,True,False
2571,56,3.4399999999999995,0.09574074074074079,True,False
2572,53,3.4699999999999998,0.09538888888888897,True,False
2573,57,3.4299999999999997,0.09503703703703714,True,False
2574,52,3.4799999999999995,0.0946851851851852,True,False
2575,56,3.4399999999999995,0.09433333333333338,True,False
2576,50,3.5,0.09398148148148155,True,False
2577,50,3.4999999999999996,0.09362962962962962,True,False
2578,52,3.4799999999999995,0.09327777777777779,True,False
2579,54,3.46,0.09292592592592597,True,False
2580,58,3.4199999999999995,0.09257407407407414,True,False
2581,57,3.4299999999999997,0.0922222222222222,True,False
2582,54,3.46,0.09187037037037038,True,False
2583,49,3.51,0.09151851851851855,True,False
2584,54,3.46,0.09116666666666673,True,False
2585,60,3.3999999999999995,0.0908148148148149,True,False
2586,49,3.51,0.09046296296296308,True,False
2587,55,3.4499999999999993,0.09011111111111125,True,False
2588,59,3.4099999999999997,0.0897592592592592,True,False
2589,53,3.4699999999999998,0.08940740740740738,True,False
2590,52,3.4799999999999995,0.08905555555555555,True,False
2591,51,3.4899999999999998,0.08870370370370373,True,False
2592,58,3.42,0.0883518518518519,True,False
2593,51,3.4899999999999998,0.08800000000000008,True,False
2594,52,3.4799999999999995,0.08764814814814825,True,False
2595,51,3.4899999999999998,0.08729629629629632,True,False
2596,53,3.4699999999999998,0.08694444444444449,True,False
2597,57,3.4299999999999997,0.08659259259259267,True,False
2598,51,3.4899999999999998,0.08624074074074084,True,False
2599,51,3.4899999999999998,0.0858888888888889,True,False
2600,52,3.4799999999999995,0.08553703703703708,True,False
2601,57,3.4299999999999997,0.08518518518518525,True,False
2602,52,3.4799999999999995,0.08483333333333332,True,False
2603,54,3.46,0.08448148148148149,True,False
2604,59,3.4099999999999997,0.08412962962962967,True,False
2605,53,3.4699999999999998,0.08377777777777784,True,False
2606,54,3.4599999999999995,0.08342592592592601,True,False
2607,53,3.4699999999999998,0.08307407407407419,True,False
2608,55,3.4499999999999993,0.08272222222222236,True,False
2609,61,3.3899999999999997,0.08237037037037043,True,False
2610,54,3.46,0.08201851851851849,True,False
2611,53,3.4699999999999998,0.08166666666666667,True,False
2612,55,3.4499999999999997,0.08131481481481484,True,False
2613,54,3.46,0.08096296296296301,True,False
2614,54,3.4599999999999995,0.08061111111111119,True,False
2615,58,3.42,0.08025925925925925,True,False
2616,53,3.4699999999999998,0.07990740740740743,True,False
2617,56,3.4399999999999995,0.0795555555555556,True,False
2618,54,3.46,0.07920370370370378,True,False
2619,49,3.51,0.07885185185185195,True,False
2620,60,3.3999999999999995,0.07850000000000001,True,False
2621,56,3.4399999999999995,0.07814814814814819,True,False
2622,54,3.46,0.07779629629629625,True,False
2623,51,3.4899999999999998,0.07744444444444443,True,False
2624,53,3.4699999999999998,0.0770925925925926,True,False
2625,51,3.4899999999999993,0.07674074074074078,True,False
2626,51,3.4899999999999998,0.07638888888888895,True,False
2627,55,3.4499999999999993,0.07603703703703713,True,False
2628,55,3.4499999999999997,0.0756851851851853,True,False
2629,60,3.3999999999999995,0.07533333333333336,True,False
2630,53,3.4699999999999998,0.07498148148148154,True,False
2631,52,3.4799999999999995,0.0746296296296296,True,False
2632,53,3.4699999999999998,0.07427777777777778,True,False
2633,52,3.4799999999999995,0.07392592592592595,True,False
2634,52,3.4799999999999995,0.07357407407407413,True,False
2635,59,3.4099999999999997,0.0732222222222223,True,False
2636,61,3.3899999999999997,0.07287037037037036,True,False
2637,54,3.4599999999999995,0.07251851851851854,True,False
2638,53,3.4699999999999998,0.07216666666666671,True,False
2639,56,3.4399999999999995,0.07181481481481489,True,False
2640,50,3.5,0.07146296296296306,True,False
2641,55,3.4499999999999997,0.07111111111111124,True,False
2642,50,3.5,0.0707592592592593,True,False
2643,52,3.4799999999999995,0.07040740740740736,True,False
2644,56,3.4399999999999995,0.07005555555555554,True,False
2645,49,3.51,0.06970370370370371,True,False
2646,53,3.4699999999999998,0.06935185185185189,True,False
2647,56,3.4399999999999995,0.06900000000000006,True,False
2648,54,3.46,0.06864814814814824,True,False
2649,54,3.4599999999999995,0.06829629629629641,True,False
2650,51,3.4899999999999993,0.06794444444444447,True,False
2651,53,3.4699999999999998,0.06759259259259265,True,False
2652,49,3.51,0.06724074074074082,True,False
2653,50,3.5,0.06688888888888889,True,False
2654,59,3.4099999999999997,0.06653703703703706,True,False
2655,49,3.51,0.06618518518518524,True,False
2656,53,3.4699999999999998,0.06583333333333341,True,False
2657,56,3.4399999999999995,0.06548148148148147,True,False
2658,53,3.4699999999999998,0.06512962962962965,True,False
2659,50,3.5,0.06477777777777782,True,False
2660,53,3.4699999999999998,0.064425925925926,True,False
2661,51,3.4899999999999998,0.06407407407407417,True,False
2662,56,3.4399999999999995,0.06372222222222235,True,False
2663,51,3.4899999999999998,0.06337037037037041,True,False
2664,52,3.4799999999999995,0.06301851851851847,True,False
2665,57,3.4299999999999997,0.06266666666666665,True,False
2666,52,3.4799999999999995,0.06231481481481482,True,False
2667,51,3.4899999999999998,0.061962962962963,True,False
2668,52,3.4799999999999995,0.06161111111111117,True,False
2669,55,3.4499999999999997,0.06125925925925935,True,False
2670,50,3.4999999999999996,0.06090740740740752,True,False
2671,54,3.46,0.060555555555555585,True,False
2672,50,3.4999999999999996,0.06020370370370376,True,False
2673,51,3.4899999999999998,0.059851851851851934,True,False
2674,54,3.46,0.0595,True,False
2675,52,3.4799999999999995,0.05914814814814817,True,False
2676,56,3.4399999999999995,0.058796296296296346,True,False
2677,51,3.4899999999999993,0.05844444444444441,True,False
2678,52,3.4799999999999995,0.058092592592592585,True,False
2679,51,3.4899999999999998,0.05774074074074076,True,False
2680,53,3.4699999999999998,0.057388888888888934,True,False
2681,54,3.46,0.05703703703703711,True,False
2682,53,3.4699999999999998,0.05668518518518528,True,False
2683,54,3.46,0.05633333333333346,True,False
2684,52,3.4799999999999995,0.05598148148148152,True,False
2685,51,3.4899999999999998,0.055629629629629584,True,False
2686,49,3.51,0.05527777777777776,True,False
2687,53,3.4699999999999998,0.054925925925925934,True,False
2688,51,3.4899999999999998,0.05457407407407411,True,False
2689,49,3.51,0.05422222222222228,True,False
2690,52,3.4799999999999995,0.05387037037037046,True,False
2691,53,3.4699999999999998,0.05351851851851852,True,False
2692,57,3.4299999999999997,0.053166666666666695,True,False
2693,49,3.51,0.05281481481481487,True,False
2694,53,3.4699999999999998,0.052462962962963045,True,False
2695,53,3.4699999999999998,0.05211111111111122,True,False
2696,54,3.4599999999999995,0.05175925925925928,True,False
2697,57,3.4299999999999997,0.05140740740740746,True,False
2698,51,3.4899999999999998,0.05105555555555552,True,False
2699,54,3.46,0.050703703703703695,True,False
2700,56,3.4399999999999995,0.05035185185185187,True,False
2701,52,3.4799999999999995,0.050000000000000044,True,False
2702,53,3.4699999999999998,0.050000000000000044,True,False
2703,49,3.51,0.050000000000000044,True,False
2704,55,3.4499999999999997,0.050000000000000044,True,False
2705,51,3.4899999999999998,0.050000000000000044,True,False
2706,50,3.5,0.050000000000000044,True,False
2707,51,3.4899999999999998,0.050000000000000044,True,False
2708,52,3.4799999999999995,0.050000000000000044,True,False
2709,51,3.4899999999999998,0.050000000000000044,True,False
2710,50,3.5,0.050000000000000044,True,False
2711,53,3.4699999999999998,0.050000000000000044,True,False
2712,51,3.4899999999999998,0.050000000000000044,True,False
2713,51,3.4899999999999998,0.050000000000000044,True,False
2714,52,3.4799999999999995,0.050000000000000044,True,False
2715,52,3.4799999999999995,0.050000000000000044,True,False
2716,56,3.4399999999999995,0.050000000000000044,True,False
2717,55,3.4499999999999997,0.050000000000000044,True,False
2718,57,3.4299999999999997,0.050000000000000044,True,False
2719,52,3.4799999999999995,0.050000000000000044,True,False
2720,51,3.4899999999999998,0.050000000000000044,True,False
2721,53,3.4699999999999998,0.050000000000000044,True,False
2722,55,3.4499999999999997,0.050000000000000044,True,False
2723,52,3.4799999999999995,0.050000000000000044,True,False
2724,51,3.4899999999999998,0.050000000000000044,True,False
2725,50,3.5,0.050000000000000044,True,False
2726,50,3.5,0.050000000000000044,True,False
2727,55,3.4499999999999997,0.050000000000000044,True,False
2728,50,3.4999999999999996,0.050000000000000044,True,False
2729,52,3.4799999999999995,0.050000000000000044,True,False
2730,55,3.4499999999999997,0.050000000000000044,True,False
2731,52,3.4799999999999995,0.050000000000000044,True,False
2732,52,3.4799999999999995,0.050000000000000044,True,False
2733,52,3.4799999999999995,0.050000000000000044,True,False
2734,50,3.4999999999999996,0.050000000000000044,True,False
2735,51,3.4899999999999998,0.050000000000000044,True,False
2736,53,3.4699999999999998,0.050000000000000044,True,False
2737,54,3.46,0.050000000000000044,True,False
2738,55,3.4499999999999997,0.050000000000000044,True,False
2739,55,3.4499999999999997,0.050000000000000044,True,False
2740,52,3.4799999999999995,0.050000000000000044,True,False
2741,49,3.51,0.050000000000000044,True,False
2742,50,3.4999999999999996,0.050000000000000044,True,False
2743,53,3.4699999999999998,0.050000000000000044,True,False
2744,49,3.51,0.050000000000000044,True,False
2745,57,3.4299999999999997,0.050000000000000044,True,False
2746,53,3.4699999999999998,0.050000000000000044,True,False
2747,56,3.4399999999999995,0.050000000000000044,True,False
2748,57,3.4299999999999997,0.050000000000000044,True,False
2749,52,3.4799999999999995,0.050000000000000044,True,False
2750,57,3.4299999999999997,0.050000000000000044,True,False
2751,50,3.5,0.050000000000000044,True,False
2752,53,3.4699999999999998,0.050000000000000044,True,False
2753,49,3.51,0.050000000000000044,True,False
2754,50,3.4999999999999996,0.050000000000000044,True,False
2755,53,3.4699999999999998,0.050000000000000044,True,False
2756,49,3.51,0.050000000000000044,True,False
2757,52,3.4799999999999995,0.050000000000000044,True,False
2758,53,3.4699999999999998,0.050000000000000044,True,False
2759,53,3.4699999999999998,0.050000000000000044,True,False
2760,56,3.4399999999999995,0.050000000000000044,True,False
2761,50,3.5,0.050000000000000044,True,False
2762,53,3.4699999999999998,0.050000000000000044,True,False
2763,49,3.51,0.050000000000000044,True,False
2764,52,3.4799999999999995,0.050000000000000044,True,False
2765,54,3.46,0.050000000000000044,True,False
2766,62,3.38,0.050000000000000044,True,False
2767,49,3.51,0.050000000000000044,True,False
2768,53,3.4699999999999998,0.050000000000000044,True,False
2769,53,3.4699999999999998,0.050000000000000044,True,False
2770,54,3.4599999999999995,0.050000000000000044,True,False
2771,51,3.4899999999999998,0.050000000000000044,True,False
2772,55,3.4499999999999997,0.050000000000000044,True,False
2773,51,3.4899999999999998,0.050000000000000044,True,False
2774,55,3.4499999999999993,0.050000000000000044,True,False
2775,52,3.4799999999999995,0.050000000000000044,True,False
2776,52,3.4799999999999995,0.050000000000000044,True,False
2777,53,3.4699999999999998,0.050000000000000044,True,False
2778,56,3.4399999999999995,0.050000000000000044,True,False
2779,55,3.4499999999999997,0.050000000000000044,True,False
2780,51,3.4899999999999998,0.050000000000000044,True,False
2781,53,3.4699999999999998,0.050000000000000044,True,False
2782,51,3.4899999999999998,0.050000000000000044,True,False
2783,50,3.4999999999999996,0.050000000000000044,True,False
2784,49,3.51,0.050000000000000044,True,False
2785,54,3.46,0.050000000000000044,True,False
2786,51,3.4899999999999998,0.050000000000000044,True,False
2787,50,3.4999999999999996,0.050000000000000044,True,False
2788,51,3.4899999999999998,0.050000000000000044,True,False
2789,49,3.51,0.050000000000000044,True,False
2790,55,3.4499999999999993,0.050000000000000044,True,False
2791,50,3.4999999999999996,0.050000000000000044,True,False
2792,54,3.46,0.050000000000000044,True,False
2793,52,3.4799999999999995,0.050000000000000044,True,False
2794,53,3.4699999999999998,0.050000000000000044,True,False
2795,53,3.4699999999999998,0.050000000000000044,True,False
2796,52,3.4799999999999995,0.050000000000000044,True,False
2797,54,3.46,0.050000000000000044,True,False
2798,58,3.4199999999999995,0.050000000000000044,True,False
2799,53,3.4699999999999998,0.050000000000000044,True,False
2800,56,3.4399999999999995,0.050000000000000044,True,False
2801,58,3.42,0.050000000000000044,True,False
2802,53,3.4699999999999998,0.050000000000000044,True,False
2803,51,3.4899999999999998,0.050000000000000044,True,False
2804,55,3.4499999999999997,0.050000000000000044,True,False
2805,51,3.4899999999999998,0.050000000000000044,True,False
2806,54,3.46,0.050000000000000044,True,False
2807,51,3.4899999999999998,0.050000000000000044,True,False
2808,56,3.4399999999999995,0.050000000000000044,True,False
2809,53,3.4699999999999998,0.050000000000000044,True,False
2810,54,3.4599999999999995,0.050000000000000044,True,False
2811,51,3.4899999999999998,0.050000000000000044,True,False
2812,50,3.5,0.050000000000000044,True,False
2813,55,3.4499999999999997,0.050000000000000044,True,False
2814,53,3.4699999999999998,0.050000000000000044,True,False
2815,53,3.4699999999999998,0.050000000000000044,True,False
2816,59,3.4099999999999997,0.050000000000000044,True,False
2817,53,3.4699999999999998,0.050000000000000044,True,False
2818,58,3.42,0.050000000000000044,True,False
2819,50,3.4999999999999996,0.050000000000000044,True,False
2820,49,3.51,0.050000000000000044,True,False
2821,49,3.51,0.050000000000000044,True,False
2822,52,3.4799999999999995,0.050000000000000044,True,False
2823,51,3.4899999999999993,0.050000000000000044,True,False
2824,49,3.51,0.050000000000000044,True,False
2825,50,3.5,0.050000000000000044,True,False
2826,54,3.46,0.050000000000000044,True,False
2827,49,3.51,0.050000000000000044,True,False
2828,56,3.4399999999999995,0.050000000000000044,True,False
2829,51,3.4899999999999998,0.050000000000000044,True,False
2830,49,3.51,0.050000000000000044,True,False
2831,52,3.4799999999999995,0.050000000000000044,True,False
2832,52,3.4799999999999995,0.050000000000000044,True,False
2833,53,3.4699999999999998,0.050000000000000044,True,False
2834,52,3.4799999999999995,0.050000000000000044,True,False
2835,51,3.4899999999999998,0.050000000000000044,True,False
2836,53,3.4699999999999998,0.050000000000000044,True,False
2837,51,3.4899999999999998,0.050000000000000044,True,False
2838,49,3.51,0.050000000000000044,True,False
2839,59,3.4099999999999997,0.050000000000000044,True,False
2840,50,3.5,0.050000000000000044,True,False
2841,53,3.4699999999999998,0.050000000000000044,True,False
2842,61,3.3899999999999997,0.050000000000000044,True,False
2843,53,3.4699999999999998,0.050000000000000044,True,False
2844,53,3.4699999999999998,0.050000000000000044,True,False
2845,49,3.51,0.050000000000000044,True,False
2846,53,3.4699999999999998,0.050000000000000044,True,False
2847,54,3.46,0.050000000000000044,True,False
2848,51,3.4899999999999998,0.050000000000000044,True,False
2849,52,3.4799999999999995,0.050000000000000044,True,False
2850,50,3.5,0.050000000000000044,True,False
2851,49,3.51,0.050000000000000044,True,False
2852,49,3.51,0.050000000000000044,True,False
2853,50,3.5,0.050000000000000044,True,False
2854,51,3.4899999999999998,0.050000000000000044,True,False
2855,52,3.4799999999999995,0.050000000000000044,True,False
2856,53,3.4699999999999998,0.050000000000000044,True,False
2857,51,3.4899999999999998,0.050000000000000044,True,False
2858,53,3.4699999999999998,0.050000000000000044,True,False
2859,49,3.51,0.050000000000000044,True,False
2860,55,3.4499999999999997,0.050000000000000044,True,False
2861,55,3.4499999999999993,0.050000000000000044,True,False
2862,53,3.4699999999999998,0.050000000000000044,True,False
2863,50,3.4999999999999996,0.050000000000000044,True,False
2864,50,3.4999999999999996,0.050000000000000044,True,False
2865,55,3.4499999999999997,0.050000000000000044,True,False
2866,51,3.4899999999999998,0.050000000000000044,True,False
2867,54,3.4599999999999995,0.050000000000000044,True,False
2868,49,3.51,0.050000000000000044,True,False
2869,53,3.4699999999999998,0.050000000000000044,True,False
2870,53,3.4699999999999998,0.050000000000000044,True,False
2871,52,3.4799999999999995,0.050000000000000044,True,False
2872,53,3.4699999999999998,0.050000000000000044,True,False
2873,49,3.51,0.050000000000000044,True,False
2874,53,3.4699999999999998,0.050000000000000044,True,False
2875,53,3.4699999999999998,0.050000000000000044,True,False
2876,51,3.4899999999999998,0.050000000000000044,True,False
2877,50,3.4999999999999996,0.050000000000000044,True,False
2878,49,3.51,0.050000000000000044,True,False
2879,49,3.51,0.050000000000000044,True,False
2880,51,3.4899999999999998,0.050000000000000044,True,False
2881,50,3.4999999999999996,0.050000000000000044,True,False
2882,50,3.5,0.050000000000000044,True,False
2883,51,3.4899999999999998,0.050000000000000044,True,False
2884,54,3.46,0.050000000000000044,True,False
2885,54,3.46,0.050000000000000044,True,False
2886,54,3.4599999999999995,0.050000000000000044,True,False
2887,53,3.4699999999999998,0.050000000000000044,True,False
2888,49,3.51,0.050000000000000044,True,False
2889,52,3.4799999999999995,0.050000000000000044,True,False
2890,52,3.4799999999999995,0.050000000000000044,True,False
2891,51,3.4899999999999998,0.050000000000000044,True,False
2892,52,3.4799999999999995,0.050000000000000044,True,False
2893,53,3.4699999999999998,0.050000000000000044,True,False
2894,51,3.4899999999999998,0.050000000000000044,True,False
2895,51,3.4899999999999993,0.050000000000000044,True,False
2896,50,3.5,0.050000000000000044,True,False
2897,54,3.46,0.050000000000000044,True,False
2898,51,3.4899999999999998,0.050000000000000044,True,False
2899,51,3.4899999999999998,0.050000000000000044,True,False
2900,52,3.4799999999999995,0.050000000000000044,True,False
2901,51,3.4899999999999998,0.050000000000000044,True,False
2902,50,3.5,0.050000000000000044,True,False
2903,52,3.4799999999999995,0.050000000000000044,True,False
2904,55,3.4499999999999997,0.050000000000000044,True,False
2905,51,3.4899999999999998,0.050000000000000044,True,False
2906,49,3.51,0.050000000000000044,True,False
2907,50,3.5,0.050000000000000044,True,False
2908,53,3.4699999999999998,0.050000000000000044,True,False
2909,51,3.4899999999999998,0.050000000000000044,True,False
2910,51,3.4899999999999998,0.050000000000000044,True,False
2911,50,3.5,0.050000000000000044,True,False
2912,53,3.4699999999999998,0.050000000000000044,True,False
2913,56,3.4399999999999995,0.050000000000000044,True,False
2914,59,3.4099999999999993,0.050000000000000044,True,False
2915,50,3.4999999999999996,0.050000000000000044,True,False
2916,55,3.4499999999999997,0.050000000000000044,True,False
2917,51,3.4899999999999998,0.050000000000000044,True,False
2918,52,3.4799999999999995,0.050000000000000044,True,False
2919,52,3.4799999999999995,0.050000000000000044,True,False
2920,52,3.4799999999999995,0.050000000000000044,True,False
2921,54,3.46,0.050000000000000044,True,False
2922,52,3.4799999999999995,0.050000000000000044,True,False
2923,53,3.4699999999999998,0.050000000000000044,True,False
2924,54,3.46,0.050000000000000044,True,False
2925,49,3.51,0.050000000000000044,True,False
2926,55,3.4499999999999997,0.050000000000000044,True,False
2927,49,3.51,0.050000000000000044,True,False
2928,52,3.4799999999999995,0.050000000000000044,True,False
2929,54,3.46,0.050000000000000044,True,False
2930,60,3.3999999999999995,0.050000000000000044,True,False
2931,49,3.51,0.050000000000000044,True,False
2932,52,3.4799999999999995,0.050000000000000044,True,False
2933,49,3.51,0.050000000000000044,True,False
2934,53,3.4699999999999998,0.050000000000000044,True,False
2935,51,3.4899999999999993,0.050000000000000044,True,False
2936,53,3.4699999999999998,0.050000000000000044,True,False
2937,52,3.4799999999999995,0.050000000000000044,True,False
2938,56,3.4399999999999995,0.050000000000000044,True,False
2939,54,3.46,0.050000000000000044,True,False
2940,53,3.4699999999999998,0.050000000000000044,True,False
2941,50,3.5,0.050000000000000044,True,False
2942,50,3.5,0.050000000000000044,True,False
2943,49,3.51,0.050000000000000044,True,False
2944,51,3.4899999999999998,0.050000000000000044,True,False
2945,52,3.4799999999999995,0.050000000000000044,True,False
2946,54,3.4599999999999995,0.050000000000000044,True,False
2947,49,3.51,0.050000000000000044,True,False
2948,49,3.51,0.050000000000000044,True,False
2949,49,3.51,0.050000000000000044,True,False
2950,52,3.4799999999999995,0.050000000000000044,True,False
2951,49,3.51,0.050000000000000044,True,False
2952,54,3.46,0.050000000000000044,True,False
2953,50,3.4999999999999996,0.050000000000000044,True,False
2954,53,3.4699999999999998,0.050000000000000044,True,False
2955,52,3.4799999999999995,0.050000000000000044,True,False
2956,49,3.51,0.050000000000000044,True,False
2957,50,3.4999999999999996,0.050000000000000044,True,False
2958,49,3.51,0.050000000000000044,True,False
2959,52,3.4799999999999995,0.050000000000000044,True,False
2960,56,3.4399999999999995,0.050000000000000044,True,False
2961,54,3.4599999999999995,0.050000000000000044,True,False
2962,52,3.4799999999999995,0.050000000000000044,True,False
2963,53,3.4699999999999998,0.050000000000000044,True,False
2964,51,3.4899999999999998,0.050000000000000044,True,False
2965,53,3.4699999999999998,0.050000000000000044,True,False
2966,49,3.51,0.050000000000000044,True,False
2967,49,3.51,0.050000000000000044,True,False
2968,51,3.4899999999999998,0.050000000000000044,True,False
2969,52,3.4799999999999995,0.050000000000000044,True,False
2970,55,3.4499999999999997,0.050000000000000044,True,False
2971,54,3.46,0.050000000000000044,True,False
2972,53,3.4699999999999998,0.050000000000000044,True,False
2973,49,3.51,0.050000000000000044,True,False
2974,49,3.51,0.050000000000000044,True,False
2975,49,3.51,0.050000000000000044,True,False
2976,50,3.4999999999999996,0.050000000000000044,True,False
2977,51,3.4899999999999998,0.050000000000000044,True,False
2978,51,3.4899999999999998,0.050000000000000044,True,False
2979,51,3.4899999999999998,0.050000000000000044,True,False
2980,50,3.5,0.050000000000000044,True,False
2981,51,3.4899999999999998,0.050000000000000044,True,False
2982,53,3.4699999999999998,0.050000000000000044,True,False
2983,49,3.51,0.050000000000000044,True,False
2984,49,3.51,0.050000000000000044,True,False
2985,51,3.4899999999999998,0.050000000000000044,True,False
2986,51,3.4899999999999998,0.050000000000000044,True,False
2987,50,3.5,0.050000000000000044,True,False
2988,53,3.4699999999999998,0.050000000000000044,True,False
2989,52,3.4799999999999995,0.050000000000000044,True,False
2990,52,3.4799999999999995,0.050000000000000044,True,False
2991,55,3.4499999999999997,0.050000000000000044,True,False
2992,49,3.51,0.050000000000000044,True,False
2993,56,3.4399999999999995,0.050000000000000044,True,False
2994,51,3.4899999999999998,0.050000000000000044,True,False
2995,51,3.4899999999999998,0.050000000000000044,True,False
2996,50,3.4999999999999996,0.050000000000000044,True,False
2997,57,3.4299999999999997,0.050000000000000044,True,False
2998,50,3.4999999999999996,0.050000000000000044,True,False
2999,57,3.4299999999999997,0.050000000000000044,True,False
3000,54,3.4599999999999995,0.050000000000000044,True,False
